unique_key,created_date,closed_date,agency,complaint_type,descriptor,incident_zip,status,severity,traffic_impact,public_impact,weather_risk,days_pending,frequency_count,complaint_frequency,safety_risk
55306469,2022-09-04 02:31:59,2022-09-04T05:35:04.000,NYPD,noise - street/sidewalk,Loud Music/Party,10452.0,Closed,5.0,4.0,6.0,4.0,0.1271412037037037,0,0.0,0.2133
55306799,2022-09-04 06:12:40,2022-09-04T16:55:30.000,DHS,homeless person assistance,Unknown,UNKNOWN,Closed,4.0,3.0,4.0,2.0,0.446412037037037,0,0.0,0.1689
55306465,2022-09-04 17:17:01,2022-09-04T17:55:49.000,NYPD,noise - street/sidewalk,Loud Music/Party,11226.0,Closed,5.0,4.0,6.0,4.0,0.0269444444444444,0,0.0,0.2133
55306464,2022-09-04 20:06:41,2022-09-04T21:50:19.000,NYPD,noise - street/sidewalk,Loud Music/Party,10466.0,Closed,5.0,4.0,6.0,4.0,0.0719675925925926,0,0.0,0.2133
55306320,2022-09-04 20:23:32,2022-09-04T21:18:46.000,NYPD,noise - street/sidewalk,Loud Music/Party,10468.0,Closed,5.0,4.0,6.0,4.0,0.0383564814814814,0,0.0,0.2133
55307676,2022-09-05 00:42:51,2022-09-05T02:02:13.000,NYPD,noise - residential,Loud Music/Party,11420.0,Closed,3.0,1.0,3.0,2.0,0.0551157407407407,0,0.0,0.1283
55312183,2022-09-05 09:23:12,2022-09-06T00:00:00.000,DOT,street condition,Pothole,UNKNOWN,Closed,8.0,8.0,8.0,7.0,0.6088888888888889,0,0.0,0.5798
55311565,2022-09-05 12:59:05,,DSNY,lot condition,Trash,10451.0,In Progress,4.0,3.0,4.0,2.0,1494.2489213992708,0,0.0,0.1689
55310403,2022-09-05 15:00:50,2022-09-07T13:20:00.000,DOT,street condition,Pothole,10472.0,Closed,8.0,8.0,8.0,7.0,1.929976851851852,0,0.0,0.5798
55310440,2022-09-05 17:48:31,,TLC,taxi report,Driver Report - Passenger,10029.0,In Progress,4.0,3.0,4.0,2.0,1494.047893704838,0,0.0,0.1689
55311517,2022-09-05 18:05:45,2022-09-12T14:45:23.000,DSNY,illegal dumping,Removal Request,11372.0,Closed,4.0,3.0,4.0,2.0,6.860856481481481,0,0.0,0.1689
55309701,2022-09-05 18:41:17,2022-09-14T12:28:01.000,DSNY,illegal dumping,Removal Request,11412.0,Closed,4.0,3.0,4.0,2.0,8.740787037037038,0,0.0,0.1689
55309683,2022-09-05 18:47:42,2022-09-05T18:57:59.000,NYPD,panhandling,Unknown,UNKNOWN,Closed,4.0,3.0,4.0,2.0,0.0071412037037037,0,0.0,0.1689
55315293,2022-09-05 22:38:32,2022-09-05T22:54:48.000,NYPD,blocked driveway,No Access,10460.0,Closed,5.0,6.0,4.0,2.0,0.0112962962962962,0,0.0,0.2133
55317024,2022-09-06 08:30:35,2022-09-13T14:02:04.000,DSNY,missed collection,Bulky Trash,11358.0,Closed,4.0,3.0,4.0,2.0,7.230196759259259,0,0.0,0.1689
55317022,2022-09-06 10:51:15,2022-09-12T12:54:46.000,DSNY,litter basket request,New Basket,11101.0,Closed,4.0,2.0,5.0,2.0,6.085775462962963,0,0.0,0.1689
55320474,2022-09-06 13:56:29,2022-09-06T16:39:51.000,NYPD,blocked driveway,No Access,11420.0,Closed,5.0,6.0,4.0,2.0,0.113449074074074,0,0.0,0.2133
55317188,2022-09-06 15:50:00,2022-09-21T13:20:00.000,DEP,water system,Hydrant Running (WC3),10465.0,Closed,4.0,3.0,4.0,2.0,14.895833333333334,0,0.0,0.1689
55322324,2022-09-06 16:48:00,2022-09-07T16:14:38.000,DSNY,obstruction,Cone,11414.0,Closed,4.0,4.0,4.0,2.0,0.9768287037037036,0,0.0,0.1689
55317025,2022-09-06 17:38:32,2022-09-28T12:42:06.000,DSNY,missed collection,Recycling - Paper,11213.0,Closed,4.0,3.0,4.0,2.0,21.79414351851852,0,0.0,0.1689
55328351,2022-09-07 01:19:12,2022-09-07T01:36:05.000,NYPD,illegal parking,Blocked Hydrant,11374.0,Closed,6.0,6.0,4.0,2.0,0.011724537037037,0,0.0,0.2208
55334220,2022-09-07 04:49:49,2022-09-08T01:48:15.000,DHS,homeless person assistance,Unknown,UNKNOWN,Closed,4.0,3.0,4.0,2.0,0.873912037037037,1,3.0,0.1689
55334115,2022-09-07 07:02:32,2022-09-13T08:40:38.000,DOT,street sign - damaged,Stop,11102.0,Closed,4.0,3.0,4.0,2.0,6.068125,0,0.0,0.1689
55328354,2022-09-07 08:27:09,2022-09-07T09:13:07.000,NYPD,illegal parking,Blocked Hydrant,11232.0,Closed,6.0,6.0,4.0,2.0,0.0319212962962962,0,0.0,0.2208
55330922,2022-09-07 09:57:03,2022-09-07T09:57:03.000,DOB,general construction/plumbing,Adjacent Buildings Not Protected,11212.0,Closed,4.0,7.0,4.0,2.0,0.0,0,0.0,0.2236
55331283,2022-09-07 14:20:00,2022-09-07T16:00:00.000,DOT,traffic signal condition,APS,10031.0,Closed,9.0,10.0,8.0,2.0,0.0694444444444444,0,0.0,0.7209
55334114,2022-09-07 20:06:49,2022-09-13T06:48:03.000,DOT,street sign - damaged,Stop,10306.0,Closed,4.0,3.0,4.0,2.0,5.445300925925926,0,0.0,0.1689
55338533,2022-09-08 17:01:22,2022-09-08T18:40:12.000,NYPD,blocked driveway,No Access,11373.0,Closed,5.0,6.0,4.0,2.0,0.0686342592592592,0,0.0,0.2133
55343186,2022-09-08 19:58:40,2022-09-14T12:40:29.000,DSNY,missed collection,Trash,11229.0,Closed,4.0,3.0,4.0,2.0,5.695706018518519,0,0.0,0.1689
55350029,2022-09-09 08:51:52,2022-09-09T09:51:31.000,NYPD,blocked driveway,No Access,11214.0,Closed,5.0,6.0,4.0,2.0,0.0414236111111111,0,0.0,0.2133
55349305,2022-09-09 11:53:10,,TLC,taxi report,Driver Report - Passenger,UNKNOWN,In Progress,4.0,3.0,4.0,2.0,1490.2946692722571,0,0.0,0.1689
57421470,2023-04-24 20:03:45,2023-10-10T00:00:00.000,DOB,building/use,Illegal. Commercial Use In Resident Zone,11373.0,Closed,4.0,3.0,4.0,2.0,168.1640625,0,0.0,0.1689
57421962,2023-04-25 00:12:06,2023-05-25T00:00:00.000,DOB,general construction/plumbing,Building Permit - None,10309.0,Closed,4.0,7.0,4.0,2.0,29.99159722222222,0,0.0,0.3225
57430443,2023-04-25 00:17:09,2023-04-27T06:00:00.000,DOT,street condition,Pothole,11101.0,Closed,8.0,8.0,8.0,7.0,2.238090277777778,0,0.0,0.5798
57429237,2023-04-25 00:19:45,2023-04-27T13:30:36.000,DOT,street condition,Pothole,11102.0,Closed,8.0,8.0,8.0,7.0,2.5492013888888887,0,0.0,0.5798
57420919,2023-04-25 00:31:50,2023-04-26T08:39:33.000,HPD,heat/hot water,ENTIRE BUILDING,11691.0,Closed,7.0,3.0,4.0,2.0,1.3386921296296297,0,0.0,0.2099
57419667,2023-04-25 00:59:00,2023-04-27T01:02:00.000,DEP,noise,Noise: Construction Before/After Hours (NM1),10019.0,Closed,3.0,7.0,3.0,2.0,2.002083333333333,0,0.0,0.1283
57419591,2023-04-25 02:10:12,2023-04-25T05:19:29.000,NYPD,illegal parking,Blocked Hydrant,10455.0,Closed,6.0,6.0,4.0,2.0,0.1314467592592592,0,0.0,0.2208
57420763,2023-04-25 02:53:32,2023-04-25T03:25:28.000,NYPD,illegal parking,Blocked Crosswalk,11421.0,Closed,6.0,6.0,4.0,2.0,0.0221759259259259,0,0.0,0.2208
57419324,2023-04-25 02:58:26,2023-04-25T07:07:40.000,DHS,homeless person assistance,Unknown,10036.0,Closed,4.0,3.0,4.0,2.0,0.1730787037037037,0,0.0,0.1689
57422716,2023-04-25 03:17:00,2023-04-25T04:15:00.000,DOT,traffic signal condition,Post,11219.0,Closed,9.0,10.0,8.0,2.0,0.0402777777777777,0,0.0,0.7209
57421067,2023-04-25 03:26:35,2023-05-31T15:39:47.000,EDC,noise - helicopter,Other,10025.0,Closed,3.0,1.0,3.0,2.0,36.509166666666665,0,0.0,0.1283
57422325,2023-04-25 05:30:39,2023-04-25T06:01:59.000,NYPD,illegal parking,Blocked Hydrant,11208.0,Closed,6.0,6.0,4.0,2.0,0.0217592592592592,0,0.0,0.2208
57422851,2023-04-25 05:33:59,,HPD,plumbing,WATER SUPPLY,11204.0,Open,4.0,3.0,9.0,2.0,1262.5579743402775,0,0.0,0.1689
57421137,2023-04-25 05:37:12,2023-04-25T14:29:10.000,HPD,heat/hot water,ENTIRE BUILDING,11355.0,Closed,7.0,3.0,4.0,2.0,0.3694212962962963,0,0.0,0.2099
57421966,2023-04-25 06:08:14,2023-04-26T19:30:19.000,HPD,heat/hot water,ENTIRE BUILDING,11203.0,Closed,7.0,3.0,4.0,2.0,1.5570023148148149,0,0.0,0.2099
57422690,2023-04-25 06:11:59,2023-04-29T13:51:18.000,DSNY,illegal dumping,Removal Request,11208.0,Closed,4.0,3.0,4.0,2.0,4.318969907407407,0,0.0,0.1689
57421476,2023-04-25 06:12:30,2023-05-03T09:38:59.000,DPR,new tree request,For One Address,10039.0,Closed,4.0,3.0,4.0,2.0,8.143391203703704,0,0.0,0.1689
57419647,2023-04-25 06:15:05,2023-04-25T20:57:59.000,HPD,heat/hot water,ENTIRE BUILDING,10462.0,Closed,7.0,3.0,4.0,2.0,0.613125,0,0.0,0.2099
57419970,2023-04-25 06:34:28,2023-04-25T07:19:35.000,NYPD,blocked driveway,No Access,11203.0,Closed,5.0,6.0,4.0,2.0,0.0313310185185185,0,0.0,0.2133
57419737,2023-04-25 06:39:29,2023-04-25T13:52:28.000,HPD,heat/hot water,ENTIRE BUILDING,10462.0,Closed,7.0,3.0,4.0,2.0,0.3006828703703704,1,3.0,0.2099
57422470,2023-04-25 06:44:59,2023-04-25T12:14:20.000,DHS,homeless person assistance,Unknown,11377.0,Closed,4.0,3.0,4.0,2.0,0.2287152777777777,0,0.0,0.1689
57420808,2023-04-25 06:56:14,2023-04-25T09:22:40.000,NYPD,illegal parking,Blocked Hydrant,11367.0,Closed,6.0,6.0,4.0,2.0,0.1016898148148148,0,0.0,0.2208
57431693,2023-04-25 07:00:00,2023-04-26T14:10:00.000,DOT,street condition,Pothole,10304.0,Closed,8.0,8.0,8.0,7.0,1.2986111111111112,0,0.0,0.5798
57420550,2023-04-25 07:00:02,2023-04-26T17:39:58.000,HPD,heat/hot water,ENTIRE BUILDING,10040.0,Closed,7.0,3.0,4.0,2.0,1.444398148148148,0,0.0,0.2099
57420572,2023-04-25 07:12:38,2023-04-25T08:15:23.000,NYPD,noise - street/sidewalk,Loud Talking,10030.0,Closed,5.0,4.0,6.0,4.0,0.0435763888888888,0,0.0,0.2133
57422800,2023-04-25 07:17:44,2023-04-26T15:25:20.000,DOT,street condition,Plate Condition - Noisy,10128.0,Closed,8.0,7.0,7.0,7.0,1.3386111111111112,0,0.0,0.55
57421759,2023-04-25 07:17:48,2023-05-31T15:40:24.000,EDC,noise - helicopter,Other,11231.0,Closed,3.0,1.0,3.0,2.0,36.34902777777778,0,0.0,0.1283
57421314,2023-04-25 07:30:21,2023-05-11T12:40:00.000,DOT,street condition,Pothole,10471.0,Closed,8.0,8.0,8.0,7.0,16.21503472222222,0,0.0,0.5798
57419787,2023-04-25 07:32:05,2023-04-25T10:09:43.000,NYPD,illegal parking,Posted Parking Sign Violation,10004.0,Closed,5.0,5.0,4.0,2.0,0.1094675925925925,0,0.0,0.2208
57419521,2023-04-25 07:36:44,2023-04-26T13:20:45.000,DSNY,commercial disposal complaint,Waste Left in Front of Residence,10014.0,Closed,5.0,2.0,5.0,4.0,1.238900462962963,0,0.0,0.2208
57420953,2023-04-25 07:39:38,2023-04-26T13:42:47.000,DSNY,commercial disposal complaint,No Private Carter,10024.0,Closed,4.0,3.0,4.0,2.0,1.2521875,0,0.0,0.1689
57419607,2023-04-25 07:46:41,2023-04-25T20:59:09.000,HPD,heat/hot water,ENTIRE BUILDING,10467.0,Closed,7.0,3.0,4.0,2.0,0.550324074074074,0,0.0,0.2099
57419486,2023-04-25 07:48:50,2023-04-25T08:18:27.000,NYPD,illegal parking,Posted Parking Sign Violation,10002.0,Closed,5.0,5.0,4.0,2.0,0.0205671296296296,0,0.0,0.2208
57422341,2023-04-25 07:53:26,2023-05-10T11:12:21.000,HPD,unsanitary condition,GARBAGE/RECYCLING STORAGE,11416.0,Closed,5.0,2.0,5.0,4.0,15.138136574074077,0,0.0,0.2573
57419429,2023-04-25 07:54:59,2023-04-25T09:57:32.000,NYPD,illegal parking,Paper License Plates,10471.0,Closed,5.0,5.0,4.0,2.0,0.0851041666666666,0,0.0,0.2208
57422358,2023-04-25 08:02:06,2023-04-25T09:31:22.000,NYPD,noise - residential,Loud Talking,11209.0,Closed,3.0,1.0,3.0,2.0,0.0619907407407407,0,0.0,0.1283
57420862,2023-04-25 08:08:00,2023-04-25T09:15:00.000,DEP,sewer,Sewer Backup (Use Comments) (SA),11423.0,Closed,8.0,3.0,7.0,2.0,0.0465277777777777,0,0.0,0.55
57421865,2023-04-25 08:12:25,2023-04-26T07:52:07.000,HPD,heat/hot water,ENTIRE BUILDING,10034.0,Closed,7.0,3.0,4.0,2.0,0.9859027777777778,0,0.0,0.2099
57421945,2023-04-25 08:16:54,2023-04-25T11:16:32.000,NYPD,noise - commercial,Loud Music/Party,10471.0,Closed,3.0,1.0,3.0,2.0,0.1247453703703703,0,0.0,0.1283
57422607,2023-04-25 08:28:31,2023-05-03T09:05:26.000,HPD,unsanitary condition,PESTS,11208.0,Closed,4.0,3.0,4.0,2.0,8.025636574074074,0,0.0,0.1689
57419274,2023-04-25 08:28:39,2024-06-04T00:14:39.000,DOHMH,food establishment,Pet/Animal,10013.0,Closed,4.0,3.0,4.0,2.0,405.6569444444444,0,0.0,0.1689
57420167,2023-04-25 08:29:36,2023-04-25T14:51:38.000,NYPD,illegal parking,Double Parked Blocking Vehicle,10452.0,Closed,5.0,5.0,4.0,2.0,0.2653009259259259,0,0.0,0.2208
57422203,2023-04-25 08:37:03,2023-04-25T09:02:53.000,NYPD,blocked driveway,No Access,11429.0,Closed,5.0,6.0,4.0,2.0,0.0179398148148148,0,0.0,0.2133
57420084,2023-04-25 08:39:02,2023-04-25T12:17:08.000,NYPD,illegal parking,Parking Permit Improper Use,10454.0,Closed,5.0,5.0,4.0,2.0,0.1514583333333333,0,0.0,0.2208
57421648,2023-04-25 08:41:00,2023-04-27T11:26:00.000,DEP,lead,Lead Kit Request (Residential) (L10),11368.0,Closed,4.0,3.0,4.0,2.0,2.114583333333333,0,0.0,0.1689
57420146,2023-04-25 08:41:58,2023-04-28T08:36:04.000,DSNY,abandoned bike,Chained to Public Property,11215.0,Closed,4.0,3.0,4.0,2.0,2.995902777777778,0,0.0,0.1689
57419849,2023-04-25 08:44:00,2023-04-27T07:00:00.000,DEP,noise,Noise: Construction Before/After Hours (NM1),11215.0,Closed,3.0,7.0,3.0,2.0,1.9277777777777776,0,0.0,0.1283
57420858,2023-04-25 09:03:59,2023-04-25T10:33:46.000,NYPD,noise - vehicle,Car/Truck Music,10456.0,Closed,3.0,1.0,3.0,2.0,0.062349537037037,0,0.0,0.1283
57420056,2023-04-25 09:07:39,2023-04-25T09:07:39.000,DOB,elevator,Elevator - Single Device On Property/No Alternate Service,11226.0,Closed,4.0,3.0,4.0,2.0,0.0,0,0.0,0.1689
57422838,2023-04-25 09:15:24,2023-05-31T15:41:02.000,EDC,noise - helicopter,Other,11238.0,Closed,3.0,1.0,3.0,2.0,36.267800925925926,0,0.0,0.1283
57422374,2023-04-25 09:23:00,2023-04-28T00:00:00.000,DEP,noise,Noise: air condition/ventilation equipment (NV1),10029.0,Closed,3.0,1.0,3.0,2.0,2.609027777777778,0,0.0,0.1283
57419425,2023-04-25 09:23:30,2023-04-25T14:43:49.000,NYPD,blocked driveway,Partial Access,11223.0,Closed,5.0,6.0,4.0,2.0,0.2224421296296296,0,0.0,0.2133
57419059,2023-04-25 09:29:47,2023-04-25T11:11:00.000,DHS,homeless person assistance,Unknown,10023.0,Closed,4.0,3.0,4.0,2.0,0.0702893518518518,0,0.0,0.1689
57419109,2023-04-25 09:30:35,2023-05-23T20:45:47.000,HPD,electric,WIRING,11368.0,Closed,4.0,3.0,4.0,2.0,28.468888888888888,0,0.0,0.1689
57421621,2023-04-25 09:34:04,2023-04-25T10:27:17.000,NYPD,illegal parking,Double Parked Blocking Vehicle,11204.0,Closed,5.0,5.0,4.0,2.0,0.0369560185185185,0,0.0,0.2208
57420111,2023-04-25 09:39:33,2023-05-02T18:24:06.000,HPD,unsanitary condition,MOLD,11412.0,Closed,4.0,3.0,4.0,2.0,7.364270833333333,0,0.0,0.1689
57422871,2023-04-25 09:44:05,2023-09-07T00:00:00.000,DOB,special projects inspection team (spit),Adult Establishment,11373.0,Closed,4.0,3.0,4.0,2.0,134.59438657407406,0,0.0,0.1689
57422060,2023-04-25 09:49:46,2023-05-03T16:06:40.000,HPD,plumbing,WATER SUPPLY,10454.0,Closed,4.0,3.0,9.0,2.0,8.26173611111111,0,0.0,0.1689
57422127,2023-04-25 09:49:49,2023-05-10T20:04:43.000,HPD,plumbing,BASIN/SINK,10302.0,Closed,4.0,3.0,4.0,2.0,15.427013888888888,0,0.0,0.1689
57422098,2023-04-25 09:53:36,2023-05-31T15:41:18.000,EDC,noise - helicopter,Other,10028.0,Closed,3.0,1.0,3.0,2.0,36.24145833333333,0,0.0,0.1283
57422381,2023-04-25 09:59:00,2023-04-11T09:59:00.000,DOT,street light condition,Street Light Out,11694.0,Pending,7.0,5.0,6.0,5.0,0.0,0,0.0,0.3721
57420916,2023-04-25 10:04:00,2023-04-11T10:04:00.000,DOT,street light condition,Street Light Out,11694.0,Pending,7.0,5.0,6.0,5.0,0.0,1,3.0,0.3721
57422433,2023-04-25 10:12:42,2023-05-03T11:06:32.000,DSNY,illegal dumping,Removal Request,11224.0,Closed,4.0,3.0,4.0,2.0,8.037384259259259,0,0.0,0.1689
57420349,2023-04-25 10:15:00,2023-04-26T00:14:00.000,DSNY,derelict vehicles,Derelict Vehicles,11692.0,Closed,4.0,3.0,4.0,2.0,0.5826388888888889,0,0.0,0.1689
57421173,2023-04-25 10:23:45,2023-12-20T11:07:09.000,DSNY,graffiti,Graffiti,11103.0,Closed,5.0,3.0,4.0,2.0,239.0301388888889,0,0.0,0.2138
57421437,2023-04-25 10:25:04,2023-05-01T13:22:57.000,HPD,water leak,SLOW LEAK,10031.0,Closed,8.0,3.0,4.0,7.0,6.123530092592593,0,0.0,0.2199
57421174,2023-04-25 10:25:08,2023-05-02T00:00:00.000,DSNY,graffiti,Graffiti,11103.0,Closed,5.0,3.0,4.0,2.0,6.56587962962963,1,3.0,0.2138
57421508,2023-04-25 10:28:04,2023-05-31T15:41:34.000,EDC,noise - helicopter,Other,10025.0,Closed,3.0,1.0,3.0,2.0,36.21770833333333,1,3.0,0.1797
57419781,2023-04-25 10:29:00,2023-04-28T00:00:00.000,DEP,noise,Noise: air condition/ventilation equipment (NV1),10128.0,Closed,3.0,1.0,3.0,2.0,2.563194444444445,0,0.0,0.1283
57422066,2023-04-25 10:29:49,2023-04-26T12:27:49.000,DSNY,missed collection,Trash,10314.0,Closed,4.0,3.0,4.0,2.0,1.0819444444444444,0,0.0,0.1689
57421779,2023-04-25 10:30:00,2023-04-25T13:03:00.000,DOT,street light condition,Street Light Out,11103.0,Closed,7.0,5.0,6.0,5.0,0.10625,0,0.0,0.3721
57420233,2023-04-25 10:32:55,2023-04-28T00:00:00.000,DOB,boilers,Boiler - Defective/Inoperative/No Permit,10044.0,Closed,4.0,3.0,4.0,2.0,2.560474537037037,0,0.0,0.1689
57422348,2023-04-25 10:33:06,2023-04-25T11:17:13.000,NYPD,illegal parking,Posted Parking Sign Violation,10025.0,Closed,5.0,5.0,4.0,2.0,0.030636574074074,0,0.0,0.2208
57420698,2023-04-25 10:35:45,2023-04-25T11:04:27.000,NYPD,blocked driveway,No Access,11106.0,Closed,5.0,6.0,4.0,2.0,0.0199305555555555,0,0.0,0.2133
57422002,2023-04-25 10:39:30,2023-04-25T14:40:17.000,NYPD,illegal parking,Posted Parking Sign Violation,11422.0,Closed,5.0,5.0,4.0,2.0,0.1672106481481481,0,0.0,0.2208
57422665,2023-04-25 10:46:04,2023-04-28T10:00:35.000,HPD,general,COOKING GAS,11373.0,Closed,4.0,3.0,4.0,2.0,2.968414351851852,0,0.0,0.1689
57419320,2023-04-25 10:50:10,2023-05-18T10:55:04.000,DOHMH,indoor sewage,Sewage Leak,10301.0,Closed,4.0,3.0,4.0,2.0,23.00340277777778,0,0.0,0.1689
57421656,2023-04-25 10:54:36,2023-05-03T09:37:50.000,DSNY,missed collection,Recycling - Paper,11230.0,Closed,4.0,3.0,4.0,2.0,7.946689814814815,0,0.0,0.1689
57420797,2023-04-25 10:54:38,2023-05-31T15:41:48.000,EDC,noise - helicopter,Other,11238.0,Closed,3.0,1.0,3.0,2.0,36.19942129629629,1,3.0,0.1797
57419817,2023-04-25 10:57:18,2023-04-25T16:02:05.000,DSNY,vendor enforcement,Food Vendor,11355.0,Closed,4.0,3.0,4.0,2.0,0.2116550925925926,0,0.0,0.1689
57420252,2023-04-25 11:02:00,2023-04-28T11:21:00.000,DEP,noise,Noise: Jack Hammering (NC2),10010.0,Closed,3.0,1.0,3.0,2.0,3.0131944444444443,0,0.0,0.1283
57422387,2023-04-25 11:08:23,2023-05-27T18:35:36.000,HPD,door/window,DOOR,10462.0,Closed,4.0,3.0,4.0,2.0,32.31056712962963,0,0.0,0.1689
57419201,2023-04-25 11:11:23,2023-04-26T12:43:00.000,DOHMH,rodent,Rat Sighting,10065.0,Closed,4.0,3.0,4.0,2.0,1.063622685185185,0,0.0,0.1689
57419256,2023-04-25 11:11:28,2023-06-16T10:38:04.000,HPD,paint/plaster,WALL,10452.0,Closed,4.0,3.0,4.0,2.0,51.97680555555556,0,0.0,0.1689
57419134,2023-04-25 11:11:53,2023-04-25T11:32:34.000,NYPD,abandoned vehicle,With License Plate,11368.0,Closed,4.0,3.0,4.0,2.0,0.0143634259259259,0,0.0,0.1689
57422153,2023-04-25 11:12:47,2023-10-12T07:46:43.000,DOT,street sign - damaged,Other/Unknown,10023.0,Closed,4.0,3.0,4.0,2.0,169.85689814814816,0,0.0,0.1689
57422200,2023-04-25 11:22:41,2023-05-09T09:55:37.000,HPD,general,CABINET,10456.0,Closed,4.0,3.0,4.0,2.0,13.939537037037036,0,0.0,0.1689
57420981,2023-04-25 11:24:25,2023-04-25T12:15:10.000,NYPD,illegal parking,Blocked Hydrant,11418.0,Closed,6.0,6.0,4.0,2.0,0.0352430555555555,0,0.0,0.2208
57420556,2023-04-25 11:30:26,2023-04-26T21:12:09.000,HPD,heat/hot water,ENTIRE BUILDING,10027.0,Closed,7.0,3.0,4.0,2.0,1.4039699074074077,0,0.0,0.2099
57419380,2023-04-25 11:34:16,2023-04-25T11:34:16.000,DOB,plumbing,Plumbing Work - Illegal/No Permit/Standpipe/Sprinkler,11237.0,Closed,4.0,3.0,4.0,2.0,0.0,0,0.0,0.1689
57419982,2023-04-25 11:40:00,2023-04-10T11:40:00.000,DOT,street light condition,Street Light Out,11694.0,Pending,7.0,5.0,6.0,5.0,0.0,2,6.0,0.3721
57420179,2023-04-25 11:44:00,2023-04-27T11:15:00.000,DEP,noise,Noise: Construction Equipment (NC1),10065.0,Closed,3.0,7.0,3.0,2.0,1.979861111111111,0,0.0,0.1283
57420509,2023-04-25 11:45:34,2023-04-26T12:58:09.000,DOT,sidewalk condition,Pedestrian Ramp Defective,10017.0,Closed,5.0,4.0,6.0,4.0,1.0504050925925923,0,0.0,0.2133
57420228,2023-04-25 11:45:49,2023-04-27T13:04:27.000,HPD,water leak,HEAVY FLOW,10031.0,Closed,8.0,3.0,4.0,7.0,2.054606481481481,1,3.0,0.2891
57421458,2023-04-25 11:45:52,2023-04-26T08:32:50.000,HPD,unsanitary condition,PESTS,11211.0,Closed,4.0,3.0,4.0,2.0,0.8659490740740741,0,0.0,0.1689
57420703,2023-04-25 11:55:00,2023-04-18T11:54:00.000,DOT,street light condition,Street Light Cycling,11385.0,Pending,7.0,5.0,6.0,5.0,0.0,0,0.0,0.3721
57421045,2023-04-25 11:58:02,2023-04-25T12:28:07.000,NYPD,noise - residential,Banging/Pounding,11220.0,Closed,3.0,1.0,3.0,2.0,0.0208912037037037,0,0.0,0.1283
57421726,2023-04-25 11:58:06,2023-04-26T13:20:08.000,HPD,heat/hot water,APARTMENT ONLY,11419.0,Closed,7.0,3.0,4.0,2.0,1.0569675925925923,0,0.0,0.2099
57420485,2023-04-25 11:59:26,2023-04-25T13:03:18.000,NYPD,noise - commercial,Loud Music/Party,11385.0,Closed,3.0,1.0,3.0,2.0,0.0443518518518518,0,0.0,0.1283
57422120,2023-04-25 12:00:59,2023-04-25T12:00:59.000,DOHMH,rodent,Signs of Rodents,10028.0,Closed,4.0,3.0,4.0,2.0,0.0,0,0.0,0.1689
57419585,2023-04-25 12:04:00,2023-04-26T04:14:00.000,DSNY,derelict vehicles,Derelict Vehicles,10035.0,Closed,4.0,3.0,4.0,2.0,0.6736111111111112,0,0.0,0.1689
57421615,2023-04-25 12:11:11,2023-05-31T15:42:15.000,EDC,noise - helicopter,Other,10028.0,Closed,3.0,1.0,3.0,2.0,36.14657407407408,1,3.0,0.1797
57420174,2023-04-25 12:16:03,2023-04-25T19:50:56.000,HPD,paint/plaster,CEILING,11218.0,Closed,4.0,3.0,4.0,2.0,0.3158912037037037,0,0.0,0.1689
57420415,2023-04-25 12:20:38,2023-04-27T09:00:58.000,DOHMH,rodent,Rat Sighting,10036.0,Closed,4.0,3.0,4.0,2.0,1.8613425925925928,0,0.0,0.1689
57421125,2023-04-25 12:20:38,2023-04-27T20:37:42.000,HPD,paint/plaster,WALL,10451.0,Closed,4.0,3.0,4.0,2.0,2.3451851851851853,0,0.0,0.1689
57420382,2023-04-25 12:23:09,2023-05-31T15:42:19.000,EDC,noise - helicopter,Other,10016.0,Closed,3.0,1.0,3.0,2.0,36.13831018518518,0,0.0,0.1283
57422709,2023-04-25 12:27:35,2025-05-13T16:38:02.000,DPR,new tree request,For One Address,11206.0,Closed,4.0,3.0,4.0,2.0,749.1739236111111,0,0.0,0.1689
57419942,2023-04-25 12:38:47,2023-04-25T13:02:49.000,NYPD,illegal parking,Blocked Hydrant,10013.0,Closed,6.0,6.0,4.0,2.0,0.0166898148148148,0,0.0,0.2208
57419446,2023-04-25 12:42:05,2023-04-25T12:42:05.000,DOHMH,rodent,Rat Sighting,11375.0,Closed,4.0,3.0,4.0,2.0,0.0,0,0.0,0.1689
57421573,2023-04-25 12:45:39,2023-05-19T10:19:13.000,DSNY,missed collection,Trash,10021.0,Unspecified,4.0,3.0,4.0,2.0,23.898310185185185,0,0.0,0.1689
57419442,2023-04-25 12:45:52,2023-04-25T12:59:12.000,DPR,animal in a park,Dog Off Leash,11216.0,Closed,4.0,3.0,4.0,2.0,0.0092592592592592,0,0.0,0.1689
57420611,2023-04-25 12:46:44,2023-05-09T11:35:56.000,HPD,door/window,WINDOW FRAME,10456.0,Closed,4.0,3.0,4.0,2.0,13.950833333333334,0,0.0,0.1689
57421778,2023-04-25 12:48:47,2023-04-29T08:50:57.000,DSNY,illegal dumping,Chronic Dumping,10022.0,Closed,4.0,3.0,4.0,2.0,3.834837962962963,0,0.0,0.1689
57420140,2023-04-25 12:55:16,2023-04-25T13:44:55.000,NYPD,non-emergency police matter,Other (complaint details),11231.0,Closed,5.0,3.0,4.0,2.0,0.0344791666666666,0,0.0,0.2138
57421320,2023-04-25 12:55:22,2023-04-26T14:13:58.000,DOT,sidewalk condition,Pedestrian Ramp Defective,10475.0,Closed,5.0,4.0,6.0,4.0,1.0545833333333334,0,0.0,0.2133
57420294,2023-04-25 12:56:40,2023-04-25T17:44:59.000,NYPD,illegal parking,Posted Parking Sign Violation,11201.0,Closed,5.0,5.0,4.0,2.0,0.2002199074074074,0,0.0,0.2208
57422856,2023-04-25 13:09:08,2023-05-03T11:17:23.000,DOT,sidewalk condition,Broken Sidewalk,11694.0,Closed,6.0,4.0,6.0,4.0,7.922395833333334,0,0.0,0.3679
57422683,2023-04-25 13:30:51,2023-09-12T08:53:51.000,DPR,new tree request,For One Address,10021.0,Closed,4.0,3.0,4.0,2.0,139.8076388888889,0,0.0,0.1689
57421704,2023-04-25 13:37:06,2023-05-04T07:50:25.000,HPD,unsanitary condition,MOLD,10039.0,Closed,4.0,3.0,4.0,2.0,8.759247685185185,0,0.0,0.1689
57421390,2023-04-25 13:41:07,2023-05-05T13:17:58.000,DOT,street condition,Defective Hardware,11375.0,Closed,8.0,7.0,7.0,7.0,9.983923611111113,0,0.0,0.55
57420361,2023-04-25 13:46:35,2023-04-26T01:50:11.000,NYPD,illegal parking,Blocked Hydrant,10457.0,Closed,6.0,6.0,4.0,2.0,0.5025,0,0.0,0.2208
57421763,2023-04-25 13:48:21,2023-04-26T01:10:21.000,NYPD,illegal parking,Blocked Sidewalk,11229.0,Closed,6.0,6.0,6.0,4.0,0.4736111111111111,0,0.0,0.3679
57419391,2023-04-25 13:50:00,2023-04-20T13:50:00.000,DOT,street light condition,Street Light Cycling,11426.0,Pending,7.0,5.0,6.0,5.0,0.0,0,0.0,0.3721
57420670,2023-04-25 13:51:00,2023-04-20T13:51:00.000,DOT,street light condition,Street Light Out,11426.0,Pending,7.0,5.0,6.0,5.0,0.0,1,3.0,0.3721
57422866,2023-04-25 13:55:39,2025-05-13T16:38:04.000,DPR,new tree request,For One Address,11432.0,Closed,4.0,3.0,4.0,2.0,749.1127893518518,0,0.0,0.1689
57422150,2023-04-25 13:58:11,2023-04-26T20:40:11.000,HPD,heat/hot water,ENTIRE BUILDING,11219.0,Closed,7.0,3.0,4.0,2.0,1.2791666666666666,0,0.0,0.2099
57419672,2023-04-25 14:16:06,2023-04-28T00:00:00.000,DOB,general construction/plumbing,Sidewalk Shed/Pipe Scafford - Inadequate Defective/None,10019.0,Closed,5.0,7.0,6.0,4.0,2.405486111111111,0,0.0,0.2208
57420017,2023-04-25 14:17:32,2023-05-13T13:48:15.000,HPD,water leak,SLOW LEAK,10039.0,Closed,8.0,3.0,4.0,7.0,17.979664351851852,0,0.0,0.2836
57422588,2023-04-25 14:31:00,2023-04-24T14:30:00.000,DOT,street light condition,Multiple Street Lights Out,11378.0,Pending,7.0,5.0,6.0,5.0,0.0,0,0.0,0.3721
57419350,2023-04-25 14:35:04,2023-04-25T15:23:34.000,NYPD,illegal parking,Detached Trailer,11228.0,Closed,5.0,5.0,4.0,2.0,0.0336805555555555,0,0.0,0.2208
57419762,2023-04-25 14:36:03,2023-04-25T17:14:54.000,NYPD,illegal parking,Posted Parking Sign Violation,10034.0,Closed,5.0,5.0,4.0,2.0,0.1103125,0,0.0,0.2208
57421213,2023-04-25 14:43:55,2023-05-17T14:39:37.000,DPR,maintenance or facility,Structure - Outdoors,11216.0,Closed,4.0,3.0,4.0,2.0,21.99701388888889,0,0.0,0.1689
57421214,2023-04-25 14:44:19,2023-04-25T16:48:33.000,NYPD,blocked driveway,No Access,11365.0,Closed,5.0,6.0,4.0,2.0,0.0862731481481481,0,0.0,0.2133
57421999,2023-04-25 14:51:01,2023-04-25T17:25:09.000,DOT,street sign - missing,Street Cleaning - ASP,11249.0,Closed,4.0,3.0,4.0,2.0,0.107037037037037,0,0.0,0.1689
57422167,2023-04-25 14:57:31,2023-04-25T15:28:52.000,NYPD,blocked driveway,No Access,10019.0,Closed,5.0,6.0,4.0,2.0,0.0217708333333333,0,0.0,0.2133
57419395,2023-04-25 14:58:12,2023-04-25T16:00:44.000,NYPD,illegal parking,Posted Parking Sign Violation,11222.0,Closed,5.0,5.0,4.0,2.0,0.0434259259259259,0,0.0,0.2208
57419420,2023-04-25 15:02:52,2023-05-12T19:35:28.000,HPD,appliance,REFRIGERATOR,10009.0,Closed,4.0,3.0,4.0,2.0,17.189305555555556,0,0.0,0.1689
57421114,2023-04-25 15:04:00,2023-04-25T18:35:00.000,DOT,traffic signal condition,Veh Signal Visor,10458.0,Closed,9.0,10.0,8.0,2.0,0.1465277777777777,0,0.0,0.7209
57419410,2023-04-25 15:10:14,2023-04-25T15:18:40.000,NYPD,abandoned vehicle,With License Plate,11358.0,Closed,4.0,3.0,4.0,2.0,0.0058564814814814,0,0.0,0.1689
57420045,2023-04-25 15:14:07,2023-04-25T16:36:51.000,NYPD,illegal parking,Commercial Overnight Parking,11361.0,Closed,5.0,5.0,4.0,2.0,0.0574537037037037,0,0.0,0.2208
57421602,2023-04-25 15:23:54,2023-11-09T14:04:20.000,DPR,dead/dying tree,Planted More Than 2 Years Ago,11234.0,Closed,4.0,3.0,4.0,2.0,197.9447453703704,0,0.0,0.1689
57419459,2023-04-25 15:24:40,2023-04-25T20:18:14.000,DHS,homeless person assistance,Unknown,11105.0,Closed,4.0,3.0,4.0,2.0,0.2038657407407407,0,0.0,0.1689
57422778,2023-04-25 15:41:00,2023-04-27T15:30:00.000,DEP,noise,Noise: Construction Equipment (NC1),10075.0,Closed,3.0,7.0,3.0,2.0,1.992361111111111,0,0.0,0.1283
57419944,2023-04-25 15:41:26,2023-04-25T15:57:12.000,NYPD,illegal parking,Blocked Sidewalk,11104.0,Closed,6.0,6.0,6.0,4.0,0.010949074074074,0,0.0,0.3679
57420947,2023-04-25 15:47:01,2023-04-26T10:17:10.000,DOT,street condition,"Rough, Pitted or Cracked Roads",10017.0,Closed,8.0,7.0,7.0,7.0,0.7709375,0,0.0,0.55
57422290,2023-04-25 15:48:51,,DPR,damaged tree,Tree Alive - in Poor Condition,11225.0,In Progress,4.0,3.0,4.0,2.0,1262.131010847037,0,0.0,0.1689
57420503,2023-04-25 16:06:58,2023-04-25T20:14:25.000,DHS,homeless person assistance,Unknown,11435.0,Closed,4.0,3.0,4.0,2.0,0.1718402777777777,0,0.0,0.1689
57419158,2023-04-25 16:12:05,2023-04-25T16:38:19.000,NYPD,illegal parking,Blocked Bike Lane,10024.0,Closed,6.0,6.0,4.0,2.0,0.0182175925925925,0,0.0,0.2208
57421231,2023-04-25 16:17:54,2023-05-05T09:49:06.000,DOT,street condition,Blocked - Construction,11420.0,Closed,9.0,8.0,7.0,7.0,9.73,0,0.0,0.6399
57422556,2023-04-25 16:19:39,2023-04-26T13:20:08.000,HPD,heat/hot water,APARTMENT ONLY,11419.0,Closed,7.0,3.0,4.0,2.0,0.8753356481481481,1,3.0,0.2099
57421081,2023-04-25 16:26:14,2023-05-10T14:41:24.000,DSNY,missed collection,Trash,10013.0,Closed,4.0,3.0,4.0,2.0,14.927199074074077,0,0.0,0.1689
57421347,2023-04-25 16:40:24,2023-04-25T19:13:13.000,NYPD,noise - residential,Banging/Pounding,10467.0,Closed,3.0,1.0,3.0,2.0,0.1061226851851851,0,0.0,0.1283
57421927,2023-04-25 16:40:25,2023-04-25T16:44:19.000,NYPD,noise - residential,Loud Talking,11421.0,Closed,3.0,1.0,3.0,2.0,0.0027083333333333,0,0.0,0.1283
57419532,2023-04-25 16:45:04,2023-04-25T17:31:58.000,NYPD,illegal parking,Posted Parking Sign Violation,10467.0,Closed,5.0,5.0,4.0,2.0,0.0325694444444444,0,0.0,0.2208
57421511,2023-04-25 16:45:37,2023-04-25T19:27:46.000,NYPD,noise - street/sidewalk,Loud Music/Party,11385.0,Closed,5.0,4.0,6.0,4.0,0.1126041666666666,0,0.0,0.2133
57422285,2023-04-25 16:53:00,2023-04-27T13:54:00.000,DSNY,derelict vehicles,Derelict Vehicles,11239.0,Closed,4.0,3.0,4.0,2.0,1.8756944444444448,0,0.0,0.1689
57422209,2023-04-25 16:56:26,2023-04-25T21:38:34.000,NYPD,illegal parking,Double Parked Blocking Traffic,10040.0,Closed,5.0,5.0,4.0,2.0,0.1959259259259259,0,0.0,0.2208
57420632,2023-04-25 17:03:20,2023-04-25T17:20:16.000,NYPD,drug activity,Use Outside,11366.0,Closed,4.0,3.0,4.0,2.0,0.0117592592592592,0,0.0,0.1689
57422642,2023-04-25 17:03:40,2023-04-25T18:54:00.000,NYPD,noise - residential,Loud Music/Party,11421.0,Closed,3.0,1.0,3.0,2.0,0.0766203703703703,1,3.0,0.1283
57419197,2023-04-25 17:08:59,2023-04-25T18:05:13.000,NYPD,blocked driveway,No Access,11106.0,Closed,5.0,6.0,4.0,2.0,0.0390509259259259,1,3.0,0.2133
57421351,2023-04-25 17:10:42,2023-04-25T17:53:49.000,NYPD,noise - residential,Banging/Pounding,10009.0,Closed,3.0,1.0,3.0,2.0,0.0299421296296296,0,0.0,0.1283
57422806,2023-04-25 17:16:40,2025-05-13T16:38:06.000,DPR,new tree request,For One Address,11434.0,Closed,4.0,3.0,4.0,2.0,748.9732175925926,0,0.0,0.1689
57419718,2023-04-25 17:32:18,2023-05-15T10:03:33.000,DHS,homeless person assistance,Unknown,UNKNOWN,Closed,4.0,3.0,4.0,2.0,19.68836805555556,0,0.0,0.1689
57422410,2023-04-25 17:40:18,2023-04-25T17:58:22.000,NYPD,noise - vehicle,Car/Truck Music,11208.0,Closed,3.0,1.0,3.0,2.0,0.0125462962962962,0,0.0,0.1283
57421799,2023-04-25 17:47:26,2023-04-26T04:31:49.000,DSNY,obstruction,Cone,11419.0,Closed,4.0,4.0,4.0,2.0,0.4474884259259259,0,0.0,0.1689
57422767,2023-04-25 17:51:41,2023-04-27T13:32:41.000,DSNY,dead animal,Bird,11106.0,Closed,4.0,3.0,4.0,2.0,1.820138888888889,0,0.0,0.1689
57419995,2023-04-25 17:59:00,2023-04-26T08:14:00.000,DEP,air quality,"Air: Smoke, Vehicular (AA4)",11366.0,Closed,4.0,3.0,4.0,2.0,0.59375,0,0.0,0.1689
57419308,2023-04-25 18:02:20,2023-04-25T18:57:15.000,NYPD,abandoned vehicle,With License Plate,11364.0,Closed,4.0,3.0,4.0,2.0,0.038136574074074,0,0.0,0.1689
57420028,2023-04-25 18:05:49,2023-04-25T22:33:11.000,NYPD,illegal parking,Posted Parking Sign Violation,11239.0,Closed,5.0,5.0,4.0,2.0,0.1856712962962963,0,0.0,0.2208
57420474,2023-04-25 18:06:46,2023-05-31T15:42:44.000,EDC,noise - helicopter,Other,11414.0,Closed,3.0,1.0,3.0,2.0,35.899976851851854,0,0.0,0.1283
57420104,2023-04-25 18:07:21,2024-11-12T17:25:26.000,DPR,damaged tree,Branch or Limb Has Fallen Down,11230.0,Closed,4.0,3.0,4.0,2.0,566.9708912037037,0,0.0,0.1689
57420812,2023-04-25 18:15:03,2023-04-25T19:07:54.000,NYPD,noise - residential,Loud Music/Party,10025.0,Closed,3.0,1.0,3.0,2.0,0.0367013888888888,0,0.0,0.1283
57419150,2023-04-25 18:17:47,2023-04-25T18:22:00.000,NYPD,illegal parking,Paper License Plates,11238.0,Closed,5.0,5.0,4.0,2.0,0.0029282407407407,0,0.0,0.2208
57419888,2023-04-25 18:23:00,2023-04-25T20:00:00.000,DEP,sewer,Sewer Backup (Use Comments) (SA),11355.0,Closed,8.0,3.0,7.0,2.0,0.0673611111111111,0,0.0,0.55
57431061,2023-04-25 18:24:33,2023-04-26T10:35:00.000,DOT,street condition,Pothole,10028.0,Closed,8.0,8.0,8.0,7.0,0.6739236111111111,0,0.0,0.5798
57431221,2023-04-25 18:27:37,2023-04-26T13:05:00.000,DOT,street condition,Pothole,10022.0,Closed,8.0,8.0,8.0,7.0,0.7759606481481481,0,0.0,0.5798
57422376,2023-04-25 18:44:00,2023-05-01T10:35:00.000,DEP,water system,Hydrant Running (WC3),10451.0,Closed,4.0,3.0,4.0,2.0,5.660416666666666,0,0.0,0.1689
57420545,2023-04-25 18:45:11,2023-04-25T23:12:39.000,NYPD,blocked driveway,Partial Access,10461.0,Closed,5.0,6.0,4.0,2.0,0.1857407407407407,0,0.0,0.2133
57422526,2023-04-25 18:47:00,2023-04-25T18:47:00.000,DEP,water system,Hydrant Leaking (WC1),11204.0,Closed,4.0,3.0,4.0,2.0,0.0,0,0.0,0.1689
57419835,2023-04-25 18:47:54,2023-04-25T19:04:20.000,NYPD,noise - street/sidewalk,Loud Talking,10472.0,Closed,5.0,4.0,6.0,4.0,0.011412037037037,0,0.0,0.2133
57422733,2023-04-25 19:04:31,2023-04-26T13:50:36.000,HPD,flooring/stairs,STAIRS,11211.0,Closed,4.0,3.0,4.0,2.0,0.7820023148148149,0,0.0,0.1689
57419757,2023-04-25 19:08:14,2023-07-16T16:17:08.000,HPD,plumbing,BASIN/SINK,11233.0,Closed,4.0,3.0,4.0,2.0,81.88118055555556,0,0.0,0.1689
57421271,2023-04-25 19:09:55,2023-04-25T19:12:47.000,DPR,animal in a park,Injured Wildlife,10028.0,Closed,4.0,3.0,4.0,2.0,0.0019907407407407,0,0.0,0.1689
57419705,2023-04-25 19:13:00,2023-04-25T20:10:00.000,DOT,traffic signal condition,Controller,UNKNOWN,Closed,9.0,10.0,8.0,2.0,0.0395833333333333,0,0.0,0.7209
57419799,2023-04-25 19:14:00,2023-05-04T18:30:00.000,DEP,water system,Hydrant Running (WC3),11204.0,Closed,4.0,3.0,4.0,2.0,8.969444444444445,1,3.0,0.1689
57421149,2023-04-25 19:24:04,2023-04-26T15:02:16.000,HPD,heat/hot water,ENTIRE BUILDING,11210.0,Closed,7.0,3.0,4.0,2.0,0.8181944444444444,0,0.0,0.2099
57422622,2023-04-25 19:30:44,2023-05-08T17:31:22.000,HPD,unsanitary condition,PESTS,10030.0,Closed,4.0,3.0,4.0,2.0,12.91710648148148,0,0.0,0.1689
57422510,2023-04-25 19:31:16,2023-04-25T20:12:24.000,NYPD,abandoned vehicle,With License Plate,11226.0,Closed,4.0,3.0,4.0,2.0,0.0285648148148148,0,0.0,0.1689
57420261,2023-04-25 19:34:34,2025-01-30T12:14:41.000,DPR,new tree request,For One Address,10029.0,Closed,4.0,3.0,4.0,2.0,645.6945254629629,0,0.0,0.1689
57419303,2023-04-25 19:43:59,2023-04-25T19:43:59.000,DOHMH,rodent,Signs of Rodents,10025.0,Closed,4.0,3.0,4.0,2.0,0.0,0,0.0,0.1689
57420899,2023-04-25 19:47:03,2023-05-10T10:16:27.000,DOHMH,rodent,Rat Sighting,11216.0,Closed,4.0,3.0,4.0,2.0,14.60375,0,0.0,0.1689
57420071,2023-04-25 19:48:08,2023-04-26T13:49:42.000,NYPD,blocked driveway,No Access,10453.0,Closed,5.0,6.0,4.0,2.0,0.751087962962963,0,0.0,0.2133
57426116,2023-04-25 19:52:56,2023-05-16T00:00:00.000,DOB,elevator,Elevator - Single Device On Property/No Alternate Service,10452.0,Closed,4.0,3.0,4.0,2.0,20.17157407407408,0,0.0,0.1689
57420159,2023-04-25 19:55:12,2023-05-20T18:41:16.000,HPD,water leak,HEAVY FLOW,11368.0,Closed,8.0,3.0,4.0,7.0,24.948657407407406,0,0.0,0.35
57422236,2023-04-25 19:59:37,2023-04-26T08:03:48.000,DSNY,missed collection,Bulky Trash,11358.0,Closed,4.0,3.0,4.0,2.0,0.5029050925925926,0,0.0,0.1689
57422353,2023-04-25 20:06:13,2023-04-25T20:46:05.000,NYPD,noise - residential,Banging/Pounding,11375.0,Closed,3.0,1.0,3.0,2.0,0.0276851851851851,0,0.0,0.1283
57427670,2023-04-25 20:17:27,2023-05-10T00:00:00.000,DOB,elevator,Elevator - Multiple Devices On Property,10454.0,Closed,4.0,3.0,4.0,2.0,14.15454861111111,0,0.0,0.1689
57429994,2023-04-25 20:47:49,2023-05-09T00:00:00.000,DOB,elevator,Elevator - Multiple Devices On Property,10303.0,Closed,4.0,3.0,4.0,2.0,13.133460648148148,0,0.0,0.1689
57419566,2023-04-25 20:55:41,2023-04-25T23:14:56.000,NYPD,illegal parking,Blocked Hydrant,11219.0,Closed,6.0,6.0,4.0,2.0,0.0967013888888888,0,0.0,0.2208
57420089,2023-04-25 21:02:38,2023-07-11T18:04:26.000,TLC,for hire vehicle complaint,Driver Complaint - Non Passenger,11231.0,Closed,4.0,3.0,4.0,2.0,76.87625,0,0.0,0.1689
57421875,2023-04-25 21:05:53,2023-04-25T21:38:40.000,NYPD,illegal parking,Blocked Hydrant,10470.0,Closed,6.0,6.0,4.0,2.0,0.0227662037037037,0,0.0,0.2208
57422765,2023-04-25 21:07:02,2023-04-25T23:12:40.000,NYPD,noise - street/sidewalk,Loud Music/Party,10026.0,Closed,5.0,4.0,6.0,4.0,0.0872453703703703,0,0.0,0.2133
57428683,2023-04-25 21:09:24,2023-05-09T00:00:00.000,DOB,elevator,Elevator - Single Device On Property/No Alternate Service,10303.0,Closed,4.0,3.0,4.0,2.0,13.118472222222222,1,3.0,0.1689
57419366,2023-04-25 21:09:32,2023-04-26T15:31:08.000,HPD,heat/hot water,ENTIRE BUILDING,10467.0,Closed,7.0,3.0,4.0,2.0,0.765,1,3.0,0.2099
57421108,2023-04-25 21:09:57,2023-04-26T00:42:10.000,NYPD,illegal parking,Blocked Crosswalk,11379.0,Closed,6.0,6.0,4.0,2.0,0.1473726851851851,0,0.0,0.2208
57430057,2023-04-25 21:15:24,2023-05-30T00:00:00.000,DOB,elevator,Elevator - Single Device On Property/No Alternate Service,11235.0,Closed,4.0,3.0,4.0,2.0,34.11430555555555,0,0.0,0.1689
57432700,2023-04-25 21:21:24,2023-06-13T00:00:00.000,DOB,special projects inspection team (spit),Illegal Hotel Rooms In Residential Building,11355.0,Closed,4.0,3.0,4.0,2.0,48.11013888888889,0,0.0,0.1689
57419073,2023-04-25 21:58:31,2023-07-21T12:13:30.000,TLC,taxi complaint,Driver Complaint - Passenger,10011.0,Closed,4.0,3.0,4.0,2.0,86.59373842592592,0,0.0,0.1689
57422363,2023-04-25 21:59:45,2023-04-25T22:55:43.000,NYPD,noise - commercial,Loud Music/Party,10301.0,Closed,3.0,1.0,3.0,2.0,0.0388657407407407,0,0.0,0.1283
57421537,2023-04-25 22:00:27,2023-04-25T22:08:07.000,NYPD,noise - street/sidewalk,Loud Music/Party,10453.0,Closed,5.0,4.0,6.0,4.0,0.005324074074074,0,0.0,0.2133
57422812,2023-04-25 22:04:53,2023-04-30T13:16:33.000,HPD,flooring/stairs,FLOOR,11231.0,Closed,4.0,3.0,4.0,2.0,4.633101851851852,0,0.0,0.1689
57427645,2023-04-25 22:09:33,2023-04-28T00:00:00.000,DOB,boilers,Boiler - Defective/Inoperative/No Permit,11415.0,Closed,4.0,3.0,4.0,2.0,2.076701388888889,0,0.0,0.1689
57419212,2023-04-25 22:22:51,2023-04-25T23:16:31.000,NYPD,noise - commercial,Loud Music/Party,10003.0,Closed,3.0,1.0,3.0,2.0,0.0372685185185185,0,0.0,0.1283
57429490,2023-04-25 22:30:38,2023-04-26T00:00:00.000,DOB,real time enforcement,Work Without A Permit - Occupied Multiple Dwelling,10014.0,Closed,4.0,3.0,4.0,2.0,0.0620601851851851,0,0.0,0.1689
57420199,2023-04-25 23:17:55,2023-04-26T02:29:40.000,NYPD,illegal parking,Blocked Hydrant,11225.0,Closed,6.0,6.0,4.0,2.0,0.1331597222222222,0,0.0,0.2208
57420375,2023-04-25 23:28:55,2023-04-27T15:12:48.000,HPD,heat/hot water,ENTIRE BUILDING,10031.0,Closed,7.0,3.0,4.0,2.0,1.655474537037037,0,0.0,0.2099
57419126,2023-04-25 23:30:34,2023-04-26T00:15:14.000,NYPD,noise - residential,Loud Music/Party,10027.0,Closed,3.0,1.0,3.0,2.0,0.0310185185185185,0,0.0,0.1283
57422818,2023-04-25 23:35:00,2023-04-26T00:09:02.000,NYPD,noise - street/sidewalk,Loud Music/Party,11209.0,Closed,5.0,4.0,6.0,4.0,0.0236342592592592,0,0.0,0.2133
57420219,2023-04-25 23:39:58,2023-04-26T03:21:26.000,NYPD,illegal parking,Parking Permit Improper Use,11379.0,Closed,5.0,5.0,4.0,2.0,0.1537962962962963,1,3.0,0.2208
57422608,2023-04-25 23:49:37,2023-04-26T00:34:27.000,NYPD,noise - vehicle,Car/Truck Horn,10016.0,Closed,3.0,1.0,3.0,2.0,0.0311342592592592,0,0.0,0.1283
57420887,2023-04-25 23:49:55,2023-05-04T21:34:18.000,HPD,plumbing,BASIN/SINK,10454.0,Closed,4.0,3.0,4.0,2.0,8.90582175925926,1,3.0,0.1689
57431740,2023-04-25 23:52:04,2023-04-26T18:55:07.000,DHS,encampment,Unknown,10019.0,Closed,4.0,3.0,4.0,2.0,0.7937847222222222,0,0.0,0.1689
57420664,2023-04-25 23:52:14,2023-04-26T02:47:07.000,NYPD,noise - commercial,Loud Music/Party,11206.0,Closed,3.0,1.0,3.0,2.0,0.1214467592592592,0,0.0,0.1283
57420327,2023-04-26 00:01:14,2023-04-26T05:10:44.000,NYPD,illegal parking,Commercial Overnight Parking,11379.0,Closed,5.0,5.0,4.0,2.0,0.2149305555555555,2,6.0,0.2208
57432346,2023-04-26 00:05:04,2023-05-05T14:51:15.000,HPD,water leak,HEAVY FLOW,10009.0,Closed,8.0,3.0,4.0,7.0,9.615405092592592,0,0.0,0.233
57427314,2023-04-26 00:08:00,2023-04-27T00:22:00.000,DEP,noise,Noise: Construction Before/After Hours (NM1),10065.0,Closed,3.0,7.0,3.0,2.0,1.0097222222222222,1,3.0,0.1283
57430568,2023-04-26 00:11:00,2023-04-27T01:15:00.000,DEP,noise,Noise: Construction Before/After Hours (NM1),11435.0,Closed,3.0,7.0,3.0,2.0,1.0444444444444445,0,0.0,0.1283
57420659,2023-04-26 00:11:13,2023-04-26T05:28:56.000,NYPD,noise - street/sidewalk,Loud Music/Party,10452.0,Closed,5.0,4.0,6.0,4.0,0.220636574074074,0,0.0,0.2133
57426480,2023-04-26 00:14:00,2023-05-01T23:00:00.000,DEP,noise,"Noise, Barking Dog (NR5)",11417.0,Closed,3.0,1.0,3.0,2.0,5.948611111111111,0,0.0,0.1283
57422017,2023-04-26 00:15:12,2023-04-26T00:38:09.000,NYPD,non-emergency police matter,Trespassing,11212.0,Closed,5.0,3.0,4.0,2.0,0.0159375,0,0.0,0.2138
57431005,2023-04-26 00:17:00,2023-07-27T09:30:00.000,DEP,water system,Hydrant Running Full (WA4),11238.0,Closed,4.0,3.0,4.0,2.0,92.38402777777776,0,0.0,0.1689
57429945,2023-04-26 00:17:00,2023-04-26T03:45:00.000,DEP,noise,Noise: Construction Before/After Hours (NM1),11223.0,Closed,3.0,7.0,3.0,2.0,0.1444444444444444,0,0.0,0.1283
57419549,2023-04-26 00:19:12,2023-04-26T00:57:17.000,NYPD,illegal parking,Blocked Hydrant,10032.0,Closed,6.0,6.0,4.0,2.0,0.0264467592592592,0,0.0,0.2208
57421984,2023-04-26 00:23:19,2023-04-26T02:47:00.000,NYPD,illegal parking,Paper License Plates,11360.0,Closed,5.0,5.0,4.0,2.0,0.0997800925925925,0,0.0,0.2208
57420735,2023-04-26 00:26:07,2023-04-26T02:46:47.000,NYPD,abandoned vehicle,With License Plate,11361.0,Closed,4.0,3.0,4.0,2.0,0.0976851851851851,0,0.0,0.1689
57429106,2023-04-26 00:26:37,2023-04-27T09:06:07.000,HPD,plumbing,WATER SUPPLY,11103.0,Closed,4.0,3.0,9.0,2.0,1.3607638888888889,0,0.0,0.1689
57428475,2023-04-26 00:26:37,2023-04-27T09:06:07.000,HPD,heat/hot water,APARTMENT ONLY,11103.0,Closed,7.0,3.0,4.0,2.0,1.3607638888888889,0,0.0,0.2099
57429624,2023-04-26 00:29:00,2023-04-29T18:28:00.000,DEP,noise,Noise: air condition/ventilation equipment (NV1),10010.0,Closed,3.0,1.0,3.0,2.0,3.749305555555555,1,3.0,0.1283
57429117,2023-04-26 00:29:47,2023-05-05T14:08:25.000,HPD,paint/plaster,WALL,10467.0,Closed,4.0,3.0,4.0,2.0,9.568495370370371,0,0.0,0.1689
57431207,2023-04-26 00:29:47,2023-05-05T14:08:24.000,HPD,unsanitary condition,MOLD,10467.0,Closed,4.0,3.0,4.0,2.0,9.568483796296295,0,0.0,0.1689
57428363,2023-04-26 00:41:44,2023-04-27T08:55:51.000,HPD,heat/hot water,ENTIRE BUILDING,10469.0,Closed,7.0,3.0,4.0,2.0,1.3431365740740742,0,0.0,0.2099
57430843,2023-04-26 00:44:42,2023-04-26T19:34:49.000,HPD,heat/hot water,ENTIRE BUILDING,10023.0,Closed,7.0,3.0,4.0,2.0,0.7848032407407407,0,0.0,0.2099
57422320,2023-04-26 00:50:00,2023-04-26T13:21:00.000,DOT,street light condition,Street Light Out,11220.0,Closed,7.0,5.0,6.0,5.0,0.5215277777777778,0,0.0,0.3721
57432628,2023-04-26 00:50:50,2023-04-26T13:14:59.000,HPD,paint/plaster,CEILING,10458.0,Closed,4.0,3.0,4.0,2.0,0.5167708333333333,0,0.0,0.1689
57429785,2023-04-26 00:50:50,2023-04-26T13:15:00.000,HPD,paint/plaster,WALL,10458.0,Closed,4.0,3.0,4.0,2.0,0.5167824074074074,1,3.0,0.1689
57430423,2023-04-26 00:50:59,2025-05-07T14:48:56.000,HPD,unsanitary condition,GARBAGE/RECYCLING STORAGE,11249.0,Closed,5.0,2.0,5.0,4.0,742.5819097222222,0,0.0,0.35
57431829,2023-04-26 00:52:26,2023-06-12T00:00:00.000,DOB,building/use,Illegal Conversion Of Residential Building/Space,10472.0,Closed,4.0,3.0,4.0,2.0,46.96358796296296,0,0.0,0.1689
57422111,2023-04-26 00:55:24,2023-04-26T01:01:47.000,NYPD,noise - residential,Banging/Pounding,11418.0,Closed,3.0,1.0,3.0,2.0,0.0044328703703703,0,0.0,0.1283
57428336,2023-04-26 00:59:00,2023-05-03T21:45:00.000,DEP,noise,Noise: Construction Before/After Hours (NM1),10169.0,Closed,3.0,7.0,3.0,2.0,7.865277777777778,0,0.0,0.1283
57431035,2023-04-26 01:02:00,2023-04-28T02:45:00.000,DEP,noise,Noise: Construction Before/After Hours (NM1),11222.0,Closed,3.0,7.0,3.0,2.0,2.071527777777778,0,0.0,0.1283
57429601,2023-04-26 01:08:51,2023-04-26T21:47:34.000,HPD,heat/hot water,ENTIRE BUILDING,11226.0,Closed,7.0,3.0,4.0,2.0,0.8602199074074074,0,0.0,0.2099
57428337,2023-04-26 01:11:00,2023-05-04T14:59:00.000,DEP,noise,Noise: Construction Before/After Hours (NM1),10023.0,Closed,3.0,7.0,3.0,2.0,8.575,0,0.0,0.1283
57420748,2023-04-26 01:13:51,2023-04-26T02:09:11.000,NYPD,noise - residential,Banging/Pounding,11203.0,Closed,3.0,1.0,3.0,2.0,0.0384259259259259,0,0.0,0.1283
57432595,2023-04-26 01:14:54,2023-06-01T09:58:25.000,HPD,electric,OUTLET/SWITCH,10473.0,Closed,4.0,3.0,4.0,2.0,36.36355324074074,0,0.0,0.1689
57420578,2023-04-26 01:15:55,2023-04-26T06:54:27.000,NYPD,noise - residential,Loud Music/Party,10466.0,Closed,3.0,1.0,3.0,2.0,0.2350925925925926,0,0.0,0.1283
57428181,2023-04-26 01:24:39,2023-05-12T15:29:03.000,HPD,unsanitary condition,GARBAGE/RECYCLING STORAGE,10452.0,Closed,5.0,2.0,5.0,4.0,16.586388888888887,0,0.0,0.2524
57429644,2023-04-26 01:30:34,2023-04-28T08:28:21.000,HPD,heat/hot water,ENTIRE BUILDING,10035.0,Closed,7.0,3.0,4.0,2.0,2.2901273148148147,0,0.0,0.2099
57428456,2023-04-26 01:35:00,2023-04-30T21:00:00.000,DEP,noise,Noise: Construction Before/After Hours (NM1),10014.0,Closed,3.0,7.0,3.0,2.0,4.809027777777778,0,0.0,0.1283
57432217,2023-04-26 01:38:00,2023-04-26T06:00:00.000,DEP,air quality,"Air: Odor/Fumes, Vehicle Idling (AD3)",10462.0,Closed,4.0,3.0,4.0,2.0,0.1819444444444444,0,0.0,0.1689
57431495,2023-04-26 01:45:45,2023-04-26T19:27:23.000,HPD,heat/hot water,APARTMENT ONLY,11235.0,Closed,7.0,3.0,4.0,2.0,0.7372453703703704,0,0.0,0.2099
57431229,2023-04-26 01:52:01,2023-05-02T15:30:02.000,HPD,plumbing,WATER SUPPLY,10027.0,Closed,4.0,3.0,9.0,2.0,6.56806712962963,0,0.0,0.1689
57432695,2023-04-26 01:57:00,2023-05-12T15:42:48.000,HPD,electric,NO LIGHTING,10452.0,Closed,4.0,3.0,4.0,2.0,16.57347222222222,0,0.0,0.1689
57425987,2023-04-26 02:01:03,2023-04-29T19:11:44.000,HPD,heat/hot water,ENTIRE BUILDING,10033.0,Closed,7.0,3.0,4.0,2.0,3.715752314814815,0,0.0,0.2099
57427063,2023-04-26 02:02:00,2023-04-26T06:00:00.000,DEP,air quality,"Air: Odor/Fumes, Vehicle Idling (AD3)",10452.0,Closed,4.0,3.0,4.0,2.0,0.1652777777777777,0,0.0,0.1689
57428271,2023-04-26 02:04:06,2023-04-26T03:02:40.000,NYPD,illegal parking,Blocked Crosswalk,11373.0,Closed,6.0,6.0,4.0,2.0,0.0406712962962962,0,0.0,0.2208
57430782,2023-04-26 02:04:59,2023-05-31T15:44:33.000,EDC,noise - helicopter,Other,10028.0,Closed,3.0,1.0,3.0,2.0,35.56914351851852,2,6.0,0.2128
57430607,2023-04-26 02:05:13,2023-04-26T03:03:36.000,NYPD,illegal parking,Blocked Crosswalk,11373.0,Closed,6.0,6.0,4.0,2.0,0.0405439814814814,1,3.0,0.2208
57431472,2023-04-26 02:06:36,2023-04-26T02:18:15.000,NYPD,noise - residential,Banging/Pounding,10001.0,Closed,3.0,1.0,3.0,2.0,0.0080902777777777,0,0.0,0.1283
57428472,2023-04-26 02:08:01,2023-04-26T02:48:17.000,NYPD,noise - residential,Banging/Pounding,11226.0,Closed,3.0,1.0,3.0,2.0,0.0279629629629629,0,0.0,0.1283
57432123,2023-04-26 02:08:52,2023-04-26T02:28:33.000,NYPD,noise - street/sidewalk,Loud Music/Party,10012.0,Closed,5.0,4.0,6.0,4.0,0.0136689814814814,0,0.0,0.2133
57431090,2023-04-26 02:09:18,2023-05-31T15:44:34.000,EDC,noise - helicopter,Other,10025.0,Closed,3.0,1.0,3.0,2.0,35.56615740740741,2,6.0,0.2128
57426913,2023-04-26 02:10:05,2023-04-26T02:29:48.000,NYPD,illegal parking,Blocked Hydrant,11421.0,Closed,6.0,6.0,4.0,2.0,0.0136921296296296,1,3.0,0.2208
57429480,2023-04-26 02:10:21,2023-04-26T03:14:33.000,NYPD,illegal parking,Blocked Hydrant,11208.0,Closed,6.0,6.0,4.0,2.0,0.0445833333333333,1,3.0,0.2208
57425741,2023-04-26 02:10:42,2023-04-26T02:33:23.000,NYPD,illegal parking,Blocked Sidewalk,11213.0,Closed,6.0,6.0,6.0,4.0,0.0157523148148148,0,0.0,0.3679
57429561,2023-04-26 02:10:57,2023-04-26T04:36:10.000,NYPD,illegal parking,Blocked Hydrant,11378.0,Closed,6.0,6.0,4.0,2.0,0.1008449074074074,0,0.0,0.2208
57431144,2023-04-26 02:11:07,2023-04-26T02:25:25.000,NYPD,noise - residential,Loud Music/Party,10039.0,Closed,3.0,1.0,3.0,2.0,0.0099305555555555,0,0.0,0.1283
57428087,2023-04-26 02:13:19,2023-04-26T02:32:03.000,NYPD,illegal parking,Blocked Sidewalk,10031.0,Closed,6.0,6.0,6.0,4.0,0.0130092592592592,0,0.0,0.3679
57429410,2023-04-26 02:13:25,2023-04-26T19:40:21.000,NYPD,abandoned vehicle,With License Plate,11103.0,Closed,4.0,3.0,4.0,2.0,0.727037037037037,0,0.0,0.1689
57432332,2023-04-26 02:14:00,2023-04-27T06:00:00.000,DEP,noise,Noise: Private Carting Noise (NQ1),11106.0,Closed,3.0,1.0,3.0,2.0,1.1569444444444446,0,0.0,0.1283
57430890,2023-04-26 02:15:57,2023-04-26T11:04:07.000,DCWP,consumer complaint,Newsstand,10033.0,Closed,4.0,3.0,4.0,2.0,0.3667824074074074,0,0.0,0.1689
57427912,2023-04-26 02:21:54,2023-04-26T04:14:52.000,NYPD,illegal parking,Parking Permit Improper Use,10456.0,Closed,5.0,5.0,4.0,2.0,0.078449074074074,0,0.0,0.2208
57429566,2023-04-26 02:22:17,2023-04-26T13:32:28.000,HPD,heat/hot water,ENTIRE BUILDING,10468.0,Closed,7.0,3.0,4.0,2.0,0.4654050925925926,0,0.0,0.2099
57428505,2023-04-26 02:23:26,2023-04-26T11:48:32.000,NYPD,noise - residential,Loud Music/Party,10024.0,Closed,3.0,1.0,3.0,2.0,0.3924305555555555,0,0.0,0.1283
57431286,2023-04-26 02:24:07,2023-05-31T15:44:36.000,EDC,noise - helicopter,Other,10025.0,Closed,3.0,1.0,3.0,2.0,35.5558912037037,3,8.0,0.2199
57427952,2023-04-26 02:25:46,2023-04-26T05:45:54.000,DHS,homeless person assistance,Unknown,10036.0,Closed,4.0,3.0,4.0,2.0,0.1389814814814814,1,3.0,0.1689
57431808,2023-04-26 02:26:17,2023-04-26T15:45:45.000,DOT,sidewalk condition,Blocked - Construction,11220.0,Closed,6.0,8.0,6.0,4.0,0.5551851851851852,0,0.0,0.3679
57430815,2023-04-26 02:27:56,2023-04-26T02:42:39.000,NYPD,noise - residential,Loud Music/Party,10032.0,Closed,3.0,1.0,3.0,2.0,0.0102199074074074,0,0.0,0.1283
57427617,2023-04-26 02:28:14,2023-05-31T15:44:37.000,EDC,noise - helicopter,Other,10025.0,Closed,3.0,1.0,3.0,2.0,35.55304398148148,4,10.0,0.3034
57431451,2023-04-26 02:32:46,2023-04-26T02:32:46.000,DOHMH,rodent,Rat Sighting,11212.0,Closed,4.0,3.0,4.0,2.0,0.0,0,0.0,0.1689
57431098,2023-04-26 02:34:30,2023-04-26T20:21:58.000,HPD,door/window,DOOR FRAME,10460.0,Closed,4.0,3.0,4.0,2.0,0.7412962962962963,0,0.0,0.1689
57430238,2023-04-26 02:36:11,2023-05-31T15:44:39.000,EDC,noise - helicopter,Other,11101.0,Closed,3.0,1.0,3.0,2.0,35.5475462962963,0,0.0,0.1283
57428107,2023-04-26 02:36:18,2023-04-26T03:19:30.000,NYPD,illegal parking,Blocked Sidewalk,10002.0,Closed,6.0,6.0,6.0,4.0,0.03,1,3.0,0.3679
57427977,2023-04-26 02:37:02,2023-04-26T05:09:26.000,NYPD,noise - residential,Loud Music/Party,10467.0,Closed,3.0,1.0,3.0,2.0,0.1058333333333333,1,3.0,0.1283
57428248,2023-04-26 02:37:13,2023-04-26T05:49:22.000,NYPD,noise - residential,Banging/Pounding,11230.0,Closed,3.0,1.0,3.0,2.0,0.1334375,0,0.0,0.1283
57432609,2023-04-26 02:39:02,2023-05-31T15:44:40.000,EDC,noise - helicopter,News Gathering,11101.0,Closed,3.0,1.0,3.0,2.0,35.545578703703704,1,3.0,0.1797
57431909,2023-04-26 02:46:19,2023-04-26T13:01:59.000,DSNY,vendor enforcement,Non-Food Vendor,10036.0,Closed,4.0,3.0,4.0,2.0,0.4275462962962963,0,0.0,0.1689
57431887,2023-04-26 02:47:12,2023-05-31T15:44:40.000,EDC,noise - helicopter,Other,11357.0,Closed,3.0,1.0,3.0,2.0,35.539907407407405,0,0.0,0.1283
57430761,2023-04-26 02:47:41,2023-04-26T02:57:06.000,NYPD,blocked driveway,No Access,11236.0,Closed,5.0,6.0,4.0,2.0,0.0065393518518518,0,0.0,0.2133
57432199,2023-04-26 02:47:42,2023-04-26T02:53:12.000,NYPD,noise - residential,Loud Music/Party,11204.0,Closed,3.0,1.0,3.0,2.0,0.0038194444444444,0,0.0,0.1283
57429419,2023-04-26 02:52:49,2023-04-26T04:55:55.000,NYPD,noise - residential,Loud Music/Party,11213.0,Closed,3.0,1.0,3.0,2.0,0.0854861111111111,0,0.0,0.1283
57432194,2023-04-26 02:53:30,2023-04-26T03:41:11.000,NYPD,noise - vehicle,Engine Idling,11222.0,Closed,3.0,1.0,3.0,2.0,0.0331134259259259,0,0.0,0.1283
57427856,2023-04-26 02:53:54,2023-04-26T19:47:01.000,NYPD,blocked driveway,No Access,10467.0,Closed,5.0,6.0,4.0,2.0,0.7035532407407408,0,0.0,0.2133
57430795,2023-04-26 02:55:30,2023-04-26T05:28:12.000,NYPD,illegal parking,Blocked Crosswalk,10037.0,Closed,6.0,6.0,4.0,2.0,0.1060416666666666,0,0.0,0.2208
57429129,2023-04-26 02:55:56,2023-04-26T07:45:10.000,DPR,violation of park rules,Unsafe Use of Playground,11104.0,Closed,4.0,3.0,4.0,2.0,0.2008564814814814,0,0.0,0.1689
57428910,2023-04-26 02:56:54,2023-05-31T15:44:44.000,EDC,noise - helicopter,News Gathering,10028.0,Closed,3.0,1.0,3.0,2.0,35.53321759259259,3,8.0,0.2199
57431885,2023-04-26 03:00:11,2023-05-31T15:44:44.000,EDC,noise - helicopter,Other,10128.0,Closed,3.0,1.0,3.0,2.0,35.5309375,0,0.0,0.1283
57427640,2023-04-26 03:01:39,2023-04-26T19:58:59.000,HPD,heat/hot water,APARTMENT ONLY,11355.0,Closed,7.0,3.0,4.0,2.0,0.7064814814814815,1,3.0,0.2099
57428267,2023-04-26 03:09:40,2023-04-26T03:52:01.000,NYPD,illegal parking,Commercial Overnight Parking,11693.0,Closed,5.0,5.0,4.0,2.0,0.0294097222222222,0,0.0,0.2208
57430199,2023-04-26 03:13:53,2023-04-26T03:30:41.000,NYPD,noise - commercial,Banging/Pounding,10016.0,Closed,3.0,1.0,3.0,2.0,0.0116666666666666,0,0.0,0.1283
57432230,2023-04-26 03:15:01,2023-04-26T06:06:25.000,NYPD,illegal parking,Blocked Hydrant,11368.0,Closed,6.0,6.0,4.0,2.0,0.1190277777777777,0,0.0,0.2208
57430731,2023-04-26 03:16:48,2023-04-26T03:30:11.000,NYPD,noise - street/sidewalk,Loud Talking,11208.0,Closed,5.0,4.0,6.0,4.0,0.0092939814814814,0,0.0,0.2133
57428574,2023-04-26 03:17:03,2023-04-28T07:16:20.000,HPD,heat/hot water,ENTIRE BUILDING,11203.0,Closed,7.0,3.0,4.0,2.0,2.1661689814814813,1,3.0,0.2733
57430493,2023-04-26 03:21:53,2023-04-26T03:49:47.000,NYPD,noise - residential,Banging/Pounding,11232.0,Closed,3.0,1.0,3.0,2.0,0.019375,0,0.0,0.1283
57428100,2023-04-26 03:23:08,2023-05-31T15:44:50.000,EDC,noise - helicopter,Other,10025.0,Closed,3.0,1.0,3.0,2.0,35.51506944444444,5,10.0,0.3034
57432042,2023-04-26 03:26:24,2023-04-26T13:52:31.000,HPD,heat/hot water,ENTIRE BUILDING,10474.0,Closed,7.0,3.0,4.0,2.0,0.4348032407407407,0,0.0,0.2099
57424587,2023-04-26 03:26:58,2023-04-26T15:22:41.000,HPD,electric,POWER OUTAGE,10467.0,Closed,4.0,3.0,4.0,2.0,0.4970254629629629,0,0.0,0.1689
57425455,2023-04-26 03:29:23,2023-05-31T15:44:51.000,EDC,noise - helicopter,Other,10028.0,Closed,3.0,1.0,3.0,2.0,35.510740740740744,4,10.0,0.3034
57431288,2023-04-26 03:33:11,2023-05-31T15:44:52.000,EDC,noise - helicopter,Other,10025.0,Closed,3.0,1.0,3.0,2.0,35.50811342592593,6,10.0,0.3034
57432285,2023-04-26 03:36:56,2023-04-26T06:20:59.000,NYPD,noise - street/sidewalk,Loud Music/Party,11221.0,Closed,5.0,4.0,6.0,4.0,0.1139236111111111,0,0.0,0.2133
57425069,2023-04-26 03:37:37,2023-05-31T15:44:53.000,EDC,noise - helicopter,Other,10025.0,Closed,3.0,1.0,3.0,2.0,35.5050462962963,7,10.0,0.3034
57429661,2023-04-26 03:40:50,2023-05-31T15:44:54.000,EDC,noise - helicopter,Other,10028.0,Closed,3.0,1.0,3.0,2.0,35.50282407407408,5,10.0,0.3034
57432662,2023-04-26 03:45:45,2023-05-10T10:34:14.000,DPR,new tree request,For One Address,11412.0,Closed,4.0,3.0,4.0,2.0,14.28366898148148,0,0.0,0.1689
57430245,2023-04-26 03:46:01,2023-04-26T04:41:32.000,NYPD,illegal parking,Blocked Hydrant,11207.0,Closed,6.0,6.0,4.0,2.0,0.0385532407407407,0,0.0,0.2208
57429138,2023-04-26 03:47:39,2023-05-31T15:44:55.000,EDC,noise - helicopter,Other,11201.0,Closed,3.0,1.0,3.0,2.0,35.49810185185185,0,0.0,0.1283
57429095,2023-04-26 03:50:13,2023-04-26T06:43:38.000,NYPD,illegal parking,Paper License Plates,11379.0,Closed,5.0,5.0,4.0,2.0,0.1204282407407407,3,8.0,0.2608
57425898,2023-04-26 03:53:36,2023-05-31T15:44:57.000,EDC,noise - helicopter,Other,10024.0,Closed,3.0,1.0,3.0,2.0,35.49399305555556,0,0.0,0.1283
57431701,2023-04-26 03:56:56,2023-04-26T04:17:38.000,NYPD,illegal parking,Blocked Crosswalk,11373.0,Closed,6.0,6.0,4.0,2.0,0.014375,2,6.0,0.2208
57429257,2023-04-26 03:57:00,2023-04-26T04:50:00.000,DOT,traffic signal condition,Controller,10308.0,Closed,9.0,10.0,8.0,2.0,0.0368055555555555,0,0.0,0.7209
57430356,2023-04-26 03:57:32,2023-04-26T04:08:19.000,NYPD,illegal parking,Commercial Overnight Parking,11693.0,Closed,5.0,5.0,4.0,2.0,0.0074884259259259,1,3.0,0.2208
57431726,2023-04-26 03:58:44,2023-04-30T23:56:04.000,DHS,homeless person assistance,Unknown,UNKNOWN,Closed,4.0,3.0,4.0,2.0,4.8314814814814815,1,3.0,0.1689
57430203,2023-04-26 03:59:00,2023-04-27T07:00:00.000,DEP,noise,Noise: Private Carting Noise (NQ1),11373.0,Closed,3.0,1.0,3.0,2.0,1.1256944444444446,0,0.0,0.1283
57428672,2023-04-26 03:59:16,2023-04-26T05:50:10.000,NYPD,non-emergency police matter,Trespassing,11212.0,Closed,5.0,3.0,4.0,2.0,0.0770138888888889,1,3.0,0.2138
57427846,2023-04-26 04:02:14,2023-04-26T04:18:32.000,NYPD,noise - street/sidewalk,Loud Talking,10030.0,Closed,5.0,4.0,6.0,4.0,0.0113194444444444,1,3.0,0.2133
57430198,2023-04-26 04:02:41,2023-05-31T15:44:59.000,EDC,noise - helicopter,News Gathering,11357.0,Closed,3.0,1.0,3.0,2.0,35.48770833333333,1,3.0,0.1797
57428230,2023-04-26 04:04:05,2023-04-27T13:44:57.000,DSNY,obstruction,Cone,11207.0,Closed,4.0,4.0,4.0,2.0,1.4033796296296297,0,0.0,0.1689
57432146,2023-04-26 04:05:44,2023-04-26T11:45:02.000,HPD,heat/hot water,ENTIRE BUILDING,10033.0,Closed,7.0,3.0,4.0,2.0,0.3189583333333333,1,3.0,0.2099
57430391,2023-04-26 04:08:45,2023-05-01T15:55:06.000,HPD,unsanitary condition,PESTS,10458.0,Closed,4.0,3.0,4.0,2.0,5.490520833333333,0,0.0,0.1689
57432225,2023-04-26 04:08:45,2023-05-31T16:52:45.000,HPD,flooring/stairs,FLOOR,10458.0,Closed,4.0,3.0,4.0,2.0,35.53055555555556,0,0.0,0.1689
57427935,2023-04-26 04:12:26,2023-04-26T05:09:48.000,NYPD,illegal parking,Double Parked Blocking Traffic,11214.0,Closed,5.0,5.0,4.0,2.0,0.0398379629629629,0,0.0,0.2208
57428280,2023-04-26 04:13:08,2023-05-31T15:45:01.000,EDC,noise - helicopter,Other,10025.0,Closed,3.0,1.0,3.0,2.0,35.48047453703704,8,10.0,0.3034
57430116,2023-04-26 04:13:18,2023-04-26T09:52:02.000,NYPD,illegal parking,Unauthorized Bus Layover,11105.0,Closed,5.0,5.0,4.0,2.0,0.2352314814814814,0,0.0,0.2208
57429260,2023-04-26 04:13:41,2023-04-26T04:17:55.000,NYPD,abandoned vehicle,With License Plate,11239.0,Closed,4.0,3.0,4.0,2.0,0.0029398148148148,0,0.0,0.1689
57429031,2023-04-26 04:14:07,2023-04-26T06:48:23.000,NYPD,illegal parking,Blocked Hydrant,11418.0,Closed,6.0,6.0,4.0,2.0,0.1071296296296296,1,3.0,0.2208
57431891,2023-04-26 04:14:42,2023-04-26T04:18:11.000,NYPD,abandoned vehicle,With License Plate,11239.0,Closed,4.0,3.0,4.0,2.0,0.0024189814814814,1,3.0,0.1689
57427740,2023-04-26 04:15:59,2023-04-30T01:22:57.000,DHS,homeless person assistance,Unknown,UNKNOWN,Closed,4.0,3.0,4.0,2.0,3.879837962962963,2,6.0,0.1689
57432022,2023-04-26 04:17:39,2023-04-26T10:15:36.000,NYPD,illegal parking,Blocked Hydrant,11103.0,Closed,6.0,6.0,4.0,2.0,0.2485763888888889,0,0.0,0.2208
57430259,2023-04-26 04:21:14,2023-04-26T06:02:44.000,NYPD,illegal parking,Commercial Overnight Parking,11357.0,Closed,5.0,5.0,4.0,2.0,0.0704861111111111,0,0.0,0.2208
57429007,2023-04-26 04:21:41,2023-04-26T04:35:40.000,NYPD,noise - commercial,Banging/Pounding,11249.0,Closed,3.0,1.0,3.0,2.0,0.0097106481481481,0,0.0,0.1283
57426970,2023-04-26 04:23:43,2023-04-26T05:24:40.000,NYPD,illegal parking,Blocked Hydrant,11214.0,Closed,6.0,6.0,4.0,2.0,0.0423263888888888,1,3.0,0.2208
57429113,2023-04-26 04:25:50,2023-05-31T15:45:04.000,EDC,noise - helicopter,Other,10025.0,Closed,3.0,1.0,3.0,2.0,35.471689814814816,9,10.0,0.3034
57428249,2023-04-26 04:28:36,2023-05-31T15:45:04.000,EDC,noise - helicopter,Other,10025.0,Closed,3.0,1.0,3.0,2.0,35.46976851851852,10,10.0,0.3034
57429310,2023-04-26 04:31:27,2023-05-31T15:45:05.000,EDC,noise - helicopter,Other,11103.0,Closed,3.0,1.0,3.0,2.0,35.46780092592593,0,0.0,0.1283
57430219,2023-04-26 04:38:13,2023-04-26T05:19:08.000,NYPD,encampment,Unknown,10030.0,Closed,4.0,3.0,4.0,2.0,0.0284143518518518,0,0.0,0.1689
57428048,2023-04-26 04:38:39,2023-04-26T06:05:33.000,NYPD,noise - residential,Banging/Pounding,10314.0,Closed,3.0,1.0,3.0,2.0,0.0603472222222222,0,0.0,0.1283
57432236,2023-04-26 04:39:32,2023-05-31T15:45:07.000,EDC,noise - helicopter,Other,10025.0,Closed,3.0,1.0,3.0,2.0,35.46221064814815,11,10.0,0.3034
57424288,2023-04-26 04:40:10,2023-05-15T10:49:50.000,DHS,homeless person assistance,Unknown,UNKNOWN,Closed,4.0,3.0,4.0,2.0,19.25671296296296,3,8.0,0.2609
57427018,2023-04-26 04:40:11,2023-06-01T09:16:50.000,DOT,curb condition,Defacement,11105.0,Closed,4.0,4.0,6.0,4.0,36.192118055555554,0,0.0,0.3225
57429340,2023-04-26 04:41:39,2023-04-26T13:01:14.000,DSNY,vendor enforcement,Food Vendor,10021.0,Closed,4.0,3.0,4.0,2.0,0.3469328703703703,0,0.0,0.1689
57430355,2023-04-26 04:42:24,2023-05-31T15:45:08.000,EDC,noise - helicopter,Other,11231.0,Closed,3.0,1.0,3.0,2.0,35.46023148148148,1,3.0,0.1797
57427616,2023-04-26 04:44:00,2023-04-26T22:30:00.000,DEP,noise,Noise: Construction Before/After Hours (NM1),11106.0,Closed,3.0,7.0,3.0,2.0,0.7402777777777778,1,3.0,0.1283
57430398,2023-04-26 04:44:50,2023-04-26T05:22:40.000,NYPD,noise - residential,Loud Music/Party,11226.0,Closed,3.0,1.0,3.0,2.0,0.0262731481481481,1,3.0,0.1283
57430735,2023-04-26 04:44:50,2023-05-12T15:06:20.000,HPD,unsanitary condition,GARBAGE/RECYCLING STORAGE,10452.0,Closed,5.0,2.0,5.0,4.0,16.431597222222223,1,3.0,0.35
57427166,2023-04-26 04:45:52,2023-05-31T15:45:09.000,EDC,noise - helicopter,Other,11217.0,Closed,3.0,1.0,3.0,2.0,35.45783564814815,0,0.0,0.1283
57431549,2023-04-26 04:46:55,2023-04-26T06:35:08.000,NYPD,noise - residential,Banging/Pounding,10467.0,Closed,3.0,1.0,3.0,2.0,0.0751504629629629,2,6.0,0.1283
57429295,2023-04-26 04:50:16,2023-05-31T15:45:09.000,EDC,noise - helicopter,Other,11216.0,Closed,3.0,1.0,3.0,2.0,35.45478009259259,0,0.0,0.1283
57429151,2023-04-26 04:50:30,2023-04-26T05:18:10.000,NYPD,encampment,Unknown,UNKNOWN,Closed,4.0,3.0,4.0,2.0,0.0192129629629629,0,0.0,0.1689
57425430,2023-04-26 04:53:18,2023-05-31T15:45:10.000,EDC,noise - helicopter,Other,11238.0,Closed,3.0,1.0,3.0,2.0,35.45268518518518,2,6.0,0.2128
57428183,2023-04-26 04:54:32,2023-04-26T06:07:46.000,NYPD,noise - street/sidewalk,Loud Talking,11421.0,Closed,5.0,4.0,6.0,4.0,0.0508564814814814,0,0.0,0.2133
57430230,2023-04-26 04:55:01,2023-04-26T05:48:28.000,NYPD,illegal parking,Blocked Hydrant,11230.0,Closed,6.0,6.0,4.0,2.0,0.0371180555555555,0,0.0,0.2208
57427914,2023-04-26 04:56:12,2023-05-31T15:45:11.000,EDC,noise - helicopter,Other,11238.0,Closed,3.0,1.0,3.0,2.0,35.45068287037037,3,8.0,0.2199
57428375,2023-04-26 05:00:42,2023-04-26T11:28:23.000,NYPD,illegal parking,Blocked Sidewalk,11106.0,Closed,6.0,6.0,6.0,4.0,0.269224537037037,0,0.0,0.3679
57431636,2023-04-26 05:12:39,2023-04-26T08:23:27.000,NYPD,illegal parking,Blocked Hydrant,11356.0,Closed,6.0,6.0,4.0,2.0,0.1325,0,0.0,0.2208
57430420,2023-04-26 05:15:12,2023-04-26T06:54:46.000,NYPD,illegal parking,Blocked Hydrant,11379.0,Closed,6.0,6.0,4.0,2.0,0.0691435185185185,4,10.0,0.35
57431245,2023-04-26 05:15:39,2023-04-26T09:15:58.000,HPD,plumbing,WATER SUPPLY,11692.0,Closed,4.0,3.0,9.0,2.0,0.166886574074074,0,0.0,0.1689
57432124,2023-04-26 05:17:33,2023-04-26T07:16:56.000,NYPD,noise - commercial,Banging/Pounding,10454.0,Closed,3.0,1.0,3.0,2.0,0.0829050925925925,0,0.0,0.1283
57427978,2023-04-26 05:25:00,2023-04-26T06:52:50.000,NYPD,noise - commercial,Loud Music/Party,10039.0,Closed,3.0,1.0,3.0,2.0,0.0609953703703703,0,0.0,0.1283
57427824,2023-04-26 05:27:20,2023-04-26T07:36:28.000,NYPD,panhandling,Unknown,UNKNOWN,Closed,4.0,3.0,4.0,2.0,0.0896759259259259,0,0.0,0.1689
57431870,2023-04-26 05:28:26,2023-04-26T06:40:37.000,NYPD,noise - residential,Loud Music/Party,11433.0,Closed,3.0,1.0,3.0,2.0,0.0501273148148148,0,0.0,0.1283
57430969,2023-04-26 05:31:39,2023-05-31T15:45:20.000,EDC,noise - helicopter,Other,10025.0,Closed,3.0,1.0,3.0,2.0,35.42616898148148,12,10.0,0.3034
57427675,2023-04-26 05:35:00,2023-04-26T18:52:00.000,DEP,noise,Noise: air condition/ventilation equipment (NV1),10013.0,Closed,3.0,1.0,3.0,2.0,0.5534722222222223,0,0.0,0.1283
57431468,2023-04-26 05:36:44,2023-05-01T14:01:28.000,HPD,plumbing,WATER SUPPLY,11692.0,Closed,4.0,3.0,9.0,2.0,5.350509259259259,1,3.0,0.1689
57430816,2023-04-26 05:36:53,2023-05-03T08:30:27.000,HPD,electric,POWER OUTAGE,10469.0,Closed,4.0,3.0,4.0,2.0,7.120532407407407,0,0.0,0.1689
57428619,2023-04-26 05:39:48,2023-04-26T22:17:44.000,HPD,heat/hot water,ENTIRE BUILDING,10029.0,Closed,7.0,3.0,4.0,2.0,0.6930092592592593,0,0.0,0.2099
57428958,2023-04-26 05:39:50,2023-04-27T12:39:06.000,HPD,electric,POWER OUTAGE,10469.0,Closed,4.0,3.0,4.0,2.0,1.2911574074074077,1,3.0,0.1689
57432085,2023-04-26 05:40:06,2023-04-26T06:03:44.000,NYPD,illegal parking,Commercial Overnight Parking,10306.0,Closed,5.0,5.0,4.0,2.0,0.016412037037037,0,0.0,0.2208
57432737,2023-04-26 05:40:44,2023-05-09T17:06:39.000,HPD,general,JANITOR/SUPER,10467.0,Closed,4.0,3.0,4.0,2.0,13.476331018518518,0,0.0,0.1689
57432119,2023-04-26 05:40:54,2023-04-26T06:10:17.000,NYPD,illegal parking,Blocked Hydrant,11209.0,Closed,6.0,6.0,4.0,2.0,0.0204050925925925,0,0.0,0.2208
57431491,2023-04-26 05:42:14,2023-04-29T15:10:54.000,DSNY,street sweeping complaint,Street Not Swept,11236.0,Closed,4.0,3.0,4.0,2.0,3.394907407407408,0,0.0,0.1689
57432582,2023-04-26 05:42:46,2023-04-27T16:24:17.000,HPD,heat/hot water,ENTIRE BUILDING,11374.0,Closed,7.0,3.0,4.0,2.0,1.4454976851851853,0,0.0,0.2099
57431082,2023-04-26 05:44:00,2023-04-27T03:45:00.000,DEP,noise,Noise: Construction Before/After Hours (NM1),10467.0,Closed,3.0,7.0,3.0,2.0,0.9173611111111112,0,0.0,0.1283
57430775,2023-04-26 05:44:36,2023-05-31T15:45:23.000,EDC,noise - helicopter,Other,10011.0,Closed,3.0,1.0,3.0,2.0,35.41721064814815,0,0.0,0.1283
57429192,2023-04-26 05:45:55,2023-04-26T20:55:56.000,HPD,heat/hot water,ENTIRE BUILDING,11204.0,Closed,7.0,3.0,4.0,2.0,0.6319560185185186,0,0.0,0.2099
57429279,2023-04-26 05:47:34,2023-05-31T15:11:47.000,EDC,noise - helicopter,Other,10011.0,Closed,3.0,1.0,3.0,2.0,35.39181712962963,1,3.0,0.1797
57427953,2023-04-26 05:48:43,2023-04-26T06:47:02.000,NYPD,encampment,Unknown,10011.0,Closed,4.0,3.0,4.0,2.0,0.0404976851851851,0,0.0,0.1689
57430502,2023-04-26 05:49:03,2023-04-27T17:09:48.000,HPD,heat/hot water,ENTIRE BUILDING,11204.0,Closed,7.0,3.0,4.0,2.0,1.4727430555555556,1,3.0,0.2208
57431446,2023-04-26 05:49:06,2023-04-26T09:18:58.000,HPD,plumbing,WATER SUPPLY,11692.0,Closed,4.0,3.0,9.0,2.0,0.1457407407407407,2,6.0,0.1689
57430856,2023-04-26 05:49:53,2023-04-26T06:04:09.000,NYPD,illegal parking,Commercial Overnight Parking,10308.0,Closed,5.0,5.0,4.0,2.0,0.0099074074074074,0,0.0,0.2208
57424195,2023-04-26 05:50:24,2023-04-26T06:46:38.000,NYPD,encampment,Unknown,10011.0,Closed,4.0,3.0,4.0,2.0,0.0390509259259259,1,3.0,0.1689
57430128,2023-04-26 05:50:42,2023-04-26T07:03:44.000,NYPD,illegal parking,Blocked Crosswalk,10467.0,Closed,6.0,6.0,4.0,2.0,0.0507175925925925,1,3.0,0.2208
57427994,2023-04-26 05:50:51,2023-04-26T06:17:53.000,NYPD,abandoned vehicle,With License Plate,11239.0,Closed,4.0,3.0,4.0,2.0,0.0187731481481481,2,6.0,0.1689
57427993,2023-04-26 05:52:11,2024-06-04T00:15:25.000,DOHMH,food establishment,Food Spoiled,10017.0,Closed,4.0,3.0,4.0,2.0,404.7661342592593,0,0.0,0.1689
57430470,2023-04-26 05:52:32,2023-06-27T19:27:01.000,HPD,plumbing,WATER SUPPLY,11692.0,Closed,4.0,3.0,9.0,2.0,62.565613425925925,3,8.0,0.2609
57428039,2023-04-26 05:53:50,2023-04-26T10:08:39.000,NYPD,abandoned vehicle,With License Plate,11239.0,Closed,4.0,3.0,4.0,2.0,0.1769560185185185,3,8.0,0.1689
57431606,2023-04-26 05:54:52,2023-04-26T06:36:32.000,NYPD,illegal parking,Blocked Crosswalk,11223.0,Closed,6.0,6.0,4.0,2.0,0.0289351851851851,0,0.0,0.2208
57431539,2023-04-26 05:55:09,2023-05-25T05:03:02.000,HPD,unsanitary condition,PESTS,10456.0,Closed,4.0,3.0,4.0,2.0,28.96380787037037,0,0.0,0.1689
57429061,2023-04-26 05:55:37,2023-04-26T07:22:54.000,NYPD,illegal parking,Blocked Sidewalk,11417.0,Closed,6.0,6.0,6.0,4.0,0.0606134259259259,0,0.0,0.3679
57427574,2023-04-26 05:56:00,2023-04-27T07:00:00.000,DEP,air quality,"Air: Odor/Fumes, Vehicle Idling (AD3)",11375.0,Closed,4.0,3.0,4.0,2.0,1.0444444444444445,0,0.0,0.1689
57431994,2023-04-26 05:57:50,2023-04-26T06:38:30.000,NYPD,encampment,Unknown,10013.0,Closed,4.0,3.0,4.0,2.0,0.0282407407407407,0,0.0,0.1689
57425783,2023-04-26 05:58:12,2023-04-26T19:31:40.000,HPD,heat/hot water,ENTIRE BUILDING,11209.0,Closed,7.0,3.0,4.0,2.0,0.5649074074074074,0,0.0,0.2099
57430932,2023-04-26 05:58:47,2023-04-28T07:16:20.000,HPD,heat/hot water,ENTIRE BUILDING,11226.0,Closed,7.0,3.0,4.0,2.0,2.0538541666666665,1,3.0,0.2715
57428662,2023-04-26 05:59:54,2023-04-26T10:44:05.000,DHS,homeless person assistance,Unknown,10036.0,Closed,4.0,3.0,4.0,2.0,0.197349537037037,2,6.0,0.1689
57428123,2023-04-26 06:00:08,2023-04-26T13:02:55.000,NYPD,illegal parking,Blocked Hydrant,10455.0,Closed,6.0,6.0,4.0,2.0,0.293599537037037,1,3.0,0.2208
57428704,2023-04-26 06:01:36,2023-04-26T19:58:59.000,HPD,heat/hot water,ENTIRE BUILDING,11355.0,Closed,7.0,3.0,4.0,2.0,0.5815162037037037,2,6.0,0.2099
57431369,2023-04-26 06:01:57,2023-04-26T17:04:54.000,HPD,heat/hot water,ENTIRE BUILDING,10463.0,Closed,7.0,3.0,4.0,2.0,0.4603819444444444,0,0.0,0.2099
57428157,2023-04-26 06:09:53,2023-04-26T17:00:52.000,NYPD,abandoned vehicle,With License Plate,10453.0,Closed,4.0,3.0,4.0,2.0,0.4520717592592592,0,0.0,0.1689
57432499,2023-04-26 06:10:32,2025-05-13T16:38:13.000,DPR,new tree request,For One Address,10463.0,Closed,4.0,3.0,4.0,2.0,748.4358912037037,0,0.0,0.1689
57430630,2023-04-26 06:12:19,2023-04-26T06:54:22.000,NYPD,illegal parking,Posted Parking Sign Violation,11101.0,Closed,5.0,5.0,4.0,2.0,0.0292013888888888,0,0.0,0.2208
57432059,2023-04-26 06:12:51,2023-04-26T06:48:55.000,NYPD,noise - residential,Loud Talking,10003.0,Closed,3.0,1.0,3.0,2.0,0.0250462962962962,0,0.0,0.1283
57428398,2023-04-26 06:13:24,2024-07-29T16:24:29.000,DPR,maintenance or facility,Structure - Outdoors,11361.0,Closed,4.0,3.0,4.0,2.0,460.424363425926,0,0.0,0.1689
57431983,2023-04-26 06:14:00,2023-04-26T07:05:09.000,NYPD,illegal parking,Blocked Hydrant,11364.0,Closed,6.0,6.0,4.0,2.0,0.0355208333333333,0,0.0,0.2208
57432526,2023-04-26 06:16:00,2023-04-26T20:18:00.000,DSNY,derelict vehicles,Derelict Vehicles,11414.0,Closed,4.0,3.0,4.0,2.0,0.5847222222222223,0,0.0,0.1689
57429350,2023-04-26 06:16:29,2023-04-27T09:34:24.000,DPR,overgrown tree/branches,Hitting Building,10463.0,Closed,4.0,3.0,4.0,2.0,1.1374421296296295,0,0.0,0.1689
57429605,2023-04-26 06:16:57,2023-04-26T17:04:55.000,HPD,heat/hot water,ENTIRE BUILDING,10471.0,Closed,7.0,3.0,4.0,2.0,0.4499768518518519,0,0.0,0.2099
57428208,2023-04-26 06:17:23,2023-04-27T13:17:08.000,HPD,heat/hot water,ENTIRE BUILDING,11385.0,Closed,7.0,3.0,4.0,2.0,1.2914930555555555,0,0.0,0.2099
57428324,2023-04-26 06:18:00,2023-04-26T20:03:26.000,NYPD,illegal parking,Blocked Crosswalk,10462.0,Closed,6.0,6.0,4.0,2.0,0.5732175925925926,0,0.0,0.2208
57430419,2023-04-26 06:18:03,2023-05-31T15:45:29.000,EDC,noise - helicopter,Other,11103.0,Closed,3.0,1.0,3.0,2.0,35.394050925925924,1,3.0,0.1797
57431067,2023-04-26 06:23:25,2023-04-28T18:12:45.000,HPD,heat/hot water,ENTIRE BUILDING,10023.0,Closed,7.0,3.0,4.0,2.0,2.4925925925925925,1,3.0,0.2778
57429298,2023-04-26 06:24:40,2023-04-26T06:34:05.000,NYPD,blocked driveway,No Access,11207.0,Closed,5.0,6.0,4.0,2.0,0.0065393518518518,0,0.0,0.2133
57431311,2023-04-26 06:26:32,2023-04-28T14:55:25.000,HPD,electric,OUTLET/SWITCH,10467.0,Closed,4.0,3.0,4.0,2.0,2.353391203703704,1,3.0,0.1689
57431298,2023-04-26 06:26:32,2023-08-11T06:32:19.000,HPD,appliance,REFRIGERATOR,10467.0,Closed,4.0,3.0,4.0,2.0,107.0040162037037,0,0.0,0.1689
57428673,2023-04-26 06:26:37,2023-05-29T15:10:54.000,DHS,encampment,Unknown,UNKNOWN,Closed,4.0,3.0,4.0,2.0,33.36408564814815,1,3.0,0.2357
57428763,2023-04-26 06:26:49,2023-04-26T10:15:15.000,HPD,heat/hot water,APARTMENT ONLY,11206.0,Closed,7.0,3.0,4.0,2.0,0.1586342592592592,0,0.0,0.2099
57424338,2023-04-26 06:26:56,2023-04-26T20:51:07.000,NYPD,blocked driveway,No Access,10466.0,Closed,5.0,6.0,4.0,2.0,0.6001273148148148,0,0.0,0.2133
57430682,2023-04-26 06:27:19,2023-04-26T07:53:22.000,NYPD,drug activity,Use Outside,11365.0,Closed,4.0,3.0,4.0,2.0,0.0597569444444444,0,0.0,0.1689
57431972,2023-04-26 06:27:25,2023-04-26T19:26:58.000,NYPD,illegal parking,Posted Parking Sign Violation,10462.0,Closed,5.0,5.0,4.0,2.0,0.5413541666666667,1,3.0,0.2208
57429186,2023-04-26 06:28:34,2023-05-31T15:45:32.000,EDC,noise - helicopter,Other,11238.0,Closed,3.0,1.0,3.0,2.0,35.38678240740741,4,10.0,0.3034
57429791,2023-04-26 06:29:00,2023-04-28T20:59:00.000,DEP,noise,Noise: Construction Before/After Hours (NM1),10027.0,Closed,3.0,7.0,3.0,2.0,2.6041666666666665,0,0.0,0.1283
57429483,2023-04-26 06:32:00,2023-05-31T15:11:51.000,EDC,noise - helicopter,Other,10011.0,Closed,3.0,1.0,3.0,2.0,35.36100694444445,2,6.0,0.2128
57430990,2023-04-26 06:32:51,2023-04-26T18:23:11.000,HPD,heat/hot water,ENTIRE BUILDING,11230.0,Closed,7.0,3.0,4.0,2.0,0.493287037037037,0,0.0,0.2099
57427066,2023-04-26 06:33:39,2023-04-26T09:23:14.000,NYPD,illegal parking,Blocked Crosswalk,11372.0,Closed,6.0,6.0,4.0,2.0,0.1177662037037037,0,0.0,0.2208
57430071,2023-04-26 06:35:00,2023-05-01T07:00:00.000,DEP,noise,Noise:  lawn care equipment (NCL),10462.0,Closed,3.0,1.0,3.0,2.0,5.017361111111111,0,0.0,0.1283
57432026,2023-04-26 06:35:08,2023-05-31T15:11:52.000,EDC,noise - helicopter,Other,10011.0,Closed,3.0,1.0,3.0,2.0,35.358842592592595,3,8.0,0.2199
57428488,2023-04-26 06:35:50,2023-04-26T15:23:47.000,HPD,heat/hot water,ENTIRE BUILDING,10467.0,Closed,7.0,3.0,4.0,2.0,0.3666319444444444,2,6.0,0.2099
57432675,2023-04-26 06:35:57,2023-04-26T19:26:37.000,HPD,heat/hot water,APARTMENT ONLY,11218.0,Closed,7.0,3.0,4.0,2.0,0.5351851851851852,0,0.0,0.2099
57430055,2023-04-26 06:36:17,2023-04-29T19:13:12.000,HPD,electric,OUTLET/SWITCH,10010.0,Closed,4.0,3.0,4.0,2.0,3.525636574074074,0,0.0,0.1689
57428920,2023-04-26 06:36:17,2023-04-29T19:13:12.000,HPD,door/window,WINDOW FRAME,10010.0,Closed,4.0,3.0,4.0,2.0,3.525636574074074,0,0.0,0.1689
57432105,2023-04-26 06:37:24,2023-04-28T08:29:56.000,HPD,heat/hot water,ENTIRE BUILDING,10032.0,Closed,7.0,3.0,4.0,2.0,2.078148148148148,0,0.0,0.2099
57430352,2023-04-26 06:37:51,2023-04-26T09:23:57.000,NYPD,illegal parking,Blocked Hydrant,11377.0,Closed,6.0,6.0,4.0,2.0,0.1153472222222222,0,0.0,0.2208
57429411,2023-04-26 06:40:05,2023-04-27T08:31:23.000,HPD,heat/hot water,ENTIRE BUILDING,11375.0,Closed,7.0,3.0,4.0,2.0,1.0772916666666668,0,0.0,0.2099
57430051,2023-04-26 06:40:33,2023-04-26T10:35:43.000,NYPD,blocked driveway,No Access,11233.0,Closed,5.0,6.0,4.0,2.0,0.1633101851851852,0,0.0,0.2133
57432356,2023-04-26 06:42:00,2023-04-26T06:56:57.000,NYPD,noise - vehicle,Engine Idling,10003.0,Closed,3.0,1.0,3.0,2.0,0.0103819444444444,0,0.0,0.1283
57429986,2023-04-26 06:43:10,2023-04-26T07:12:36.000,NYPD,illegal parking,Posted Parking Sign Violation,11228.0,Closed,5.0,5.0,4.0,2.0,0.0204398148148148,1,3.0,0.2208
57431964,2023-04-26 06:44:48,2023-04-27T13:37:40.000,DSNY,dirty condition,Dog Waste,11216.0,Closed,5.0,2.0,5.0,4.0,1.286712962962963,0,0.0,0.2208
57430190,2023-04-26 06:45:29,2023-04-27T12:24:48.000,DOHMH,rodent,Rat Sighting,10024.0,Closed,4.0,3.0,4.0,2.0,1.235636574074074,0,0.0,0.1689
57430767,2023-04-26 06:45:30,2023-04-26T07:01:58.000,NYPD,illegal parking,Blocked Sidewalk,11230.0,Closed,6.0,6.0,6.0,4.0,0.0114351851851851,1,3.0,0.3679
57429474,2023-04-26 06:45:57,2023-04-26T09:12:05.000,DHS,homeless person assistance,Unknown,10018.0,Closed,4.0,3.0,4.0,2.0,0.1014814814814814,0,0.0,0.1689
57431546,2023-04-26 06:46:04,2023-04-26T15:15:24.000,HPD,heat/hot water,ENTIRE BUILDING,11217.0,Closed,7.0,3.0,4.0,2.0,0.3537037037037037,0,0.0,0.2099
57429183,2023-04-26 06:46:10,2023-04-28T08:29:56.000,HPD,heat/hot water,ENTIRE BUILDING,10032.0,Closed,7.0,3.0,4.0,2.0,2.072060185185185,1,3.0,0.2718
57429797,2023-04-26 06:46:13,2023-04-26T16:31:27.000,HPD,heat/hot water,ENTIRE BUILDING,11226.0,Closed,7.0,3.0,4.0,2.0,0.406412037037037,2,6.0,0.2099
57428120,2023-04-26 06:46:35,2023-04-26T07:54:16.000,NYPD,noise - vehicle,Car/Truck Horn,11366.0,Closed,3.0,1.0,3.0,2.0,0.0470023148148148,0,0.0,0.1283
57430790,2023-04-26 06:48:00,2023-04-28T10:35:00.000,DSNY,electronics waste appointment,Ewaste appointment,10314.0,Closed,5.0,2.0,5.0,4.0,2.157638888888889,0,0.0,0.2208
57432299,2023-04-26 06:49:00,2023-04-26T12:26:00.000,DSNY,derelict vehicles,Derelict Vehicles,11434.0,Closed,4.0,3.0,4.0,2.0,0.2340277777777777,0,0.0,0.1689
57423467,2023-04-26 06:49:21,2023-04-26T11:47:28.000,HPD,heat/hot water,ENTIRE BUILDING,10025.0,Closed,7.0,3.0,4.0,2.0,0.2070254629629629,0,0.0,0.2099
57428012,2023-04-26 06:49:37,2023-04-26T08:21:05.000,NYPD,illegal parking,Unauthorized Bus Layover,11211.0,Closed,5.0,5.0,4.0,2.0,0.0635185185185185,0,0.0,0.2208
57429714,2023-04-26 06:49:54,2023-04-26T08:43:02.000,NYPD,illegal parking,Blocked Hydrant,11214.0,Closed,6.0,6.0,4.0,2.0,0.0785648148148148,2,6.0,0.2208
57431836,2023-04-26 06:50:02,2023-05-31T15:11:54.000,EDC,noise - helicopter,Other,10011.0,Closed,3.0,1.0,3.0,2.0,35.34851851851852,4,10.0,0.3034
57431908,2023-04-26 06:50:58,2023-04-26T12:19:02.000,NYPD,abandoned vehicle,With License Plate,11420.0,Closed,4.0,3.0,4.0,2.0,0.227824074074074,0,0.0,0.1689
57429408,2023-04-26 06:51:22,2023-04-26T07:05:37.000,NYPD,illegal parking,Posted Parking Sign Violation,10467.0,Closed,5.0,5.0,4.0,2.0,0.0098958333333333,2,6.0,0.2208
57428367,2023-04-26 06:52:00,2023-04-29T10:05:00.000,DSNY,derelict vehicles,Derelict Vehicles,11221.0,Closed,4.0,3.0,4.0,2.0,3.134027777777778,0,0.0,0.1689
57427784,2023-04-26 06:52:15,2023-04-26T06:52:15.000,DOHMH,rodent,Rat Sighting,10037.0,Closed,4.0,3.0,4.0,2.0,0.0,0,0.0,0.1689
57427921,2023-04-26 06:52:25,2023-04-26T09:27:54.000,NYPD,illegal parking,Blocked Hydrant,11377.0,Closed,6.0,6.0,4.0,2.0,0.107974537037037,1,3.0,0.2208
57429931,2023-04-26 06:53:42,2023-04-26T07:05:16.000,NYPD,noise - residential,Banging/Pounding,10468.0,Closed,3.0,1.0,3.0,2.0,0.0080324074074074,0,0.0,0.1283
57431843,2023-04-26 06:54:13,2023-04-26T22:00:22.000,DOHMH,rodent,Condition Attracting Rodents,10452.0,Closed,4.0,3.0,4.0,2.0,0.6292708333333333,0,0.0,0.1689
57429626,2023-04-26 06:54:13,2023-04-26T20:40:46.000,HPD,heat/hot water,ENTIRE BUILDING,10456.0,Closed,7.0,3.0,4.0,2.0,0.5739930555555556,0,0.0,0.2099
57430704,2023-04-26 06:55:39,2023-04-26T07:05:55.000,NYPD,illegal parking,Posted Parking Sign Violation,10467.0,Closed,5.0,5.0,4.0,2.0,0.0071296296296296,3,8.0,0.2575
57432214,2023-04-26 06:56:33,2023-04-27T20:33:59.000,HPD,heat/hot water,ENTIRE BUILDING,10033.0,Closed,7.0,3.0,4.0,2.0,1.567662037037037,2,6.0,0.2426
57432637,2023-04-26 06:56:45,2023-05-03T00:00:00.000,DOB,emergency response team (ert),After Hours Work - Illegal,10040.0,Closed,5.0,3.0,4.0,2.0,6.7105902777777775,0,0.0,0.2138
57432032,2023-04-26 06:56:59,2023-04-27T08:43:43.000,HPD,heat/hot water,APARTMENT ONLY,11435.0,Closed,7.0,3.0,4.0,2.0,1.0741203703703703,0,0.0,0.2099
57427618,2023-04-26 06:57:53,2023-05-02T15:05:20.000,DSNY,litter basket request,New Basket,11354.0,Closed,4.0,2.0,5.0,2.0,6.338506944444444,0,0.0,0.1689
57429141,2023-04-26 07:00:23,2023-04-26T09:25:49.000,NYPD,blocked driveway,No Access,10474.0,Closed,5.0,6.0,4.0,2.0,0.1009953703703703,0,0.0,0.2133
57431974,2023-04-26 07:00:32,2023-04-26T07:24:39.000,NYPD,illegal parking,Posted Parking Sign Violation,10009.0,Closed,5.0,5.0,4.0,2.0,0.0167476851851851,0,0.0,0.2208
57429711,2023-04-26 07:01:52,2023-04-26T09:14:56.000,NYPD,abandoned vehicle,With License Plate,10462.0,Closed,4.0,3.0,4.0,2.0,0.0924074074074074,0,0.0,0.1689
57431617,2023-04-26 07:02:17,2023-04-26T07:14:21.000,NYPD,illegal parking,Blocked Hydrant,11364.0,Closed,6.0,6.0,4.0,2.0,0.0083796296296296,1,3.0,0.2208
57431609,2023-04-26 07:02:32,2023-04-26T09:51:03.000,NYPD,blocked driveway,No Access,11221.0,Closed,5.0,6.0,4.0,2.0,0.1170254629629629,0,0.0,0.2133
57428877,2023-04-26 07:02:36,2023-05-01T10:46:03.000,DOT,street condition,Line/Marking - Faded,11411.0,Closed,8.0,7.0,7.0,7.0,5.155173611111112,0,0.0,0.55
57431142,2023-04-26 07:02:43,2023-04-26T09:14:30.000,NYPD,illegal parking,Blocked Hydrant,10471.0,Closed,6.0,6.0,4.0,2.0,0.0915162037037037,1,3.0,0.2208
57429024,2023-04-26 07:02:45,2023-04-26T10:14:35.000,DOHMH,unsanitary animal pvt property,Dog,10458.0,Closed,4.0,3.0,4.0,2.0,0.1332175925925925,0,0.0,0.1689
57431967,2023-04-26 07:03:35,2023-05-31T15:45:36.000,EDC,noise - helicopter,Other,11238.0,Closed,3.0,1.0,3.0,2.0,35.36251157407408,5,10.0,0.3034
57431271,2023-04-26 07:03:39,2023-04-26T07:23:51.000,NYPD,illegal parking,Blocked Hydrant,10465.0,Closed,6.0,6.0,4.0,2.0,0.0140277777777777,0,0.0,0.2208
57428987,2023-04-26 07:06:00,2023-04-26T09:29:40.000,DSNY,dirty condition,Trash,11375.0,Closed,4.0,3.0,4.0,2.0,0.0997685185185185,0,0.0,0.1689
57431355,2023-04-26 07:06:20,2023-05-03T13:29:29.000,DOE,school maintenance,Unclean Condition,11211.0,Closed,4.0,3.0,4.0,2.0,7.266076388888889,0,0.0,0.1689
57427882,2023-04-26 07:08:06,2023-04-26T08:15:17.000,NYPD,noise - residential,Banging/Pounding,11233.0,Closed,3.0,1.0,3.0,2.0,0.0466550925925925,0,0.0,0.1283
57429407,2023-04-26 07:08:36,2023-04-27T13:04:02.000,DSNY,illegal dumping,Chronic Dumping,11385.0,Closed,4.0,3.0,4.0,2.0,1.2468287037037038,0,0.0,0.1689
57428027,2023-04-26 07:09:48,2023-04-26T08:39:28.000,NYPD,illegal parking,Parking Permit Improper Use,11372.0,Closed,5.0,5.0,4.0,2.0,0.0622685185185185,1,3.0,0.2208
57432487,2023-04-26 07:11:21,2023-04-26T07:14:58.000,NYPD,illegal parking,Posted Parking Sign Violation,10002.0,Closed,5.0,5.0,4.0,2.0,0.002511574074074,2,6.0,0.2208
57430572,2023-04-26 07:11:51,2023-04-26T11:52:12.000,NYPD,illegal parking,Parking Permit Improper Use,10467.0,Closed,5.0,5.0,4.0,2.0,0.1946875,4,10.0,0.35
57427940,2023-04-26 07:11:55,2023-04-26T13:52:40.000,NYPD,blocked driveway,No Access,11358.0,Closed,5.0,6.0,4.0,2.0,0.2782986111111111,0,0.0,0.2133
57430583,2023-04-26 07:11:58,2023-04-27T12:11:51.000,DSNY,dirty condition,Trash,10312.0,Closed,4.0,3.0,4.0,2.0,1.2082523148148148,0,0.0,0.1689
57429184,2023-04-26 07:12:32,2023-04-26T20:58:13.000,HPD,heat/hot water,ENTIRE BUILDING,10128.0,Closed,7.0,3.0,4.0,2.0,0.5733912037037037,0,0.0,0.2099
57430287,2023-04-26 07:12:42,2023-04-26T20:59:15.000,HPD,heat/hot water,APARTMENT ONLY,10470.0,Closed,7.0,3.0,4.0,2.0,0.5739930555555556,0,0.0,0.2099
57429578,2023-04-26 07:13:06,2023-04-26T07:33:34.000,DOT,municipal parking facility,General Maintenance,UNKNOWN,Closed,3.0,5.0,4.0,2.0,0.0142129629629629,0,0.0,0.1283
57430403,2023-04-26 07:13:10,2023-04-27T18:23:41.000,HPD,heat/hot water,ENTIRE BUILDING,10461.0,Closed,7.0,3.0,4.0,2.0,1.465636574074074,0,0.0,0.2099
57425035,2023-04-26 07:13:20,2023-09-16T16:56:58.000,HPD,unsanitary condition,GARBAGE/RECYCLING STORAGE,11226.0,Closed,5.0,2.0,5.0,4.0,143.40530092592593,0,0.0,0.35
57429116,2023-04-26 07:13:38,2023-05-06T14:58:40.000,DSNY,sanitation worker or vehicle complaint,Inappropriate Behavior,11434.0,Closed,5.0,2.0,5.0,4.0,10.322939814814816,0,0.0,0.2246
57431044,2023-04-26 07:14:11,2023-04-26T07:14:11.000,DOHMH,rodent,Condition Attracting Rodents,11237.0,Closed,4.0,3.0,4.0,2.0,0.0,0,0.0,0.1689
57431861,2023-04-26 07:14:54,2023-05-03T09:43:30.000,DSNY,illegal dumping,Removal Request,11204.0,Closed,4.0,3.0,4.0,2.0,7.103194444444444,0,0.0,0.1689
57431277,2023-04-26 07:16:45,2023-04-26T13:19:44.000,DOT,bus stop shelter complaint,Dirty/Graffiti,10312.0,Closed,5.0,3.0,4.0,2.0,0.2520717592592592,0,0.0,0.2138
57427237,2023-04-26 07:17:00,2023-04-26T21:51:00.000,DSNY,derelict vehicles,Derelict Vehicles,10463.0,Closed,4.0,3.0,4.0,2.0,0.6069444444444444,0,0.0,0.1689
57429926,2023-04-26 07:17:04,2023-04-26T08:36:00.000,NYPD,noise - vehicle,Engine Idling,11232.0,Closed,3.0,1.0,3.0,2.0,0.0548148148148148,0,0.0,0.1283
57429271,2023-04-26 07:19:40,2023-04-26T09:06:43.000,NYPD,abandoned vehicle,With License Plate,10016.0,Closed,4.0,3.0,4.0,2.0,0.0743402777777777,0,0.0,0.1689
57430753,2023-04-26 07:19:52,2023-05-31T15:45:40.000,EDC,noise - helicopter,Other,11414.0,Closed,3.0,1.0,3.0,2.0,35.35125,1,3.0,0.1797
57427680,2023-04-26 07:19:57,2023-04-26T09:28:09.000,HPD,plumbing,WATER SUPPLY,10453.0,Closed,4.0,3.0,9.0,2.0,0.0890277777777777,0,0.0,0.1689
57431619,2023-04-26 07:20:11,2023-04-28T14:08:15.000,DSNY,litter basket complaint,Overflowing,10301.0,Closed,4.0,2.0,5.0,2.0,2.28337962962963,0,0.0,0.1689
57428074,2023-04-26 07:21:42,2023-04-26T08:46:52.000,DPR,animal in a park,Dog Off Leash,11215.0,Closed,4.0,3.0,4.0,2.0,0.0591435185185185,0,0.0,0.1689
57428535,2023-04-26 07:22:00,2023-04-26T12:30:00.000,DOT,traffic signal condition,Controller Cabinet,10065.0,Closed,9.0,10.0,8.0,2.0,0.2138888888888888,0,0.0,0.7209
57428738,2023-04-26 07:22:30,2023-04-26T08:04:57.000,NYPD,illegal parking,Posted Parking Sign Violation,10002.0,Closed,5.0,5.0,4.0,2.0,0.0294791666666666,3,8.0,0.2582
57425204,2023-04-26 07:22:51,2023-04-26T23:38:57.000,HPD,paint/plaster,WALL,10472.0,Closed,4.0,3.0,4.0,2.0,0.6778472222222223,0,0.0,0.1689
57431525,2023-04-26 07:22:51,2023-04-26T23:38:57.000,HPD,paint/plaster,CEILING,10472.0,Closed,4.0,3.0,4.0,2.0,0.6778472222222223,1,3.0,0.1689
57429304,2023-04-26 07:22:51,2023-04-26T23:38:57.000,HPD,paint/plaster,CEILING,10472.0,Closed,4.0,3.0,4.0,2.0,0.6778472222222223,2,6.0,0.1689
57432654,2023-04-26 07:23:43,2023-04-26T09:28:09.000,HPD,plumbing,WATER SUPPLY,10453.0,Closed,4.0,3.0,9.0,2.0,0.086412037037037,1,3.0,0.1689
57428882,2023-04-26 07:24:04,2023-04-26T08:41:13.000,NYPD,illegal parking,Unauthorized Bus Layover,10003.0,Closed,5.0,5.0,4.0,2.0,0.0535763888888888,0,0.0,0.2208
57429220,2023-04-26 07:24:45,2023-04-26T09:11:03.000,NYPD,blocked driveway,Partial Access,11416.0,Closed,5.0,6.0,4.0,2.0,0.0738194444444444,0,0.0,0.2133
57427937,2023-04-26 07:26:11,2023-05-26T14:51:52.000,DSNY,dirty condition,Trash,10309.0,Closed,4.0,3.0,4.0,2.0,30.30950231481481,0,0.0,0.1689
57432580,2023-04-26 07:26:59,2023-04-27T14:04:11.000,DSNY,dirty condition,Trash,11101.0,Closed,4.0,3.0,4.0,2.0,1.2758333333333334,0,0.0,0.1689
57431823,2023-04-26 07:29:37,2023-05-31T15:45:44.000,EDC,noise - helicopter,Other,10025.0,Closed,3.0,1.0,3.0,2.0,35.34452546296296,13,10.0,0.3034
57432625,2023-04-26 07:29:53,2023-05-14T02:03:34.000,HPD,general,COOKING GAS,11219.0,Closed,4.0,3.0,4.0,2.0,17.773391203703703,0,0.0,0.1689
57431021,2023-04-26 07:29:54,2023-04-26T19:29:01.000,HPD,heat/hot water,ENTIRE BUILDING,11103.0,Closed,7.0,3.0,4.0,2.0,0.499386574074074,1,3.0,0.2099
57427849,2023-04-26 07:29:57,2023-04-27T10:08:48.000,DHS,homeless person assistance,Unknown,UNKNOWN,Closed,4.0,3.0,4.0,2.0,1.1103125,4,10.0,0.1689
57426902,2023-04-26 07:30:00,2023-04-26T13:50:00.000,DEP,water system,Dirty Water (WE),11238.0,Closed,4.0,3.0,4.0,2.0,0.2638888888888889,1,3.0,0.1689
57429625,2023-04-26 07:31:00,2023-04-27T12:12:00.000,DSNY,derelict vehicles,Derelict Vehicles,UNKNOWN,Closed,4.0,3.0,4.0,2.0,1.195138888888889,0,0.0,0.1689
57429999,2023-04-26 07:31:40,2023-04-26T07:31:40.000,DOHMH,rodent,Rat Sighting,10451.0,Closed,4.0,3.0,4.0,2.0,0.0,0,0.0,0.1689
57430396,2023-04-26 07:32:18,2024-11-12T17:25:30.000,DPR,damaged tree,Branch or Limb Has Fallen Down,11215.0,Closed,4.0,3.0,4.0,2.0,566.4119444444444,0,0.0,0.1689
57423067,2023-04-26 07:32:28,2023-04-26T08:18:24.000,NYPD,illegal parking,Blocked Bike Lane,11109.0,Closed,6.0,6.0,4.0,2.0,0.0318981481481481,0,0.0,0.2208
57432472,2023-04-26 07:32:29,2023-04-26T08:17:40.000,NYPD,illegal parking,Blocked Bike Lane,11101.0,Closed,6.0,6.0,4.0,2.0,0.0313773148148148,1,3.0,0.2208
57430824,2023-04-26 07:32:34,2023-04-26T08:18:03.000,NYPD,illegal parking,Blocked Bike Lane,11109.0,Closed,6.0,6.0,4.0,2.0,0.0315856481481481,1,3.0,0.2208
57430972,2023-04-26 07:32:35,2023-04-26T08:35:37.000,NYPD,illegal parking,Blocked Bike Lane,11101.0,Closed,6.0,6.0,4.0,2.0,0.0437731481481481,2,6.0,0.2208
57427743,2023-04-26 07:32:58,2023-04-26T23:44:20.000,HPD,water leak,HEAVY FLOW,10467.0,Closed,8.0,3.0,4.0,7.0,0.6745601851851852,0,0.0,0.2199
57430712,2023-04-26 07:32:58,2023-04-26T23:44:19.000,HPD,plumbing,BASIN/SINK,10467.0,Closed,4.0,3.0,4.0,2.0,0.6745486111111111,0,0.0,0.1689
57431486,2023-04-26 07:32:58,2023-04-26T23:44:18.000,HPD,paint/plaster,WALL,10467.0,Closed,4.0,3.0,4.0,2.0,0.674537037037037,1,3.0,0.1689
57429323,2023-04-26 07:33:17,2023-05-31T15:45:45.000,EDC,noise - helicopter,Other,10025.0,Closed,3.0,1.0,3.0,2.0,35.34199074074074,14,10.0,0.3034
57428814,2023-04-26 07:33:24,2023-05-01T20:03:32.000,HPD,flooring/stairs,FLOOR,10452.0,Closed,4.0,3.0,4.0,2.0,5.520925925925926,0,0.0,0.1689
57429787,2023-04-26 07:33:25,2023-04-26T08:14:45.000,DPR,animal in a park,Dog Off Leash,11215.0,Closed,4.0,3.0,4.0,2.0,0.0287037037037037,1,3.0,0.1689
57429831,2023-04-26 07:33:53,2023-09-11T07:16:02.000,HPD,unsanitary condition,PESTS,10456.0,Closed,4.0,3.0,4.0,2.0,137.98760416666667,1,3.0,0.2357
57428251,2023-04-26 07:33:56,2023-04-26T09:31:11.000,NYPD,blocked driveway,No Access,10458.0,Closed,5.0,6.0,4.0,2.0,0.0814236111111111,0,0.0,0.2133
57430032,2023-04-26 07:34:10,2023-04-26T11:10:36.000,NYPD,illegal parking,Blocked Crosswalk,10467.0,Closed,6.0,6.0,4.0,2.0,0.1503009259259259,5,10.0,0.35
57431153,2023-04-26 07:35:00,2023-04-26T07:59:00.000,DSNY,derelict vehicles,Derelict Vehicles,10473.0,Closed,4.0,3.0,4.0,2.0,0.0166666666666666,0,0.0,0.1689
57431038,2023-04-26 07:36:00,2023-04-28T07:00:00.000,DSNY,derelict vehicles,Derelict Vehicles,10473.0,Closed,4.0,3.0,4.0,2.0,1.975,1,3.0,0.1689
57427568,2023-04-26 07:36:16,2023-04-29T14:49:33.000,DSNY,missed collection,Recycling - Metal/Glass/Rigid Plastic,11238.0,Closed,4.0,3.0,4.0,2.0,3.300891203703704,0,0.0,0.1689
57428313,2023-04-26 07:37:07,2023-05-31T15:45:45.000,EDC,noise - helicopter,Other,11238.0,Closed,3.0,1.0,3.0,2.0,35.33932870370371,6,10.0,0.3034
57429256,2023-04-26 07:37:24,2023-04-26T07:59:19.000,NYPD,encampment,Unknown,10002.0,Closed,4.0,3.0,4.0,2.0,0.0152199074074074,0,0.0,0.1689
57428307,2023-04-26 07:38:00,2023-05-01T10:30:00.000,DEP,air quality,"Air: Odor/Fumes, Vehicle Idling (AD3)",10014.0,Closed,4.0,3.0,4.0,2.0,5.1194444444444445,0,0.0,0.1689
57431919,2023-04-26 07:38:35,2023-04-26T12:56:33.000,NYPD,illegal parking,Posted Parking Sign Violation,10037.0,Closed,5.0,5.0,4.0,2.0,0.2208101851851852,1,3.0,0.2208
57431040,2023-04-26 07:39:00,2023-04-26T07:47:00.000,DSNY,derelict vehicles,Derelict Vehicles,10473.0,Closed,4.0,3.0,4.0,2.0,0.0055555555555555,2,6.0,0.1689
57430212,2023-04-26 07:39:23,2023-04-26T09:14:15.000,NYPD,blocked driveway,Partial Access,11229.0,Closed,5.0,6.0,4.0,2.0,0.0658796296296296,0,0.0,0.2133
57429935,2023-04-26 07:39:31,2023-04-26T12:09:45.000,DOHMH,rodent,Signs of Rodents,11215.0,Closed,4.0,3.0,4.0,2.0,0.187662037037037,0,0.0,0.1689
57430730,2023-04-26 07:39:51,2023-05-19T10:02:23.000,DSNY,street sweeping complaint,Inadequate Sweeping,10037.0,Closed,4.0,3.0,4.0,2.0,23.09898148148148,0,0.0,0.1689
57427805,2023-04-26 07:40:45,2023-04-26T08:20:06.000,NYPD,abandoned vehicle,With License Plate,11236.0,Closed,4.0,3.0,4.0,2.0,0.0273263888888888,0,0.0,0.1689
57431354,2023-04-26 07:42:50,2023-04-27T12:14:48.000,DSNY,dirty condition,Trash,10312.0,Closed,4.0,3.0,4.0,2.0,1.1888657407407408,1,3.0,0.1689
57432210,2023-04-26 07:42:55,2023-05-31T15:45:48.000,EDC,noise - helicopter,Other,10025.0,Closed,3.0,1.0,3.0,2.0,35.335335648148146,15,10.0,0.3034
57430429,2023-04-26 07:43:08,2023-04-26T08:32:03.000,NYPD,blocked driveway,No Access,11220.0,Closed,5.0,6.0,4.0,2.0,0.0339699074074074,0,0.0,0.2133
57430106,2023-04-26 07:45:20,2023-05-19T10:13:14.000,DSNY,illegal dumping,Removal Request,10028.0,Closed,4.0,3.0,4.0,2.0,23.10270833333333,0,0.0,0.1689
57430467,2023-04-26 07:45:52,2023-04-26T09:39:16.000,NYPD,blocked driveway,No Access,11206.0,Closed,5.0,6.0,4.0,2.0,0.07875,0,0.0,0.2133
57429135,2023-04-26 07:46:04,2023-05-31T15:45:49.000,EDC,noise - helicopter,Other,11414.0,Closed,3.0,1.0,3.0,2.0,35.33315972222222,2,6.0,0.2128
57429478,2023-04-26 07:46:15,2023-04-26T09:41:17.000,NYPD,blocked driveway,No Access,11221.0,Closed,5.0,6.0,4.0,2.0,0.0798842592592592,1,3.0,0.2133
57429903,2023-04-26 07:46:25,2023-04-28T07:16:20.000,HPD,heat/hot water,ENTIRE BUILDING,11203.0,Closed,7.0,3.0,4.0,2.0,1.9791087962962963,2,6.0,0.2836
57432719,2023-04-26 07:46:28,2023-04-26T13:14:58.000,HPD,heat/hot water,APARTMENT ONLY,10467.0,Closed,7.0,3.0,4.0,2.0,0.228125,3,8.0,0.2677
57428442,2023-04-26 07:46:38,2023-04-26T09:50:30.000,NYPD,illegal parking,Blocked Hydrant,10309.0,Closed,6.0,6.0,4.0,2.0,0.0860185185185185,0,0.0,0.2208
57432581,2023-04-26 07:46:41,2023-04-27T17:09:48.000,HPD,heat/hot water,ENTIRE BUILDING,11214.0,Closed,7.0,3.0,4.0,2.0,1.3910532407407408,0,0.0,0.2099
57427923,2023-04-26 07:47:27,2023-04-27T09:43:49.000,DOE,school maintenance,Rodents/Mice,10461.0,Closed,4.0,3.0,4.0,2.0,1.0808101851851852,0,0.0,0.1689
57429481,2023-04-26 07:47:43,2023-04-26T13:07:08.000,NYPD,illegal parking,Blocked Crosswalk,10463.0,Closed,6.0,6.0,4.0,2.0,0.2218171296296296,0,0.0,0.2208
57430088,2023-04-26 07:47:44,2023-04-27T03:05:46.000,DOHMH,rodent,Rat Sighting,11205.0,Closed,4.0,3.0,4.0,2.0,0.8041898148148148,0,0.0,0.1689
57431734,2023-04-26 07:47:45,2023-04-26T07:47:45.000,DOHMH,rodent,Rat Sighting,11216.0,Closed,4.0,3.0,4.0,2.0,0.0,1,3.0,0.1689
57432131,2023-04-26 07:47:54,2023-05-31T15:45:50.000,EDC,noise - helicopter,Other,10025.0,Closed,3.0,1.0,3.0,2.0,35.33189814814815,16,10.0,0.3034
57431509,2023-04-26 07:50:30,2023-04-26T08:34:00.000,NYPD,illegal parking,Blocked Hydrant,11209.0,Closed,6.0,6.0,4.0,2.0,0.0302083333333333,1,3.0,0.2208
57429682,2023-04-26 07:50:47,2023-05-03T11:33:14.000,DOT,sidewalk condition,Broken Sidewalk,11372.0,Closed,6.0,4.0,6.0,4.0,7.1544791666666665,0,0.0,0.3679
57431356,2023-04-26 07:50:54,2023-04-26T21:39:59.000,NYPD,illegal parking,Parking Permit Improper Use,10453.0,Closed,5.0,5.0,4.0,2.0,0.5757523148148148,0,0.0,0.2208
57432620,2023-04-26 07:52:27,2023-04-26T11:27:30.000,NYPD,non-emergency police matter,Other (complaint details),11417.0,Closed,5.0,3.0,4.0,2.0,0.1493402777777777,0,0.0,0.2138
57432692,2023-04-26 07:52:28,2023-05-03T09:01:05.000,HPD,plumbing,WATER SUPPLY,11226.0,Closed,4.0,3.0,9.0,2.0,7.047650462962963,0,0.0,0.1689
57431924,2023-04-26 07:53:00,2023-05-01T13:32:00.000,DEP,noise,Noise: Construction Equipment (NC1),10027.0,Closed,3.0,7.0,3.0,2.0,5.235416666666667,1,3.0,0.1283
57429207,2023-04-26 07:53:01,2023-04-26T09:52:32.000,NYPD,illegal parking,Blocked Crosswalk,10033.0,Closed,6.0,6.0,4.0,2.0,0.0829976851851851,0,0.0,0.2208
57429267,2023-04-26 07:53:04,2023-04-26T08:27:35.000,NYPD,animal-abuse,Tortured,10010.0,Closed,4.0,3.0,4.0,2.0,0.0239699074074074,0,0.0,0.1689
57431756,2023-04-26 07:53:46,2023-04-26T08:53:55.000,NYPD,abandoned vehicle,With License Plate,11434.0,Closed,4.0,3.0,4.0,2.0,0.0417708333333333,0,0.0,0.1689
57429146,2023-04-26 07:54:42,2023-04-27T15:35:58.000,DSNY,missed collection,Trash,10455.0,Closed,4.0,3.0,4.0,2.0,1.320324074074074,0,0.0,0.1689
57430430,2023-04-26 07:55:20,2023-05-02T09:08:00.000,DOT,street sign - damaged,Other/Unknown,10467.0,Closed,4.0,3.0,4.0,2.0,6.050462962962963,0,0.0,0.1689
57430788,2023-04-26 07:55:33,2023-04-26T15:31:08.000,HPD,heat/hot water,ENTIRE BUILDING,10467.0,Closed,7.0,3.0,4.0,2.0,0.3163773148148148,4,10.0,0.35
57432380,2023-04-26 07:57:07,2023-04-26T14:32:00.000,HPD,paint/plaster,CEILING,10452.0,Closed,4.0,3.0,4.0,2.0,0.274224537037037,1,3.0,0.1689
57429606,2023-04-26 07:58:47,2023-04-26T09:17:50.000,NYPD,illegal parking,Blocked Hydrant,11216.0,Closed,6.0,6.0,4.0,2.0,0.0548958333333333,0,0.0,0.2208
57429206,2023-04-26 07:58:50,2023-04-26T11:22:40.000,DHS,homeless person assistance,Unknown,10013.0,Closed,4.0,3.0,4.0,2.0,0.1415509259259259,0,0.0,0.1689
57423462,2023-04-26 07:58:55,2023-04-26T16:40:22.000,HPD,heat/hot water,ENTIRE BUILDING,11219.0,Closed,7.0,3.0,4.0,2.0,0.3621180555555555,1,3.0,0.2099
57430341,2023-04-26 07:59:00,2023-04-28T07:45:00.000,DEP,air quality,"Air: Odor/Fumes, Vehicle Idling (AD3)",11218.0,Closed,4.0,3.0,4.0,2.0,1.9902777777777776,0,0.0,0.1689
57430793,2023-04-26 07:59:19,2023-04-26T11:43:37.000,NYPD,illegal parking,Blocked Sidewalk,11208.0,Closed,6.0,6.0,6.0,4.0,0.1557638888888889,2,6.0,0.3679
57432736,2023-04-26 08:00:24,2023-04-26T08:00:24.000,DOB,general construction/plumbing,Egress - Doors Locked/Blocked/Improper/No Secondary Means,11228.0,Closed,5.0,8.0,4.0,2.0,0.0,0,0.0,0.2133
57429967,2023-04-26 08:00:25,2023-05-05T00:00:00.000,DOB,general construction/plumbing,Building Permit - None,11226.0,Closed,4.0,7.0,4.0,2.0,8.666377314814815,0,0.0,0.2236
57430428,2023-04-26 08:01:00,2023-04-26T09:25:00.000,DOT,traffic signal condition,Controller Cabinet,10019.0,Closed,9.0,10.0,8.0,2.0,0.0583333333333333,0,0.0,0.7209
57427757,2023-04-26 08:01:12,2023-04-27T05:42:45.000,DSNY,dirty condition,Trash,10009.0,Closed,4.0,3.0,4.0,2.0,0.9038541666666666,0,0.0,0.1689
57429440,2023-04-26 08:01:24,2023-04-26T09:40:31.000,NYPD,illegal parking,Blocked Bike Lane,11205.0,Closed,6.0,6.0,4.0,2.0,0.0688310185185185,0,0.0,0.2208
57432565,2023-04-26 08:01:59,2023-05-16T11:08:40.000,HPD,electric,NO LIGHTING,11234.0,Closed,4.0,3.0,4.0,2.0,20.129641203703702,0,0.0,0.1689
57427894,2023-04-26 08:02:01,2023-04-26T12:52:04.000,NYPD,illegal parking,Blocked Hydrant,10468.0,Closed,6.0,6.0,4.0,2.0,0.2014236111111111,0,0.0,0.2208
57428556,2023-04-26 08:03:06,2023-04-26T11:30:32.000,NYPD,illegal parking,Blocked Sidewalk,11377.0,Closed,6.0,6.0,6.0,4.0,0.1440509259259259,2,6.0,0.3679
57430797,2023-04-26 08:03:11,2023-04-26T09:06:54.000,NYPD,illegal parking,Blocked Sidewalk,11224.0,Closed,6.0,6.0,6.0,4.0,0.0442476851851851,0,0.0,0.3679
57429015,2023-04-26 08:04:03,2023-04-27T07:04:02.000,DSNY,missed collection,Bulky Trash,11379.0,Closed,4.0,3.0,4.0,2.0,0.9583217592592592,0,0.0,0.1689
57424633,2023-04-26 08:04:23,2023-04-26T08:29:14.000,NYPD,illegal parking,Blocked Crosswalk,11375.0,Closed,6.0,6.0,4.0,2.0,0.0172569444444444,0,0.0,0.2208
57424405,2023-04-26 08:04:41,2023-04-26T08:44:24.000,NYPD,abandoned vehicle,With License Plate,11236.0,Closed,4.0,3.0,4.0,2.0,0.0275810185185185,1,3.0,0.1689
57429547,2023-04-26 08:04:41,2023-04-26T18:06:16.000,NYPD,blocked driveway,No Access,11207.0,Closed,5.0,6.0,4.0,2.0,0.4177662037037037,1,3.0,0.2133
57429422,2023-04-26 08:04:42,2023-04-26T08:55:10.000,NYPD,illegal parking,Blocked Bike Lane,10002.0,Closed,6.0,6.0,4.0,2.0,0.0350462962962963,4,10.0,0.35
57431309,2023-04-26 08:04:47,2023-04-26T08:36:31.000,DHS,homeless person assistance,Unknown,11223.0,Closed,4.0,3.0,4.0,2.0,0.022037037037037,0,0.0,0.1689
57429909,2023-04-26 08:04:59,2023-05-03T10:40:29.000,DSNY,sanitation worker or vehicle complaint,Inappropriate Behavior,10471.0,Closed,5.0,2.0,5.0,4.0,7.107986111111111,0,0.0,0.2208
57426068,2023-04-26 08:05:01,2023-04-26T17:04:54.000,HPD,heat/hot water,ENTIRE BUILDING,10463.0,Closed,7.0,3.0,4.0,2.0,0.3749189814814815,1,3.0,0.2099
57423286,2023-04-26 08:05:09,2023-04-27T13:28:41.000,DSNY,dead animal,Squirrel,11416.0,Closed,4.0,3.0,4.0,2.0,1.224675925925926,0,0.0,0.1689
57432009,2023-04-26 08:05:45,2023-04-26T10:20:38.000,NYPD,panhandling,Unknown,10001.0,Closed,4.0,3.0,4.0,2.0,0.0936689814814814,0,0.0,0.1689
57423681,2023-04-26 08:05:55,2023-04-26T22:07:18.000,HPD,heat/hot water,APARTMENT ONLY,10021.0,Closed,7.0,3.0,4.0,2.0,0.5842939814814815,0,0.0,0.2099
57423842,2023-04-26 08:06:00,2023-04-27T01:20:00.000,DOT,traffic signal condition,Pedestrian Signal,11417.0,Closed,9.0,10.0,8.0,2.0,0.7180555555555556,0,0.0,0.7209
57424568,2023-04-26 08:06:25,2023-04-26T08:30:15.000,NYPD,illegal parking,Blocked Sidewalk,11210.0,Closed,6.0,6.0,6.0,4.0,0.0165509259259259,0,0.0,0.3679
57430862,2023-04-26 08:07:08,2023-04-27T07:04:55.000,DSNY,missed collection,Bulky Trash,11385.0,Closed,4.0,3.0,4.0,2.0,0.9567939814814816,0,0.0,0.1689
57431582,2023-04-26 08:07:14,2023-04-26T14:54:07.000,NYPD,blocked driveway,No Access,11368.0,Closed,5.0,6.0,4.0,2.0,0.2825578703703704,0,0.0,0.2133
57427657,2023-04-26 08:07:20,2023-04-26T09:32:42.000,DOT,broken parking meter,Bent/Loose,UNKNOWN,Closed,4.0,5.0,4.0,2.0,0.0592824074074074,0,0.0,0.1689
57431657,2023-04-26 08:07:37,2023-04-26T12:22:04.000,DSNY,dirty condition,Trash,11418.0,Closed,4.0,3.0,4.0,2.0,0.1767013888888889,0,0.0,0.1689
57427606,2023-04-26 08:08:12,2023-06-12T11:59:31.000,DSNY,missed collection,Recycling - Metal/Glass/Rigid Plastic,10025.0,Closed,4.0,3.0,4.0,2.0,47.16063657407408,0,0.0,0.1689
57429010,2023-04-26 08:08:49,2023-04-26T10:35:21.000,NYPD,blocked driveway,Partial Access,10472.0,Closed,5.0,6.0,4.0,2.0,0.1017592592592592,0,0.0,0.2133
57430576,2023-04-26 08:08:59,2023-05-16T07:35:27.000,DOT,bus stop shelter complaint,Broken Glass,10002.0,Closed,5.0,3.0,4.0,2.0,19.976712962962964,0,0.0,0.2138
57430091,2023-04-26 08:09:45,2023-04-27T15:35:43.000,DSNY,missed collection,Recycling - Metal/Glass/Rigid Plastic,10455.0,Closed,4.0,3.0,4.0,2.0,1.3096990740740742,1,3.0,0.1689
57430617,2023-04-26 08:09:57,2023-05-03T10:27:24.000,DSNY,missed collection,Recycling - Paper,11204.0,Closed,4.0,3.0,4.0,2.0,7.095451388888889,0,0.0,0.1689
57427985,2023-04-26 08:10:07,2023-05-31T15:45:55.000,EDC,noise - helicopter,Other,11201.0,Closed,3.0,1.0,3.0,2.0,35.31652777777778,1,3.0,0.1797
57431991,2023-04-26 08:10:19,2023-04-28T06:37:01.000,DSNY,street sweeping complaint,Inadequate Sweeping,11214.0,Closed,4.0,3.0,4.0,2.0,1.9352083333333328,0,0.0,0.1689
57428139,2023-04-26 08:10:20,2023-04-26T09:14:27.000,NYPD,noise - residential,Loud Music/Party,10467.0,Closed,3.0,1.0,3.0,2.0,0.0445254629629629,3,8.0,0.1283
57428459,2023-04-26 08:10:47,2023-04-26T09:05:52.000,NYPD,illegal parking,Blocked Sidewalk,11224.0,Closed,6.0,6.0,6.0,4.0,0.0382523148148148,1,3.0,0.3679
57427581,2023-04-26 08:11:40,2023-05-05T14:53:56.000,DSNY,missed collection,Recycling - Metal/Glass/Rigid Plastic,11361.0,Closed,4.0,3.0,4.0,2.0,9.279351851851851,0,0.0,0.1689
57431713,2023-04-26 08:11:50,2023-06-02T12:37:39.000,DSNY,missed collection,Trash and Bulky Trash,10019.0,Closed,4.0,3.0,4.0,2.0,37.18459490740741,0,0.0,0.1689
57431957,2023-04-26 08:12:02,2023-04-26T09:09:33.000,NYPD,illegal parking,Posted Parking Sign Violation,11205.0,Closed,5.0,5.0,4.0,2.0,0.0399421296296296,1,3.0,0.2208
57432708,2023-04-26 08:12:12,2024-02-02T14:37:17.000,HPD,general,JANITOR/SUPER,11210.0,Closed,4.0,3.0,4.0,2.0,282.26741898148146,0,0.0,0.1689
57424739,2023-04-26 08:12:14,2023-05-05T15:38:18.000,HPD,paint/plaster,CEILING,11210.0,Closed,4.0,3.0,4.0,2.0,9.30976851851852,0,0.0,0.1689
57428942,2023-04-26 08:12:14,2023-05-05T15:38:18.000,HPD,paint/plaster,CEILING,11210.0,Closed,4.0,3.0,4.0,2.0,9.30976851851852,1,3.0,0.1689
57427679,2023-04-26 08:12:50,2023-04-26T08:32:32.000,NYPD,noise - street/sidewalk,Loud Music/Party,10029.0,Closed,5.0,4.0,6.0,4.0,0.0136805555555555,0,0.0,0.2133
57431658,2023-04-26 08:12:59,2023-04-28T10:42:43.000,DSNY,illegal dumping,Removal Request,11231.0,Closed,4.0,3.0,4.0,2.0,2.103981481481481,0,0.0,0.1689
57429519,2023-04-26 08:13:01,2023-05-31T15:45:55.000,EDC,noise - helicopter,Other,11201.0,Closed,3.0,1.0,3.0,2.0,35.31451388888889,2,6.0,0.2128
57428386,2023-04-26 08:13:11,2023-04-26T09:05:02.000,NYPD,illegal parking,Posted Parking Sign Violation,11224.0,Closed,5.0,5.0,4.0,2.0,0.0360069444444444,2,6.0,0.2208
57431292,2023-04-26 08:13:28,2023-05-31T15:45:56.000,EDC,noise - helicopter,Other,10025.0,Closed,3.0,1.0,3.0,2.0,35.31421296296296,17,10.0,0.3034
57431026,2023-04-26 08:13:50,2023-04-27T09:47:33.000,DOE,school maintenance,Rodents/Mice,10461.0,Closed,4.0,3.0,4.0,2.0,1.0650810185185184,1,3.0,0.1689
57427697,2023-04-26 08:14:26,2023-04-26T09:51:07.000,NYPD,non-emergency police matter,Other (complaint details),11419.0,Closed,5.0,3.0,4.0,2.0,0.0671412037037037,0,0.0,0.2138
57432221,2023-04-26 08:15:00,2023-04-26T12:02:00.000,DOT,street light condition,Street Light Dayburning,11216.0,Closed,7.0,5.0,6.0,5.0,0.1576388888888888,0,0.0,0.3721
57431833,2023-04-26 08:15:10,,DSNY,obstruction,Cone,10309.0,In Progress,4.0,4.0,4.0,2.0,1261.4460668776503,0,0.0,0.1689
57430124,2023-04-26 08:15:14,2023-04-26T08:15:14.000,DOT,street condition,Pothole,11223.0,Closed,8.0,8.0,8.0,7.0,0.0,0,0.0,0.5798
57430107,2023-04-26 08:15:27,2023-04-27T09:08:14.000,DOHMH,rodent,Rat Sighting,10025.0,Closed,4.0,3.0,4.0,2.0,1.0366550925925926,1,3.0,0.1689
57430439,2023-04-26 08:15:29,2023-04-26T10:04:23.000,NYPD,illegal parking,Posted Parking Sign Violation,10040.0,Closed,5.0,5.0,4.0,2.0,0.075625,1,3.0,0.2208
57429940,2023-04-26 08:15:41,2023-04-27T06:34:00.000,HPD,heat/hot water,APARTMENT ONLY,10467.0,Closed,7.0,3.0,4.0,2.0,0.929386574074074,5,10.0,0.35
57430148,2023-04-26 08:15:48,2023-04-26T14:46:25.000,HPD,heat/hot water,ENTIRE BUILDING,10459.0,Closed,7.0,3.0,4.0,2.0,0.2712615740740741,0,0.0,0.2099
57429359,2023-04-26 08:16:46,2023-04-26T09:14:58.000,NYPD,illegal parking,Blocked Sidewalk,11218.0,Closed,6.0,6.0,6.0,4.0,0.0404166666666666,0,0.0,0.3679
57430379,2023-04-26 08:17:10,2023-04-27T13:49:45.000,DSNY,residential disposal complaint,Trash or Recycling Not Secure,11230.0,Closed,4.0,3.0,4.0,2.0,1.230960648148148,0,0.0,0.1689
57429452,2023-04-26 08:17:11,2023-04-26T17:37:16.000,NYPD,illegal parking,Blocked Hydrant,11357.0,Closed,6.0,6.0,4.0,2.0,0.3889467592592592,1,3.0,0.2208
57426755,2023-04-26 08:17:12,2023-04-26T11:48:49.000,NYPD,noise - residential,Banging/Pounding,10025.0,Closed,3.0,1.0,3.0,2.0,0.1469560185185185,1,3.0,0.1283
57428092,2023-04-26 08:17:17,2023-04-27T09:48:17.000,DOE,school maintenance,Rodents/Mice,10461.0,Closed,4.0,3.0,4.0,2.0,1.0631944444444446,2,6.0,0.1689
57426808,2023-04-26 08:17:28,2023-04-26T08:44:40.000,NYPD,noise - residential,Loud Music/Party,11212.0,Closed,3.0,1.0,3.0,2.0,0.0188888888888888,0,0.0,0.1283
57428514,2023-04-26 08:17:39,2023-04-28T12:22:35.000,DOHMH,rodent,Rat Sighting,11238.0,Closed,4.0,3.0,4.0,2.0,2.1700925925925927,0,0.0,0.1689
57431723,2023-04-26 08:18:01,2023-04-26T11:00:28.000,NYPD,illegal parking,Blocked Hydrant,11238.0,Closed,6.0,6.0,4.0,2.0,0.1128125,1,3.0,0.2208
57425013,2023-04-26 08:18:27,2023-05-23T00:00:00.000,DOB,general construction/plumbing,Fence - None/Inadequate,11211.0,Closed,4.0,7.0,4.0,2.0,26.653854166666665,0,0.0,0.3225
57432411,2023-04-26 08:18:41,2023-04-27T19:50:07.000,HPD,heat/hot water,ENTIRE BUILDING,10037.0,Closed,7.0,3.0,4.0,2.0,1.480162037037037,0,0.0,0.2099
57431018,2023-04-26 08:18:50,2023-05-03T09:16:48.000,DSNY,missed collection,Trash and Bulky Trash,11219.0,Closed,4.0,3.0,4.0,2.0,7.040254629629629,0,0.0,0.1689
57424845,2023-04-26 08:19:00,2023-04-26T20:45:00.000,DOT,street light condition,Lamppost Base Door/Cover Damaged,10022.0,Closed,7.0,5.0,6.0,5.0,0.5180555555555556,0,0.0,0.3721
57429454,2023-04-26 08:19:04,2023-05-31T15:45:59.000,EDC,noise - helicopter,Other,11201.0,Closed,3.0,1.0,3.0,2.0,35.3103587962963,3,8.0,0.2199
57427026,2023-04-26 08:19:56,2023-04-26T08:55:46.000,NYPD,illegal parking,Blocked Sidewalk,11224.0,Closed,6.0,6.0,6.0,4.0,0.0248842592592592,3,8.0,0.4123
57428848,2023-04-26 08:20:00,2023-04-26T20:18:00.000,DSNY,derelict vehicles,Derelict Vehicles,11419.0,Closed,4.0,3.0,4.0,2.0,0.4986111111111111,0,0.0,0.1689
57425930,2023-04-26 08:20:01,2023-04-26T09:46:59.000,NYPD,illegal parking,Blocked Sidewalk,10033.0,Closed,6.0,6.0,6.0,4.0,0.0603935185185185,1,3.0,0.3679
57428770,2023-04-26 08:20:33,2023-05-03T09:15:59.000,DSNY,missed collection,Recycling - Paper,11219.0,Closed,4.0,3.0,4.0,2.0,7.03849537037037,1,3.0,0.1689
57428420,2023-04-26 08:20:49,2023-04-26T12:39:18.000,NYPD,illegal parking,Blocked Bike Lane,11101.0,Closed,6.0,6.0,4.0,2.0,0.1795023148148148,3,8.0,0.2626
57430473,2023-04-26 08:21:38,2023-04-27T09:55:39.000,DOE,school maintenance,Rodents/Mice,10461.0,Closed,4.0,3.0,4.0,2.0,1.0652893518518518,3,8.0,0.1689
57430328,2023-04-26 08:22:00,2023-12-20T11:07:09.000,DSNY,graffiti,Graffiti,11203.0,Closed,5.0,3.0,4.0,2.0,238.1146875,0,0.0,0.2138
57431301,2023-04-26 08:22:14,2023-05-01T08:07:29.000,HPD,heat/hot water,APARTMENT ONLY,10040.0,Closed,7.0,3.0,4.0,2.0,4.989756944444444,1,3.0,0.2926
57428549,2023-04-26 08:22:38,2023-06-08T00:00:00.000,DOB,general construction/plumbing,Fence - None/Inadequate,11106.0,Closed,4.0,7.0,4.0,2.0,42.65094907407408,0,0.0,0.3225
57428733,2023-04-26 08:22:56,2023-04-26T08:22:56.000,DOB,real time enforcement,Work Without A Permit - Occupied Multiple Dwelling,11237.0,Closed,4.0,3.0,4.0,2.0,0.0,0,0.0,0.1689
57431091,2023-04-26 08:23:35,2023-04-26T08:23:35.000,DOHMH,rodent,Rat Sighting,10030.0,Closed,4.0,3.0,4.0,2.0,0.0,0,0.0,0.1689
57430515,2023-04-26 08:23:55,2023-04-26T20:10:18.000,HPD,heat/hot water,ENTIRE BUILDING,10039.0,Closed,7.0,3.0,4.0,2.0,0.4905439814814815,0,0.0,0.2099
57431523,2023-04-26 08:24:08,2023-05-12T15:42:22.000,DSNY,illegal dumping,Removal Request,10468.0,Closed,4.0,3.0,4.0,2.0,16.304328703703703,0,0.0,0.1689
57431925,2023-04-26 08:24:42,2023-05-02T14:50:29.000,HPD,paint/plaster,CEILING,10458.0,Closed,4.0,3.0,4.0,2.0,6.267905092592593,2,6.0,0.1689
57430999,2023-04-26 08:24:46,2023-04-26T17:39:58.000,HPD,heat/hot water,ENTIRE BUILDING,10011.0,Closed,7.0,3.0,4.0,2.0,0.3855555555555555,0,0.0,0.2099
57431596,2023-04-26 08:24:59,2023-04-26T09:25:09.000,NYPD,illegal parking,Blocked Sidewalk,11210.0,Closed,6.0,6.0,6.0,4.0,0.0417824074074074,1,3.0,0.3679
57430000,2023-04-26 08:25:08,2023-04-26T12:04:18.000,DCWP,consumer complaint,Stoop Line,10036.0,Closed,4.0,3.0,4.0,2.0,0.152199074074074,0,0.0,0.1689
57428300,2023-04-26 08:25:25,2023-04-26T09:11:03.000,NYPD,illegal parking,Commercial Overnight Parking,11223.0,Closed,5.0,5.0,4.0,2.0,0.0316898148148148,1,3.0,0.2208
57432551,2023-04-26 08:25:58,2023-04-26T08:25:58.000,DOB,general construction/plumbing,Working Contrary To Stop Work Order,10031.0,Closed,4.0,7.0,4.0,2.0,0.0,0,0.0,0.2236
57429043,2023-04-26 08:25:58,2023-04-26T08:52:59.000,NYPD,abandoned vehicle,With License Plate,10308.0,Closed,4.0,3.0,4.0,2.0,0.018761574074074,0,0.0,0.1689
57428067,2023-04-26 08:26:34,2023-04-26T12:47:21.000,NYPD,abandoned vehicle,With License Plate,11417.0,Closed,4.0,3.0,4.0,2.0,0.181099537037037,0,0.0,0.1689
57431996,2023-04-26 08:27:00,2023-04-26T21:13:00.000,DSNY,derelict vehicles,Derelict Vehicles,10475.0,Closed,4.0,3.0,4.0,2.0,0.5319444444444444,0,0.0,0.1689
57428402,2023-04-26 08:27:10,2023-04-27T13:28:32.000,DSNY,dead animal,Cat,11421.0,Closed,4.0,3.0,4.0,2.0,1.2092824074074071,0,0.0,0.1689
57429054,2023-04-26 08:27:10,2023-05-01T13:24:06.000,DSNY,missed collection,Trash,10304.0,Closed,4.0,3.0,4.0,2.0,5.206203703703704,0,0.0,0.1689
57432171,2023-04-26 08:27:24,2023-04-26T09:04:03.000,NYPD,illegal parking,Posted Parking Sign Violation,11224.0,Closed,5.0,5.0,4.0,2.0,0.0254513888888888,4,10.0,0.35
57430770,2023-04-26 08:27:34,2023-05-05T14:36:03.000,DSNY,missed collection,Bulky Trash,11366.0,Closed,4.0,3.0,4.0,2.0,9.255891203703705,0,0.0,0.1689
57431566,2023-04-26 08:27:44,2023-05-09T16:10:30.000,HPD,unsanitary condition,MOLD,10462.0,Closed,4.0,3.0,4.0,2.0,13.32136574074074,0,0.0,0.1689
57429658,2023-04-26 08:28:08,2023-04-28T09:48:55.000,HPD,electric,POWER OUTAGE,11206.0,Closed,4.0,3.0,4.0,2.0,2.056099537037037,0,0.0,0.1689
57429402,2023-04-26 08:28:15,2023-04-27T16:34:20.000,DOT,highway condition,Cave-in,UNKNOWN,Closed,4.0,3.0,4.0,2.0,1.3375578703703703,0,0.0,0.1689
57431404,2023-04-26 08:28:27,2023-04-26T10:06:16.000,NYPD,abandoned vehicle,With License Plate,11204.0,Closed,4.0,3.0,4.0,2.0,0.0679282407407407,0,0.0,0.1689
57429379,2023-04-26 08:29:10,2023-05-31T15:46:01.000,EDC,noise - helicopter,Other,11417.0,Closed,3.0,1.0,3.0,2.0,35.30336805555555,0,0.0,0.1283
57430882,2023-04-26 08:29:14,2023-04-26T08:29:14.000,DOHMH,unsanitary animal pvt property,Cat,11411.0,Closed,4.0,3.0,4.0,2.0,0.0,0,0.0,0.1689
57432018,2023-04-26 08:29:33,2023-04-26T10:03:26.000,NYPD,illegal parking,Blocked Sidewalk,11204.0,Closed,6.0,6.0,6.0,4.0,0.0651967592592592,1,3.0,0.3679
57429696,2023-04-26 08:30:00,2023-04-26T09:40:00.000,DOT,traffic signal condition,Vehicle Signal,11223.0,Closed,9.0,10.0,8.0,2.0,0.0486111111111111,0,0.0,0.7209
57429746,2023-04-26 08:31:00,2023-04-27T08:07:00.000,DSNY,derelict vehicles,Derelict Vehicles,10451.0,Closed,4.0,3.0,4.0,2.0,0.9833333333333332,0,0.0,0.1689
57428465,2023-04-26 08:32:00,2023-04-26T21:20:00.000,DEP,water system,Hydrant Defective (WC2),10036.0,Closed,4.0,3.0,4.0,2.0,0.5333333333333333,0,0.0,0.1689
57429842,2023-04-26 08:32:00,,DEP,sewer,Defective/Missing Curb Piece (SC4),11362.0,Started,8.0,4.0,7.0,4.0,1261.434386102604,0,0.0,0.55
57428077,2023-04-26 08:32:10,2023-04-26T08:32:10.000,DOB,general construction/plumbing,Debris - Falling Or In Danger Of Falling,10023.0,Closed,4.0,7.0,4.0,2.0,0.0,0,0.0,0.2236
57428518,2023-04-26 08:32:11,2023-06-12T00:00:00.000,DOB,general construction/plumbing,Fence - None/Inadequate,11106.0,Closed,4.0,7.0,4.0,2.0,46.64431712962963,1,3.0,0.3855
57431089,2023-04-26 08:32:15,2023-04-26T09:41:21.000,NYPD,blocked driveway,Partial Access,11101.0,Closed,5.0,6.0,4.0,2.0,0.0479861111111111,0,0.0,0.2133
57428327,2023-04-26 08:32:43,2023-04-27T08:29:57.000,DOT,street condition,Failed Street Repair,10465.0,Closed,8.0,7.0,7.0,7.0,0.9980787037037036,0,0.0,0.55
57428975,2023-04-26 08:33:39,2023-04-26T09:59:12.000,NYPD,illegal parking,Posted Parking Sign Violation,11205.0,Closed,5.0,5.0,4.0,2.0,0.0594097222222222,2,6.0,0.2208
57431285,2023-04-26 08:33:43,2023-05-05T15:08:02.000,DSNY,missed collection,Recycling - Metal/Glass/Rigid Plastic,11413.0,Closed,4.0,3.0,4.0,2.0,9.273831018518518,0,0.0,0.1689
57429703,2023-04-26 08:33:51,2023-05-26T14:41:43.000,HPD,flooring/stairs,FLOOR,10029.0,Closed,4.0,3.0,4.0,2.0,30.25546296296296,0,0.0,0.1689
57427804,2023-04-26 08:34:19,2023-04-26T09:40:08.000,NYPD,illegal parking,Posted Parking Sign Violation,10128.0,Closed,5.0,5.0,4.0,2.0,0.0457060185185185,0,0.0,0.2208
57429727,2023-04-26 08:35:00,2023-05-04T10:54:23.000,TLC,for hire vehicle complaint,Driver Complaint - Non Passenger,10128.0,Closed,4.0,3.0,4.0,2.0,8.09679398148148,0,0.0,0.1689
57430295,2023-04-26 08:35:32,2023-05-31T15:46:04.000,EDC,noise - helicopter,Other,11238.0,Closed,3.0,1.0,3.0,2.0,35.29898148148148,7,10.0,0.3034
57430434,2023-04-26 08:36:21,2023-06-20T07:04:13.000,TLC,for hire vehicle complaint,Driver Complaint - Non Passenger,10016.0,Closed,4.0,3.0,4.0,2.0,54.93601851851852,0,0.0,0.1689
57431413,2023-04-26 08:36:27,2023-04-26T09:16:34.000,NYPD,illegal parking,Blocked Sidewalk,11377.0,Closed,6.0,6.0,6.0,4.0,0.0278587962962962,3,8.0,0.4127
57430275,2023-04-26 08:36:45,2023-04-27T06:36:49.000,DPR,overgrown tree/branches,Hitting Building,10304.0,Closed,4.0,3.0,4.0,2.0,0.916712962962963,0,0.0,0.1689
57430838,2023-04-26 08:36:47,2023-04-26T13:53:12.000,HPD,heat/hot water,ENTIRE BUILDING,10460.0,Closed,7.0,3.0,4.0,2.0,0.2197337962962963,0,0.0,0.2099
57429872,2023-04-26 08:36:48,2023-04-28T10:34:15.000,HPD,heat/hot water,ENTIRE BUILDING,10451.0,Closed,7.0,3.0,4.0,2.0,2.0815625,0,0.0,0.2099
57427828,2023-04-26 08:36:54,2023-06-30T15:06:34.000,HPD,appliance,ELECTRIC/GAS RANGE,11105.0,Closed,4.0,3.0,4.0,2.0,65.27060185185185,0,0.0,0.1689
57432040,2023-04-26 08:37:00,2023-04-26T14:14:09.000,NYPD,illegal parking,Blocked Crosswalk,10465.0,Closed,6.0,6.0,4.0,2.0,0.2341319444444444,1,3.0,0.2208
57429800,2023-04-26 08:37:06,2023-04-26T09:21:10.000,NYPD,noise - residential,Banging/Pounding,10025.0,Closed,3.0,1.0,3.0,2.0,0.0306018518518518,2,6.0,0.1283
57430861,2023-04-26 08:37:30,2023-05-31T15:46:05.000,EDC,noise - helicopter,Other,11357.0,Closed,3.0,1.0,3.0,2.0,35.29762731481482,2,6.0,0.2128
57428919,2023-04-26 08:38:11,2024-03-07T00:00:00.000,DOB,building/use,Illegal Conversion Of Residential Building/Space,11419.0,Closed,4.0,3.0,4.0,2.0,315.64015046296294,0,0.0,0.1689
57430346,2023-04-26 08:38:26,2023-05-31T15:46:06.000,EDC,noise - helicopter,Other,11414.0,Closed,3.0,1.0,3.0,2.0,35.29699074074074,3,8.0,0.2199
57428233,2023-04-26 08:38:48,2023-04-26T09:08:11.000,NYPD,blocked driveway,No Access,10314.0,Closed,5.0,6.0,4.0,2.0,0.0204050925925925,0,0.0,0.2133
57423632,2023-04-26 08:39:00,2023-04-26T22:02:00.000,DSNY,derelict vehicles,Derelict Vehicles,11235.0,Closed,4.0,3.0,4.0,2.0,0.5576388888888889,0,0.0,0.1689
57431638,2023-04-26 08:39:35,2023-04-26T09:15:16.000,NYPD,illegal parking,Posted Parking Sign Violation,10303.0,Closed,5.0,5.0,4.0,2.0,0.0247800925925925,0,0.0,0.2208
57430829,2023-04-26 08:39:57,2023-04-27T13:42:20.000,HPD,unsanitary condition,PESTS,11373.0,Closed,4.0,3.0,4.0,2.0,1.209988425925926,0,0.0,0.1689
57428784,2023-04-26 08:39:57,2023-04-27T13:42:21.000,HPD,door/window,WINDOW FRAME,11373.0,Closed,4.0,3.0,4.0,2.0,1.21,0,0.0,0.1689
57430316,2023-04-26 08:40:03,2025-02-27T09:30:04.000,DOT,curb condition,Broken Curb,10003.0,Closed,5.0,4.0,6.0,4.0,673.0347337962963,0,0.0,0.35
57429643,2023-04-26 08:41:42,2023-04-26T08:47:55.000,DPR,violation of park rules,Smoking,11232.0,Closed,4.0,3.0,4.0,2.0,0.0043171296296296,0,0.0,0.1689
57431997,2023-04-26 08:42:00,2023-04-26T12:36:00.000,DSNY,derelict vehicles,Derelict Vehicles,10473.0,Closed,4.0,3.0,4.0,2.0,0.1625,3,8.0,0.1689
57428587,2023-04-26 08:42:04,2023-04-26T20:04:23.000,NYPD,abandoned vehicle,With License Plate,10469.0,Closed,4.0,3.0,4.0,2.0,0.4738310185185185,0,0.0,0.1689
57432443,2023-04-26 08:42:15,2023-04-26T13:00:42.000,DSNY,vendor enforcement,Food Vendor,10036.0,Closed,4.0,3.0,4.0,2.0,0.1794791666666666,1,3.0,0.1689
57427560,2023-04-26 08:42:46,2025-05-13T16:38:15.000,DPR,new tree request,For One Address,11368.0,Closed,4.0,3.0,4.0,2.0,748.3301967592593,0,0.0,0.1689
57431529,2023-04-26 08:42:50,2024-05-08T20:54:08.000,HPD,general,COOKING GAS,11203.0,Closed,4.0,3.0,4.0,2.0,378.5078472222222,0,0.0,0.1689
57431785,2023-04-26 08:42:51,2023-04-30T18:29:02.000,HPD,electric,LIGHTING,10466.0,Closed,4.0,3.0,4.0,2.0,4.407071759259259,0,0.0,0.1689
57427678,2023-04-26 08:42:51,2023-04-30T18:29:02.000,HPD,water leak,HEAVY FLOW,10466.0,Closed,8.0,3.0,4.0,7.0,4.407071759259259,0,0.0,0.2199
57432023,2023-04-26 08:42:54,2023-05-02T21:03:44.000,HPD,door/window,DOOR FRAME,10034.0,Closed,4.0,3.0,4.0,2.0,6.514467592592593,0,0.0,0.1689
57429070,2023-04-26 08:43:05,2023-05-22T15:41:08.000,HPD,unsanitary condition,GARBAGE/RECYCLING STORAGE,11106.0,Closed,5.0,2.0,5.0,4.0,26.2903125,0,0.0,0.35
57427634,2023-04-26 08:43:07,2023-05-02T09:55:22.000,HPD,unsanitary condition,MOLD,10025.0,Closed,4.0,3.0,4.0,2.0,6.050173611111111,0,0.0,0.1689
57429863,2023-04-26 08:43:31,2023-04-26T08:43:31.000,DOHMH,rodent,Condition Attracting Rodents,11106.0,Closed,4.0,3.0,4.0,2.0,0.0,0,0.0,0.1689
57428054,2023-04-26 08:43:48,2023-04-29T14:58:08.000,DSNY,missed collection,Trash,11203.0,Closed,4.0,3.0,4.0,2.0,3.259953703703704,0,0.0,0.1689
57427833,2023-04-26 08:43:52,2023-05-04T06:37:20.000,DHS,encampment,Unknown,10011.0,Closed,4.0,3.0,4.0,2.0,7.912129629629629,2,6.0,0.1689
57429637,2023-04-26 08:44:00,2023-04-26T19:10:00.000,DEP,water system,Hydrant Leaking (WC1),11230.0,Closed,4.0,3.0,4.0,2.0,0.4347222222222222,0,0.0,0.1689
57432729,2023-04-26 08:44:00,2023-04-27T12:05:00.000,DEP,noise,Noise: Construction Equipment (NC1),11228.0,Closed,3.0,7.0,3.0,2.0,1.1395833333333334,0,0.0,0.1283
57427661,2023-04-26 08:44:00,2023-05-04T12:57:00.000,DEP,lead,Lead Kit Request (Residential) (L10),11233.0,Closed,4.0,3.0,4.0,2.0,8.175694444444444,0,0.0,0.1689
57422917,2023-04-26 08:44:13,2023-05-27T09:26:30.000,DPR,overgrown tree/branches,Dead Branches in Tree,11228.0,Closed,4.0,3.0,4.0,2.0,31.02936342592593,0,0.0,0.1689
57428412,2023-04-26 08:45:04,2023-04-26T09:41:04.000,NYPD,illegal parking,Commercial Overnight Parking,11234.0,Closed,5.0,5.0,4.0,2.0,0.0388888888888888,0,0.0,0.2208
57429572,2023-04-26 08:45:53,2023-04-26T09:47:31.000,NYPD,illegal parking,Parking Permit Improper Use,10301.0,Closed,5.0,5.0,4.0,2.0,0.0428009259259259,0,0.0,0.2208
57429356,2023-04-26 08:46:06,2023-04-26T12:10:17.000,NYPD,illegal parking,Posted Parking Sign Violation,10007.0,Closed,5.0,5.0,4.0,2.0,0.1417939814814814,0,0.0,0.2208
57430093,2023-04-26 08:47:13,2023-05-19T00:00:00.000,DOB,special projects inspection team (spit),Illegal Hotel Rooms In Residential Building,11228.0,Closed,4.0,3.0,4.0,2.0,22.63387731481481,0,0.0,0.1689
57430998,2023-04-26 08:47:40,2023-04-26T22:19:42.000,NYPD,noise - residential,Loud Music/Party,10458.0,Closed,3.0,1.0,3.0,2.0,0.5639120370370371,0,0.0,0.1283
57429822,2023-04-26 08:47:52,2023-05-31T15:46:09.000,EDC,noise - helicopter,Other,10023.0,Closed,3.0,1.0,3.0,2.0,35.290474537037035,0,0.0,0.1283
57428424,2023-04-26 08:48:23,2023-04-26T10:36:07.000,NYPD,illegal parking,Posted Parking Sign Violation,11213.0,Closed,5.0,5.0,4.0,2.0,0.0748148148148148,1,3.0,0.2208
57430702,2023-04-26 08:48:51,2023-05-01T18:51:56.000,HPD,paint/plaster,CEILING,11106.0,Closed,4.0,3.0,4.0,2.0,5.418807870370371,0,0.0,0.1689
57429871,2023-04-26 08:48:51,2023-05-01T18:51:56.000,HPD,paint/plaster,CEILING,11106.0,Closed,4.0,3.0,4.0,2.0,5.418807870370371,1,3.0,0.1689
57427671,2023-04-26 08:48:51,2023-05-01T18:51:56.000,HPD,paint/plaster,CEILING,11106.0,Closed,4.0,3.0,4.0,2.0,5.418807870370371,2,6.0,0.1689
57431087,2023-04-26 08:49:04,2023-04-27T08:31:23.000,HPD,heat/hot water,ENTIRE BUILDING,11375.0,Closed,7.0,3.0,4.0,2.0,0.9877199074074074,1,3.0,0.2099
57429597,2023-04-26 08:49:09,2023-04-26T13:00:28.000,DSNY,vendor enforcement,Food Vendor,11237.0,Closed,4.0,3.0,4.0,2.0,0.1745254629629629,0,0.0,0.1689
57432072,2023-04-26 08:49:37,2023-04-26T10:07:35.000,NYPD,illegal parking,Blocked Crosswalk,10038.0,Closed,6.0,6.0,4.0,2.0,0.0541435185185185,0,0.0,0.2208
57425007,2023-04-26 08:50:00,2023-05-22T12:25:00.000,DEP,water system,Hydrant Leaking (WC1),11358.0,Closed,4.0,3.0,4.0,2.0,26.14930555555556,0,0.0,0.1689
57428818,2023-04-26 08:50:00,2023-04-28T22:25:00.000,DEP,noise,Noise: Construction Before/After Hours (NM1),10028.0,Closed,3.0,7.0,3.0,2.0,2.5659722222222223,0,0.0,0.1283
57428645,2023-04-26 08:50:14,2023-05-03T00:00:00.000,DOB,general construction/plumbing,Cons - Contrary/Beyond Approved Plans/Permits,10469.0,Closed,4.0,7.0,4.0,2.0,6.631782407407408,0,0.0,0.2236
57428813,2023-04-26 08:50:42,2023-05-31T15:46:10.000,EDC,noise - helicopter,Other,10028.0,Closed,3.0,1.0,3.0,2.0,35.288518518518515,6,10.0,0.3034
57427992,2023-04-26 08:51:27,2023-04-26T18:48:43.000,NYPD,illegal parking,Blocked Hydrant,10454.0,Closed,6.0,6.0,4.0,2.0,0.4147685185185185,1,3.0,0.2208
57428000,2023-04-26 08:51:46,2023-04-28T11:57:09.000,DSNY,dirty condition,Trash,10003.0,Closed,4.0,3.0,4.0,2.0,2.128738425925926,0,0.0,0.1689
57431249,2023-04-26 08:52:18,2023-05-04T20:23:28.000,HPD,electric,POWER OUTAGE,11203.0,Closed,4.0,3.0,4.0,2.0,8.479976851851852,0,0.0,0.1689
57430079,2023-04-26 08:53:00,2023-05-03T09:55:51.000,DOT,highway condition,Litter,UNKNOWN,Closed,4.0,2.0,5.0,2.0,7.043645833333334,1,3.0,0.1689
57431307,2023-04-26 08:53:32,2023-04-26T20:04:12.000,NYPD,illegal parking,Posted Parking Sign Violation,11379.0,Closed,5.0,5.0,4.0,2.0,0.4657407407407407,5,10.0,0.35
57428654,2023-04-26 08:54:00,2023-04-27T22:41:00.000,DSNY,derelict vehicles,Derelict Vehicles,UNKNOWN,Closed,4.0,3.0,4.0,2.0,1.5743055555555556,1,3.0,0.1689
57431346,2023-04-26 08:54:00,2023-04-26T10:27:25.000,NYPD,blocked driveway,Partial Access,11375.0,Closed,5.0,6.0,4.0,2.0,0.0648726851851851,0,0.0,0.2133
57431347,2023-04-26 08:54:59,2023-05-05T15:26:36.000,DOT,street condition,Defective Hardware,11105.0,Closed,8.0,7.0,7.0,7.0,9.271956018518518,0,0.0,0.55
57429680,2023-04-26 08:55:06,2023-04-27T14:05:07.000,HPD,electric,NO LIGHTING,10462.0,Closed,4.0,3.0,4.0,2.0,1.215289351851852,0,0.0,0.1689
57430859,2023-04-26 08:55:39,2023-04-29T14:57:43.000,DSNY,missed collection,Trash,11226.0,Closed,4.0,3.0,4.0,2.0,3.2514351851851853,0,0.0,0.1689
57431654,2023-04-26 08:57:26,2023-04-26T09:58:38.000,NYPD,noise - vehicle,Car/Truck Horn,11225.0,Closed,3.0,1.0,3.0,2.0,0.0425,0,0.0,0.1283
57431336,2023-04-26 08:57:30,2023-04-27T10:38:07.000,DCWP,consumer complaint,Retail Store,11235.0,Closed,4.0,3.0,4.0,2.0,1.0698726851851852,0,0.0,0.1689
57431323,2023-04-26 08:57:52,2025-05-13T16:38:15.000,DPR,new tree request,For One Address,11210.0,Closed,4.0,3.0,4.0,2.0,748.3197106481482,0,0.0,0.1689
57432252,2023-04-26 08:58:23,2023-05-31T15:46:13.000,EDC,noise - helicopter,Other,11238.0,Closed,3.0,1.0,3.0,2.0,35.28321759259259,8,10.0,0.3034
57427802,2023-04-26 08:58:23,2023-04-26T11:09:50.000,NYPD,illegal parking,Parking Permit Improper Use,11102.0,Closed,5.0,5.0,4.0,2.0,0.0912847222222222,0,0.0,0.2208
57431949,2023-04-26 08:58:33,2023-04-26T09:02:05.000,DPR,animal in a park,Dog Off Leash,11214.0,Closed,4.0,3.0,4.0,2.0,0.0024537037037037,0,0.0,0.1689
57430863,2023-04-26 08:59:08,2023-04-26T09:51:59.000,NYPD,panhandling,Unknown,10107.0,Closed,4.0,3.0,4.0,2.0,0.0367013888888888,0,0.0,0.1689
57432648,2023-04-26 08:59:08,2023-07-17T14:28:20.000,TLC,for hire vehicle complaint,Driver Complaint - Non Passenger,10026.0,Closed,4.0,3.0,4.0,2.0,82.2286111111111,0,0.0,0.1689
57431570,2023-04-26 09:00:02,2023-07-19T11:50:34.000,TLC,for hire vehicle complaint,Driver Complaint - Non Passenger,10026.0,Closed,4.0,3.0,4.0,2.0,84.11842592592592,1,3.0,0.2357
57432281,2023-04-26 09:00:03,2024-11-12T17:25:30.000,DPR,damaged tree,Branch Cracked and Will Fall,11375.0,Closed,4.0,3.0,4.0,2.0,566.3510069444444,0,0.0,0.1689
57432175,2023-04-26 09:00:32,2023-04-26T11:29:27.000,NYPD,illegal parking,Blocked Bike Lane,10003.0,Closed,6.0,6.0,4.0,2.0,0.1034143518518518,1,3.0,0.2208
57431009,2023-04-26 09:01:12,2023-05-31T15:46:15.000,EDC,noise - helicopter,Other,10025.0,Closed,3.0,1.0,3.0,2.0,35.281284722222225,18,10.0,0.3034
57428396,2023-04-26 09:01:12,2023-05-03T10:43:08.000,DOHMH,building drinking water tank,Unsanitary Condition,11204.0,Closed,4.0,3.0,4.0,2.0,7.070787037037037,0,0.0,0.1689
57431920,2023-04-26 09:01:51,2023-04-26T09:36:04.000,NYPD,noise - residential,Loud Music/Party,10128.0,Closed,3.0,1.0,3.0,2.0,0.023761574074074,0,0.0,0.1283
57428470,2023-04-26 09:02:00,2023-04-27T13:48:00.000,DSNY,derelict vehicles,Derelict Vehicles,UNKNOWN,Closed,4.0,3.0,4.0,2.0,1.198611111111111,2,6.0,0.1689
57430847,2023-04-26 09:02:07,2023-05-17T11:36:49.000,HPD,elevator,MAINTENANCE,10468.0,Closed,4.0,3.0,4.0,2.0,21.10743055555556,0,0.0,0.1689
57430253,2023-04-26 09:02:09,2023-04-26T13:25:28.000,DHS,homeless person assistance,Unknown,11101.0,Closed,4.0,3.0,4.0,2.0,0.1828587962962962,0,0.0,0.1689
57430025,2023-04-26 09:02:16,2023-04-27T00:00:00.000,DOB,elevator,Elevator - Multiple Devices On Property,11230.0,Closed,4.0,3.0,4.0,2.0,0.6234259259259259,0,0.0,0.1689
57430984,2023-04-26 09:02:27,2023-08-31T09:46:14.000,HPD,appliance,REFRIGERATOR,10452.0,Closed,4.0,3.0,4.0,2.0,127.0304050925926,0,0.0,0.1689
57428728,2023-04-26 09:02:27,2023-08-31T09:46:14.000,HPD,paint/plaster,CEILING,10452.0,Closed,4.0,3.0,4.0,2.0,127.0304050925926,2,6.0,0.2583
57428600,2023-04-26 09:02:27,2023-08-31T09:46:15.000,HPD,general,CABINET,10452.0,Closed,4.0,3.0,4.0,2.0,127.03041666666668,0,0.0,0.1689
57430535,2023-04-26 09:02:36,2023-04-26T10:29:51.000,NYPD,illegal parking,Blocked Bike Lane,10019.0,Closed,6.0,6.0,4.0,2.0,0.0605902777777777,0,0.0,0.2208
57429742,2023-04-26 09:02:46,2023-04-27T09:53:38.000,DSNY,dirty condition,Trash,11235.0,Closed,4.0,3.0,4.0,2.0,1.035324074074074,0,0.0,0.1689
57428602,2023-04-26 09:03:00,2023-04-26T11:40:00.000,DOT,traffic signal condition,Ped Multiple Lamps,10024.0,Closed,9.0,10.0,8.0,2.0,0.1090277777777777,0,0.0,0.7209
57430875,2023-04-26 09:03:20,2023-04-26T16:58:29.000,NYPD,illegal parking,Blocked Hydrant,10466.0,Closed,6.0,6.0,4.0,2.0,0.3299652777777778,0,0.0,0.2208
57432181,2023-04-26 09:03:46,2023-05-02T08:17:46.000,DSNY,illegal dumping,Removal Request,10472.0,Closed,4.0,3.0,4.0,2.0,5.968055555555556,0,0.0,0.1689
57430156,2023-04-26 09:04:53,2023-04-27T15:35:13.000,DSNY,missed collection,Recycling - Metal/Glass/Rigid Plastic,10451.0,Closed,4.0,3.0,4.0,2.0,1.271064814814815,0,0.0,0.1689
57430899,2023-04-26 09:04:54,2024-07-01T11:54:26.000,DPR,maintenance or facility,Grass/Weeds,11102.0,Closed,4.0,3.0,4.0,2.0,432.1177314814815,0,0.0,0.1689
57428844,2023-04-26 09:05:00,2023-04-28T12:18:00.000,DEP,water system,Hydrant Leaking (WC1),10309.0,Closed,4.0,3.0,4.0,2.0,2.134027777777778,0,0.0,0.1689
57428691,2023-04-26 09:05:08,2023-05-31T15:46:16.000,EDC,noise - helicopter,Other,11238.0,Closed,3.0,1.0,3.0,2.0,35.278564814814814,9,10.0,0.3034
57430851,2023-04-26 09:05:09,2023-04-29T14:11:30.000,DSNY,missed collection,Bulky Trash,11233.0,Closed,4.0,3.0,4.0,2.0,3.2127430555555554,0,0.0,0.1689
57430076,2023-04-26 09:05:33,2023-04-28T14:03:00.000,DSNY,illegal dumping,Removal Request,10308.0,Closed,4.0,3.0,4.0,2.0,2.2065625,0,0.0,0.1689
57431072,2023-04-26 09:05:39,2023-05-05T15:53:53.000,HPD,unsanitary condition,PESTS,10457.0,Closed,4.0,3.0,4.0,2.0,9.283495370370373,0,0.0,0.1689
57432373,2023-04-26 09:05:52,2023-04-26T09:43:09.000,NYPD,illegal parking,Blocked Bike Lane,11101.0,Closed,6.0,6.0,4.0,2.0,0.0258912037037037,4,10.0,0.35
57429499,2023-04-26 09:05:54,2023-04-26T10:15:14.000,NYPD,encampment,Unknown,10013.0,Closed,4.0,3.0,4.0,2.0,0.0481481481481481,1,3.0,0.1689
57430933,2023-04-26 09:06:08,2023-04-26T15:10:05.000,NYPD,abandoned vehicle,With License Plate,10465.0,Closed,4.0,3.0,4.0,2.0,0.2527430555555555,0,0.0,0.1689
57430157,2023-04-26 09:06:23,2023-04-26T09:42:06.000,NYPD,traffic,Truck Route Violation,11104.0,Closed,4.0,3.0,4.0,2.0,0.0248032407407407,0,0.0,0.1689
57432644,2023-04-26 09:07:10,2023-05-15T08:36:32.000,DPR,dead/dying tree,Planted More Than 2 Years Ago,11226.0,Closed,4.0,3.0,4.0,2.0,18.978726851851853,0,0.0,0.1689
57430708,2023-04-26 09:07:29,2023-04-26T09:31:45.000,NYPD,encampment,Unknown,11220.0,Closed,4.0,3.0,4.0,2.0,0.0168518518518518,0,0.0,0.1689
57424811,2023-04-26 09:07:51,2023-04-26T09:54:42.000,NYPD,illegal parking,Blocked Crosswalk,11234.0,Closed,6.0,6.0,4.0,2.0,0.0325347222222222,1,3.0,0.2208
57428745,2023-04-26 09:08:00,2023-04-27T12:29:00.000,DEP,noise,"Noise, Barking Dog (NR5)",10471.0,Closed,3.0,1.0,3.0,2.0,1.1395833333333334,0,0.0,0.1283
57432670,2023-04-26 09:08:11,2023-04-26T20:32:50.000,HPD,heat/hot water,APARTMENT ONLY,10469.0,Closed,7.0,3.0,4.0,2.0,0.4754513888888889,1,3.0,0.2099
57431631,2023-04-26 09:08:13,2023-05-01T14:24:07.000,HPD,unsanitary condition,PESTS,10031.0,Closed,4.0,3.0,4.0,2.0,5.219375,0,0.0,0.1689
57428937,2023-04-26 09:08:13,2023-05-02T13:45:21.000,HPD,unsanitary condition,PESTS,10031.0,Closed,4.0,3.0,4.0,2.0,6.192453703703704,1,3.0,0.1689
57432007,2023-04-26 09:08:18,2023-05-05T14:19:12.000,DSNY,missed collection,Trash,11355.0,Closed,4.0,3.0,4.0,2.0,9.215902777777778,0,0.0,0.1689
57430286,2023-04-26 09:08:25,2024-09-03T14:23:46.000,HPD,unsanitary condition,GARBAGE/RECYCLING STORAGE,11249.0,Closed,5.0,2.0,5.0,4.0,496.21899305555553,1,3.0,0.4098
57424783,2023-04-26 09:08:56,2023-04-26T09:43:11.000,NYPD,illegal parking,Blocked Bike Lane,11101.0,Closed,6.0,6.0,4.0,2.0,0.0237847222222222,5,10.0,0.35
57430375,2023-04-26 09:09:48,2024-11-12T17:25:30.000,DPR,root/sewer/sidewalk condition,Trees and Sidewalks Program,11434.0,Closed,8.0,4.0,7.0,4.0,566.3442361111111,0,0.0,0.55
57432179,2023-04-26 09:10:05,2023-05-31T15:46:18.000,EDC,noise - helicopter,Other,10011.0,Closed,3.0,1.0,3.0,2.0,35.27515046296296,5,10.0,0.3034
57431929,2023-04-26 09:10:09,2023-04-26T09:43:13.000,NYPD,illegal parking,Blocked Bike Lane,11101.0,Closed,6.0,6.0,4.0,2.0,0.0229629629629629,6,10.0,0.35
57432549,2023-04-26 09:11:00,2023-04-26T10:00:00.000,DEP,water system,Possible Water Main Break (Use Comments) (WA1),11222.0,Closed,9.0,8.0,9.0,7.0,0.0340277777777777,0,0.0,0.7432
57427971,2023-04-26 09:11:02,2023-04-26T09:29:40.000,NYPD,illegal parking,Parking Permit Improper Use,11211.0,Closed,5.0,5.0,4.0,2.0,0.0129398148148148,1,3.0,0.2208
57431913,2023-04-26 09:11:21,2023-04-26T09:43:12.000,NYPD,illegal parking,Blocked Bike Lane,11101.0,Closed,6.0,6.0,4.0,2.0,0.0221180555555555,7,10.0,0.35
57431634,2023-04-26 09:11:56,2023-05-02T10:44:48.000,DOT,sidewalk condition,Sidewalk Violation,11234.0,Closed,5.0,4.0,6.0,4.0,6.064490740740741,0,0.0,0.2133
57425798,2023-04-26 09:11:59,2023-05-05T14:22:22.000,DSNY,missed collection,Trash and Bulky Trash,11357.0,Closed,4.0,3.0,4.0,2.0,9.21554398148148,0,0.0,0.1689
57429170,2023-04-26 09:12:25,2023-04-26T13:05:24.000,NYPD,illegal parking,Blocked Hydrant,11377.0,Closed,6.0,6.0,4.0,2.0,0.1617939814814814,4,10.0,0.35
57430774,2023-04-26 09:12:54,2023-04-26T09:43:15.000,NYPD,illegal parking,Blocked Bike Lane,11101.0,Closed,6.0,6.0,4.0,2.0,0.0210763888888888,8,10.0,0.35
57430122,2023-04-26 09:12:55,2023-05-31T15:11:58.000,EDC,noise - helicopter,Other,10011.0,Closed,3.0,1.0,3.0,2.0,35.249340277777776,6,10.0,0.3034
57430522,2023-04-26 09:12:57,2023-05-02T11:31:50.000,DSNY,dirty condition,Trash,11214.0,Closed,4.0,3.0,4.0,2.0,6.096446759259259,0,0.0,0.1689
57430836,2023-04-26 09:13:41,2023-04-26T15:00:24.000,DOT,street sign - damaged,Street Cleaning - ASP,11239.0,Closed,4.0,3.0,4.0,2.0,0.2407754629629629,0,0.0,0.1689
57429187,2023-04-26 09:13:52,2023-04-26T10:07:49.000,NYPD,blocked driveway,No Access,11206.0,Closed,5.0,6.0,4.0,2.0,0.0374652777777777,1,3.0,0.2133
57428946,2023-04-26 09:14:00,2023-04-26T11:10:00.000,DEP,hazardous materials,Chemical Spill/Release (HA1),11374.0,Closed,9.0,3.0,4.0,2.0,0.0805555555555555,0,0.0,0.3005
57428224,2023-04-26 09:14:19,2023-04-26T09:14:19.000,DOB,general construction/plumbing,Working Contrary To Stop Work Order,10031.0,Closed,4.0,7.0,4.0,2.0,0.0,1,3.0,0.2236
57432660,2023-04-26 09:14:51,2023-05-22T08:45:13.000,HPD,plumbing,WATER SUPPLY,10462.0,Closed,4.0,3.0,9.0,2.0,25.97942129629629,0,0.0,0.1689
57425945,2023-04-26 09:14:58,2023-04-27T14:50:37.000,HPD,heat/hot water,APARTMENT ONLY,10458.0,Closed,7.0,3.0,4.0,2.0,1.2330902777777777,0,0.0,0.2099
57432077,2023-04-26 09:15:00,2023-04-26T22:21:00.000,DSNY,derelict vehicles,Derelict Vehicles,11205.0,Closed,4.0,3.0,4.0,2.0,0.5458333333333333,0,0.0,0.1689
57430653,2023-04-26 09:15:22,2023-04-26T15:43:21.000,DOT,street condition,Plate Condition - Noisy,11235.0,Closed,8.0,7.0,7.0,7.0,0.2694328703703704,0,0.0,0.55
57431746,2023-04-26 09:15:52,2023-05-31T15:46:20.000,EDC,noise - helicopter,Other,11238.0,Closed,3.0,1.0,3.0,2.0,35.27115740740741,10,10.0,0.3034
57431222,2023-04-26 09:15:53,2023-04-26T10:22:48.000,NYPD,illegal parking,Blocked Crosswalk,11221.0,Closed,6.0,6.0,4.0,2.0,0.0464699074074074,0,0.0,0.2208
57427968,2023-04-26 09:16:10,2023-04-26T09:50:17.000,NYPD,illegal parking,Blocked Hydrant,11420.0,Closed,6.0,6.0,4.0,2.0,0.0236921296296296,0,0.0,0.2208
57431864,2023-04-26 09:16:52,2023-04-28T09:08:03.000,DSNY,missed collection,Trash,11433.0,Closed,4.0,3.0,4.0,2.0,1.9938773148148148,0,0.0,0.1689
57431590,2023-04-26 09:17:00,2023-05-05T12:40:00.000,DEP,water system,Leak (Use Comments) (WA2),11357.0,Closed,4.0,3.0,4.0,2.0,9.140972222222222,0,0.0,0.1689
57424290,2023-04-26 09:17:16,2023-04-29T13:59:32.000,DSNY,dead animal,Rat or Mouse,11205.0,Closed,4.0,3.0,4.0,2.0,3.1960185185185184,0,0.0,0.1689
57429826,2023-04-26 09:17:25,2023-04-26T10:43:18.000,NYPD,illegal parking,Paper License Plates,11205.0,Closed,5.0,5.0,4.0,2.0,0.0596412037037037,3,8.0,0.259
57429255,2023-04-26 09:17:28,2023-04-26T10:12:24.000,NYPD,noise - residential,Banging/Pounding,10467.0,Closed,3.0,1.0,3.0,2.0,0.0381481481481481,4,10.0,0.1283
57428712,2023-04-26 09:17:52,2023-04-28T18:12:45.000,HPD,heat/hot water,APARTMENT ONLY,10036.0,Closed,7.0,3.0,4.0,2.0,2.371446759259259,0,0.0,0.2099
57427552,2023-04-26 09:18:00,2023-04-27T11:08:12.000,DCWP,consumer complaint,Tow Truck Company,10473.0,Closed,4.0,3.0,4.0,2.0,1.0765277777777778,0,0.0,0.1689
57429705,2023-04-26 09:18:04,2023-05-08T12:52:19.000,HPD,unsanitary condition,PESTS,10458.0,Closed,4.0,3.0,4.0,2.0,12.148784722222222,1,3.0,0.1689
57427604,2023-04-26 09:18:04,2023-05-08T12:52:19.000,HPD,electric,OUTLET/SWITCH,10458.0,Closed,4.0,3.0,4.0,2.0,12.148784722222222,0,0.0,0.1689
57431250,2023-04-26 09:18:04,2023-05-08T12:52:19.000,HPD,door/window,WINDOW FRAME,10458.0,Closed,4.0,3.0,4.0,2.0,12.148784722222222,0,0.0,0.1689
57427996,2023-04-26 09:18:07,2023-04-26T09:42:51.000,NYPD,illegal parking,Posted Parking Sign Violation,10029.0,Closed,5.0,5.0,4.0,2.0,0.0171759259259259,0,0.0,0.2208
57432336,2023-04-26 09:18:14,2023-05-01T12:02:40.000,DOT,street condition,Line/Marking - Faded,11104.0,Closed,8.0,7.0,7.0,7.0,5.114189814814814,0,0.0,0.55
57428261,2023-04-26 09:19:00,2023-04-26T11:16:11.000,NYPD,illegal parking,Blocked Bike Lane,11201.0,Closed,6.0,6.0,4.0,2.0,0.0813773148148148,1,3.0,0.2208
57428983,2023-04-26 09:19:20,2023-07-20T10:07:00.000,DPR,overgrown tree/branches,Hitting Building,10003.0,Closed,4.0,3.0,4.0,2.0,85.03310185185185,0,0.0,0.1689
57431586,2023-04-26 09:19:28,2023-04-26T09:44:42.000,NYPD,blocked driveway,No Access,11233.0,Closed,5.0,6.0,4.0,2.0,0.0175231481481481,1,3.0,0.2133
57424132,2023-04-26 09:19:45,2023-04-26T10:41:10.000,NYPD,illegal parking,Posted Parking Sign Violation,11368.0,Closed,5.0,5.0,4.0,2.0,0.0565393518518518,1,3.0,0.2208
57429552,2023-04-26 09:19:54,2023-04-26T12:56:52.000,NYPD,illegal parking,Posted Parking Sign Violation,10037.0,Closed,5.0,5.0,4.0,2.0,0.1506712962962963,2,6.0,0.2208
57431694,2023-04-26 09:19:57,2023-04-26T11:06:35.000,NYPD,illegal parking,Blocked Sidewalk,11226.0,Closed,6.0,6.0,6.0,4.0,0.0740509259259259,0,0.0,0.3679
57426538,2023-04-26 09:20:00,2023-04-26T11:30:00.000,DEP,sewer,Sewer Backup (Use Comments) (SA),11385.0,Closed,8.0,3.0,7.0,2.0,0.0902777777777777,0,0.0,0.55
57428552,2023-04-26 09:20:04,2023-05-31T15:46:22.000,EDC,noise - helicopter,Other,11238.0,Closed,3.0,1.0,3.0,2.0,35.26826388888889,11,10.0,0.3034
57427998,2023-04-26 09:20:21,2023-04-26T09:22:25.000,NYPD,traffic,Congestion/Gridlock,10003.0,Closed,4.0,3.0,4.0,2.0,0.0014351851851851,0,0.0,0.1689
57432630,2023-04-26 09:20:21,2023-04-28T00:00:00.000,DOB,investigations and discipline (iad),Investigative Inspection,10306.0,Closed,4.0,3.0,4.0,2.0,1.6108680555555557,0,0.0,0.1689
57430940,2023-04-26 09:20:24,2024-08-04T00:00:00.000,DOB,building/use,SRO - Illegal Work/No Permit/Change In Occupancy/Use,11105.0,Closed,4.0,3.0,4.0,2.0,465.61083333333335,0,0.0,0.1689
57429019,2023-04-26 09:20:25,2023-04-26T22:32:03.000,DHS,homeless person assistance,Unknown,UNKNOWN,Closed,4.0,3.0,4.0,2.0,0.5497453703703704,5,10.0,0.1689
57429689,2023-04-26 09:20:29,2024-11-12T17:25:31.000,DPR,illegal tree damage,Branches Damaged,11378.0,Closed,4.0,3.0,4.0,2.0,566.3368287037038,0,0.0,0.1689
57429484,2023-04-26 09:21:21,2023-04-29T14:57:08.000,DSNY,missed collection,Trash,11203.0,Closed,4.0,3.0,4.0,2.0,3.23318287037037,1,3.0,0.1689
57430487,2023-04-26 09:21:25,2023-04-26T09:47:25.000,NYPD,abandoned vehicle,With License Plate,11203.0,Closed,4.0,3.0,4.0,2.0,0.0180555555555555,0,0.0,0.1689
57428178,2023-04-26 09:22:25,2023-04-26T14:19:33.000,NYPD,non-emergency police matter,Trespassing,10467.0,Closed,5.0,3.0,4.0,2.0,0.2063425925925926,0,0.0,0.2138
57423790,2023-04-26 09:23:00,2023-04-27T09:50:00.000,DEP,sewer,Catch Basin Clogged/Flooding (Use Comments) (SC),11367.0,Closed,8.0,3.0,9.0,9.0,1.01875,0,0.0,0.5798
57428360,2023-04-26 09:24:09,2023-04-26T19:26:37.000,HPD,heat/hot water,ENTIRE BUILDING,11219.0,Closed,7.0,3.0,4.0,2.0,0.4183796296296296,2,6.0,0.2099
57431923,2023-04-26 09:24:25,2023-04-26T10:55:32.000,NYPD,abandoned vehicle,With License Plate,10307.0,Closed,4.0,3.0,4.0,2.0,0.0632754629629629,0,0.0,0.1689
57431715,2023-04-26 09:24:26,2023-04-26T11:50:39.000,NYPD,illegal parking,Blocked Sidewalk,11218.0,Closed,6.0,6.0,6.0,4.0,0.1015393518518518,1,3.0,0.3679
57423450,2023-04-26 09:25:02,2023-04-26T14:29:40.000,NYPD,encampment,Unknown,11373.0,Closed,4.0,3.0,4.0,2.0,0.2115509259259259,0,0.0,0.1689
57429300,2023-04-26 09:25:41,2023-05-06T14:58:41.000,DSNY,sanitation worker or vehicle complaint,Inappropriate Behavior,11434.0,Closed,5.0,2.0,5.0,4.0,10.23125,1,3.0,0.3159
57431552,2023-04-26 09:26:00,2023-04-26T10:09:00.000,DOT,street light condition,Street Light Out,10011.0,Closed,7.0,5.0,6.0,5.0,0.0298611111111111,0,0.0,0.3721
57427792,2023-04-26 09:26:00,2023-04-27T04:15:00.000,DOT,traffic signal condition,Pedestrian Signal,11355.0,Closed,9.0,10.0,8.0,2.0,0.7840277777777778,0,0.0,0.7209
57429522,2023-04-26 09:27:45,2023-04-26T10:28:22.000,NYPD,blocked driveway,No Access,11375.0,Closed,5.0,6.0,4.0,2.0,0.0420949074074074,1,3.0,0.2133
57431684,2023-04-26 09:28:58,2023-05-31T15:12:00.000,EDC,noise - helicopter,Other,10011.0,Closed,3.0,1.0,3.0,2.0,35.23821759259259,7,10.0,0.3034
57429645,2023-04-26 09:29:00,2023-04-26T13:25:00.000,DEP,water system,Dirty Water (WE),11238.0,Closed,4.0,3.0,4.0,2.0,0.1638888888888889,2,6.0,0.1689
57431543,2023-04-26 09:29:38,2023-05-05T15:35:43.000,DPR,dead/dying tree,Planted More Than 2 Years Ago,11215.0,Closed,4.0,3.0,4.0,2.0,9.254224537037038,0,0.0,0.1689
57428762,2023-04-26 09:29:57,2023-04-26T13:11:38.000,NYPD,illegal parking,Unauthorized Bus Layover,10040.0,Closed,5.0,5.0,4.0,2.0,0.1539467592592592,2,6.0,0.2208
57431236,2023-04-26 09:30:08,2023-05-04T13:10:15.000,HPD,paint/plaster,WALL,11372.0,Closed,4.0,3.0,4.0,2.0,8.152858796296297,0,0.0,0.1689
57428305,2023-04-26 09:30:30,2023-04-26T10:44:28.000,NYPD,illegal parking,Blocked Crosswalk,11223.0,Closed,6.0,6.0,4.0,2.0,0.0513657407407407,2,6.0,0.2208
57428474,2023-04-26 09:30:42,2023-05-04T15:30:06.000,HPD,plumbing,BASIN/SINK,10039.0,Closed,4.0,3.0,4.0,2.0,8.249583333333334,0,0.0,0.1689
57430605,2023-04-26 09:30:42,2023-05-04T15:30:06.000,HPD,plumbing,RADIATOR,10039.0,Closed,4.0,3.0,4.0,2.0,8.249583333333334,1,3.0,0.1689
57428660,2023-04-26 09:30:42,2023-05-04T15:30:07.000,HPD,plumbing,BASIN/SINK,10039.0,Closed,4.0,3.0,4.0,2.0,8.249594907407408,2,6.0,0.1689
57431366,2023-04-26 09:30:44,2023-04-26T09:57:46.000,NYPD,non-emergency police matter,Trespassing,10001.0,Closed,5.0,3.0,4.0,2.0,0.0187731481481481,0,0.0,0.2138
57430386,2023-04-26 09:30:45,2023-04-26T09:50:34.000,NYPD,illegal parking,Blocked Crosswalk,11215.0,Closed,6.0,6.0,4.0,2.0,0.013761574074074,0,0.0,0.2208
57432104,2023-04-26 09:31:02,2023-05-04T12:35:15.000,DSNY,missed collection,Trash,10033.0,Closed,4.0,3.0,4.0,2.0,8.12792824074074,0,0.0,0.1689
57427759,2023-04-26 09:31:24,2023-05-04T14:36:17.000,DOT,sidewalk condition,Broken Sidewalk,10025.0,Closed,6.0,4.0,6.0,4.0,8.211724537037037,0,0.0,0.3679
57430603,2023-04-26 09:31:51,2023-04-26T09:59:43.000,NYPD,illegal parking,Blocked Hydrant,11235.0,Closed,6.0,6.0,4.0,2.0,0.0193518518518518,0,0.0,0.2208
57428862,2023-04-26 09:32:00,2023-04-28T10:05:00.000,DSNY,derelict vehicles,Derelict Vehicles,11203.0,Closed,4.0,3.0,4.0,2.0,2.0229166666666667,0,0.0,0.1689
57430318,2023-04-26 09:32:00,2023-05-01T11:46:00.000,DEP,noise,Noise: Construction Equipment (NC1),10030.0,Closed,3.0,7.0,3.0,2.0,5.093055555555556,0,0.0,0.1283
57430244,2023-04-26 09:32:00,2023-04-26T12:25:00.000,DEP,sewer,Sewer Backup (Use Comments) (SA),11102.0,Closed,8.0,3.0,7.0,2.0,0.1201388888888888,0,0.0,0.55
57430296,2023-04-26 09:32:13,2023-05-03T15:03:51.000,DOHMH,rodent,Condition Attracting Rodents,11378.0,Closed,4.0,3.0,4.0,2.0,7.230300925925926,0,0.0,0.1689
57428095,2023-04-26 09:32:25,2023-04-26T09:32:25.000,DOB,boilers,Boiler - Defective/Inoperative/No Permit,10029.0,Closed,4.0,3.0,4.0,2.0,0.0,0,0.0,0.1689
57431453,2023-04-26 09:32:27,2023-04-26T14:24:24.000,DSNY,missed collection,Trash,10471.0,Closed,4.0,3.0,4.0,2.0,0.2027430555555555,0,0.0,0.1689
57430922,2023-04-26 09:33:04,2024-02-12T07:26:58.000,DPR,new tree request,For One Address,10005.0,Closed,4.0,3.0,4.0,2.0,291.91243055555555,0,0.0,0.1689
57428702,2023-04-26 09:33:11,2023-04-27T08:43:43.000,HPD,heat/hot water,APARTMENT ONLY,11435.0,Closed,7.0,3.0,4.0,2.0,0.965648148148148,1,3.0,0.2099
57428575,2023-04-26 09:33:11,2023-04-27T08:43:44.000,HPD,paint/plaster,WALL,11435.0,Closed,4.0,3.0,4.0,2.0,0.9656597222222222,0,0.0,0.1689
57429884,2023-04-26 09:33:27,2023-05-01T09:40:52.000,HPD,paint/plaster,CEILING,10467.0,Closed,4.0,3.0,4.0,2.0,5.005150462962963,2,6.0,0.1689
57429299,2023-04-26 09:34:30,2023-04-28T06:51:20.000,DHS,encampment,Unknown,10002.0,Closed,4.0,3.0,4.0,2.0,1.8866898148148148,1,3.0,0.1689
57429975,2023-04-26 09:34:50,2024-06-04T00:19:14.000,DOHMH,smoking,Smoking Violation,11220.0,Closed,4.0,3.0,4.0,2.0,404.6141666666667,0,0.0,0.1689
57428699,2023-04-26 09:34:59,2023-04-26T10:05:25.000,NYPD,blocked driveway,No Access,11415.0,Closed,5.0,6.0,4.0,2.0,0.0211342592592592,0,0.0,0.2133
57432350,2023-04-26 09:35:00,2023-05-01T17:52:00.000,DEP,noise,Noise: air condition/ventilation equipment (NV1),10005.0,Closed,3.0,1.0,3.0,2.0,5.345138888888889,0,0.0,0.1283
57427691,2023-04-26 09:35:26,2023-05-12T00:00:00.000,DOB,general construction/plumbing,Site Conditions Endangering Workers,10456.0,Closed,4.0,7.0,4.0,2.0,15.60039351851852,0,0.0,0.2549
57432189,2023-04-26 09:36:02,2023-05-05T13:57:56.000,DSNY,missed collection,Bulky Recycling,11358.0,Closed,4.0,3.0,4.0,2.0,9.181875,1,3.0,0.1689
57429809,2023-04-26 09:36:02,2023-05-02T12:15:09.000,DOT,sidewalk condition,Sidewalk Violation,11203.0,Closed,5.0,4.0,6.0,4.0,6.1104976851851855,0,0.0,0.2133
57431995,2023-04-26 09:36:10,2023-04-26T11:53:19.000,NYPD,encampment,Unknown,10019.0,Closed,4.0,3.0,4.0,2.0,0.0952430555555555,1,3.0,0.1689
57427195,2023-04-26 09:36:10,2023-05-15T12:47:13.000,HPD,flooring/stairs,FLOOR,10002.0,Closed,4.0,3.0,4.0,2.0,19.132673611111112,0,0.0,0.1689
57430660,2023-04-26 09:36:10,2023-04-26T16:40:21.000,HPD,heat/hot water,ENTIRE BUILDING,11219.0,Closed,7.0,3.0,4.0,2.0,0.2945717592592592,3,8.0,0.2699
57428437,2023-04-26 09:36:10,2023-04-26T18:45:39.000,DHS,encampment,Unknown,10019.0,Closed,4.0,3.0,4.0,2.0,0.3815856481481481,2,6.0,0.1689
57428878,2023-04-26 09:36:12,2023-05-15T20:54:16.000,HPD,paint/plaster,CEILING,10461.0,Closed,4.0,3.0,4.0,2.0,19.47087962962963,0,0.0,0.1689
57429936,2023-04-26 09:36:15,2023-04-26T10:24:55.000,NYPD,blocked driveway,No Access,11421.0,Closed,5.0,6.0,4.0,2.0,0.0337962962962962,0,0.0,0.2133
57428284,2023-04-26 09:36:34,2023-04-26T10:39:13.000,DSNY,street sweeping complaint,Inadequate Sweeping,11236.0,Closed,4.0,3.0,4.0,2.0,0.0435069444444444,1,3.0,0.1689
57432244,2023-04-26 09:36:38,2023-05-31T15:12:02.000,EDC,noise - helicopter,Other,10011.0,Closed,3.0,1.0,3.0,2.0,35.23291666666667,8,10.0,0.3034
57425445,2023-04-26 09:37:35,2023-04-26T10:18:51.000,NYPD,blocked driveway,No Access,11103.0,Closed,5.0,6.0,4.0,2.0,0.0286574074074074,0,0.0,0.2133
57431411,2023-04-26 09:37:36,2023-04-26T11:18:44.000,DOT,street condition,Blocked - Construction,11226.0,Closed,9.0,8.0,7.0,7.0,0.0702314814814814,0,0.0,0.6399
57428119,2023-04-26 09:37:37,2023-04-26T11:23:01.000,DHS,homeless person assistance,Unknown,10002.0,Closed,4.0,3.0,4.0,2.0,0.0731944444444444,0,0.0,0.1689
57431412,2023-04-26 09:37:54,2023-04-26T09:37:54.000,DOHMH,rodent,Condition Attracting Rodents,10467.0,Closed,4.0,3.0,4.0,2.0,0.0,0,0.0,0.1689
57432192,2023-04-26 09:39:10,2023-05-10T23:40:32.000,HPD,general,BELL/BUZZER/INTERCOM,10029.0,Closed,4.0,3.0,4.0,2.0,14.584282407407407,0,0.0,0.1689
57423824,2023-04-26 09:39:35,2023-04-27T18:47:10.000,HPD,heat/hot water,ENTIRE BUILDING,10031.0,Closed,7.0,3.0,4.0,2.0,1.3802662037037037,1,3.0,0.2158
57428999,2023-04-26 09:39:53,2023-04-26T10:32:33.000,NYPD,noise - residential,Banging/Pounding,10468.0,Closed,3.0,1.0,3.0,2.0,0.036574074074074,1,3.0,0.1283
57431587,2023-04-26 09:40:40,2023-04-26T19:22:25.000,NYPD,blocked driveway,No Access,10467.0,Closed,5.0,6.0,4.0,2.0,0.4039930555555555,1,3.0,0.2133
57432152,2023-04-26 09:40:43,2023-04-26T20:47:29.000,NYPD,illegal parking,Posted Parking Sign Violation,11378.0,Closed,5.0,5.0,4.0,2.0,0.4630324074074074,1,3.0,0.2208
57430223,2023-04-26 09:40:45,2023-04-29T14:51:44.000,DSNY,missed collection,Trash,11217.0,Closed,4.0,3.0,4.0,2.0,3.215960648148148,0,0.0,0.1689
57431124,2023-04-26 09:41:00,2023-04-27T15:04:00.000,DEP,noise,Noise: air condition/ventilation equipment (NV1),11101.0,Closed,3.0,1.0,3.0,2.0,1.2243055555555555,0,0.0,0.1283
57431169,2023-04-26 09:41:00,2023-04-27T23:45:00.000,DEP,noise,Noise: Construction Before/After Hours (NM1),10014.0,Closed,3.0,7.0,3.0,2.0,1.586111111111111,1,3.0,0.1283
57429427,2023-04-26 09:41:13,2023-04-26T09:43:14.000,NYPD,illegal parking,Blocked Bike Lane,11101.0,Closed,6.0,6.0,4.0,2.0,0.0014004629629629,9,10.0,0.35
57429428,2023-04-26 09:41:17,2023-04-26T11:24:54.000,NYPD,blocked driveway,Partial Access,11208.0,Closed,5.0,6.0,4.0,2.0,0.0719560185185185,0,0.0,0.2133
57430438,2023-04-26 09:41:37,2023-04-26T16:32:43.000,NYPD,illegal parking,Blocked Hydrant,11211.0,Closed,6.0,6.0,4.0,2.0,0.2854861111111111,2,6.0,0.2208
57429107,2023-04-26 09:42:08,2023-04-27T14:36:49.000,DOT,street sign - damaged,"No Parking, Standing, Stopping",10028.0,Closed,3.0,5.0,4.0,2.0,1.2046412037037038,0,0.0,0.1283
57427666,2023-04-26 09:42:11,2023-04-26T09:42:11.000,DOHMH,illegal animal kept as pet,Rooster,10465.0,Closed,4.0,3.0,4.0,2.0,0.0,0,0.0,0.1689
57431461,2023-04-26 09:42:32,2023-07-11T14:12:37.000,DOT,street sign - dangling,"No Parking, Standing, Stopping",10314.0,Closed,3.0,5.0,4.0,2.0,76.18755787037037,0,0.0,0.1283
57432510,2023-04-26 09:42:34,2023-05-05T13:06:21.000,DSNY,missed collection,Recycling - Paper/Metal/Glass/Rigid Plastic,11432.0,Closed,4.0,3.0,4.0,2.0,9.141516203703704,0,0.0,0.1689
57430980,2023-04-26 09:43:23,2023-05-31T15:12:03.000,EDC,noise - helicopter,Other,10011.0,Closed,3.0,1.0,3.0,2.0,35.22824074074074,9,10.0,0.3034
57429550,2023-04-26 09:43:37,2023-04-26T15:43:51.000,DOT,sidewalk condition,Blocked - Construction,11226.0,Closed,6.0,8.0,6.0,4.0,0.250162037037037,0,0.0,0.3679
57429646,2023-04-26 09:44:00,2023-04-27T18:00:00.000,DEP,water system,Hydrant Leaking (WC1),10002.0,Closed,4.0,3.0,4.0,2.0,1.3444444444444446,0,0.0,0.1689
57427910,2023-04-26 09:44:21,2023-05-03T12:44:04.000,DSNY,missed collection,Recycling - Paper/Metal/Glass/Rigid Plastic,11214.0,Closed,4.0,3.0,4.0,2.0,7.124803240740741,0,0.0,0.1689
57427763,2023-04-26 09:45:02,2023-04-27T09:32:15.000,DSNY,dirty condition,Trash,11236.0,Closed,4.0,3.0,4.0,2.0,0.9911226851851852,0,0.0,0.1689
57430949,2023-04-26 09:45:19,2023-04-26T16:40:21.000,HPD,heat/hot water,APARTMENT ONLY,11219.0,Closed,7.0,3.0,4.0,2.0,0.2882175925925926,4,10.0,0.35
57425302,2023-04-26 09:45:19,2023-05-14T02:03:34.000,HPD,general,COOKING GAS,11219.0,Closed,4.0,3.0,4.0,2.0,17.67934027777778,1,3.0,0.1689
57430965,2023-04-26 09:45:24,2023-05-31T10:28:53.000,HPD,paint/plaster,WALL,10467.0,Closed,4.0,3.0,4.0,2.0,35.03019675925926,3,8.0,0.2609
57429824,2023-04-26 09:45:24,2023-05-31T10:28:53.000,HPD,paint/plaster,CEILING,10467.0,Closed,4.0,3.0,4.0,2.0,35.03019675925926,4,10.0,0.354
57423456,2023-04-26 09:45:24,2023-05-31T10:28:52.000,HPD,door/window,DOOR,10467.0,Closed,4.0,3.0,4.0,2.0,35.03018518518518,0,0.0,0.1689
57432200,2023-04-26 09:45:25,2023-05-31T10:28:53.000,HPD,appliance,ELECTRIC/GAS RANGE,10467.0,Closed,4.0,3.0,4.0,2.0,35.03018518518518,1,3.0,0.2357
57431206,2023-04-26 09:45:38,2023-04-27T10:05:00.000,DOT,street condition,Pothole,10025.0,Closed,8.0,8.0,8.0,7.0,1.013449074074074,0,0.0,0.5798
57431806,2023-04-26 09:45:45,2023-04-28T13:29:44.000,HPD,heat/hot water,APARTMENT ONLY,10462.0,Closed,7.0,3.0,4.0,2.0,2.1555439814814816,2,6.0,0.3137
57432515,2023-04-26 09:45:51,2023-04-26T11:18:08.000,NYPD,abandoned vehicle,With License Plate,11203.0,Closed,4.0,3.0,4.0,2.0,0.0640856481481481,1,3.0,0.1689
57430817,2023-04-26 09:45:51,2023-04-28T13:53:55.000,DSNY,missed collection,Bulky Recycling,10306.0,Closed,4.0,3.0,4.0,2.0,2.1722685185185187,0,0.0,0.1689
57431826,2023-04-26 09:46:26,2023-05-05T15:36:27.000,DOT,street condition,Failed Street Repair,11413.0,Closed,8.0,7.0,7.0,7.0,9.24306712962963,0,0.0,0.55
57430305,2023-04-26 09:46:27,2024-06-04T00:19:16.000,DOHMH,smoking,Smoking Violation,11415.0,Closed,4.0,3.0,4.0,2.0,404.6061226851852,0,0.0,0.1689
57425731,2023-04-26 09:46:34,2023-05-01T17:11:15.000,HPD,appliance,ELECTRIC/GAS RANGE,10474.0,Closed,4.0,3.0,4.0,2.0,5.30880787037037,0,0.0,0.1689
57432490,2023-04-26 09:46:34,2023-05-01T17:11:16.000,HPD,appliance,REFRIGERATOR,10474.0,Closed,4.0,3.0,4.0,2.0,5.3088194444444445,1,3.0,0.1689
57428908,2023-04-26 09:46:34,2023-05-01T17:11:15.000,HPD,door/window,DOOR,10474.0,Closed,4.0,3.0,4.0,2.0,5.30880787037037,0,0.0,0.1689
57430536,2023-04-26 09:46:41,2023-05-31T15:46:27.000,EDC,noise - helicopter,Other,11414.0,Closed,3.0,1.0,3.0,2.0,35.249837962962964,4,10.0,0.3034
57429932,2023-04-26 09:46:42,2023-04-26T12:00:25.000,NYPD,illegal parking,Blocked Sidewalk,11221.0,Closed,6.0,6.0,6.0,4.0,0.0928587962962963,1,3.0,0.3679
57431593,2023-04-26 09:46:43,2023-04-26T10:01:45.000,NYPD,illegal parking,Posted Parking Sign Violation,11218.0,Closed,5.0,5.0,4.0,2.0,0.0104398148148148,2,6.0,0.2208
57427738,2023-04-26 09:46:44,2023-04-28T14:48:26.000,HPD,heat/hot water,ENTIRE BUILDING,10452.0,Closed,7.0,3.0,4.0,2.0,2.209513888888889,0,0.0,0.2099
57432370,2023-04-26 09:47:00,2023-05-01T15:30:00.000,DEP,air quality,"Air: Dust, Construction/Demolition (AE4)",10014.0,Closed,4.0,7.0,4.0,2.0,5.238194444444445,1,3.0,0.2885
57423215,2023-04-26 09:47:47,2023-04-26T16:46:45.000,NYPD,abandoned vehicle,With License Plate,11426.0,Closed,4.0,3.0,4.0,2.0,0.290949074074074,0,0.0,0.1689
57430648,2023-04-26 09:48:35,2023-04-26T10:00:42.000,NYPD,illegal parking,Blocked Bike Lane,11101.0,Closed,6.0,6.0,4.0,2.0,0.0084143518518518,10,10.0,0.35
57430235,2023-04-26 09:48:49,2024-11-25T12:37:45.000,DPR,maintenance or facility,Structure - Outdoors,11249.0,Closed,4.0,3.0,4.0,2.0,579.1173148148148,0,0.0,0.1689
57430335,2023-04-26 09:49:45,2023-04-26T11:33:07.000,NYPD,animal-abuse,Tortured,10458.0,Closed,4.0,3.0,4.0,2.0,0.0717824074074074,0,0.0,0.1689
57423829,2023-04-26 09:50:05,2023-04-27T07:04:10.000,DPR,dead/dying tree,Planted More Than 2 Years Ago,11375.0,Closed,4.0,3.0,4.0,2.0,0.8847800925925926,0,0.0,0.1689
57429558,2023-04-26 09:50:39,2023-04-26T09:50:39.000,DOHMH,rodent,Rat Sighting,10019.0,Closed,4.0,3.0,4.0,2.0,0.0,0,0.0,0.1689
57427933,2023-04-26 09:51:19,,DPR,dead/dying tree,Planted More Than 2 Years Ago,11367.0,In Progress,4.0,3.0,4.0,2.0,1261.379269012847,0,0.0,0.1689
57431827,2023-04-26 09:51:59,2023-04-26T18:47:17.000,NYPD,animal-abuse,Neglected,10457.0,Closed,4.0,3.0,4.0,2.0,0.3717361111111111,0,0.0,0.1689
57429525,2023-04-26 09:52:08,2023-04-26T12:25:57.000,NYPD,blocked driveway,Partial Access,11219.0,Closed,5.0,6.0,4.0,2.0,0.1068171296296296,0,0.0,0.2133
57431235,2023-04-26 09:52:21,2023-07-17T09:05:19.000,HPD,door/window,DOOR,11212.0,Closed,4.0,3.0,4.0,2.0,81.96733796296296,0,0.0,0.1689
57430618,2023-04-26 09:52:21,2023-07-17T09:05:19.000,HPD,general,BELL/BUZZER/INTERCOM,11212.0,Closed,4.0,3.0,4.0,2.0,81.96733796296296,0,0.0,0.1689
57430056,2023-04-26 09:52:28,2023-04-26T11:56:58.000,HPD,heat/hot water,ENTIRE BUILDING,11235.0,Closed,7.0,3.0,4.0,2.0,0.0864583333333333,1,3.0,0.2099
57428491,2023-04-26 09:53:00,2023-04-27T08:36:00.000,DSNY,derelict vehicles,Derelict Vehicles,11213.0,Closed,4.0,3.0,4.0,2.0,0.9465277777777776,0,0.0,0.1689
57431714,2023-04-26 09:53:06,2023-04-26T10:10:34.000,NYPD,noise - residential,Banging/Pounding,11201.0,Closed,3.0,1.0,3.0,2.0,0.0121296296296296,0,0.0,0.1283
57432094,2023-04-26 09:53:25,2023-04-26T11:26:34.000,NYPD,illegal parking,Blocked Crosswalk,11231.0,Closed,6.0,6.0,4.0,2.0,0.0646875,0,0.0,0.2208
57429559,2023-04-26 09:53:34,2023-04-26T20:50:15.000,NYPD,blocked driveway,Partial Access,11378.0,Closed,5.0,6.0,4.0,2.0,0.4560300925925926,0,0.0,0.2133
57430001,2023-04-26 09:53:35,2023-04-26T09:53:35.000,DOB,real time enforcement,Work Without A Permit - Occupied Multiple Dwelling,11233.0,Closed,4.0,3.0,4.0,2.0,0.0,0,0.0,0.1689
57430596,2023-04-26 09:53:43,2023-04-26T11:16:17.000,NYPD,non-emergency police matter,Trespassing,11209.0,Closed,5.0,3.0,4.0,2.0,0.0573379629629629,0,0.0,0.2138
57425721,2023-04-26 09:53:49,2023-04-27T05:52:50.000,DSNY,dirty condition,Trash,11238.0,Closed,4.0,3.0,4.0,2.0,0.832650462962963,0,0.0,0.1689
57428140,2023-04-26 09:54:09,2023-04-26T19:28:46.000,NYPD,illegal parking,Blocked Hydrant,11354.0,Closed,6.0,6.0,4.0,2.0,0.3990393518518518,0,0.0,0.2208
57427655,2023-04-26 09:54:14,2023-05-03T16:02:04.000,DOT,curb condition,Broken Curb,11238.0,Closed,5.0,4.0,6.0,4.0,7.255439814814815,0,0.0,0.2133
57431101,2023-04-26 09:55:57,2023-04-26T10:10:10.000,NYPD,noise - residential,Banging/Pounding,11201.0,Closed,3.0,1.0,3.0,2.0,0.0098726851851851,1,3.0,0.1283
57431274,2023-04-26 09:56:00,2023-04-27T08:31:00.000,DSNY,derelict vehicles,Derelict Vehicles,11213.0,Closed,4.0,3.0,4.0,2.0,0.9409722222222222,1,3.0,0.1689
57431315,2023-04-26 09:56:04,2023-04-28T14:08:29.000,DSNY,illegal dumping,Removal Request,10310.0,Closed,4.0,3.0,4.0,2.0,2.175289351851852,0,0.0,0.1689
57423431,2023-04-26 09:56:14,2023-04-26T11:20:20.000,NYPD,illegal parking,Posted Parking Sign Violation,10469.0,Closed,5.0,5.0,4.0,2.0,0.0584027777777777,0,0.0,0.2208
57427820,2023-04-26 09:56:20,2023-04-26T10:10:50.000,NYPD,noise - residential,Banging/Pounding,10456.0,Closed,3.0,1.0,3.0,2.0,0.0100694444444444,0,0.0,0.1283
57432206,2023-04-26 09:56:22,2023-04-26T10:00:46.000,NYPD,illegal parking,Blocked Bike Lane,11101.0,Closed,6.0,6.0,4.0,2.0,0.0030555555555555,11,10.0,0.35
57428344,2023-04-26 09:56:23,2023-05-12T16:05:01.000,DSNY,street sweeping complaint,Street Not Swept,10472.0,Closed,4.0,3.0,4.0,2.0,16.25599537037037,0,0.0,0.1689
57432524,2023-04-26 09:56:37,2023-06-20T00:00:00.000,DOB,building/use,Illegal Conversion Of Residential Building/Space,11204.0,Closed,4.0,3.0,4.0,2.0,54.58568287037037,0,0.0,0.1689
57428126,2023-04-26 09:56:40,2023-04-26T11:16:46.000,NYPD,illegal parking,Posted Parking Sign Violation,11415.0,Closed,5.0,5.0,4.0,2.0,0.055625,0,0.0,0.2208
57432097,2023-04-26 09:56:53,2023-05-05T14:35:53.000,DSNY,missed collection,Bulky Trash,11366.0,Closed,4.0,3.0,4.0,2.0,9.19375,1,3.0,0.1689
57430668,2023-04-26 09:57:02,2023-05-05T15:07:49.000,DSNY,missed collection,Bulky Trash,11413.0,Closed,4.0,3.0,4.0,2.0,9.21582175925926,1,3.0,0.1689
57432182,2023-04-26 09:57:25,2023-04-28T05:52:50.000,DSNY,residential disposal complaint,Waste Set Out Too Early or Too Late,10023.0,Closed,5.0,2.0,5.0,4.0,1.830150462962963,0,0.0,0.2208
57425726,2023-04-26 09:57:49,2023-04-26T10:28:10.000,NYPD,noise - residential,Banging/Pounding,10473.0,Closed,3.0,1.0,3.0,2.0,0.0210763888888888,0,0.0,0.1283
57430061,2023-04-26 09:58:00,2023-04-27T08:38:00.000,DSNY,derelict vehicles,Derelict Vehicles,11213.0,Closed,4.0,3.0,4.0,2.0,0.9444444444444444,2,6.0,0.1689
57431594,2023-04-26 09:58:33,2023-04-26T10:16:08.000,TLC,lost property,Electronics/Phones,10036.0,Closed,4.0,3.0,4.0,2.0,0.0122106481481481,0,0.0,0.1689
57431980,2023-04-26 09:58:41,2023-04-26T10:00:39.000,NYPD,illegal parking,Blocked Bike Lane,11101.0,Closed,6.0,6.0,4.0,2.0,0.0013657407407407,12,10.0,0.35
57429459,2023-04-26 09:58:53,2023-04-26T20:50:09.000,NYPD,illegal parking,Paper License Plates,10461.0,Closed,5.0,5.0,4.0,2.0,0.4522685185185185,0,0.0,0.2208
57430390,2023-04-26 09:59:23,2023-04-26T10:38:07.000,NYPD,illegal parking,Posted Parking Sign Violation,11220.0,Closed,5.0,5.0,4.0,2.0,0.0268981481481481,0,0.0,0.2208
57429423,2023-04-26 09:59:37,2023-04-26T09:59:37.000,DOB,real time enforcement,Work Without A Permit - Occupied Multiple Dwelling,10013.0,Closed,4.0,3.0,4.0,2.0,0.0,0,0.0,0.1689
57431316,2023-04-26 10:00:04,2023-04-26T11:19:32.000,NYPD,noise - street/sidewalk,Loud Music/Party,10031.0,Closed,5.0,4.0,6.0,4.0,0.0551851851851851,0,0.0,0.2133
57432079,2023-04-26 10:00:31,2023-05-08T08:30:00.000,DOT,street condition,Pothole,10473.0,Closed,8.0,8.0,8.0,7.0,11.937141203703703,0,0.0,0.5798
57427901,2023-04-26 10:00:43,2023-04-26T10:14:18.000,NYPD,illegal parking,Blocked Sidewalk,11219.0,Closed,6.0,6.0,6.0,4.0,0.0094328703703703,1,3.0,0.3679
57430858,2023-04-26 10:01:04,2025-05-13T16:38:15.000,DPR,new tree request,For One Address,11211.0,Closed,4.0,3.0,4.0,2.0,748.2758217592593,0,0.0,0.1689
57427835,2023-04-26 10:01:08,2023-04-28T14:04:15.000,DSNY,missed collection,Bulky Recycling,10314.0,Closed,4.0,3.0,4.0,2.0,2.1688310185185187,1,3.0,0.1689
57424409,2023-04-26 10:01:13,2023-04-26T12:20:23.000,NYPD,illegal parking,Blocked Sidewalk,11104.0,Closed,6.0,6.0,6.0,4.0,0.0966435185185185,1,3.0,0.3679
57426641,2023-04-26 10:01:28,2023-04-26T10:45:13.000,NYPD,non-emergency police matter,Other (complaint details),11355.0,Closed,5.0,3.0,4.0,2.0,0.0303819444444444,0,0.0,0.2138
57429752,2023-04-26 10:01:40,2023-06-04T12:36:50.000,HPD,plumbing,TOILET,10453.0,Closed,4.0,3.0,4.0,2.0,39.10775462962963,2,6.0,0.2583
57431886,2023-04-26 10:02:02,2023-04-26T10:27:36.000,NYPD,illegal parking,Posted Parking Sign Violation,10303.0,Closed,5.0,5.0,4.0,2.0,0.0177546296296296,1,3.0,0.2208
57429020,2023-04-26 10:02:12,2023-04-26T10:46:33.000,NYPD,noise - residential,Loud Talking,10030.0,Closed,3.0,1.0,3.0,2.0,0.0307986111111111,0,0.0,0.1283
57428519,2023-04-26 10:02:58,2023-05-05T00:00:00.000,DOB,general construction/plumbing,Building Permit - None,11373.0,Closed,4.0,7.0,4.0,2.0,8.581273148148147,0,0.0,0.2236
57432642,2023-04-26 10:03:04,2023-04-26T10:30:18.000,NYPD,non-emergency police matter,Other (complaint details),11375.0,Closed,5.0,3.0,4.0,2.0,0.018912037037037,0,0.0,0.2138
57431393,2023-04-26 10:05:15,2023-05-07T02:02:34.000,HPD,unsanitary condition,MOLD,11212.0,Closed,4.0,3.0,4.0,2.0,10.66480324074074,0,0.0,0.1689
57428345,2023-04-26 10:05:48,2023-04-27T07:12:08.000,DSNY,street sweeping complaint,Inadequate Sweeping,11236.0,Closed,4.0,3.0,4.0,2.0,0.8793981481481481,2,6.0,0.1689
57428719,2023-04-26 10:06:00,2023-04-26T10:06:00.000,DOB,real time enforcement,Work Without A Permit - Occupied Multiple Dwelling,11368.0,Closed,4.0,3.0,4.0,2.0,0.0,0,0.0,0.1689
57430715,2023-04-26 10:06:01,2025-04-09T10:34:27.000,DPR,overgrown tree/branches,Hitting Building,11223.0,Closed,4.0,3.0,4.0,2.0,714.0197453703704,0,0.0,0.1689
57427726,2023-04-26 10:08:00,2023-06-07T13:30:00.000,DEP,water system,Hydrant Defective (WC2),10469.0,Closed,4.0,3.0,4.0,2.0,42.140277777777776,0,0.0,0.1689
57423706,2023-04-26 10:09:08,2023-09-23T18:16:31.000,HPD,paint/plaster,WALL,10467.0,Closed,4.0,3.0,4.0,2.0,150.33846064814816,5,10.0,0.354
57430633,2023-04-26 10:11:44,2023-04-26T10:56:30.000,NYPD,noise - house of worship,Loud Music/Party,11366.0,Closed,3.0,1.0,3.0,2.0,0.0310879629629629,0,0.0,0.1283
57430232,2023-04-26 10:11:51,2023-04-29T13:50:18.000,DSNY,missed collection,Trash,11207.0,Closed,4.0,3.0,4.0,2.0,3.1517013888888887,0,0.0,0.1689
57432440,2023-04-26 10:12:01,2023-04-30T00:00:00.000,DOB,building/use,Illegal Conversion Of Residential Building/Space,10466.0,Assigned,4.0,3.0,4.0,2.0,3.574988425925926,0,0.0,0.1689
57430041,2023-04-26 10:12:02,2023-05-05T15:48:48.000,TLC,for hire vehicle complaint,Driver Complaint - Non Passenger,11101.0,Closed,4.0,3.0,4.0,2.0,9.23386574074074,0,0.0,0.1689
57432139,2023-04-26 10:12:10,2023-09-23T18:16:32.000,HPD,outside building,ROOFING,10467.0,Closed,4.0,3.0,4.0,2.0,150.33636574074075,0,0.0,0.1689
57427684,2023-04-26 10:12:18,2023-05-05T20:14:01.000,HPD,unsanitary condition,MOLD,10029.0,Closed,4.0,3.0,4.0,2.0,9.417858796296295,0,0.0,0.1689
57432055,2023-04-26 10:12:25,2023-04-26T15:42:51.000,HPD,heat/hot water,ENTIRE BUILDING,11233.0,Closed,7.0,3.0,4.0,2.0,0.2294675925925925,0,0.0,0.2099
57429154,2023-04-26 10:12:29,2024-11-12T17:25:32.000,DPR,damaged tree,Tree Trunk Split,11691.0,Closed,4.0,3.0,4.0,2.0,566.3007291666667,0,0.0,0.1689
57431703,2023-04-26 10:12:37,2023-04-26T12:20:33.000,NYPD,illegal parking,Blocked Sidewalk,11104.0,Closed,6.0,6.0,6.0,4.0,0.0888425925925926,2,6.0,0.3679
57432408,2023-04-26 10:12:38,2023-05-07T15:53:59.000,HPD,unsanitary condition,MOLD,10463.0,Closed,4.0,3.0,4.0,2.0,11.237048611111112,0,0.0,0.1689
57430679,2023-04-26 10:12:49,2023-04-26T10:55:48.000,NYPD,noise - residential,Loud Talking,11366.0,Closed,3.0,1.0,3.0,2.0,0.029849537037037,0,0.0,0.1283
57432343,2023-04-26 10:12:53,2023-04-26T16:28:59.000,NYPD,blocked driveway,No Access,11432.0,Closed,5.0,6.0,4.0,2.0,0.2611805555555556,0,0.0,0.2133
57432342,2023-04-26 10:13:11,2023-04-27T08:28:40.000,DOT,street condition,Blocked - Construction,10461.0,Closed,9.0,8.0,7.0,7.0,0.9274189814814816,0,0.0,0.6399
57430781,2023-04-26 10:13:12,2023-04-26T10:30:28.000,NYPD,illegal parking,Posted Parking Sign Violation,11236.0,Closed,5.0,5.0,4.0,2.0,0.0119907407407407,0,0.0,0.2208
57427884,2023-04-26 10:13:32,2023-04-26T20:58:56.000,NYPD,blocked driveway,No Access,10456.0,Closed,5.0,6.0,4.0,2.0,0.4481944444444444,0,0.0,0.2133
57431205,2023-04-26 10:13:52,2023-04-26T10:55:24.000,NYPD,illegal parking,Posted Parking Sign Violation,11366.0,Closed,5.0,5.0,4.0,2.0,0.0288425925925925,0,0.0,0.2208
57427983,2023-04-26 10:14:33,2023-12-20T11:07:10.000,DSNY,graffiti,Graffiti,UNKNOWN,Closed,5.0,3.0,4.0,2.0,238.03653935185184,0,0.0,0.2138
57428502,2023-04-26 10:14:50,2023-05-03T10:27:11.000,DSNY,missed collection,Recycling - Metal/Glass/Rigid Plastic,11230.0,Closed,4.0,3.0,4.0,2.0,7.008576388888889,1,3.0,0.1689
57430037,2023-04-26 10:15:02,2023-05-06T00:00:00.000,DOB,building/use,Illegal Conversion Of Residential Building/Space,11217.0,Closed,4.0,3.0,4.0,2.0,9.57289351851852,0,0.0,0.1689
57429377,2023-04-26 10:15:12,2023-05-31T15:12:05.000,EDC,noise - helicopter,Other,10011.0,Closed,3.0,1.0,3.0,2.0,35.20616898148148,10,10.0,0.3034
57429022,2023-04-26 10:16:07,2023-04-26T12:47:01.000,NYPD,noise - residential,Loud Talking,11234.0,Closed,3.0,1.0,3.0,2.0,0.1047916666666666,0,0.0,0.1283
57431125,2023-04-26 10:16:38,2023-04-26T10:26:43.000,DPR,animal in a park,Dog Off Leash,10065.0,Closed,4.0,3.0,4.0,2.0,0.0070023148148148,0,0.0,0.1689
57430236,2023-04-26 10:16:46,2023-04-26T15:16:46.000,NYPD,illegal parking,Blocked Hydrant,10013.0,Closed,6.0,6.0,4.0,2.0,0.2083333333333333,1,3.0,0.2208
57429397,2023-04-26 10:16:54,2023-05-09T09:28:42.000,DPR,root/sewer/sidewalk condition,Trees and Sidewalks Program,11221.0,Closed,8.0,4.0,7.0,4.0,12.966527777777776,0,0.0,0.55
57428902,2023-04-26 10:17:00,2023-04-27T12:00:00.000,DEP,air quality,"Air: Dust, Construction/Demolition (AE4)",11426.0,Closed,4.0,7.0,4.0,2.0,1.071527777777778,0,0.0,0.2236
57429077,2023-04-26 10:18:23,2023-04-26T12:20:35.000,NYPD,illegal parking,Blocked Sidewalk,11104.0,Closed,6.0,6.0,6.0,4.0,0.0848611111111111,3,8.0,0.4194
57429619,2023-04-26 10:18:58,2023-04-26T14:04:28.000,NYPD,illegal parking,Unauthorized Bus Layover,10007.0,Closed,5.0,5.0,4.0,2.0,0.1565972222222222,1,3.0,0.2208
57429096,2023-04-26 10:19:06,2023-04-26T21:03:28.000,NYPD,illegal parking,Blocked Crosswalk,11379.0,Closed,6.0,6.0,4.0,2.0,0.4474768518518519,6,10.0,0.35
57431201,2023-04-26 10:19:48,2023-04-26T10:53:37.000,NYPD,noise - house of worship,Loud Music/Party,11366.0,Closed,3.0,1.0,3.0,2.0,0.0234837962962962,1,3.0,0.1283
57431989,2023-04-26 10:20:00,2023-04-27T04:15:00.000,DSNY,derelict vehicles,Derelict Vehicles,10465.0,Closed,4.0,3.0,4.0,2.0,0.7465277777777778,0,0.0,0.1689
57432548,2023-04-26 10:20:00,2023-04-26T12:26:00.000,DEP,noise,Noise: Alarms (NR3),11366.0,Closed,3.0,1.0,3.0,2.0,0.0875,0,0.0,0.1283
57429080,2023-04-26 10:20:01,2023-04-26T14:16:28.000,NYPD,illegal parking,Posted Parking Sign Violation,10007.0,Closed,5.0,5.0,4.0,2.0,0.1642013888888888,2,6.0,0.2208
57432074,2023-04-26 10:20:37,2023-04-26T10:23:44.000,NYPD,blocked driveway,No Access,11104.0,Closed,5.0,6.0,4.0,2.0,0.0021643518518518,0,0.0,0.2133
57429573,2023-04-26 10:21:49,2023-04-26T11:05:05.000,DSNY,residential disposal complaint,Waste Set Out Too Early or Too Late,10035.0,Closed,5.0,2.0,5.0,4.0,0.0300462962962962,0,0.0,0.2208
57431875,2023-04-26 10:22:01,2023-05-31T15:12:07.000,EDC,noise - helicopter,Other,10011.0,Closed,3.0,1.0,3.0,2.0,35.201458333333335,11,10.0,0.3034
57426153,2023-04-26 10:23:00,2023-05-01T06:40:00.000,DEP,noise,Noise: Construction Before/After Hours (NM1),11106.0,Closed,3.0,7.0,3.0,2.0,4.845138888888889,2,6.0,0.1283
57432061,2023-04-26 10:23:44,2023-04-26T12:11:25.000,NYPD,blocked driveway,No Access,10452.0,Closed,5.0,6.0,4.0,2.0,0.0747800925925925,0,0.0,0.2133
57429650,2023-04-26 10:24:31,2023-04-26T11:47:01.000,NYPD,illegal parking,Posted Parking Sign Violation,10463.0,Closed,5.0,5.0,4.0,2.0,0.0572916666666666,1,3.0,0.2208
57429978,2023-04-26 10:24:33,2023-04-26T10:51:42.000,NYPD,illegal parking,Posted Parking Sign Violation,11366.0,Closed,5.0,5.0,4.0,2.0,0.0188541666666666,1,3.0,0.2208
57428891,2023-04-26 10:24:41,2023-04-26T17:45:51.000,HPD,heat/hot water,ENTIRE BUILDING,11226.0,Closed,7.0,3.0,4.0,2.0,0.3063657407407407,3,8.0,0.2704
57431025,2023-04-26 10:25:22,2023-05-16T10:25:19.000,DOT,outdoor dining,Site Setup Condition,10009.0,Closed,4.0,3.0,4.0,2.0,19.99996527777778,0,0.0,0.1689
57428658,2023-04-26 10:25:48,2023-04-26T10:51:15.000,NYPD,drug activity,Use Outside,11366.0,Closed,4.0,3.0,4.0,2.0,0.0176736111111111,1,3.0,0.1689
57428765,2023-04-26 10:26:00,2023-04-27T09:48:00.000,DSNY,derelict vehicles,Derelict Vehicles,11206.0,Closed,4.0,3.0,4.0,2.0,0.9736111111111112,0,0.0,0.1689
57428492,2023-04-26 10:26:00,2023-04-27T05:41:00.000,DSNY,derelict vehicles,Derelict Vehicles,10029.0,Closed,4.0,3.0,4.0,2.0,0.8020833333333334,0,0.0,0.1689
57428447,2023-04-26 10:26:47,2023-05-31T15:46:43.000,EDC,noise - helicopter,Other,10023.0,Closed,3.0,1.0,3.0,2.0,35.222175925925924,1,3.0,0.1797
57431834,2023-04-26 10:26:58,2023-04-26T13:03:00.000,NYPD,illegal parking,Paper License Plates,11222.0,Closed,5.0,5.0,4.0,2.0,0.1083564814814814,1,3.0,0.2208
57432296,2023-04-26 10:27:02,2023-04-26T15:10:50.000,NYPD,blocked driveway,No Access,11211.0,Closed,5.0,6.0,4.0,2.0,0.1970833333333333,0,0.0,0.2133
57429155,2023-04-26 10:27:04,2025-01-13T08:59:49.000,DPR,overgrown tree/branches,Blocking Street,11229.0,Closed,4.0,3.0,4.0,2.0,627.9394097222222,0,0.0,0.1689
57425575,2023-04-26 10:27:17,2023-04-26T11:00:59.000,NYPD,noise - residential,Loud Music/Party,11233.0,Closed,3.0,1.0,3.0,2.0,0.0234027777777777,1,3.0,0.1283
57431157,2023-04-26 10:27:26,2023-05-31T15:46:46.000,EDC,noise - helicopter,Other,10023.0,Closed,3.0,1.0,3.0,2.0,35.22175925925926,2,6.0,0.2128
57429520,2023-04-26 10:27:34,2023-04-26T11:10:56.000,NYPD,blocked driveway,No Access,10032.0,Closed,5.0,6.0,4.0,2.0,0.0301157407407407,0,0.0,0.2133
57428469,2023-04-26 10:27:41,2023-05-31T15:46:47.000,EDC,noise - helicopter,Other,10023.0,Closed,3.0,1.0,3.0,2.0,35.22159722222222,3,8.0,0.2199
57429655,2023-04-26 10:27:42,2023-08-10T00:00:00.000,DOB,building/use,Illegal Conversion Of Residential Building/Space,11220.0,Closed,4.0,3.0,4.0,2.0,105.56409722222222,0,0.0,0.1689
57432041,2023-04-26 10:28:44,2023-05-31T15:46:49.000,EDC,noise - helicopter,Other,10023.0,Closed,3.0,1.0,3.0,2.0,35.2208912037037,4,10.0,0.3034
57424831,2023-04-26 10:29:00,2023-04-26T12:37:00.000,DOT,street light condition,Street Light Out,11236.0,Closed,7.0,5.0,6.0,5.0,0.0888888888888888,0,0.0,0.3721
57431145,2023-04-26 10:29:05,2023-04-26T13:08:12.000,NYPD,illegal parking,Blocked Sidewalk,11222.0,Closed,6.0,6.0,6.0,4.0,0.1104976851851851,2,6.0,0.3679
57427741,2023-04-26 10:29:08,2023-05-31T15:46:51.000,EDC,noise - helicopter,Other,10023.0,Closed,3.0,1.0,3.0,2.0,35.22063657407407,5,10.0,0.3034
57429850,2023-04-26 10:29:52,2023-04-26T17:15:30.000,NYPD,abandoned vehicle,With License Plate,10468.0,Closed,4.0,3.0,4.0,2.0,0.2816898148148148,0,0.0,0.1689
57428932,2023-04-26 10:30:25,2024-02-15T08:31:16.000,DPR,new tree request,For One Address,10013.0,Closed,4.0,3.0,4.0,2.0,294.91725694444443,0,0.0,0.1689
57430042,2023-04-26 10:30:38,2023-05-15T20:54:17.000,HPD,paint/plaster,DOOR/FRAME,10461.0,Closed,4.0,3.0,4.0,2.0,19.43309027777778,1,3.0,0.1689
57428821,2023-04-26 10:30:44,2023-05-01T16:03:42.000,HPD,unsanitary condition,MOLD,10460.0,Closed,4.0,3.0,4.0,2.0,5.231226851851852,0,0.0,0.1689
57432317,2023-04-26 10:32:09,2023-04-29T14:57:13.000,DSNY,missed collection,Compost,11238.0,Closed,4.0,3.0,4.0,2.0,3.1840740740740743,1,3.0,0.1689
57428358,2023-04-26 10:32:19,2023-04-26T13:08:40.000,NYPD,illegal parking,Posted Parking Sign Violation,11222.0,Closed,5.0,5.0,4.0,2.0,0.1085763888888888,3,8.0,0.2604
57427818,2023-04-26 10:32:52,2023-04-26T10:57:17.000,NYPD,illegal parking,Blocked Hydrant,10029.0,Closed,6.0,6.0,4.0,2.0,0.0169560185185185,1,3.0,0.2208
57431770,2023-04-26 10:33:17,2023-04-26T12:20:36.000,NYPD,illegal parking,Blocked Sidewalk,11104.0,Closed,6.0,6.0,6.0,4.0,0.0745254629629629,4,10.0,0.469
57429898,2023-04-26 10:33:36,2023-04-27T14:12:11.000,HPD,general,CABINET,10011.0,Closed,4.0,3.0,4.0,2.0,1.1517939814814817,0,0.0,0.1689
57429179,2023-04-26 10:33:36,2023-04-27T14:12:11.000,HPD,paint/plaster,WALL,10011.0,Closed,4.0,3.0,4.0,2.0,1.1517939814814817,0,0.0,0.1689
57429683,2023-04-26 10:33:36,2023-04-27T14:12:11.000,HPD,plumbing,BATHTUB/SHOWER,10011.0,Closed,4.0,3.0,4.0,2.0,1.1517939814814817,0,0.0,0.1689
57428872,2023-04-26 10:33:40,2023-05-15T20:54:17.000,HPD,paint/plaster,DOOR/FRAME,10461.0,Closed,4.0,3.0,4.0,2.0,19.430983796296296,2,6.0,0.2086
57428929,2023-04-26 10:33:42,2023-05-05T21:04:17.000,HPD,electric,OUTLET/SWITCH,10463.0,Closed,4.0,3.0,4.0,2.0,9.437905092592592,0,0.0,0.1689
57431532,2023-04-26 10:33:45,2023-04-26T13:27:32.000,HPD,heat/hot water,APARTMENT ONLY,11230.0,Closed,7.0,3.0,4.0,2.0,0.1206828703703703,1,3.0,0.2099
57431123,2023-04-26 10:33:59,2023-04-26T12:16:56.000,NYPD,blocked driveway,No Access,11101.0,Closed,5.0,6.0,4.0,2.0,0.0714930555555555,1,3.0,0.2133
57429592,2023-04-26 10:34:08,2023-05-10T14:29:32.000,DSNY,missed collection,Recycling - Paper,10014.0,Closed,4.0,3.0,4.0,2.0,14.163472222222222,0,0.0,0.1689
57431585,2023-04-26 10:34:39,2023-05-03T09:15:18.000,DSNY,missed collection,Trash,11219.0,Closed,4.0,3.0,4.0,2.0,6.944895833333334,2,6.0,0.1689
57424161,2023-04-26 10:35:21,2023-04-26T11:22:36.000,NYPD,non-emergency police matter,Trespassing,10002.0,Closed,5.0,3.0,4.0,2.0,0.0328125,0,0.0,0.2138
57429188,2023-04-26 10:35:29,2023-04-26T10:48:11.000,NYPD,drug activity,Use Outside,11366.0,Closed,4.0,3.0,4.0,2.0,0.0088194444444444,2,6.0,0.1689
57430131,2023-04-26 10:36:07,2023-05-31T15:46:53.000,EDC,noise - helicopter,Other,10028.0,Closed,3.0,1.0,3.0,2.0,35.215810185185184,7,10.0,0.3034
57429867,2023-04-26 10:36:08,2023-06-20T07:03:02.000,TLC,for hire vehicle complaint,Driver Complaint - Non Passenger,10010.0,Closed,4.0,3.0,4.0,2.0,54.85201388888889,0,0.0,0.1689
57428717,2023-04-26 10:36:39,2023-04-27T06:33:59.000,HPD,heat/hot water,APARTMENT ONLY,10468.0,Closed,7.0,3.0,4.0,2.0,0.8314814814814815,1,3.0,0.2099
57429866,2023-04-26 10:36:41,2023-05-01T15:18:29.000,HPD,electric,NO LIGHTING,10469.0,Closed,4.0,3.0,4.0,2.0,5.195694444444444,2,6.0,0.1689
57428536,2023-04-26 10:36:41,2023-05-01T15:18:29.000,HPD,plumbing,WATER SUPPLY,10469.0,Closed,4.0,3.0,9.0,2.0,5.195694444444444,0,0.0,0.1689
57429868,2023-04-26 10:36:56,2023-06-22T11:12:48.000,TLC,for hire vehicle complaint,Driver Complaint - Non Passenger,10010.0,Closed,4.0,3.0,4.0,2.0,57.024907407407404,1,3.0,0.2357
57427705,2023-04-26 10:36:59,2023-04-28T12:48:04.000,DSNY,dirty condition,Trash,10463.0,Closed,4.0,3.0,4.0,2.0,2.0910300925925926,0,0.0,0.1689
57423305,2023-04-26 10:37:05,2023-04-29T14:56:53.000,DSNY,missed collection,Trash,11203.0,Closed,4.0,3.0,4.0,2.0,3.1804166666666664,2,6.0,0.1689
57428855,2023-04-26 10:38:00,2023-04-27T05:00:00.000,DEP,water system,Hydrant Leaking (WC1),11217.0,Closed,4.0,3.0,4.0,2.0,0.7652777777777777,0,0.0,0.1689
57428850,2023-04-26 10:38:00,2023-06-21T08:28:00.000,DEP,air quality,"Air: Dust, Construction/Demolition (AE4)",10455.0,Closed,4.0,7.0,4.0,2.0,55.90972222222222,0,0.0,0.3225
57430825,2023-04-26 10:38:28,2023-04-26T10:47:28.000,NYPD,illegal parking,Posted Parking Sign Violation,10035.0,Closed,5.0,5.0,4.0,2.0,0.00625,0,0.0,0.2208
57429659,2023-04-26 10:39:10,2023-04-26T10:48:00.000,NYPD,illegal parking,Posted Parking Sign Violation,10035.0,Closed,5.0,5.0,4.0,2.0,0.0061342592592592,1,3.0,0.2208
57430376,2023-04-26 10:39:55,2023-04-28T12:27:05.000,DSNY,missed collection,Trash,11418.0,Closed,4.0,3.0,4.0,2.0,2.0744212962962965,0,0.0,0.1689
57428664,2023-04-26 10:40:00,2023-05-13T16:16:50.000,DSNY,litter basket complaint,Overflowing,10010.0,Closed,4.0,2.0,5.0,2.0,17.233912037037037,0,0.0,0.1689
57428646,2023-04-26 10:40:08,2023-06-26T00:00:00.000,DOB,general construction/plumbing,Curb Cut/Driveway/Carport - Illegal,10456.0,Closed,4.0,7.0,6.0,4.0,60.55546296296296,1,3.0,0.3855
57429595,2023-04-26 10:40:26,2023-04-26T16:32:03.000,NYPD,non-emergency police matter,Trespassing,11206.0,Closed,5.0,3.0,4.0,2.0,0.2441782407407407,0,0.0,0.2138
57425763,2023-04-26 10:40:42,2023-04-26T14:48:12.000,NYPD,illegal parking,Blocked Bike Lane,10026.0,Closed,6.0,6.0,4.0,2.0,0.171875,0,0.0,0.2208
57428800,2023-04-26 10:41:10,2023-04-26T10:51:47.000,NYPD,drug activity,Use Outside,10019.0,Closed,4.0,3.0,4.0,2.0,0.0073726851851851,0,0.0,0.1689
57428889,2023-04-26 10:41:22,2023-06-13T09:39:44.000,TLC,for hire vehicle complaint,Driver Complaint - Non Passenger,10026.0,Closed,4.0,3.0,4.0,2.0,47.95719907407408,2,6.0,0.2583
57429169,2023-04-26 10:41:51,2023-04-29T14:55:43.000,DSNY,residential disposal complaint,Waste Left in Front of Other Residence,11211.0,Closed,5.0,2.0,5.0,4.0,3.176296296296296,0,0.0,0.2208
57431894,2023-04-26 10:42:05,2023-04-26T15:01:42.000,NYPD,illegal parking,Posted Parking Sign Violation,11366.0,Closed,5.0,5.0,4.0,2.0,0.1802893518518518,2,6.0,0.2208
57430853,2023-04-26 10:42:10,2023-04-29T14:48:23.000,DSNY,missed collection,Compost,11222.0,Closed,4.0,3.0,4.0,2.0,3.170983796296296,0,0.0,0.1689
57428730,2023-04-26 10:42:17,2023-05-01T07:14:01.000,DSNY,sanitation worker or vehicle complaint,Spilled Garbage,11216.0,Closed,5.0,2.0,5.0,4.0,4.855370370370371,0,0.0,0.2208
57426437,2023-04-26 10:42:23,2023-06-13T09:46:11.000,TLC,for hire vehicle complaint,Driver Complaint - Non Passenger,10024.0,Closed,4.0,3.0,4.0,2.0,47.96097222222223,0,0.0,0.1689
57427553,2023-04-26 10:42:43,2023-05-15T20:54:18.000,HPD,paint/plaster,DOOR/FRAME,10461.0,Closed,4.0,3.0,4.0,2.0,19.42471064814815,3,8.0,0.2609
57427863,2023-04-26 10:42:50,2023-04-26T18:51:28.000,NYPD,illegal parking,Blocked Crosswalk,11222.0,Closed,6.0,6.0,4.0,2.0,0.3393287037037037,4,10.0,0.35
57427709,2023-04-26 10:44:00,2023-04-28T15:45:00.000,DEP,noise,Noise: Construction Equipment (NC1),10010.0,Closed,3.0,7.0,3.0,2.0,2.2090277777777776,2,6.0,0.1283
57430579,2023-04-26 10:44:00,2023-04-28T14:51:00.000,DOT,street light condition,Street Light Out,10023.0,Closed,7.0,5.0,6.0,5.0,2.171527777777778,0,0.0,0.3721
57429571,2023-04-26 10:44:55,2023-04-26T11:56:47.000,NYPD,blocked driveway,No Access,11375.0,Closed,5.0,6.0,4.0,2.0,0.0499074074074074,2,6.0,0.2133
57428216,2023-04-26 10:45:38,2023-04-26T11:23:18.000,NYPD,abandoned vehicle,With License Plate,11417.0,Closed,4.0,3.0,4.0,2.0,0.0261574074074074,1,3.0,0.1689
57429594,2023-04-26 10:45:43,2023-04-26T11:53:45.000,NYPD,animal-abuse,Tortured,11413.0,Closed,4.0,3.0,4.0,2.0,0.0472453703703703,0,0.0,0.1689
57429739,2023-04-26 10:45:45,2023-04-26T11:32:13.000,NYPD,noise - residential,Banging/Pounding,10463.0,Closed,3.0,1.0,3.0,2.0,0.0322685185185185,0,0.0,0.1283
57428222,2023-04-26 10:46:16,2023-05-05T12:43:38.000,DOT,street sign - damaged,Bus Stop,11361.0,Closed,4.0,3.0,4.0,2.0,9.08150462962963,0,0.0,0.1689
57431623,2023-04-26 10:46:37,2023-06-18T18:07:17.000,HPD,general,CABINET,11226.0,Closed,4.0,3.0,4.0,2.0,53.30601851851852,0,0.0,0.1689
57432572,2023-04-26 10:46:37,2023-06-18T18:07:17.000,HPD,paint/plaster,WALL,11226.0,Closed,4.0,3.0,4.0,2.0,53.30601851851852,0,0.0,0.1689
57428440,2023-04-26 10:46:37,2023-04-26T12:50:55.000,NYPD,illegal parking,Blocked Sidewalk,11210.0,Closed,6.0,6.0,6.0,4.0,0.0863194444444444,2,6.0,0.3679
57431550,2023-04-26 10:46:49,2023-04-26T17:04:07.000,HPD,heat/hot water,ENTIRE BUILDING,10468.0,Closed,7.0,3.0,4.0,2.0,0.2620138888888889,2,6.0,0.2099
57428042,2023-04-26 10:46:58,2023-04-26T12:43:35.000,DPR,animal in a park,Wildlife Sighting,10468.0,Closed,4.0,3.0,4.0,2.0,0.0809837962962962,0,0.0,0.1689
57431977,2023-04-26 10:47:00,2023-04-27T12:30:00.000,DEP,sewer,Catch Basin Clogged/Flooding (Use Comments) (SC),11423.0,Closed,8.0,3.0,9.0,9.0,1.071527777777778,1,3.0,0.5798
57424711,2023-04-26 10:47:15,2023-04-27T12:22:23.000,HPD,heat/hot water,APARTMENT ONLY,10452.0,Closed,7.0,3.0,4.0,2.0,1.0660648148148149,1,3.0,0.2099
57431135,2023-04-26 10:48:00,2023-04-28T11:27:00.000,DSNY,derelict vehicles,Derelict Vehicles,11433.0,Closed,4.0,3.0,4.0,2.0,2.027083333333333,0,0.0,0.1689
57429354,2023-04-26 10:48:19,2023-04-26T11:54:43.000,NYPD,blocked driveway,No Access,11416.0,Closed,5.0,6.0,4.0,2.0,0.0461111111111111,1,3.0,0.2133
57430555,2023-04-26 10:48:46,2023-05-07T19:32:51.000,HPD,paint/plaster,WALL,10458.0,Closed,4.0,3.0,4.0,2.0,11.363946759259258,3,8.0,0.2563
57429599,2023-04-26 10:48:50,,DPR,overgrown tree/branches,Hitting Phone/Cable Lines,11211.0,In Progress,4.0,3.0,4.0,2.0,1261.3393439735532,0,0.0,0.1689
57428631,2023-04-26 10:49:31,,DPR,overgrown tree/branches,Hitting Building,11369.0,In Progress,4.0,3.0,4.0,2.0,1261.338856982604,0,0.0,0.1689
57429524,2023-04-26 10:49:36,2023-05-30T19:48:02.000,HPD,unsanitary condition,MOLD,10468.0,Closed,4.0,3.0,4.0,2.0,34.37391203703704,0,0.0,0.1689
57429406,2023-04-26 10:49:51,2023-09-25T00:00:00.000,DOB,building/use,Illegal Conversion Of Residential Building/Space,11385.0,Closed,4.0,3.0,4.0,2.0,151.54871527777777,0,0.0,0.1689
57432494,2023-04-26 10:49:59,2023-04-26T12:05:58.000,NYPD,blocked driveway,No Access,11372.0,Closed,5.0,6.0,4.0,2.0,0.0527662037037037,0,0.0,0.2133
57427159,2023-04-26 10:50:00,2023-05-01T04:15:00.000,DSNY,derelict vehicles,Derelict Vehicles,10023.0,Closed,4.0,3.0,4.0,2.0,4.725694444444445,0,0.0,0.1689
57432063,2023-04-26 10:50:23,2023-04-26T10:53:19.000,NYPD,illegal parking,Blocked Sidewalk,10019.0,Closed,6.0,6.0,6.0,4.0,0.002037037037037,1,3.0,0.3679
57431099,2023-04-26 10:50:29,2023-04-26T16:46:53.000,NYPD,illegal parking,Posted Parking Sign Violation,11363.0,Closed,5.0,5.0,4.0,2.0,0.2475,0,0.0,0.2208
57430995,2023-04-26 10:51:05,2023-05-09T15:51:03.000,DPR,maintenance or facility,Snow or Ice,11216.0,Closed,4.0,3.0,4.0,2.0,13.208310185185184,1,3.0,0.1689
57424546,2023-04-26 10:51:44,2023-04-29T14:49:28.000,DSNY,missed collection,Recycling - Paper,11216.0,Closed,4.0,3.0,4.0,2.0,3.165092592592593,0,0.0,0.1689
57430331,2023-04-26 10:51:46,2023-05-03T12:50:44.000,DSNY,missed collection,Bulky Trash,11224.0,Closed,4.0,3.0,4.0,2.0,7.08261574074074,0,0.0,0.1689
57428068,2023-04-26 10:52:32,2023-05-31T15:46:59.000,EDC,noise - helicopter,Other,10023.0,Closed,3.0,1.0,3.0,2.0,35.204479166666665,6,10.0,0.3034
57432634,2023-04-26 10:52:52,2023-04-26T10:52:52.000,DOB,general construction/plumbing,Wall/Retaining Wall - Bulging/Cracked,11435.0,Open,4.0,7.0,4.0,2.0,0.0,0,0.0,0.2236
57432371,2023-04-26 10:53:00,2023-04-27T06:10:00.000,DEP,water system,Dirty Water (WE),11235.0,Closed,4.0,3.0,4.0,2.0,0.8034722222222223,0,0.0,0.1689
57428787,2023-04-26 10:53:00,2023-04-26T12:25:00.000,DEP,sewer,Sewer Backup (Use Comments) (SA),10458.0,Closed,8.0,3.0,7.0,2.0,0.0638888888888888,0,0.0,0.55
57428785,2023-04-26 10:53:11,2023-04-26T14:41:04.000,HPD,heat/hot water,ENTIRE BUILDING,10468.0,Closed,7.0,3.0,4.0,2.0,0.1582523148148148,3,8.0,0.2654
57432101,2023-04-26 10:53:50,2023-05-31T15:47:01.000,EDC,noise - helicopter,Other,10023.0,Closed,3.0,1.0,3.0,2.0,35.20359953703704,7,10.0,0.3034
57429381,2023-04-26 10:54:30,2023-05-31T15:47:04.000,EDC,noise - helicopter,Other,10023.0,Closed,3.0,1.0,3.0,2.0,35.2031712962963,8,10.0,0.3034
57423017,2023-04-26 10:55:12,2023-05-31T15:47:07.000,EDC,noise - helicopter,Other,10023.0,Closed,3.0,1.0,3.0,2.0,35.202719907407406,9,10.0,0.3034
57425415,2023-04-26 10:56:06,2023-04-28T13:58:10.000,DSNY,missed collection,Bulky Trash,10306.0,Closed,4.0,3.0,4.0,2.0,2.1264351851851853,1,3.0,0.1689
57430827,2023-04-26 10:56:36,2023-04-26T22:31:33.000,DHS,homeless person assistance,Unknown,10014.0,Closed,4.0,3.0,4.0,2.0,0.4826041666666666,0,0.0,0.1689
57432493,2023-04-26 10:56:56,2023-04-27T12:10:00.000,DOT,street condition,Pothole,10011.0,Closed,8.0,8.0,8.0,7.0,1.0507407407407408,0,0.0,0.5798
57431907,2023-04-26 10:56:58,2023-04-26T12:36:27.000,NYPD,abandoned vehicle,With License Plate,11234.0,Closed,4.0,3.0,4.0,2.0,0.0690856481481481,0,0.0,0.1689
57430173,2023-04-26 10:57:07,2023-04-26T22:40:30.000,NYPD,illegal parking,Parking Permit Improper Use,10470.0,Closed,5.0,5.0,4.0,2.0,0.4884606481481481,1,3.0,0.2208
57427829,2023-04-26 10:57:40,2023-04-26T11:22:01.000,DPR,dead/dying tree,Planted More Than 2 Years Ago,10463.0,Closed,4.0,3.0,4.0,2.0,0.0169097222222222,0,0.0,0.1689
57428913,2023-04-26 10:57:52,2023-05-14T17:30:20.000,HPD,unsanitary condition,MOLD,10303.0,Closed,4.0,3.0,4.0,2.0,18.27254629629629,0,0.0,0.1689
57428141,2023-04-26 10:58:21,2023-05-31T15:12:10.000,EDC,noise - helicopter,Other,10011.0,Closed,3.0,1.0,3.0,2.0,35.17626157407408,12,10.0,0.3034
57432102,2023-04-26 10:58:52,2023-04-29T14:53:13.000,DSNY,missed collection,Trash,11222.0,Closed,4.0,3.0,4.0,2.0,3.162743055555556,1,3.0,0.1689
57428648,2023-04-26 10:59:20,2023-04-26T10:59:20.000,DOHMH,unsanitary animal pvt property,Other Animal,11218.0,Closed,4.0,3.0,4.0,2.0,0.0,0,0.0,0.1689
57427605,2023-04-26 10:59:25,2023-05-14T11:36:46.000,HPD,unsanitary condition,MOLD,10452.0,Closed,4.0,3.0,4.0,2.0,18.0259375,2,6.0,0.1888
57428296,2023-04-26 10:59:25,2023-05-14T11:36:47.000,HPD,water leak,SLOW LEAK,10452.0,Closed,8.0,3.0,4.0,7.0,18.02594907407408,0,0.0,0.2851
57429917,2023-04-26 10:59:33,2023-06-05T08:35:10.000,HPD,unsanitary condition,PESTS,10463.0,Closed,4.0,3.0,4.0,2.0,39.899733796296296,1,3.0,0.2357
57431706,2023-04-26 10:59:40,2023-04-26T18:52:02.000,NYPD,abandoned vehicle,With License Plate,10455.0,Closed,4.0,3.0,4.0,2.0,0.3280324074074074,0,0.0,0.1689
57431376,2023-04-26 10:59:44,2023-04-27T10:15:00.000,DSNY,dirty condition,Trash,11234.0,Closed,4.0,3.0,4.0,2.0,0.9689351851851852,0,0.0,0.1689
57429014,2023-04-26 10:59:48,2023-04-26T10:59:48.000,DOHMH,rodent,Rat Sighting,10452.0,Closed,4.0,3.0,4.0,2.0,0.0,1,3.0,0.1689
57431459,2023-04-26 11:00:04,2023-05-31T15:47:09.000,EDC,noise - helicopter,Other,10016.0,Closed,3.0,1.0,3.0,2.0,35.199363425925924,1,3.0,0.1797
57431614,2023-04-26 11:00:11,2023-04-27T15:39:43.000,HPD,paint/plaster,WALL,11209.0,Closed,4.0,3.0,4.0,2.0,1.1941203703703704,0,0.0,0.1689
57430914,2023-04-26 11:00:11,2023-04-27T15:39:44.000,HPD,plumbing,WATER SUPPLY,11209.0,Closed,4.0,3.0,9.0,2.0,1.1941319444444445,0,0.0,0.1689
57423645,2023-04-26 11:00:11,2023-04-27T15:39:43.000,HPD,paint/plaster,WALL,11209.0,Closed,4.0,3.0,4.0,2.0,1.1941203703703704,1,3.0,0.1689
57432364,2023-04-26 11:00:11,2023-04-27T15:39:44.000,HPD,paint/plaster,CEILING,11209.0,Closed,4.0,3.0,4.0,2.0,1.1941319444444445,2,6.0,0.1689
57430205,2023-04-26 11:00:26,2024-03-06T08:02:07.000,DPR,new tree request,For One Address,11221.0,Closed,4.0,3.0,4.0,2.0,314.8761689814815,0,0.0,0.1689
57431922,2023-04-26 11:00:35,2023-05-03T08:42:53.000,DSNY,missed collection,Bulky Recycling,11229.0,Closed,4.0,3.0,4.0,2.0,6.904375,0,0.0,0.1689
57429563,2023-04-26 11:00:49,2023-06-06T06:20:34.000,HPD,appliance,ELECTRIC/GAS RANGE,10457.0,Closed,4.0,3.0,4.0,2.0,40.80538194444444,0,0.0,0.1689
57431690,2023-04-26 11:00:58,2023-04-26T12:38:28.000,NYPD,abandoned vehicle,With License Plate,11234.0,Closed,4.0,3.0,4.0,2.0,0.0677083333333333,1,3.0,0.1689
57431645,2023-04-26 11:01:00,2023-04-26T11:40:00.000,DOT,traffic signal condition,Controller,11235.0,Closed,9.0,10.0,8.0,2.0,0.0270833333333333,0,0.0,0.7209
57428647,2023-04-26 11:01:54,2023-09-25T00:00:00.000,DOB,building/use,Illegal Conversion Of Residential Building/Space,11385.0,Closed,4.0,3.0,4.0,2.0,151.5403472222222,1,3.0,0.2357
57429635,2023-04-26 11:02:00,2023-04-26T12:40:00.000,DEP,sewer,Sewer Backup (Use Comments) (SA),10303.0,Closed,8.0,3.0,7.0,2.0,0.0680555555555555,0,0.0,0.55
57430729,2023-04-26 11:02:27,2023-05-04T10:36:39.000,DPR,overgrown tree/branches,Hitting Building,10014.0,Closed,4.0,3.0,4.0,2.0,7.982083333333334,0,0.0,0.1689
57427834,2023-04-26 11:02:28,2023-05-01T13:21:54.000,DSNY,illegal dumping,Removal Request,10305.0,Closed,4.0,3.0,4.0,2.0,5.096828703703704,0,0.0,0.1689
57428566,2023-04-26 11:02:50,2023-04-26T12:41:16.000,NYPD,abandoned vehicle,With License Plate,11234.0,Closed,4.0,3.0,4.0,2.0,0.0683564814814814,2,6.0,0.1689
57428348,2023-04-26 11:03:00,2023-04-26T21:14:00.000,DSNY,derelict vehicles,Derelict Vehicles,10466.0,Closed,4.0,3.0,4.0,2.0,0.4243055555555555,0,0.0,0.1689
57428167,2023-04-26 11:03:22,2023-04-26T14:12:41.000,NYPD,illegal parking,Blocked Sidewalk,11101.0,Closed,6.0,6.0,6.0,4.0,0.1314699074074074,13,10.0,0.469
57430661,2023-04-26 11:04:28,2023-05-03T09:39:59.000,DSNY,missed collection,Trash,11219.0,Closed,4.0,3.0,4.0,2.0,6.941331018518518,3,8.0,0.1708
57429052,2023-04-26 11:04:50,2023-06-15T09:23:23.000,HPD,unsanitary condition,PESTS,10452.0,Closed,4.0,3.0,4.0,2.0,49.92954861111111,3,8.0,0.2609
57429370,2023-04-26 11:05:58,2023-04-26T16:07:31.000,NYPD,noise - residential,Loud Music/Party,11237.0,Closed,3.0,1.0,3.0,2.0,0.2094097222222222,0,0.0,0.1283
57427720,2023-04-26 11:06:07,2023-04-26T12:58:10.000,DSNY,vendor enforcement,Non-Food Vendor,11372.0,Closed,4.0,3.0,4.0,2.0,0.0778125,0,0.0,0.1689
57426522,2023-04-26 11:06:08,2023-04-27T11:08:12.000,DCWP,consumer complaint,Bodega/Deli/Supermarket,10032.0,Closed,4.0,3.0,4.0,2.0,1.0014351851851853,0,0.0,0.1689
57428606,2023-04-26 11:06:43,2023-04-26T11:25:56.000,NYPD,noise - residential,Loud Talking,11366.0,Closed,3.0,1.0,3.0,2.0,0.0133449074074074,1,3.0,0.1283
57428103,2023-04-26 11:07:02,2023-04-26T11:56:25.000,NYPD,noise - residential,Loud Music/Party,11212.0,Closed,3.0,1.0,3.0,2.0,0.0342939814814814,1,3.0,0.1283
57432348,2023-04-26 11:07:06,2023-04-26T19:36:20.000,DHS,encampment,Unknown,11419.0,Closed,4.0,3.0,4.0,2.0,0.3536342592592592,0,0.0,0.1689
57427980,2023-04-26 11:07:30,2023-04-26T12:09:51.000,NYPD,illegal parking,Posted Parking Sign Violation,10021.0,Closed,5.0,5.0,4.0,2.0,0.0432986111111111,0,0.0,0.2208
57427611,2023-04-26 11:08:01,2023-04-27T00:00:00.000,DOB,general construction/plumbing,Building Shaking/Vibrating/Structural Stability,11420.0,Closed,4.0,7.0,4.0,2.0,0.536099537037037,0,0.0,0.2236
57428847,2023-04-26 11:08:54,2023-04-26T11:25:37.000,NYPD,illegal parking,Posted Parking Sign Violation,11366.0,Closed,5.0,5.0,4.0,2.0,0.0116087962962962,3,8.0,0.2577
57430593,2023-04-26 11:09:28,2023-05-05T14:19:53.000,DSNY,missed collection,Bulky Trash,11356.0,Closed,4.0,3.0,4.0,2.0,9.132233796296296,0,0.0,0.1689
57428984,2023-04-26 11:10:04,2023-04-26T13:09:18.000,NYPD,illegal parking,Blocked Sidewalk,10021.0,Closed,6.0,6.0,6.0,4.0,0.0828009259259259,1,3.0,0.3679
57428145,2023-04-26 11:10:10,2023-05-04T00:00:00.000,DSNY,graffiti,Graffiti,10468.0,Closed,5.0,3.0,4.0,2.0,7.5346064814814815,0,0.0,0.2138
57432488,2023-04-26 11:10:17,2023-04-26T12:02:58.000,NYPD,illegal parking,Blocked Sidewalk,11101.0,Closed,6.0,6.0,6.0,4.0,0.0365856481481481,14,10.0,0.469
57432229,2023-04-26 11:10:18,2023-06-08T10:16:40.000,HPD,flooring/stairs,FLOOR,11224.0,Closed,4.0,3.0,4.0,2.0,42.96275462962963,0,0.0,0.1689
57430527,2023-04-26 11:10:22,2023-04-26T12:34:09.000,NYPD,illegal parking,Blocked Sidewalk,11215.0,Closed,6.0,6.0,6.0,4.0,0.0581828703703703,1,3.0,0.3679
57428171,2023-04-26 11:10:24,2023-05-10T14:53:26.000,DSNY,litter basket request,Replacement Basket,11201.0,Closed,4.0,2.0,5.0,2.0,14.15488425925926,0,0.0,0.1689
57426041,2023-04-26 11:11:01,2023-04-27T00:00:00.000,DOB,elevator,Elevator - Single Device On Property/No Alternate Service,11235.0,Closed,4.0,3.0,4.0,2.0,0.5340162037037037,1,3.0,0.1689
57425803,2023-04-26 11:11:06,2023-04-27T08:29:20.000,DOT,street condition,Defective Hardware,10465.0,Closed,8.0,7.0,7.0,7.0,0.887662037037037,1,3.0,0.55
57431023,2023-04-26 11:11:10,2023-04-26T16:29:15.000,NYPD,illegal parking,Posted Parking Sign Violation,11206.0,Closed,5.0,5.0,4.0,2.0,0.2208912037037037,0,0.0,0.2208
57427905,2023-04-26 11:11:56,2023-04-26T12:33:33.000,NYPD,illegal parking,Blocked Sidewalk,11215.0,Closed,6.0,6.0,6.0,4.0,0.0566782407407407,2,6.0,0.3679
57430449,2023-04-26 11:12:02,2023-04-28T08:29:49.000,DSNY,dead animal,Cat,11228.0,Closed,4.0,3.0,4.0,2.0,1.887349537037037,0,0.0,0.1689
57429820,2023-04-26 11:12:34,2023-05-10T14:53:43.000,DSNY,litter basket request,Replacement Basket,11217.0,Closed,4.0,2.0,5.0,2.0,14.153576388888888,0,0.0,0.1689
57428392,2023-04-26 11:12:51,2023-04-26T11:35:46.000,NYPD,noise - street/sidewalk,Loud Talking,11420.0,Closed,5.0,4.0,6.0,4.0,0.0159143518518518,0,0.0,0.2133
57423177,2023-04-26 11:12:53,2023-04-26T19:26:37.000,HPD,heat/hot water,ENTIRE BUILDING,11218.0,Closed,7.0,3.0,4.0,2.0,0.3428703703703704,1,3.0,0.2099
57428328,2023-04-26 11:12:56,2023-05-13T13:20:53.000,HPD,plumbing,BATHTUB/SHOWER,11212.0,Closed,4.0,3.0,4.0,2.0,17.088854166666668,0,0.0,0.1689
57428487,2023-04-26 11:12:56,2023-05-13T13:20:53.000,HPD,paint/plaster,WALL,11212.0,Closed,4.0,3.0,4.0,2.0,17.088854166666668,0,0.0,0.1689
57429399,2023-04-26 11:12:56,2023-05-13T13:20:54.000,HPD,unsanitary condition,PESTS,11212.0,Closed,4.0,3.0,4.0,2.0,17.08886574074074,1,3.0,0.1689
57430743,2023-04-26 11:13:03,2023-08-16T20:45:14.000,HPD,unsanitary condition,PESTS,10452.0,Closed,4.0,3.0,4.0,2.0,112.39734953703704,4,10.0,0.354
57431267,2023-04-26 11:14:00,2023-05-11T12:15:00.000,DEP,noise,"Noise, Barking Dog (NR5)",10128.0,Closed,3.0,1.0,3.0,2.0,15.042361111111113,1,3.0,0.1283
57429319,2023-04-26 11:14:25,2023-04-26T11:59:27.000,NYPD,noise - residential,Banging/Pounding,11226.0,Closed,3.0,1.0,3.0,2.0,0.0312731481481481,2,6.0,0.1283
57428994,2023-04-26 11:14:55,2023-04-27T01:20:31.000,NYPD,illegal parking,Blocked Hydrant,10457.0,Closed,6.0,6.0,4.0,2.0,0.5872222222222222,1,3.0,0.2208
57432457,2023-04-26 11:14:59,2023-07-11T15:26:51.000,TLC,taxi complaint,Driver Complaint - Passenger,10014.0,Closed,4.0,3.0,4.0,2.0,76.1749074074074,0,0.0,0.1689
57429343,2023-04-26 11:15:26,2023-04-26T11:57:35.000,NYPD,noise - residential,Loud Talking,11231.0,Closed,3.0,1.0,3.0,2.0,0.0292708333333333,0,0.0,0.1283
57431399,2023-04-26 11:15:40,2023-04-26T12:18:10.000,NYPD,illegal parking,Posted Parking Sign Violation,11101.0,Closed,5.0,5.0,4.0,2.0,0.0434027777777777,15,10.0,0.35
57430111,2023-04-26 11:15:53,2023-04-26T15:04:41.000,HPD,heat/hot water,APARTMENT ONLY,11233.0,Closed,7.0,3.0,4.0,2.0,0.1588888888888888,1,3.0,0.2099
57428860,2023-04-26 11:16:06,2023-05-12T15:07:54.000,HPD,unsanitary condition,MOLD,10466.0,Closed,4.0,3.0,4.0,2.0,16.160972222222224,0,0.0,0.1689
57427806,2023-04-26 11:16:11,2023-04-27T04:55:59.000,DSNY,dirty condition,Trash,11230.0,Closed,4.0,3.0,4.0,2.0,0.7359722222222222,0,0.0,0.1689
57424880,2023-04-26 11:16:23,2023-04-26T21:12:10.000,HPD,heat/hot water,ENTIRE BUILDING,10027.0,Closed,7.0,3.0,4.0,2.0,0.4137384259259259,1,3.0,0.2099
57428823,2023-04-26 11:17:00,2023-04-27T05:45:00.000,DEP,water system,Dirty Water (WE),11235.0,Closed,4.0,3.0,4.0,2.0,0.7694444444444445,1,3.0,0.1689
57429584,2023-04-26 11:17:28,2023-04-26T18:53:06.000,NYPD,noise - residential,Banging/Pounding,10467.0,Closed,3.0,1.0,3.0,2.0,0.316412037037037,5,10.0,0.1283
57426310,2023-04-26 11:18:17,2023-04-28T05:22:12.000,DSNY,residential disposal complaint,Waste Set Out Too Early or Too Late,10035.0,Closed,5.0,2.0,5.0,4.0,1.7527199074074074,1,3.0,0.2775
57431231,2023-04-26 11:19:18,2025-05-13T16:38:17.000,DPR,new tree request,For One Address,11214.0,Closed,4.0,3.0,4.0,2.0,748.2215162037037,0,0.0,0.1689
57431019,2023-04-26 11:19:24,2023-04-27T08:55:51.000,HPD,heat/hot water,ENTIRE BUILDING,10469.0,Closed,7.0,3.0,4.0,2.0,0.9003125,2,6.0,0.2127
57429001,2023-04-26 11:19:26,2023-05-16T07:12:37.000,HPD,unsanitary condition,MOLD,10466.0,Closed,4.0,3.0,4.0,2.0,19.82859953703704,1,3.0,0.1689
57432546,2023-04-26 11:19:27,2023-05-25T13:59:25.000,HPD,appliance,ELECTRIC/GAS RANGE,10024.0,Closed,4.0,3.0,4.0,2.0,29.11108796296296,0,0.0,0.1689
57430184,2023-04-26 11:19:29,2023-05-09T14:04:01.000,HPD,unsanitary condition,PESTS,11230.0,Closed,4.0,3.0,4.0,2.0,13.11425925925926,0,0.0,0.1689
57425017,2023-04-26 11:20:00,2023-04-26T12:26:00.000,DEP,air quality,"Air: Smoke, Vehicular (AA4)",11366.0,Closed,4.0,3.0,4.0,2.0,0.0458333333333333,1,3.0,0.1689
57432474,2023-04-26 11:20:04,2023-04-26T11:24:43.000,NYPD,noise - vehicle,Car/Truck Music,11366.0,Closed,3.0,1.0,3.0,2.0,0.0032291666666666,1,3.0,0.1283
57430970,2023-04-26 11:22:25,2023-05-26T09:09:37.000,HPD,water leak,HEAVY FLOW,10466.0,Closed,8.0,3.0,4.0,7.0,29.907777777777778,1,3.0,0.4094
57429352,2023-04-26 11:22:25,2023-04-26T18:49:10.000,NYPD,blocked driveway,No Access,10454.0,Closed,5.0,6.0,4.0,2.0,0.3102430555555555,0,0.0,0.2133
57432741,2023-04-26 11:22:26,2023-04-29T19:12:45.000,HPD,general,COOKING GAS,10027.0,Closed,4.0,3.0,4.0,2.0,3.326608796296296,0,0.0,0.1689
57430004,2023-04-26 11:22:27,2023-04-26T11:24:27.000,NYPD,drug activity,Use Outside,11366.0,Closed,4.0,3.0,4.0,2.0,0.0013888888888888,3,8.0,0.1689
57430143,2023-04-26 11:23:07,2023-07-31T20:14:00.000,HPD,flooring/stairs,FLOOR,10472.0,Closed,4.0,3.0,4.0,2.0,96.36866898148148,0,0.0,0.1689
57428620,2023-04-26 11:23:07,2023-07-31T20:14:02.000,HPD,appliance,REFRIGERATOR,10472.0,Closed,4.0,3.0,4.0,2.0,96.36869212962964,0,0.0,0.1689
57430410,2023-04-26 11:23:38,2023-04-26T12:06:52.000,NYPD,noise - residential,Banging/Pounding,11235.0,Closed,3.0,1.0,3.0,2.0,0.0300231481481481,0,0.0,0.1283
57430674,2023-04-26 11:23:43,2023-05-02T12:01:32.000,DOT,sidewalk condition,Sidewalk Violation,11216.0,Closed,5.0,4.0,6.0,4.0,6.026261574074074,0,0.0,0.2133
57428214,2023-04-26 11:25:45,2023-05-07T18:03:54.000,HPD,general,JANITOR/SUPER,10031.0,Closed,4.0,3.0,4.0,2.0,11.276493055555555,0,0.0,0.1689
57429996,2023-04-26 11:26:11,2023-05-18T10:18:28.000,DOT,curb condition,Defacement,10469.0,Closed,4.0,4.0,6.0,4.0,21.95297453703704,0,0.0,0.3225
57429674,2023-04-26 11:27:25,2023-04-26T19:41:53.000,NYPD,abandoned vehicle,With License Plate,11106.0,Closed,4.0,3.0,4.0,2.0,0.3433796296296296,0,0.0,0.1689
57431469,2023-04-26 11:28:50,2023-05-05T21:05:58.000,HPD,unsanitary condition,MOLD,11207.0,Closed,4.0,3.0,4.0,2.0,9.400787037037038,0,0.0,0.1689
57426917,2023-04-26 11:28:50,2023-05-05T21:05:58.000,HPD,paint/plaster,CEILING,11207.0,Closed,4.0,3.0,4.0,2.0,9.400787037037038,0,0.0,0.1689
57427728,2023-04-26 11:29:00,2023-04-26T20:20:00.000,DEP,water system,Leak (Use Comments) (WA2),11106.0,Closed,4.0,3.0,4.0,2.0,0.36875,0,0.0,0.1689
57428753,2023-04-26 11:29:01,2023-06-26T17:10:58.000,HPD,electric,OUTLET/SWITCH,10453.0,Closed,4.0,3.0,4.0,2.0,61.23746527777778,0,0.0,0.1689
57432381,2023-04-26 11:29:05,2024-04-09T00:00:00.000,DOB,building/use,SRO - Illegal Work/No Permit/Change In Occupancy/Use,11417.0,Closed,4.0,3.0,4.0,2.0,348.5214699074074,0,0.0,0.1689
57430217,2023-04-26 11:29:11,2023-05-03T09:43:47.000,HPD,flooring/stairs,FLOOR,10027.0,Closed,4.0,3.0,4.0,2.0,6.926805555555555,0,0.0,0.1689
57428692,2023-04-26 11:29:22,2023-09-26T00:00:00.000,DOB,building/use,No Certificate Of Occupancy/Illegal/Contrary To CO,11220.0,Closed,4.0,3.0,4.0,2.0,152.52127314814814,1,3.0,0.2357
57426349,2023-04-26 11:29:37,2023-05-02T04:56:48.000,DSNY,dirty condition,Trash,10014.0,Closed,4.0,3.0,4.0,2.0,5.727210648148148,0,0.0,0.1689
57423400,2023-04-26 11:29:51,2023-04-26T13:35:40.000,NYPD,illegal parking,Blocked Sidewalk,11370.0,Closed,6.0,6.0,6.0,4.0,0.0873726851851851,0,0.0,0.3679
57423664,2023-04-26 11:29:56,2023-04-26T13:28:58.000,NYPD,blocked driveway,No Access,11239.0,Closed,5.0,6.0,4.0,2.0,0.082662037037037,0,0.0,0.2133
57430725,2023-04-26 11:30:46,2023-04-26T11:31:40.000,NYPD,drug activity,Use Outside,11366.0,Closed,4.0,3.0,4.0,2.0,0.000625,4,10.0,0.1689
57427646,2023-04-26 11:31:23,2023-04-26T12:40:25.000,NYPD,illegal parking,Unauthorized Bus Layover,10019.0,Closed,5.0,5.0,4.0,2.0,0.0479398148148148,2,6.0,0.2208
57427733,2023-04-26 11:31:46,2023-04-27T10:07:00.000,DOT,street condition,Pothole,11215.0,Closed,8.0,8.0,8.0,7.0,0.9411342592592592,0,0.0,0.5798
57427696,2023-04-26 11:31:49,2023-04-26T11:59:58.000,NYPD,illegal parking,Double Parked Blocking Vehicle,10029.0,Closed,5.0,5.0,4.0,2.0,0.0195486111111111,2,6.0,0.2208
57429463,2023-04-26 11:31:50,2023-04-28T13:37:29.000,HPD,paint/plaster,WALL,10463.0,Closed,4.0,3.0,4.0,2.0,2.0872569444444444,0,0.0,0.1689
57430178,2023-04-26 11:31:50,2023-04-28T13:37:29.000,HPD,unsanitary condition,MOLD,10463.0,Closed,4.0,3.0,4.0,2.0,2.0872569444444444,2,6.0,0.1689
57430299,2023-04-26 11:31:56,2023-10-16T10:09:59.000,DPR,new tree request,For One Address,10021.0,Closed,4.0,3.0,4.0,2.0,172.94309027777777,1,3.0,0.2357
57429114,2023-04-26 11:32:08,2023-04-27T16:22:25.000,HPD,heat/hot water,APARTMENT ONLY,10468.0,Closed,7.0,3.0,4.0,2.0,1.2015856481481482,4,10.0,0.35
57430764,2023-04-26 11:32:26,2023-05-10T08:30:17.000,HPD,electric,LIGHTING,11379.0,Closed,4.0,3.0,4.0,2.0,13.873506944444443,0,0.0,0.1689
57427962,2023-04-26 11:33:07,2023-05-02T10:29:05.000,DOT,sidewalk condition,Sidewalk Violation,11370.0,Closed,5.0,4.0,6.0,4.0,5.955532407407407,0,0.0,0.2133
57429562,2023-04-26 11:33:27,2023-04-26T12:59:49.000,NYPD,blocked driveway,No Access,11225.0,Closed,5.0,6.0,4.0,2.0,0.0599768518518518,0,0.0,0.2133
57426206,2023-04-26 11:34:25,2023-04-26T11:36:17.000,NYPD,illegal parking,Parking Permit Improper Use,11365.0,Closed,5.0,5.0,4.0,2.0,0.0012962962962962,0,0.0,0.2208
57431380,2023-04-26 11:34:31,2023-04-26T14:20:04.000,NYPD,blocked driveway,No Access,11106.0,Closed,5.0,6.0,4.0,2.0,0.1149652777777777,2,6.0,0.2133
57431185,2023-04-26 11:34:48,2023-04-28T18:33:20.000,HPD,unsanitary condition,MOLD,10009.0,Closed,4.0,3.0,4.0,2.0,2.290648148148148,0,0.0,0.1689
57431704,2023-04-26 11:34:49,2023-05-05T12:59:48.000,HPD,paint/plaster,WALL,10032.0,Closed,4.0,3.0,4.0,2.0,9.059016203703704,0,0.0,0.1689
57431969,2023-04-26 11:34:49,2023-05-05T12:59:49.000,HPD,unsanitary condition,PESTS,10032.0,Closed,4.0,3.0,4.0,2.0,9.05902777777778,0,0.0,0.1689
57427561,2023-04-26 11:34:49,2023-05-05T12:59:49.000,HPD,unsanitary condition,MOLD,10032.0,Closed,4.0,3.0,4.0,2.0,9.05902777777778,1,3.0,0.1689
57429060,2023-04-26 11:34:49,2023-05-05T12:59:48.000,HPD,door/window,WINDOW FRAME,10032.0,Closed,4.0,3.0,4.0,2.0,9.059016203703704,0,0.0,0.1689
57432158,2023-04-26 11:34:50,2023-05-02T16:32:38.000,HPD,water leak,DAMP SPOT,11368.0,Closed,8.0,3.0,4.0,7.0,6.206805555555556,1,3.0,0.2872
57432731,2023-04-26 11:35:00,2023-05-03T14:45:00.000,DEP,hazardous materials,Chemical Odor (HD1),11105.0,Closed,9.0,3.0,4.0,2.0,7.131944444444445,0,0.0,0.3005
57430524,2023-04-26 11:35:02,2023-05-19T16:07:07.000,HPD,unsanitary condition,PESTS,10458.0,Closed,4.0,3.0,4.0,2.0,23.18894675925926,2,6.0,0.2568
57432537,2023-04-26 11:35:11,2023-04-26T14:17:47.000,NYPD,blocked driveway,No Access,11218.0,Closed,5.0,6.0,4.0,2.0,0.1129166666666666,0,0.0,0.2133
57432141,2023-04-26 11:36:41,2024-06-04T00:19:11.000,DOHMH,smoking,Smoking Violation,11237.0,Closed,4.0,3.0,4.0,2.0,404.5295138888889,0,0.0,0.1689
57426561,2023-04-26 11:38:05,2023-05-26T13:55:38.000,HPD,flooring/stairs,FLOOR,10452.0,Closed,4.0,3.0,4.0,2.0,30.09552083333333,1,3.0,0.2357
57431646,2023-04-26 11:38:18,2023-04-26T13:58:03.000,NYPD,illegal parking,Blocked Sidewalk,11356.0,Closed,6.0,6.0,6.0,4.0,0.0970486111111111,1,3.0,0.3679
57430548,2023-04-26 11:39:35,2023-04-26T22:15:30.000,NYPD,abandoned vehicle,With License Plate,10453.0,Closed,4.0,3.0,4.0,2.0,0.4416087962962963,1,3.0,0.1689
57427669,2023-04-26 11:41:00,2023-05-03T14:30:00.000,DEP,water system,Leak (Use Comments) (WA2),10467.0,Closed,4.0,3.0,4.0,2.0,7.117361111111111,0,0.0,0.1689
57431034,2023-04-26 11:41:12,2023-07-17T12:16:12.000,HPD,plumbing,BASIN/SINK,11212.0,Closed,4.0,3.0,4.0,2.0,82.02430555555556,1,3.0,0.2357
57428274,2023-04-26 11:41:15,2023-05-03T19:29:02.000,HPD,plumbing,TOILET,11237.0,Closed,4.0,3.0,4.0,2.0,7.324849537037037,1,3.0,0.1689
57427795,2023-04-26 11:41:20,2023-05-22T08:45:43.000,HPD,unsanitary condition,PESTS,11226.0,Closed,4.0,3.0,4.0,2.0,25.878043981481483,1,3.0,0.2357
57431116,2023-04-26 11:42:26,2023-04-26T12:30:08.000,NYPD,illegal parking,Blocked Crosswalk,11205.0,Closed,6.0,6.0,4.0,2.0,0.033125,4,10.0,0.35
57427267,2023-04-26 11:43:32,2023-04-26T14:10:46.000,NYPD,blocked driveway,No Access,11219.0,Closed,5.0,6.0,4.0,2.0,0.1022453703703703,1,3.0,0.2133
57428881,2023-04-26 11:43:58,2025-05-13T16:38:17.000,DPR,new tree request,For One Address,10021.0,Closed,4.0,3.0,4.0,2.0,748.2043865740741,2,6.0,0.2583
57431556,2023-04-26 11:44:06,2023-05-22T15:29:36.000,HPD,unsanitary condition,MOLD,10309.0,Closed,4.0,3.0,4.0,2.0,26.15659722222222,0,0.0,0.1689
57430311,2023-04-26 11:44:26,2023-04-26T13:06:31.000,NYPD,noise - street/sidewalk,Loud Music/Party,10468.0,Closed,5.0,4.0,6.0,4.0,0.0570023148148148,0,0.0,0.2133
57424127,2023-04-26 11:45:00,2023-04-26T13:35:00.000,DOT,traffic signal condition,Controller,10451.0,Closed,9.0,10.0,8.0,2.0,0.0763888888888889,0,0.0,0.7209
57430117,2023-04-26 11:45:09,2023-05-05T16:02:12.000,HPD,appliance,ELECTRIC/GAS RANGE,10011.0,Closed,4.0,3.0,4.0,2.0,9.178506944444443,0,0.0,0.1689
57432284,2023-04-26 11:45:16,2023-07-11T13:51:36.000,DPR,illegal tree damage,Branches Damaged,10021.0,Closed,4.0,3.0,4.0,2.0,76.08773148148148,0,0.0,0.1689
57428935,2023-04-26 11:45:43,2023-04-26T13:07:25.000,NYPD,panhandling,Unknown,UNKNOWN,Closed,4.0,3.0,4.0,2.0,0.0567361111111111,1,3.0,0.1689
57431007,2023-04-26 11:46:06,2023-04-26T19:29:45.000,HPD,paint/plaster,DOOR/FRAME,11221.0,Closed,4.0,3.0,4.0,2.0,0.3219791666666666,0,0.0,0.1689
57430234,2023-04-26 11:46:06,2023-04-26T19:29:45.000,HPD,paint/plaster,WALL,11221.0,Closed,4.0,3.0,4.0,2.0,0.3219791666666666,1,3.0,0.1689
57426193,2023-04-26 11:47:15,2023-04-26T14:52:07.000,NYPD,blocked driveway,No Access,11368.0,Closed,5.0,6.0,4.0,2.0,0.1283796296296296,1,3.0,0.2133
57427654,2023-04-26 11:47:39,2023-04-26T12:07:51.000,NYPD,noise - street/sidewalk,Loud Music/Party,11101.0,Closed,5.0,4.0,6.0,4.0,0.0140277777777777,0,0.0,0.2133
57430195,2023-04-26 11:49:00,2023-04-26T12:20:00.000,DOT,traffic signal condition,Ped Multiple Lamps,10027.0,Closed,9.0,10.0,8.0,2.0,0.0215277777777777,0,0.0,0.7209
57429904,2023-04-26 11:49:30,2023-05-04T13:07:53.000,HPD,paint/plaster,CEILING,10030.0,Closed,4.0,3.0,4.0,2.0,8.05443287037037,0,0.0,0.1689
57428350,2023-04-26 11:49:34,,DOHMH,mobile food vendor,Smoke/Odor,10019.0,In Progress,4.0,3.0,4.0,2.0,1261.297199364456,0,0.0,0.1689
57428764,2023-04-26 11:49:36,2024-04-08T11:48:49.000,DPR,dead/dying tree,Planted More Than 2 Years Ago,11422.0,Closed,4.0,3.0,4.0,2.0,347.9994560185185,0,0.0,0.1689
57430290,2023-04-26 11:50:00,2023-04-26T12:05:00.000,DEP,water system,Leak (Use Comments) (WA2),10002.0,Closed,4.0,3.0,4.0,2.0,0.0104166666666666,1,3.0,0.1689
57431265,2023-04-26 11:50:13,2023-09-13T15:05:39.000,DOT,street sign - damaged,Other/Unknown,11373.0,Closed,4.0,3.0,4.0,2.0,140.13571759259258,0,0.0,0.1689
57431567,2023-04-26 11:50:30,2023-05-04T00:00:00.000,DOB,boilers,Boiler - Defective/Inoperative/No Permit,10462.0,Closed,4.0,3.0,4.0,2.0,7.506597222222222,0,0.0,0.1689
57430658,2023-04-26 11:50:56,2023-04-26T13:04:04.000,NYPD,illegal parking,Posted Parking Sign Violation,11215.0,Closed,5.0,5.0,4.0,2.0,0.050787037037037,3,8.0,0.2588
57431936,2023-04-26 11:52:10,2023-04-26T18:26:04.000,HPD,heat/hot water,ENTIRE BUILDING,10462.0,Closed,7.0,3.0,4.0,2.0,0.2735416666666667,3,8.0,0.2692
57430011,2023-04-26 11:52:30,2023-06-21T11:26:55.000,DPR,damaged tree,Tree Alive - in Poor Condition,10021.0,Closed,4.0,3.0,4.0,2.0,55.9822337962963,0,0.0,0.1689
57431508,2023-04-26 11:53:51,2025-05-13T16:38:17.000,DPR,new tree request,For One Address,10021.0,Closed,4.0,3.0,4.0,2.0,748.1975231481481,3,8.0,0.2609
57431576,2023-04-26 11:54:10,2025-05-13T16:38:17.000,DPR,new tree request,For One Address,11229.0,Closed,4.0,3.0,4.0,2.0,748.1973032407408,0,0.0,0.1689
57432120,2023-04-26 11:54:16,2023-04-26T15:20:17.000,NYPD,illegal parking,Blocked Hydrant,11102.0,Closed,6.0,6.0,4.0,2.0,0.1430671296296296,1,3.0,0.2208
57432338,2023-04-26 11:54:37,2023-04-27T13:05:33.000,DCWP,consumer complaint,Car Wash,11373.0,Closed,4.0,3.0,4.0,2.0,1.0492592592592591,0,0.0,0.1689
57430740,2023-04-26 11:54:55,2023-04-26T12:43:58.000,NYPD,blocked driveway,No Access,11203.0,Closed,5.0,6.0,4.0,2.0,0.0340625,1,3.0,0.2133
57429252,2023-04-26 11:55:12,2023-04-26T19:36:33.000,HPD,heat/hot water,ENTIRE BUILDING,10456.0,Closed,7.0,3.0,4.0,2.0,0.3203819444444444,1,3.0,0.2099
57428808,2023-04-26 11:56:00,2023-04-26T16:00:00.000,DEP,hazardous materials,"Oil Spill On Street, Large (HQL)",10039.0,Closed,9.0,3.0,4.0,2.0,0.1694444444444444,0,0.0,0.3005
57432544,2023-04-26 11:56:48,2023-05-12T14:52:59.000,DOT,curb condition,Broken Curb,10021.0,Closed,5.0,4.0,6.0,4.0,16.12234953703704,0,0.0,0.2579
57432391,2023-04-26 11:56:56,2023-06-01T14:29:27.000,DPR,root/sewer/sidewalk condition,Trees and Sidewalks Program,11103.0,Closed,8.0,4.0,7.0,4.0,36.10591435185185,0,0.0,0.55
57432559,2023-04-26 11:57:17,2023-04-26T12:37:39.000,NYPD,illegal parking,Posted Parking Sign Violation,11232.0,Closed,5.0,5.0,4.0,2.0,0.0280324074074074,0,0.0,0.2208
57427572,2023-04-26 11:57:25,2023-04-26T13:35:26.000,NYPD,noise - street/sidewalk,Loud Music/Party,10025.0,Closed,5.0,4.0,6.0,4.0,0.0680671296296296,0,0.0,0.2133
57431452,2023-04-26 11:58:08,2023-04-27T11:38:17.000,DCWP,consumer complaint,Tow Truck Company,11234.0,Closed,4.0,3.0,4.0,2.0,0.9862152777777776,0,0.0,0.1689
57427712,2023-04-26 11:58:10,2023-06-20T12:07:31.000,HPD,plumbing,WATER SUPPLY,11201.0,Closed,4.0,3.0,9.0,2.0,55.00649305555555,0,0.0,0.1689
57428480,2023-04-26 11:58:13,2023-04-26T20:02:17.000,NYPD,illegal parking,Posted Parking Sign Violation,10451.0,Closed,5.0,5.0,4.0,2.0,0.3361574074074074,0,0.0,0.2208
57432209,2023-04-26 11:58:36,2023-04-29T15:05:07.000,DSNY,residential disposal complaint,Trash or Recycling Not Secure,11225.0,Closed,4.0,3.0,4.0,2.0,3.1295254629629627,0,0.0,0.1689
57430261,2023-04-26 11:58:39,2023-04-27T19:41:44.000,HPD,heat/hot water,APARTMENT ONLY,11232.0,Closed,7.0,3.0,4.0,2.0,1.321585648148148,0,0.0,0.2099
57428115,2023-04-26 11:58:50,2023-04-26T13:54:17.000,NYPD,blocked driveway,Partial Access,11219.0,Closed,5.0,6.0,4.0,2.0,0.0801736111111111,2,6.0,0.2133
57430678,2023-04-26 11:59:26,2023-05-19T09:17:58.000,DSNY,missed collection,Trash,10003.0,Closed,4.0,3.0,4.0,2.0,22.88787037037037,0,0.0,0.1689
57424457,2023-04-26 11:59:38,2023-05-31T15:47:24.000,EDC,noise - helicopter,Other,11414.0,Closed,3.0,1.0,3.0,2.0,35.158171296296295,5,10.0,0.3034
57432362,2023-04-26 12:00:58,2023-04-27T22:55:30.000,NYPD,illegal parking,Paper License Plates,10461.0,Closed,5.0,5.0,4.0,2.0,1.454537037037037,1,3.0,0.2208
57430254,2023-04-26 12:00:58,2023-04-26T13:56:50.000,NYPD,noise - street/sidewalk,Loud Talking,11208.0,Closed,5.0,4.0,6.0,4.0,0.0804629629629629,1,3.0,0.2133
57429973,2023-04-26 12:01:26,2023-04-26T21:19:22.000,NYPD,illegal parking,Paper License Plates,10301.0,Closed,5.0,5.0,4.0,2.0,0.3874537037037037,1,3.0,0.2208
57429487,2023-04-26 12:01:38,2023-06-20T09:34:10.000,HPD,plumbing,BATHTUB/SHOWER,10460.0,Closed,4.0,3.0,4.0,2.0,54.8975925925926,0,0.0,0.1689
57428346,2023-04-26 12:02:05,2023-04-27T12:25:47.000,DSNY,obstruction,Cone,11356.0,Closed,4.0,4.0,4.0,2.0,1.0164583333333332,0,0.0,0.1689
57428748,2023-04-26 12:02:11,2023-04-26T14:59:00.000,NYPD,illegal parking,Blocked Hydrant,11373.0,Closed,6.0,6.0,4.0,2.0,0.1227893518518518,3,8.0,0.2609
57430638,2023-04-26 12:03:16,2023-04-26T13:50:06.000,NYPD,noise - residential,Banging/Pounding,10454.0,Closed,3.0,1.0,3.0,2.0,0.0741898148148148,0,0.0,0.1283
57432606,2023-04-26 12:03:38,2023-05-01T16:37:57.000,DOT,street sign - dangling,"No Parking, Standing, Stopping",10021.0,Closed,3.0,5.0,4.0,2.0,5.190497685185186,0,0.0,0.1283
57427807,2023-04-26 12:04:01,2023-05-13T08:38:45.000,DSNY,missed collection,Recycling - Paper/Metal/Glass/Rigid Plastic,10014.0,Closed,4.0,3.0,4.0,2.0,16.857453703703705,1,3.0,0.1689
57428316,2023-04-26 12:04:11,2023-05-22T14:17:56.000,HPD,plumbing,BATHTUB/SHOWER,11236.0,Closed,4.0,3.0,4.0,2.0,26.092881944444443,0,0.0,0.1689
57430912,2023-04-26 12:04:11,2023-05-22T14:17:56.000,HPD,door/window,DOOR,11236.0,Closed,4.0,3.0,4.0,2.0,26.092881944444443,0,0.0,0.1689
57429176,2023-04-26 12:04:11,2023-05-22T14:17:56.000,HPD,paint/plaster,CEILING,11236.0,Closed,4.0,3.0,4.0,2.0,26.092881944444443,0,0.0,0.1689
57429110,2023-04-26 12:04:41,2023-05-31T15:47:26.000,EDC,noise - helicopter,Other,10011.0,Closed,3.0,1.0,3.0,2.0,35.1546875,13,10.0,0.3034
57430424,2023-04-26 12:04:50,,DOHMH,construction lead dust,In Common Areas,10473.0,In Progress,4.0,7.0,4.0,2.0,1261.2865862260994,0,0.0,0.3225
57429901,2023-04-26 12:05:00,2023-04-26T21:25:00.000,DEP,water system,Dirty Water (WE),11429.0,Closed,4.0,3.0,4.0,2.0,0.3888888888888889,0,0.0,0.1689
57431561,2023-04-26 12:05:00,2023-04-26T17:10:00.000,DEP,sewer,Sewer Backup (Use Comments) (SA),11214.0,Closed,8.0,3.0,7.0,2.0,0.2118055555555555,0,0.0,0.55
57431338,2023-04-26 12:05:43,2023-04-26T12:05:43.000,DOHMH,rodent,Rat Sighting,10462.0,Closed,4.0,3.0,4.0,2.0,0.0,0,0.0,0.1689
57428484,2023-04-26 12:05:56,2024-06-04T00:15:36.000,DOHMH,food establishment,Rodents/Insects/Garbage,11375.0,Closed,5.0,2.0,5.0,4.0,404.506712962963,0,0.0,0.35
57431160,2023-04-26 12:06:00,2023-04-26T21:15:00.000,DSNY,derelict vehicles,Derelict Vehicles,10467.0,Closed,4.0,3.0,4.0,2.0,0.38125,0,0.0,0.1689
57430255,2023-04-26 12:06:44,2023-04-27T04:46:21.000,DSNY,obstruction,Trash or Recycling,11225.0,Closed,4.0,4.0,4.0,2.0,0.6941782407407407,0,0.0,0.1689
57428051,2023-04-26 12:07:07,2023-04-26T12:14:19.000,NYPD,abandoned vehicle,With License Plate,11106.0,Closed,4.0,3.0,4.0,2.0,0.005,1,3.0,0.1689
57431154,2023-04-26 12:07:26,2024-02-02T15:11:54.000,HPD,general,CABINET,11230.0,Closed,4.0,3.0,4.0,2.0,282.12810185185185,0,0.0,0.1689
57424866,2023-04-26 12:07:33,2023-06-02T11:06:47.000,HPD,appliance,ELECTRIC/GAS RANGE,11415.0,Closed,4.0,3.0,4.0,2.0,36.95780092592592,0,0.0,0.1689
57427803,2023-04-26 12:07:44,2023-05-11T16:20:36.000,DOHMH,rodent,Rat Sighting,11209.0,Closed,4.0,3.0,4.0,2.0,15.175601851851852,0,0.0,0.1689
57432423,2023-04-26 12:08:00,2023-10-18T12:10:00.000,DEP,sewer,Catch Basin Sunken/Damaged/Raised (SC1),10465.0,Closed,8.0,3.0,7.0,2.0,175.0013888888889,0,0.0,0.55
57432422,2023-04-26 12:08:00,2023-04-26T12:08:00.000,DEP,sewer,Catch Basin Clogged/Flooding (Use Comments) (SC),11232.0,Closed,8.0,3.0,9.0,9.0,0.0,0,0.0,0.5798
57429528,2023-04-26 12:08:25,2023-05-08T09:06:44.000,DOT,sidewalk condition,Sidewalk Violation,10465.0,Closed,5.0,4.0,6.0,4.0,11.87383101851852,0,0.0,0.2425
57427099,2023-04-26 12:08:36,2023-04-26T13:06:04.000,NYPD,illegal parking,Posted Parking Sign Violation,11230.0,Closed,5.0,5.0,4.0,2.0,0.0399074074074074,2,6.0,0.2208
57431522,2023-04-26 12:09:27,2023-05-31T15:47:29.000,EDC,noise - helicopter,NYPD,11201.0,Closed,3.0,1.0,3.0,2.0,35.15141203703703,4,10.0,0.3034
57432418,2023-04-26 12:10:18,2023-04-26T20:15:08.000,HPD,heat/hot water,ENTIRE BUILDING,11374.0,Closed,7.0,3.0,4.0,2.0,0.3366898148148148,1,3.0,0.2099
57426450,2023-04-26 12:10:51,2023-04-26T12:56:43.000,DSNY,vendor enforcement,Food Vendor,10005.0,Closed,4.0,3.0,4.0,2.0,0.0318518518518518,0,0.0,0.1689
57428665,2023-04-26 12:12:05,2023-04-26T12:12:05.000,DOB,boilers,Boiler - Defective/Inoperative/No Permit,10460.0,Closed,4.0,3.0,4.0,2.0,0.0,0,0.0,0.1689
57428950,2023-04-26 12:12:16,2023-04-27T00:00:00.000,DOB,general construction/plumbing,Debris - Excessive,11222.0,Closed,4.0,7.0,4.0,2.0,0.4914814814814814,0,0.0,0.2236
57422940,2023-04-26 12:13:31,2023-04-27T16:12:18.000,HPD,heat/hot water,APARTMENT ONLY,11221.0,Closed,7.0,3.0,4.0,2.0,1.1658217592592592,0,0.0,0.2099
57427005,2023-04-26 12:13:32,2023-05-11T02:05:26.000,HPD,plumbing,BASIN/SINK,11229.0,Closed,4.0,3.0,4.0,2.0,14.577708333333334,0,0.0,0.1689
57425902,2023-04-26 12:13:48,2023-04-26T16:28:18.000,NYPD,blocked driveway,No Access,11249.0,Closed,5.0,6.0,4.0,2.0,0.1767361111111111,0,0.0,0.2133
57427714,2023-04-26 12:14:00,2023-04-26T13:15:00.000,DEP,water system,Leak (Use Comments) (WA2),11235.0,Closed,4.0,3.0,4.0,2.0,0.0423611111111111,2,6.0,0.1689
57426732,2023-04-26 12:14:11,2023-04-27T10:01:31.000,DOE,school maintenance,Rodents/Mice,10461.0,Closed,4.0,3.0,4.0,2.0,0.9078703703703704,4,10.0,0.1689
57428807,2023-04-26 12:15:38,2024-06-04T00:15:38.000,DOHMH,food establishment,Bare Hands in Contact w/ Food,11103.0,Closed,4.0,3.0,4.0,2.0,404.5,0,0.0,0.1689
57429338,2023-04-26 12:16:04,2023-04-26T21:19:45.000,NYPD,blocked driveway,No Access,11223.0,Closed,5.0,6.0,4.0,2.0,0.3775578703703703,1,3.0,0.2133
57430474,2023-04-26 12:16:15,2023-04-26T12:25:31.000,NYPD,blocked driveway,No Access,11219.0,Closed,5.0,6.0,4.0,2.0,0.0064351851851851,3,8.0,0.2606
57430993,2023-04-26 12:16:26,2023-05-02T12:10:08.000,HPD,unsanitary condition,MOLD,11361.0,Closed,4.0,3.0,4.0,2.0,5.995625,0,0.0,0.1689
57432384,2023-04-26 12:16:28,2023-04-28T13:28:50.000,HPD,heat/hot water,ENTIRE BUILDING,10457.0,Closed,7.0,3.0,4.0,2.0,2.0502546296296296,0,0.0,0.2099
57431008,2023-04-26 12:16:29,2023-06-07T18:44:37.000,HPD,water leak,SLOW LEAK,11221.0,Closed,8.0,3.0,4.0,7.0,42.26953703703704,0,0.0,0.35
57430513,2023-04-26 12:16:29,2023-04-28T18:07:51.000,HPD,door/window,DOOR,11221.0,Closed,4.0,3.0,4.0,2.0,2.2440046296296297,0,0.0,0.1689
57429733,2023-04-26 12:16:38,2023-04-26T12:30:37.000,NYPD,traffic,Chronic Speeding,10312.0,Closed,4.0,3.0,4.0,2.0,0.0097106481481481,0,0.0,0.1689
57431004,2023-04-26 12:16:39,2023-04-27T15:12:05.000,HPD,plumbing,WATER SUPPLY,11373.0,Closed,4.0,3.0,9.0,2.0,1.1218287037037038,0,0.0,0.1689
57429789,2023-04-26 12:16:42,2023-04-28T10:44:34.000,DSNY,illegal dumping,Removal Request,11218.0,Closed,4.0,3.0,4.0,2.0,1.9360185185185184,0,0.0,0.1689
57431683,2023-04-26 12:16:52,2023-04-27T04:28:02.000,DSNY,obstruction,Cone,11218.0,Closed,4.0,4.0,4.0,2.0,0.6744212962962963,0,0.0,0.1689
57431467,2023-04-26 12:16:57,2023-05-12T11:50:42.000,DPR,root/sewer/sidewalk condition,Trees and Sidewalks Program,10003.0,Closed,8.0,4.0,7.0,4.0,15.981770833333334,0,0.0,0.55
57430164,2023-04-26 12:17:00,2023-04-26T12:17:00.000,DOT,street light condition,Street Light Out,11364.0,Closed,7.0,5.0,6.0,5.0,0.0,0,0.0,0.3721
57428572,2023-04-26 12:18:00,2023-04-26T12:18:00.000,DOT,street light condition,Fixture/Luminaire Out Of Position,11693.0,Closed,7.0,5.0,6.0,5.0,0.0,0,0.0,0.3721
57429686,2023-04-26 12:18:02,,DSNY,illegal dumping,Chronic Dumping,11218.0,In Progress,4.0,3.0,4.0,2.0,1261.2774266030324,1,3.0,0.2357
57432014,2023-04-26 12:18:22,2023-06-06T00:00:00.000,DOB,general construction/plumbing,Cons - Contrary/Beyond Approved Plans/Permits,11229.0,Closed,4.0,7.0,4.0,2.0,40.48724537037037,0,0.0,0.3225
57430266,2023-04-26 12:18:23,2023-05-01T00:00:00.000,DOB,boilers,Boiler - Defective/Inoperative/No Permit,11372.0,Closed,4.0,3.0,4.0,2.0,4.487233796296296,0,0.0,0.1689
57429937,2023-04-26 12:19:00,2023-04-26T12:19:00.000,DOT,street light condition,Street Light Out,UNKNOWN,Closed,7.0,5.0,6.0,5.0,0.0,0,0.0,0.3721
57428236,2023-04-26 12:19:11,2023-04-26T13:09:05.000,NYPD,blocked driveway,Partial Access,11220.0,Closed,5.0,6.0,4.0,2.0,0.0346527777777777,1,3.0,0.2133
57428331,2023-04-26 12:19:15,2023-04-26T13:29:17.000,NYPD,illegal parking,Posted Parking Sign Violation,11207.0,Closed,5.0,5.0,4.0,2.0,0.0486342592592592,1,3.0,0.2208
57426443,2023-04-26 12:19:38,2023-04-26T17:36:41.000,HPD,heat/hot water,APARTMENT ONLY,11221.0,Closed,7.0,3.0,4.0,2.0,0.2201736111111111,1,3.0,0.2099
57430934,2023-04-26 12:20:19,2023-04-26T15:10:52.000,NYPD,abandoned vehicle,With License Plate,10461.0,Closed,4.0,3.0,4.0,2.0,0.1184375,0,0.0,0.1689
57429593,2023-04-26 12:20:19,2023-05-31T15:47:32.000,EDC,noise - helicopter,Other,11217.0,Closed,3.0,1.0,3.0,2.0,35.14390046296296,1,3.0,0.1797
57427644,2023-04-26 12:21:00,2023-04-26T12:21:00.000,DOT,street light condition,Street Light Out,11375.0,Closed,7.0,5.0,6.0,5.0,0.0,0,0.0,0.3721
57427683,2023-04-26 12:21:00,2023-04-26T12:21:00.000,DOT,street light condition,Foreign Attachment On Lamppost,11375.0,Closed,7.0,5.0,6.0,5.0,0.0,1,3.0,0.3721
57431990,2023-04-26 12:21:24,2023-04-27T00:00:00.000,DOB,real time enforcement,Work Without A Permit - Occupied Multiple Dwelling,11226.0,Closed,4.0,3.0,4.0,2.0,0.4851388888888889,0,0.0,0.1689
57432107,2023-04-26 12:21:33,2023-04-29T14:52:23.000,DSNY,missed collection,Compost,11206.0,Closed,4.0,3.0,4.0,2.0,3.1047453703703702,0,0.0,0.1689
57430214,2023-04-26 12:22:00,2023-04-26T12:22:00.000,DOT,street light condition,Street Light Out,11373.0,Closed,7.0,5.0,6.0,5.0,0.0,0,0.0,0.3721
57427875,2023-04-26 12:22:18,2023-04-26T12:22:18.000,DOHMH,rodent,Rat Sighting,11238.0,Closed,4.0,3.0,4.0,2.0,0.0,1,3.0,0.1689
57429914,2023-04-26 12:22:56,2023-04-27T11:01:14.000,DSNY,residential disposal complaint,Waste Set Out Too Early or Too Late,11207.0,Closed,5.0,2.0,5.0,4.0,0.9432638888888888,0,0.0,0.2208
57424461,2023-04-26 12:23:44,2023-05-02T20:27:21.000,HPD,paint/plaster,CEILING,10456.0,Closed,4.0,3.0,4.0,2.0,6.335844907407408,0,0.0,0.1689
57430035,2023-04-26 12:23:48,2023-04-26T19:41:10.000,HPD,water leak,SLOW LEAK,10458.0,Closed,8.0,3.0,4.0,7.0,0.3037268518518518,0,0.0,0.2199
57430119,2023-04-26 12:23:48,2023-04-26T19:41:10.000,HPD,plumbing,STEAM PIPE/RISER,10458.0,Closed,4.0,3.0,4.0,2.0,0.3037268518518518,0,0.0,0.1689
57430504,2023-04-26 12:23:48,2023-04-26T19:41:10.000,HPD,paint/plaster,WALL,10458.0,Closed,4.0,3.0,4.0,2.0,0.3037268518518518,4,10.0,0.1689
57429396,2023-04-26 12:23:54,2023-04-26T13:20:30.000,NYPD,encampment,Unknown,11377.0,Closed,4.0,3.0,4.0,2.0,0.0393055555555555,0,0.0,0.1689
57430644,2023-04-26 12:24:26,2023-04-26T12:24:26.000,DOB,real time enforcement,Work Without A Permit - Occupied Multiple Dwelling,11219.0,Closed,4.0,3.0,4.0,2.0,0.0,0,0.0,0.1689
57431041,2023-04-26 12:25:00,2023-04-26T12:25:00.000,DOT,street light condition,Lamppost Base Door/Cover Open,11432.0,Closed,7.0,5.0,6.0,5.0,0.0,0,0.0,0.3721
57430085,2023-04-26 12:25:29,2023-04-26T15:00:22.000,DOT,street condition,Defective Hardware,10306.0,Closed,8.0,7.0,7.0,7.0,0.1075578703703703,0,0.0,0.55
57430291,2023-04-26 12:26:00,2023-04-26T13:15:00.000,DEP,sewer,Sewer Backup (Use Comments) (SA),11207.0,Closed,8.0,3.0,7.0,2.0,0.0340277777777777,0,0.0,0.55
57426433,2023-04-26 12:26:00,2023-04-26T12:26:00.000,DOT,street light condition,Street Light Out,11413.0,Closed,7.0,5.0,6.0,5.0,0.0,0,0.0,0.3721
57432517,2023-04-26 12:26:04,2023-04-26T12:27:15.000,NYPD,non-emergency police matter,Other (complaint details),11374.0,Closed,5.0,3.0,4.0,2.0,0.0008217592592592,0,0.0,0.2138
57431063,2023-04-26 12:26:16,2023-04-27T10:37:22.000,DSNY,dirty condition,Trash,10025.0,Closed,4.0,3.0,4.0,2.0,0.924375,0,0.0,0.1689
57432287,2023-04-26 12:26:31,2023-05-07T17:00:10.000,HPD,door/window,WINDOW FRAME,11692.0,Closed,4.0,3.0,4.0,2.0,11.190034722222222,0,0.0,0.1689
57427897,2023-04-26 12:26:58,2023-06-05T10:13:31.000,HPD,electric,LIGHTING,10030.0,Closed,4.0,3.0,4.0,2.0,39.90732638888889,0,0.0,0.1689
57432288,2023-04-26 12:27:00,2023-04-26T12:27:00.000,DOT,street light condition,Lamppost Base Door/Cover Open,11360.0,Closed,7.0,5.0,6.0,5.0,0.0,0,0.0,0.3721
57431093,2023-04-26 12:27:00,2023-04-26T12:27:00.000,DOT,street light condition,Street Light Out,11358.0,Closed,7.0,5.0,6.0,5.0,0.0,0,0.0,0.3721
57428116,2023-04-26 12:27:01,2023-04-26T13:12:08.000,DPR,animal in a park,Domestic Strays,11365.0,Closed,4.0,3.0,4.0,2.0,0.0313310185185185,0,0.0,0.1689
57430187,2023-04-26 12:27:19,2023-08-14T20:47:16.000,HPD,electric,OUTLET/SWITCH,10456.0,Closed,4.0,3.0,4.0,2.0,110.3471875,0,0.0,0.1689
57431208,2023-04-26 12:27:19,2023-08-14T20:47:16.000,HPD,unsanitary condition,PESTS,10456.0,Closed,4.0,3.0,4.0,2.0,110.3471875,2,6.0,0.2583
57432151,2023-04-26 12:27:36,2023-04-26T14:09:15.000,NYPD,illegal parking,Posted Parking Sign Violation,11230.0,Closed,5.0,5.0,4.0,2.0,0.0705902777777777,3,8.0,0.2593
57432295,2023-04-26 12:29:00,2025-05-13T16:38:18.000,DPR,new tree request,For One Address,11385.0,Closed,4.0,3.0,4.0,2.0,748.173125,0,0.0,0.1689
57430380,2023-04-26 12:29:48,2023-06-26T07:45:32.000,HPD,plumbing,WATER SUPPLY,11230.0,Closed,4.0,3.0,9.0,2.0,60.8025925925926,0,0.0,0.1689
57428059,2023-04-26 12:29:48,2023-05-05T15:09:57.000,DSNY,illegal dumping,Removal Request,11422.0,Closed,4.0,3.0,4.0,2.0,9.111215277777776,0,0.0,0.1689
57430464,2023-04-26 12:30:20,2023-04-26T14:45:35.000,NYPD,blocked driveway,No Access,11435.0,Closed,5.0,6.0,4.0,2.0,0.0939236111111111,0,0.0,0.2133
57430063,2023-04-26 12:31:00,2023-04-28T07:57:00.000,DSNY,derelict vehicles,Derelict Vehicles,10473.0,Closed,4.0,3.0,4.0,2.0,1.8097222222222225,4,10.0,0.2221
57430040,2023-04-26 12:31:23,2023-04-26T13:30:40.000,NYPD,illegal parking,Blocked Crosswalk,11236.0,Closed,6.0,6.0,4.0,2.0,0.0411689814814814,1,3.0,0.2208
57427843,2023-04-26 12:31:56,2023-04-26T14:14:36.000,DOT,street condition,"Rough, Pitted or Cracked Roads",10306.0,Closed,8.0,7.0,7.0,7.0,0.0712962962962963,1,3.0,0.55
57430500,2023-04-26 12:32:24,2023-04-26T20:34:55.000,NYPD,illegal parking,Blocked Sidewalk,11101.0,Closed,6.0,6.0,6.0,4.0,0.3350810185185185,16,10.0,0.469
57431493,2023-04-26 12:32:30,2023-05-03T16:00:10.000,DOT,curb condition,Broken Curb,11225.0,Closed,5.0,4.0,6.0,4.0,7.144212962962963,0,0.0,0.2133
57428175,2023-04-26 12:32:53,2023-04-27T19:41:58.000,HPD,heat/hot water,ENTIRE BUILDING,11211.0,Closed,7.0,3.0,4.0,2.0,1.297974537037037,0,0.0,0.2099
57432328,2023-04-26 12:33:05,2023-04-26T12:55:23.000,NYPD,illegal parking,Blocked Bike Lane,11215.0,Closed,6.0,6.0,4.0,2.0,0.0154861111111111,4,10.0,0.35
57430571,2023-04-26 12:33:11,2023-04-26T14:05:10.000,NYPD,noise - commercial,Loud Music/Party,10002.0,Closed,3.0,1.0,3.0,2.0,0.0638773148148148,0,0.0,0.1283
57432280,2023-04-26 12:33:44,2023-04-26T20:31:22.000,NYPD,abandoned vehicle,With License Plate,11101.0,Closed,4.0,3.0,4.0,2.0,0.3316898148148148,0,0.0,0.1689
57429895,2023-04-26 12:35:00,2023-04-26T14:30:00.000,DEP,sewer,Manhole Cover Missing (Emergency) (SA3),10018.0,Closed,9.0,3.0,7.0,2.0,0.0798611111111111,0,0.0,0.6399
57429417,2023-04-26 12:36:08,2023-05-02T09:31:55.000,DOT,sidewalk condition,Sidewalk Violation,11234.0,Closed,5.0,4.0,6.0,4.0,5.872071759259259,1,3.0,0.2929
57432688,2023-04-26 12:36:18,2023-04-27T12:56:26.000,DSNY,dirty condition,Dog Waste,10305.0,Closed,5.0,2.0,5.0,4.0,1.0139814814814814,0,0.0,0.2208
57428409,2023-04-26 12:36:28,2023-04-27T00:00:00.000,DOB,general construction/plumbing,Sidewalk Shed/Pipe Scafford - Inadequate Defective/None,10014.0,Closed,5.0,7.0,6.0,4.0,0.4746759259259259,0,0.0,0.2208
57429372,2023-04-26 12:37:17,2023-04-26T13:28:07.000,NYPD,noise - residential,Banging/Pounding,11375.0,Closed,3.0,1.0,3.0,2.0,0.0353009259259259,1,3.0,0.1283
57432049,2023-04-26 12:37:44,2023-05-15T09:09:04.000,DOT,outdoor dining,Site Setup Condition,10013.0,Closed,4.0,3.0,4.0,2.0,18.85509259259259,0,0.0,0.1689
57423510,2023-04-26 12:37:46,2023-04-26T14:15:37.000,NYPD,blocked driveway,No Access,11435.0,Closed,5.0,6.0,4.0,2.0,0.0679513888888889,1,3.0,0.2133
57428809,2023-04-26 12:38:00,2023-06-25T10:00:00.000,DEP,water system,Leak (Use Comments) (WA2),11221.0,Closed,4.0,3.0,4.0,2.0,59.890277777777776,0,0.0,0.1689
57432410,2023-04-26 12:38:00,2023-04-26T19:45:00.000,DEP,water system,Leak (Use Comments) (WA2),11236.0,Closed,4.0,3.0,4.0,2.0,0.2965277777777778,0,0.0,0.1689
57431630,2023-04-26 12:38:51,2023-05-12T20:57:17.000,HPD,water leak,SLOW LEAK,11691.0,Closed,8.0,3.0,4.0,7.0,16.34613425925926,0,0.0,0.2425
57431397,2023-04-26 12:38:52,2023-05-09T14:19:09.000,HPD,unsanitary condition,GARBAGE/RECYCLING STORAGE,11213.0,Closed,5.0,2.0,5.0,4.0,13.069641203703704,0,0.0,0.25
57430989,2023-04-26 12:38:52,2023-05-09T14:19:09.000,HPD,general,BELL/BUZZER/INTERCOM,11213.0,Closed,4.0,3.0,4.0,2.0,13.069641203703704,0,0.0,0.1689
57429314,2023-04-26 12:38:52,2023-04-26T20:01:55.000,NYPD,illegal parking,Blocked Hydrant,11373.0,Closed,6.0,6.0,4.0,2.0,0.3076736111111111,4,10.0,0.35
57428381,2023-04-26 12:39:01,2023-04-26T16:40:21.000,HPD,heat/hot water,ENTIRE BUILDING,11219.0,Closed,7.0,3.0,4.0,2.0,0.1675925925925926,5,10.0,0.35
57423523,2023-04-26 12:39:29,2023-04-26T13:58:56.000,NYPD,bike/roller/skate chronic,Unknown,11230.0,Closed,4.0,3.0,4.0,2.0,0.0551736111111111,0,0.0,0.1689
57428114,2023-04-26 12:40:45,2023-04-26T14:34:55.000,NYPD,illegal parking,Posted Parking Sign Violation,11413.0,Closed,5.0,5.0,4.0,2.0,0.0792824074074074,0,0.0,0.2208
57428836,2023-04-26 12:40:49,2023-06-05T11:07:01.000,TLC,for hire vehicle complaint,Driver Complaint - Non Passenger,11201.0,Closed,4.0,3.0,4.0,2.0,39.93486111111111,0,0.0,0.1689
57429466,2023-04-26 12:41:12,2023-04-26T13:07:23.000,NYPD,blocked driveway,Partial Access,11210.0,Closed,5.0,6.0,4.0,2.0,0.0181828703703703,0,0.0,0.2133
57432076,2023-04-26 12:41:19,2023-04-26T17:31:25.000,NYPD,illegal parking,Blocked Sidewalk,11104.0,Closed,6.0,6.0,6.0,4.0,0.2014583333333333,5,10.0,0.469
57432315,2023-04-26 12:41:52,2023-05-01T02:03:03.000,HPD,plumbing,WATER SUPPLY,10036.0,Closed,4.0,3.0,9.0,2.0,4.556377314814815,0,0.0,0.1689
57430683,2023-04-26 12:41:53,2023-04-27T06:34:21.000,HPD,heat/hot water,ENTIRE BUILDING,10460.0,Closed,7.0,3.0,4.0,2.0,0.7447685185185186,1,3.0,0.2099
57431678,2023-04-26 12:41:55,2023-04-26T20:44:10.000,NYPD,illegal parking,Commercial Overnight Parking,11378.0,Closed,5.0,5.0,4.0,2.0,0.3348958333333333,2,6.0,0.2208
57428466,2023-04-26 12:41:58,2023-04-26T12:41:58.000,DOHMH,rodent,Condition Attracting Rodents,11236.0,Closed,4.0,3.0,4.0,2.0,0.0,0,0.0,0.1689
57430336,2023-04-26 12:41:59,2023-04-26T13:07:23.000,NYPD,illegal parking,Posted Parking Sign Violation,11361.0,Closed,5.0,5.0,4.0,2.0,0.0176388888888888,1,3.0,0.2208
57429046,2023-04-26 12:42:14,2023-04-26T14:25:48.000,NYPD,illegal parking,Parking Permit Improper Use,11201.0,Closed,5.0,5.0,4.0,2.0,0.0719212962962963,2,6.0,0.2208
57429322,2023-04-26 12:42:20,2023-09-11T07:16:05.000,HPD,paint/plaster,CEILING,11218.0,Closed,4.0,3.0,4.0,2.0,137.7734375,1,3.0,0.2357
57430483,2023-04-26 12:42:43,2023-04-26T12:42:43.000,DOT,street condition,Pothole,11219.0,Closed,8.0,8.0,8.0,7.0,0.0,0,0.0,0.5798
57430957,2023-04-26 12:42:43,2023-05-01T06:51:42.000,DSNY,missed collection,Trash,11433.0,Closed,4.0,3.0,4.0,2.0,4.756238425925926,1,3.0,0.1689
57428403,2023-04-26 12:44:33,2023-04-26T15:55:02.000,DSNY,illegal dumping,Removal Request,11229.0,Closed,4.0,3.0,4.0,2.0,0.1322800925925926,0,0.0,0.1689
57430427,2023-04-26 12:44:40,2023-06-27T08:10:06.000,TLC,for hire vehicle complaint,Driver Complaint - Non Passenger,10017.0,Closed,4.0,3.0,4.0,2.0,61.809328703703706,0,0.0,0.1689
57431512,2023-04-26 12:44:51,2023-05-22T20:16:00.000,HPD,unsanitary condition,PESTS,10035.0,Closed,4.0,3.0,4.0,2.0,26.31329861111111,0,0.0,0.1689
57429004,2023-04-26 12:45:02,2023-05-03T15:13:47.000,HPD,general,BELL/BUZZER/INTERCOM,10032.0,Closed,4.0,3.0,4.0,2.0,7.103298611111111,0,0.0,0.1689
57428127,2023-04-26 12:45:16,2023-04-27T06:48:53.000,DPR,damaged tree,Tree Alive - in Poor Condition,10310.0,Closed,4.0,3.0,4.0,2.0,0.7525115740740741,0,0.0,0.1689
57428757,2023-04-26 12:45:30,2023-04-26T14:27:09.000,NYPD,illegal parking,Posted Parking Sign Violation,11201.0,Closed,5.0,5.0,4.0,2.0,0.0705902777777777,3,8.0,0.2593
57430154,2023-04-26 12:45:58,2023-04-26T16:27:38.000,NYPD,illegal parking,Unauthorized Bus Layover,10471.0,Closed,5.0,5.0,4.0,2.0,0.1539351851851851,2,6.0,0.2208
57428974,2023-04-26 12:46:00,2023-04-27T09:37:48.000,DSNY,dirty condition,Trash,11363.0,Closed,4.0,3.0,4.0,2.0,0.8693055555555556,0,0.0,0.1689
57423322,2023-04-26 12:46:29,2023-04-26T14:26:13.000,NYPD,illegal parking,Parking Permit Improper Use,11201.0,Closed,5.0,5.0,4.0,2.0,0.0692592592592592,4,10.0,0.35
57428722,2023-04-26 12:47:00,2023-04-26T17:45:00.000,DEP,water system,Dirty Water (WE),10031.0,Closed,4.0,3.0,4.0,2.0,0.2069444444444444,0,0.0,0.1689
57430915,2023-04-26 12:47:31,2023-05-01T06:51:43.000,DSNY,missed collection,Trash,11433.0,Closed,4.0,3.0,4.0,2.0,4.752916666666667,2,6.0,0.1689
57432375,2023-04-26 12:47:32,2023-05-01T14:37:46.000,DSNY,illegal dumping,Removal Request,10009.0,Closed,4.0,3.0,4.0,2.0,5.076550925925926,0,0.0,0.1689
57428113,2023-04-26 12:47:40,2023-05-03T11:43:18.000,DOT,sidewalk condition,Broken Sidewalk,11362.0,Closed,6.0,4.0,6.0,4.0,6.9553009259259255,0,0.0,0.3679
57424370,2023-04-26 12:47:48,2023-04-26T14:26:12.000,NYPD,illegal parking,Parking Permit Improper Use,11201.0,Closed,5.0,5.0,4.0,2.0,0.0683333333333333,5,10.0,0.35
57432165,2023-04-26 12:47:56,2023-04-28T07:16:21.000,HPD,heat/hot water,ENTIRE BUILDING,11226.0,Closed,7.0,3.0,4.0,2.0,1.7697337962962962,4,10.0,0.3884
57431094,2023-04-26 12:48:05,2023-04-26T19:19:39.000,NYPD,noise - vehicle,Car/Truck Music,11436.0,Closed,3.0,1.0,3.0,2.0,0.2719212962962963,0,0.0,0.1283
57432015,2023-04-26 12:49:06,2023-05-05T00:00:00.000,DOB,building/use,Zoning - Non-Conforming/Illegal Vehicle Storage,11236.0,Closed,4.0,3.0,4.0,2.0,8.465902777777778,0,0.0,0.1689
57431102,2023-04-26 12:49:11,2023-04-26T14:26:10.000,NYPD,illegal parking,Parking Permit Improper Use,11201.0,Closed,5.0,5.0,4.0,2.0,0.067349537037037,6,10.0,0.35
57431057,2023-04-26 12:49:53,2023-05-16T07:35:49.000,DOT,bus stop shelter complaint,Dirty/Graffiti,11211.0,Closed,5.0,3.0,4.0,2.0,19.781898148148148,0,0.0,0.2138
57429203,2023-04-26 12:51:01,2023-05-03T21:13:40.000,HPD,appliance,ELECTRIC/GAS RANGE,11374.0,Closed,4.0,3.0,4.0,2.0,7.3490625,0,0.0,0.1689
57430435,2023-04-26 12:51:02,2023-05-04T07:46:51.000,HPD,safety,SMOKE DETECTOR,10010.0,Closed,4.0,3.0,4.0,2.0,7.788761574074074,0,0.0,0.1689
57429835,2023-04-26 12:51:03,2023-05-04T07:46:52.000,HPD,flooring/stairs,FLOOR,10010.0,Closed,4.0,3.0,4.0,2.0,7.788761574074074,0,0.0,0.1689
57430065,2023-04-26 12:51:03,2023-05-04T07:46:52.000,HPD,safety,CARBON MONOXIDE DETECTOR,10010.0,Closed,4.0,3.0,4.0,2.0,7.788761574074074,1,3.0,0.1689
57423807,2023-04-26 12:51:03,2023-05-04T07:46:52.000,HPD,paint/plaster,CEILING,10010.0,Closed,4.0,3.0,4.0,2.0,7.788761574074074,0,0.0,0.1689
57428089,2023-04-26 12:51:12,2023-04-26T20:29:22.000,NYPD,encampment,Unknown,11412.0,Closed,4.0,3.0,4.0,2.0,0.3181712962962963,0,0.0,0.1689
57428005,2023-04-26 12:51:18,2023-05-04T11:48:21.000,DPR,damaged tree,Tree Trunk Split,11364.0,Closed,4.0,3.0,4.0,2.0,7.956284722222223,0,0.0,0.1689
57431937,2023-04-26 12:51:30,2023-04-26T12:59:39.000,NYPD,illegal parking,Blocked Bike Lane,11215.0,Closed,6.0,6.0,4.0,2.0,0.0056597222222222,5,10.0,0.35
57431616,2023-04-26 12:51:33,2023-04-26T19:19:46.000,NYPD,noise - vehicle,Car/Truck Music,11436.0,Closed,3.0,1.0,3.0,2.0,0.2695949074074074,1,3.0,0.1283
57431001,2023-04-26 12:52:10,2023-04-26T21:28:25.000,NYPD,noise - residential,Banging/Pounding,10460.0,Closed,3.0,1.0,3.0,2.0,0.3585069444444444,0,0.0,0.1283
57428794,2023-04-26 12:52:28,2023-04-28T08:30:00.000,DSNY,dumpster complaint,Overflowing,11220.0,Closed,4.0,3.0,4.0,2.0,1.8177314814814816,0,0.0,0.1689
57427575,2023-04-26 12:52:40,2023-04-28T13:58:43.000,DSNY,illegal dumping,Removal Request,10312.0,Closed,4.0,3.0,4.0,2.0,2.045868055555556,0,0.0,0.1689
57429202,2023-04-26 12:52:48,2023-04-27T08:48:28.000,DPR,overgrown tree/branches,Hitting Power Lines,11416.0,Closed,4.0,3.0,4.0,2.0,0.830324074074074,0,0.0,0.1689
57428623,2023-04-26 12:53:34,2023-04-26T13:15:10.000,NYPD,illegal parking,Blocked Hydrant,11224.0,Closed,6.0,6.0,4.0,2.0,0.015,5,10.0,0.35
57428802,2023-04-26 12:53:42,2023-04-26T13:03:13.000,NYPD,illegal parking,Blocked Bike Lane,11215.0,Closed,6.0,6.0,4.0,2.0,0.0066087962962962,6,10.0,0.35
57431882,2023-04-26 12:53:58,2023-04-26T19:19:49.000,NYPD,noise - vehicle,Car/Truck Music,11436.0,Closed,3.0,1.0,3.0,2.0,0.2679513888888888,2,6.0,0.1283
57428970,2023-04-26 12:54:36,2023-07-03T09:16:09.000,TLC,for hire vehicle complaint,Driver Complaint - Non Passenger,10014.0,Closed,4.0,3.0,4.0,2.0,67.8482986111111,0,0.0,0.1689
57428901,2023-04-26 12:55:04,2023-05-20T12:11:55.000,HPD,appliance,ELECTRIC/GAS RANGE,10031.0,Closed,4.0,3.0,4.0,2.0,23.970034722222223,0,0.0,0.1689
57428333,2023-04-26 12:55:04,2023-05-16T13:21:00.000,HPD,general,BELL/BUZZER/INTERCOM,10031.0,Closed,4.0,3.0,4.0,2.0,20.01800925925926,1,3.0,0.1689
57432673,2023-04-26 12:56:05,2023-05-04T14:38:19.000,DOT,sidewalk condition,Broken Sidewalk,10019.0,Closed,6.0,4.0,6.0,4.0,8.07099537037037,0,0.0,0.3679
57430787,2023-04-26 12:56:18,2023-05-03T09:51:35.000,DSNY,missed collection,Trash,11230.0,Closed,4.0,3.0,4.0,2.0,6.8717245370370375,2,6.0,0.1689
57428523,2023-04-26 12:56:57,2023-05-31T15:47:39.000,EDC,noise - helicopter,Other,10000.0,Closed,3.0,1.0,3.0,2.0,35.118541666666665,0,0.0,0.1283
57425709,2023-04-26 12:57:07,,DPR,damaged tree,Branch Cracked and Will Fall,11432.0,In Progress,4.0,3.0,4.0,2.0,1261.2502901482524,0,0.0,0.1689
57432191,2023-04-26 12:57:21,2023-04-26T13:24:49.000,NYPD,encampment,Unknown,11203.0,Closed,4.0,3.0,4.0,2.0,0.019074074074074,0,0.0,0.1689
57428404,2023-04-26 12:58:03,2023-04-28T07:12:48.000,DSNY,street sweeping complaint,Inadequate Sweeping,10451.0,Closed,4.0,3.0,4.0,2.0,1.7602430555555555,0,0.0,0.1689
57432024,2023-04-26 12:58:23,2023-04-26T23:26:56.000,NYPD,encampment,Unknown,10457.0,Closed,4.0,3.0,4.0,2.0,0.4364930555555555,0,0.0,0.1689
57431926,2023-04-26 12:58:39,2023-04-28T00:00:00.000,DOT,street condition,Pothole,11420.0,Closed,8.0,8.0,8.0,7.0,1.4592708333333333,1,3.0,0.5798
57429621,2023-04-26 12:58:42,2023-04-26T12:58:42.000,DOHMH,rodent,Signs of Rodents,10014.0,Closed,4.0,3.0,4.0,2.0,0.0,0,0.0,0.1689
57429222,2023-04-26 12:59:23,2023-11-04T12:33:20.000,DPR,illegal tree damage,Trunk Damaged,11237.0,Closed,4.0,3.0,4.0,2.0,191.9819097222222,0,0.0,0.1689
57423565,2023-04-26 13:00:07,2023-04-26T14:19:32.000,NYPD,noise - residential,Banging/Pounding,10019.0,Closed,3.0,1.0,3.0,2.0,0.0551504629629629,0,0.0,0.1283
57428156,2023-04-26 13:00:42,2023-04-26T22:30:38.000,DSNY,residential disposal complaint,Waste Set Out Too Early or Too Late,10312.0,Closed,5.0,2.0,5.0,4.0,0.395787037037037,0,0.0,0.2208
57427945,2023-04-26 13:00:47,2023-04-29T14:01:28.000,DSNY,litter basket complaint,Overflowing,11205.0,Closed,4.0,2.0,5.0,2.0,3.042141203703704,0,0.0,0.1689
57430064,2023-04-26 13:00:49,2023-04-26T13:13:30.000,NYPD,illegal parking,Posted Parking Sign Violation,10302.0,Closed,5.0,5.0,4.0,2.0,0.0088078703703703,0,0.0,0.2208
57432344,2023-04-26 13:01:09,2023-05-12T09:47:26.000,DPR,new tree request,For One Address,11211.0,Closed,4.0,3.0,4.0,2.0,15.865474537037038,1,3.0,0.1689
57431402,2023-04-26 13:01:13,2023-05-30T00:00:00.000,DOB,special projects inspection team (spit),Illegal Hotel Rooms In Residential Building,11213.0,Closed,4.0,3.0,4.0,2.0,33.45748842592592,0,0.0,0.1689
57426999,2023-04-26 13:01:22,2023-05-03T12:43:49.000,DSNY,missed collection,Bulky Trash,11214.0,Closed,4.0,3.0,4.0,2.0,6.9878125,1,3.0,0.1689
57431181,2023-04-26 13:02:00,2023-05-02T14:22:00.000,DOT,street light condition,Street Light Out,10464.0,Closed,7.0,5.0,6.0,5.0,6.055555555555555,0,0.0,0.3721
57427687,2023-04-26 13:02:00,2023-04-26T22:25:00.000,DEP,water system,Leak (Use Comments) (WA2),11412.0,Closed,4.0,3.0,4.0,2.0,0.3909722222222222,0,0.0,0.1689
57428108,2023-04-26 13:02:02,2023-04-26T19:50:56.000,HPD,heat/hot water,APARTMENT ONLY,11203.0,Closed,7.0,3.0,4.0,2.0,0.2839583333333333,3,8.0,0.2696
57428609,2023-04-26 13:02:26,2023-04-27T20:20:01.000,HPD,water leak,HEAVY FLOW,10031.0,Closed,8.0,3.0,4.0,7.0,1.3038773148148148,2,6.0,0.35
57425746,2023-04-26 13:03:54,2023-12-29T13:59:25.000,DPR,maintenance or facility,Grass/Weeds,11413.0,Closed,4.0,3.0,4.0,2.0,247.03855324074075,0,0.0,0.1689
57432685,2023-04-26 13:04:05,2023-04-26T23:02:25.000,NYPD,non-emergency police matter,Other (complaint details),10466.0,Closed,5.0,3.0,4.0,2.0,0.4155092592592592,0,0.0,0.2138
57428065,2023-04-26 13:04:15,2023-04-26T13:04:15.000,DOHMH,rodent,Condition Attracting Rodents,11369.0,Closed,4.0,3.0,4.0,2.0,0.0,0,0.0,0.1689
57432218,2023-04-26 13:04:47,2023-04-26T14:00:31.000,NYPD,noise - residential,Loud Music/Party,10473.0,Closed,3.0,1.0,3.0,2.0,0.0387037037037037,1,3.0,0.1283
57431322,2023-04-26 13:04:48,2023-04-26T14:54:54.000,DSNY,vendor enforcement,Non-Food Vendor,11355.0,Closed,4.0,3.0,4.0,2.0,0.0764583333333333,1,3.0,0.1689
57432690,2023-04-26 13:05:00,2023-06-07T10:53:00.000,DOT,street light condition,Street Light Out,11435.0,Closed,7.0,5.0,6.0,5.0,41.90833333333333,0,0.0,0.4713
57428949,2023-04-26 13:05:00,2023-04-26T20:20:00.000,DEP,water system,Leak (Use Comments) (WA2),11417.0,Closed,4.0,3.0,4.0,2.0,0.3020833333333333,0,0.0,0.1689
57428516,2023-04-26 13:05:00,2023-05-02T09:00:00.000,DEP,water system,Hydrant Defective (WC2),10022.0,Closed,4.0,3.0,4.0,2.0,5.829861111111111,0,0.0,0.1689
57430520,2023-04-26 13:05:03,2023-04-26T17:28:28.000,HPD,heat/hot water,ENTIRE BUILDING,11412.0,Closed,7.0,3.0,4.0,2.0,0.1829282407407407,0,0.0,0.2099
57432117,2023-04-26 13:05:44,2023-04-29T11:45:45.000,DSNY,obstruction,Cone,10312.0,Closed,4.0,4.0,4.0,2.0,2.9444560185185185,0,0.0,0.1689
57430604,2023-04-26 13:06:13,2023-04-27T10:38:11.000,DSNY,obstruction,Cone,11201.0,Closed,4.0,4.0,4.0,2.0,0.8971990740740741,0,0.0,0.1689
57430016,2023-04-26 13:06:32,,DOHMH,unleashed dog,Unleashed Dog in Public,11377.0,In Progress,4.0,3.0,4.0,2.0,1261.243723110185,0,0.0,0.1689
57429707,2023-04-26 13:06:38,2023-05-31T15:47:41.000,EDC,noise - helicopter,Other,10128.0,Closed,3.0,1.0,3.0,2.0,35.11184027777778,1,3.0,0.1797
57429320,2023-04-26 13:07:09,2023-04-26T13:59:54.000,NYPD,noise - commercial,Loud Talking,10030.0,Closed,3.0,1.0,3.0,2.0,0.0366319444444444,0,0.0,0.1283
57431511,2023-04-26 13:07:20,2023-04-26T13:50:14.000,NYPD,noise - residential,Banging/Pounding,11385.0,Closed,3.0,1.0,3.0,2.0,0.0297916666666666,0,0.0,0.1283
57431043,2023-04-26 13:08:00,2023-05-02T00:00:00.000,DEP,industrial waste,Grease In Sewer/Catch Basin (IDG),10035.0,Closed,8.0,2.0,7.0,4.0,5.4527777777777775,0,0.0,0.55
57431352,2023-04-26 13:08:16,2023-04-27T00:19:30.000,NYPD,illegal parking,Unauthorized Bus Layover,10471.0,Closed,5.0,5.0,4.0,2.0,0.4661342592592593,3,8.0,0.2733
57432147,2023-04-26 13:08:34,2024-06-04T00:19:07.000,DOHMH,smoking,Smoking Violation,11201.0,Closed,4.0,3.0,4.0,2.0,404.4656597222222,0,0.0,0.1689
57427874,2023-04-26 13:08:46,2023-05-02T09:33:26.000,DOT,sidewalk condition,Sidewalk Violation,11213.0,Closed,5.0,4.0,6.0,4.0,5.850462962962963,0,0.0,0.2133
57431183,2023-04-26 13:08:51,2023-04-26T14:54:53.000,DSNY,vendor enforcement,Non-Food Vendor,11355.0,Closed,4.0,3.0,4.0,2.0,0.0736342592592592,2,6.0,0.1689
57429541,2023-04-26 13:08:54,2023-05-18T09:51:07.000,HPD,appliance,REFRIGERATOR,10457.0,Closed,4.0,3.0,4.0,2.0,21.862650462962964,1,3.0,0.1935
57429923,2023-04-26 13:08:56,2023-04-27T19:51:03.000,HPD,heat/hot water,APARTMENT ONLY,10025.0,Closed,7.0,3.0,4.0,2.0,1.2792476851851853,1,3.0,0.2109
57431233,2023-04-26 13:08:56,2023-04-26T23:34:11.000,NYPD,illegal parking,Paper License Plates,11385.0,Closed,5.0,5.0,4.0,2.0,0.4342013888888889,0,0.0,0.2208
57432707,2023-04-26 13:09:06,2023-05-01T02:02:52.000,HPD,unsanitary condition,PESTS,10039.0,Closed,4.0,3.0,4.0,2.0,4.537337962962963,1,3.0,0.1689
57431538,2023-04-26 13:10:22,2023-04-27T07:11:26.000,DSNY,street sweeping complaint,Inadequate Sweeping,11236.0,Closed,4.0,3.0,4.0,2.0,0.7507407407407407,3,8.0,0.1689
57429667,2023-04-26 13:10:26,2025-05-13T16:38:19.000,DPR,new tree request,For One Address,11355.0,Closed,4.0,3.0,4.0,2.0,748.1443634259259,0,0.0,0.1689
57431071,2023-04-26 13:10:56,2023-04-26T14:26:06.000,DOT,outdoor dining,Street Zone Blocked,10018.0,Closed,5.0,4.0,4.0,2.0,0.052199074074074,0,0.0,0.2138
57429491,2023-04-26 13:11:00,2023-04-26T18:30:00.000,DEP,water system,Dirty Water (WE),10028.0,Closed,4.0,3.0,4.0,2.0,0.2215277777777777,0,0.0,0.1689
57429364,2023-04-26 13:11:11,2023-04-26T14:40:52.000,NYPD,blocked driveway,No Access,11102.0,Closed,5.0,6.0,4.0,2.0,0.0622800925925925,0,0.0,0.2133
57428550,2023-04-26 13:11:19,2023-05-03T09:02:55.000,HPD,unsanitary condition,MOLD,11374.0,Closed,4.0,3.0,4.0,2.0,6.8275,0,0.0,0.1689
57431058,2023-04-26 13:11:19,2023-05-03T09:02:55.000,HPD,paint/plaster,WALL,11374.0,Closed,4.0,3.0,4.0,2.0,6.8275,0,0.0,0.1689
57429724,2023-04-26 13:11:19,2023-05-03T09:02:55.000,HPD,paint/plaster,CEILING,11374.0,Closed,4.0,3.0,4.0,2.0,6.8275,1,3.0,0.1689
57430981,2023-04-26 13:11:19,2023-05-03T09:02:55.000,HPD,paint/plaster,WALL,11374.0,Closed,4.0,3.0,4.0,2.0,6.8275,2,6.0,0.1689
57430877,2023-04-26 13:11:32,2023-04-27T20:37:47.000,HPD,unsanitary condition,PESTS,10452.0,Closed,4.0,3.0,4.0,2.0,1.3098958333333333,5,10.0,0.1689
57425965,2023-04-26 13:11:32,2023-06-05T20:46:22.000,HPD,appliance,ELECTRIC/GAS RANGE,10452.0,Closed,4.0,3.0,4.0,2.0,40.31585648148148,1,3.0,0.2357
57427787,2023-04-26 13:11:32,2023-04-27T20:37:46.000,HPD,door/window,WINDOW FRAME,10452.0,Closed,4.0,3.0,4.0,2.0,1.3098842592592592,0,0.0,0.1689
57431671,2023-04-26 13:11:32,2023-04-27T20:37:47.000,HPD,paint/plaster,WALL,10452.0,Closed,4.0,3.0,4.0,2.0,1.3098958333333333,3,8.0,0.1689
57428512,2023-04-26 13:11:32,2023-04-28T13:02:04.000,HPD,general,CABINET,10452.0,Closed,4.0,3.0,4.0,2.0,1.993425925925926,1,3.0,0.1689
57427694,2023-04-26 13:11:32,2023-04-27T20:37:47.000,HPD,paint/plaster,CEILING,10452.0,Closed,4.0,3.0,4.0,2.0,1.3098958333333333,4,10.0,0.1689
57430409,2023-04-26 13:12:23,2023-04-26T16:35:34.000,NYPD,illegal parking,Posted Parking Sign Violation,10468.0,Closed,5.0,5.0,4.0,2.0,0.141099537037037,1,3.0,0.2208
57432459,2023-04-26 13:12:40,2023-04-29T01:56:34.000,NYPD,blocked driveway,No Access,10458.0,Closed,5.0,6.0,4.0,2.0,2.530486111111111,1,3.0,0.2779
57429513,2023-04-26 13:13:11,2024-11-12T17:25:39.000,DPR,root/sewer/sidewalk condition,Trees and Sidewalks Program,11209.0,Closed,8.0,4.0,7.0,4.0,566.1753240740741,0,0.0,0.55
57431788,2023-04-26 13:13:52,2023-04-27T00:00:00.000,DOB,general construction/plumbing,Building Shaking/Vibrating/Structural Stability,11238.0,Closed,4.0,7.0,4.0,2.0,0.4487037037037037,0,0.0,0.2236
57427688,2023-04-26 13:14:00,2023-04-26T14:30:00.000,DEP,sewer,Sewer Backup (Use Comments) (SA),11101.0,Closed,8.0,3.0,7.0,2.0,0.0527777777777777,0,0.0,0.55
57429465,2023-04-26 13:14:14,2023-04-27T12:11:56.000,HPD,heat/hot water,ENTIRE BUILDING,11385.0,Closed,7.0,3.0,4.0,2.0,0.9567361111111112,1,3.0,0.2099
57431695,2023-04-26 13:15:02,2023-04-26T20:42:16.000,NYPD,abandoned vehicle,With License Plate,11102.0,Closed,4.0,3.0,4.0,2.0,0.3105787037037037,0,0.0,0.1689
57428285,2023-04-26 13:15:57,2023-05-31T15:47:43.000,EDC,noise - helicopter,Other,10024.0,Closed,3.0,1.0,3.0,2.0,35.10539351851852,1,3.0,0.1797
57423627,2023-04-26 13:18:00,2023-04-27T11:46:00.000,DOT,street light condition,Street Light Out,11229.0,Closed,7.0,5.0,6.0,5.0,0.9361111111111112,0,0.0,0.3721
57428960,2023-04-26 13:18:32,2023-04-26T20:18:44.000,NYPD,illegal parking,Commercial Overnight Parking,11379.0,Closed,5.0,5.0,4.0,2.0,0.2918055555555555,7,10.0,0.35
57427649,2023-04-26 13:18:47,2023-04-29T21:11:02.000,DSNY,dirty condition,Trash,11214.0,Closed,4.0,3.0,4.0,2.0,3.3279513888888888,1,3.0,0.1689
57430905,2023-04-26 13:19:17,2023-04-27T00:31:25.000,NYPD,abandoned vehicle,With License Plate,10463.0,Closed,4.0,3.0,4.0,2.0,0.4667592592592592,0,0.0,0.1689
57432302,2023-04-26 13:19:17,2023-04-27T08:30:00.000,DOT,street condition,Pothole,10034.0,Closed,8.0,8.0,8.0,7.0,0.7991087962962963,0,0.0,0.5798
57428569,2023-04-26 13:19:22,2023-04-26T14:16:45.000,NYPD,noise - vehicle,Car/Truck Horn,11225.0,Closed,3.0,1.0,3.0,2.0,0.039849537037037,1,3.0,0.1283
57432716,2023-04-26 13:20:00,2023-04-28T16:50:00.000,DEP,water system,Leak (Use Comments) (WA2),10307.0,Closed,4.0,3.0,4.0,2.0,2.145833333333333,0,0.0,0.1689
57431879,2023-04-26 13:20:52,2023-05-07T16:44:50.000,HPD,paint/plaster,CABINET,10456.0,Closed,4.0,3.0,4.0,2.0,11.14164351851852,1,3.0,0.1689
57428939,2023-04-26 13:22:00,2023-04-26T13:22:00.000,DOT,street light condition,Street Light Out,11204.0,Closed,7.0,5.0,6.0,5.0,0.0,0,0.0,0.3721
57429182,2023-04-26 13:22:35,2023-04-27T10:38:06.000,DCWP,consumer complaint,Retail Store,10468.0,Closed,4.0,3.0,4.0,2.0,0.885775462962963,0,0.0,0.1689
57432434,2023-04-26 13:23:16,2023-04-27T15:51:14.000,HPD,door/window,WINDOW PANE,10457.0,Closed,4.0,3.0,4.0,2.0,1.1027546296296296,0,0.0,0.1689
57431031,2023-04-26 13:23:25,2023-05-12T13:44:41.000,HPD,water leak,SLOW LEAK,10024.0,Closed,8.0,3.0,4.0,7.0,16.01476851851852,0,0.0,0.2457
57432134,2023-04-26 13:23:43,2023-04-27T16:15:40.000,HPD,paint/plaster,CEILING,10457.0,Closed,4.0,3.0,4.0,2.0,1.119409722222222,0,0.0,0.1689
57428125,2023-04-26 13:23:57,2023-04-26T20:19:23.000,NYPD,illegal parking,Blocked Bike Lane,11378.0,Closed,6.0,6.0,4.0,2.0,0.2884953703703704,3,8.0,0.2663
57428133,2023-04-26 13:24:18,2023-04-27T13:10:27.000,DSNY,illegal dumping,Removal Request,11377.0,Closed,4.0,3.0,4.0,2.0,0.9903819444444444,0,0.0,0.1689
57425786,2023-04-26 13:24:57,2023-04-26T16:53:06.000,NYPD,blocked driveway,Partial Access,11230.0,Closed,5.0,6.0,4.0,2.0,0.1445486111111111,0,0.0,0.2133
57428319,2023-04-26 13:25:20,2023-05-12T16:07:48.000,DSNY,litter basket request,New Basket,10468.0,Closed,4.0,2.0,5.0,2.0,16.112824074074073,0,0.0,0.1689
57432222,2023-04-26 13:25:43,2024-11-15T10:41:44.000,DPR,maintenance or facility,Structure - Outdoors,11235.0,Closed,4.0,3.0,4.0,2.0,568.8861226851852,0,0.0,0.1689
57427847,2023-04-26 13:25:48,2024-11-12T17:25:39.000,DPR,damaged tree,Branch Cracked and Will Fall,11206.0,Closed,4.0,3.0,4.0,2.0,566.1665625,0,0.0,0.1689
57429792,2023-04-26 13:25:53,2023-04-26T15:31:47.000,NYPD,noise - street/sidewalk,Loud Music/Party,10455.0,Closed,5.0,4.0,6.0,4.0,0.0874305555555555,0,0.0,0.2133
57428558,2023-04-26 13:26:11,2023-04-27T00:00:00.000,DOB,general construction/plumbing,Building Shaking/Vibrating/Structural Stability,11694.0,Closed,4.0,7.0,4.0,2.0,0.4401504629629629,0,0.0,0.2236
57428957,2023-04-26 13:26:33,2023-04-27T11:40:00.000,DOT,street condition,Pothole,11201.0,Closed,8.0,8.0,8.0,7.0,0.9260069444444444,0,0.0,0.5798
57429315,2023-04-26 13:27:02,2023-05-31T15:47:46.000,EDC,noise - helicopter,Other,10028.0,Closed,3.0,1.0,3.0,2.0,35.09773148148148,8,10.0,0.3034
57423410,2023-04-26 13:27:06,2023-09-18T14:22:36.000,HPD,plumbing,WATER SUPPLY,10028.0,Closed,4.0,3.0,9.0,2.0,145.03854166666667,0,0.0,0.1689
57423490,2023-04-26 13:27:19,2023-04-27T09:00:00.000,DOT,street condition,Pothole,10461.0,Closed,8.0,8.0,8.0,7.0,0.8143634259259259,1,3.0,0.5798
57431700,2023-04-26 13:27:22,2023-04-26T14:01:01.000,NYPD,illegal parking,Posted Parking Sign Violation,11218.0,Closed,5.0,5.0,4.0,2.0,0.0233680555555555,3,8.0,0.258
57432020,2023-04-26 13:27:49,2023-04-28T14:38:52.000,HPD,plumbing,BATHTUB/SHOWER,10467.0,Closed,4.0,3.0,4.0,2.0,2.0493402777777776,1,3.0,0.1689
57429836,2023-04-26 13:27:54,2023-06-26T11:53:47.000,TLC,for hire vehicle complaint,Driver Complaint - Non Passenger,10014.0,Closed,4.0,3.0,4.0,2.0,60.934641203703706,1,3.0,0.2357
57432268,2023-04-26 13:28:00,2023-04-27T13:20:00.000,DOT,street condition,Pothole,10312.0,Closed,8.0,8.0,8.0,7.0,0.9944444444444444,0,0.0,0.5798
57431372,2023-04-26 13:28:47,2023-05-30T07:29:20.000,TLC,for hire vehicle complaint,Driver Complaint - Non Passenger,10281.0,Closed,4.0,3.0,4.0,2.0,33.75038194444444,0,0.0,0.1689
57432711,2023-04-26 13:29:00,2023-04-28T10:55:00.000,DEP,lead,Lead Kit Request (Residential) (L10),11427.0,Closed,4.0,3.0,4.0,2.0,1.8930555555555555,0,0.0,0.1689
57432605,2023-04-26 13:29:04,2023-05-16T10:37:21.000,DOT,outdoor dining,Site Setup Condition,11372.0,Closed,4.0,3.0,4.0,2.0,19.880752314814814,0,0.0,0.1689
57428144,2023-04-26 13:29:14,2023-04-27T01:25:21.000,NYPD,noise - residential,Loud Music/Party,10452.0,Closed,3.0,1.0,3.0,2.0,0.4973032407407407,0,0.0,0.1283
57432639,2023-04-26 13:30:10,2023-05-03T12:57:36.000,DOT,sidewalk condition,Broken Sidewalk,11219.0,Closed,6.0,4.0,6.0,4.0,6.977384259259259,0,0.0,0.3679
57428304,2023-04-26 13:30:44,2023-05-03T20:38:42.000,HPD,paint/plaster,CABINET,11211.0,Closed,4.0,3.0,4.0,2.0,7.297199074074074,0,0.0,0.1689
57427755,2023-04-26 13:30:44,2023-05-03T20:38:41.000,HPD,paint/plaster,CEILING,11211.0,Closed,4.0,3.0,4.0,2.0,7.2971875,1,3.0,0.1689
57431840,2023-04-26 13:31:08,2023-05-04T13:06:24.000,HPD,unsanitary condition,PESTS,10039.0,Closed,4.0,3.0,4.0,2.0,7.982824074074074,2,6.0,0.1689
57430451,2023-04-26 13:31:34,2023-04-26T18:39:53.000,NYPD,illegal parking,Blocked Bike Lane,11233.0,Closed,6.0,6.0,4.0,2.0,0.2141087962962962,0,0.0,0.2208
57430802,2023-04-26 13:31:47,2023-04-28T12:45:04.000,DSNY,illegal dumping,Chronic Dumping,11235.0,Closed,4.0,3.0,4.0,2.0,1.9675578703703704,0,0.0,0.1689
57431477,2023-04-26 13:32:38,2023-04-26T13:46:11.000,NYPD,non-emergency police matter,Other (complaint details),11103.0,Closed,5.0,3.0,4.0,2.0,0.0094097222222222,0,0.0,0.2138
57430281,2023-04-26 13:33:19,2023-04-26T14:04:10.000,NYPD,illegal parking,Blocked Hydrant,11235.0,Closed,6.0,6.0,4.0,2.0,0.0214236111111111,1,3.0,0.2208
57427972,2023-04-26 13:33:45,2023-05-30T07:28:46.000,TLC,for hire vehicle complaint,Driver Complaint - Non Passenger,10003.0,Closed,4.0,3.0,4.0,2.0,33.74653935185185,0,0.0,0.1689
57431778,2023-04-26 13:34:03,2023-05-31T10:29:23.000,HPD,appliance,REFRIGERATOR,11237.0,Closed,4.0,3.0,4.0,2.0,34.87175925925926,0,0.0,0.1689
57432291,2023-04-26 13:34:03,2023-05-31T10:29:22.000,HPD,plumbing,BATHTUB/SHOWER,11237.0,Closed,4.0,3.0,4.0,2.0,34.871747685185184,2,6.0,0.2583
57431305,2023-04-26 13:34:42,2023-06-13T20:51:49.000,HPD,door/window,WINDOW FRAME,11369.0,Closed,4.0,3.0,4.0,2.0,48.30355324074074,0,0.0,0.1689
57423598,2023-04-26 13:34:42,2023-06-13T20:51:49.000,HPD,paint/plaster,WALL,11369.0,Closed,4.0,3.0,4.0,2.0,48.30355324074074,0,0.0,0.1689
57430283,2023-04-26 13:35:08,2023-04-26T14:45:30.000,NYPD,illegal parking,Blocked Hydrant,11232.0,Closed,6.0,6.0,4.0,2.0,0.0488657407407407,1,3.0,0.2208
57430676,2023-04-26 13:35:30,2023-04-28T08:27:28.000,DSNY,missed collection,Bulky Trash,11220.0,Closed,4.0,3.0,4.0,2.0,1.786087962962963,0,0.0,0.1689
57429899,2023-04-26 13:35:49,2023-04-26T14:07:15.000,NYPD,illegal parking,Double Parked Blocking Traffic,10027.0,Closed,5.0,5.0,4.0,2.0,0.0218287037037037,0,0.0,0.2208
57429462,2023-04-26 13:36:21,2023-04-26T14:28:16.000,NYPD,illegal parking,Blocked Sidewalk,10024.0,Closed,6.0,6.0,6.0,4.0,0.0360532407407407,1,3.0,0.3679
57423340,2023-04-26 13:37:07,2023-04-26T14:57:15.000,NYPD,illegal parking,Blocked Hydrant,10465.0,Closed,6.0,6.0,4.0,2.0,0.0556481481481481,2,6.0,0.2208
57426175,2023-04-26 13:38:47,2023-04-26T14:56:11.000,NYPD,illegal parking,Blocked Hydrant,10465.0,Closed,6.0,6.0,4.0,2.0,0.05375,3,8.0,0.2588
57431730,2023-04-26 13:38:55,2023-04-26T13:38:55.000,DOHMH,standing water,Puddle on Sidewalk,11101.0,Closed,5.0,4.0,6.0,4.0,0.0,0,0.0,0.2133
57423234,2023-04-26 13:40:14,2023-04-26T14:18:51.000,NYPD,blocked driveway,No Access,11236.0,Closed,5.0,6.0,4.0,2.0,0.0268171296296296,1,3.0,0.2133
57432668,2023-04-26 13:40:17,2023-04-26T14:08:08.000,NYPD,illegal parking,Overnight Commercial Storage,10312.0,Closed,5.0,5.0,4.0,2.0,0.0193402777777777,0,0.0,0.2208
57429794,2023-04-26 13:40:19,2024-06-04T00:19:05.000,DOHMH,smoking,Smoking Violation,11375.0,Closed,4.0,3.0,4.0,2.0,404.44358796296297,0,0.0,0.1689
57430920,2023-04-26 13:40:29,2023-05-02T15:56:08.000,HPD,water leak,SLOW LEAK,10304.0,Closed,8.0,3.0,4.0,7.0,6.094201388888889,0,0.0,0.2199
57428925,2023-04-26 13:41:14,2023-06-07T00:00:00.000,DOB,general construction/plumbing,Debris - Excessive,10457.0,Closed,4.0,7.0,4.0,2.0,41.42969907407407,0,0.0,0.3225
57423669,2023-04-26 13:41:14,2023-06-07T00:00:00.000,DOB,general construction/plumbing,Cons - Contrary/Beyond Approved Plans/Permits,10457.0,Closed,4.0,7.0,4.0,2.0,41.42969907407407,1,3.0,0.3855
57428604,2023-04-26 13:42:00,2023-05-08T11:47:38.000,DPR,root/sewer/sidewalk condition,Trees and Sidewalks Program,11421.0,Closed,8.0,4.0,7.0,4.0,11.920578703703704,0,0.0,0.55
57431914,2023-04-26 13:42:36,2023-04-26T14:25:25.000,NYPD,noise - residential,Banging/Pounding,10025.0,Closed,3.0,1.0,3.0,2.0,0.0297337962962962,3,8.0,0.1283
57431893,2023-04-26 13:42:40,2023-04-27T20:53:44.000,DSNY,dirty condition,Trash,11201.0,Closed,4.0,3.0,4.0,2.0,1.299351851851852,0,0.0,0.1689
57431869,2023-04-26 13:42:47,2023-05-31T15:47:49.000,EDC,noise - helicopter,Other,10025.0,Closed,3.0,1.0,3.0,2.0,35.0868287037037,19,10.0,0.3034
57429361,2023-04-26 13:42:51,2023-05-03T11:43:04.000,DSNY,lot condition,Trash,11233.0,Closed,4.0,3.0,4.0,2.0,6.91681712962963,0,0.0,0.1689
57430293,2023-04-26 13:42:56,2023-04-26T13:57:16.000,NYPD,abandoned vehicle,With License Plate,11417.0,Closed,4.0,3.0,4.0,2.0,0.0099537037037037,2,6.0,0.1689
57427622,2023-04-26 13:43:04,2023-05-19T14:45:02.000,HPD,unsanitary condition,PESTS,11206.0,Closed,4.0,3.0,4.0,2.0,23.04303240740741,0,0.0,0.1689
57430839,2023-04-26 13:43:07,2023-04-27T16:31:08.000,HPD,heat/hot water,ENTIRE BUILDING,11375.0,Closed,7.0,3.0,4.0,2.0,1.1166782407407407,2,6.0,0.2184
57429990,2023-04-26 13:43:08,2023-04-26T14:51:05.000,NYPD,illegal parking,Blocked Sidewalk,11222.0,Closed,6.0,6.0,6.0,4.0,0.0471875,5,10.0,0.469
57427689,2023-04-26 13:44:00,2023-05-01T10:00:00.000,DEP,water system,LOW WATER PRESSURE - WLWP,11415.0,Closed,4.0,3.0,4.0,2.0,4.844444444444444,0,0.0,0.1689
57429432,2023-04-26 13:44:20,2023-04-26T17:39:32.000,NYPD,illegal parking,Blocked Crosswalk,10455.0,Closed,6.0,6.0,4.0,2.0,0.1633333333333333,2,6.0,0.2208
57430837,2023-04-26 13:44:22,2023-04-26T13:44:22.000,DOB,real time enforcement,Work Without A Permit - Occupied Multiple Dwelling,11249.0,Closed,4.0,3.0,4.0,2.0,0.0,0,0.0,0.1689
57428559,2023-04-26 13:45:04,2023-04-26T13:45:04.000,DOB,building/use,Zoning - Non-Conforming/Illegal Vehicle Storage,11426.0,Open,4.0,3.0,4.0,2.0,0.0,0,0.0,0.1689
57428049,2023-04-26 13:45:08,2023-04-26T14:14:18.000,NYPD,noise - residential,Banging/Pounding,10038.0,Closed,3.0,1.0,3.0,2.0,0.0202546296296296,0,0.0,0.1283
57425479,2023-04-26 13:46:02,2023-04-26T19:15:22.000,NYPD,illegal parking,Posted Parking Sign Violation,11223.0,Closed,5.0,5.0,4.0,2.0,0.2287037037037037,3,8.0,0.2643
57428191,2023-04-26 13:46:58,2023-05-31T15:47:51.000,EDC,noise - helicopter,Other,11357.0,Closed,3.0,1.0,3.0,2.0,35.08394675925926,3,8.0,0.2199
57428379,2023-04-26 13:47:01,2023-05-03T08:42:22.000,DSNY,missed collection,Recycling - Paper,11210.0,Closed,4.0,3.0,4.0,2.0,6.7884375,0,0.0,0.1689
57432483,2023-04-26 13:47:11,2023-04-26T13:55:03.000,NYPD,illegal parking,Posted Parking Sign Violation,10010.0,Closed,5.0,5.0,4.0,2.0,0.0054629629629629,0,0.0,0.2208
57431293,2023-04-26 13:47:16,2025-05-13T16:38:19.000,DPR,new tree request,For One Address,10032.0,Closed,4.0,3.0,4.0,2.0,748.1187847222222,0,0.0,0.1689
57431146,2023-04-26 13:48:05,2023-05-12T00:00:00.000,DOB,general construction/plumbing,Building Permit - None,11355.0,Closed,4.0,7.0,4.0,2.0,15.42494212962963,0,0.0,0.2545
57430303,2023-04-26 13:49:25,2023-05-02T11:29:13.000,HPD,heat/hot water,APARTMENT ONLY,10023.0,Closed,7.0,3.0,4.0,2.0,5.902638888888889,2,6.0,0.35
57428612,2023-04-26 13:50:11,2023-05-31T15:47:52.000,EDC,noise - helicopter,Other,11238.0,Closed,3.0,1.0,3.0,2.0,35.08172453703704,12,10.0,0.3034
57427577,2023-04-26 13:51:05,2023-05-25T00:00:00.000,DOB,general construction/plumbing,Wall/Retaining Wall - Bulging/Cracked,11234.0,Closed,4.0,7.0,4.0,2.0,28.422858796296296,0,0.0,0.3225
57429333,2023-04-26 13:52:06,2023-04-26T15:13:03.000,NYPD,illegal parking,Blocked Bike Lane,11222.0,Closed,6.0,6.0,4.0,2.0,0.0562152777777777,6,10.0,0.35
57423772,2023-04-26 13:52:27,2023-06-06T20:37:37.000,HPD,appliance,ELECTRIC/GAS RANGE,11225.0,Closed,4.0,3.0,4.0,2.0,41.28136574074074,0,0.0,0.1689
57428521,2023-04-26 13:52:28,2023-05-11T05:02:54.000,HPD,appliance,REFRIGERATOR,11225.0,Closed,4.0,3.0,4.0,2.0,14.63224537037037,1,3.0,0.1689
57430045,2023-04-26 13:52:29,2023-05-04T08:28:59.000,HPD,general,MAILBOX,11225.0,Closed,4.0,3.0,4.0,2.0,7.775347222222222,0,0.0,0.1689
57430132,2023-04-26 13:53:46,2023-04-26T13:53:46.000,DOHMH,rodent,Rat Sighting,10018.0,Closed,4.0,3.0,4.0,2.0,0.0,0,0.0,0.1689
57428076,2023-04-26 13:54:05,2023-04-26T13:54:05.000,DOB,general construction/plumbing,Building Shaking/Vibrating/Structural Stability,11206.0,Closed,4.0,7.0,4.0,2.0,0.0,0,0.0,0.2236
57429091,2023-04-26 13:55:29,2023-04-28T20:08:09.000,HPD,plumbing,BATHTUB/SHOWER,11427.0,Closed,4.0,3.0,4.0,2.0,2.258796296296296,0,0.0,0.1689
57428756,2023-04-26 13:55:39,2023-05-25T19:56:31.000,HPD,appliance,ELECTRIC/GAS RANGE,10027.0,Closed,4.0,3.0,4.0,2.0,29.25060185185185,0,0.0,0.1689
57428258,2023-04-26 13:55:55,2023-05-03T20:38:43.000,HPD,flooring/stairs,STAIRS,11211.0,Closed,4.0,3.0,4.0,2.0,7.279722222222222,1,3.0,0.1689
57430023,2023-04-26 13:56:31,2023-04-26T14:54:51.000,DSNY,vendor enforcement,Non-Food Vendor,11220.0,Closed,4.0,3.0,4.0,2.0,0.0405092592592592,0,0.0,0.1689
57431739,2023-04-26 13:57:06,2023-05-25T00:00:00.000,DOB,general construction/plumbing,Building Permit - None,10301.0,Closed,4.0,7.0,4.0,2.0,28.41868055555556,0,0.0,0.3225
57432454,2023-04-26 13:57:14,2023-05-08T07:27:40.000,DOT,street sign - dangling,"No Parking, Standing, Stopping",11238.0,Closed,3.0,5.0,4.0,2.0,11.729467592592592,0,0.0,0.1283
57430898,2023-04-26 13:57:18,2025-05-13T16:38:19.000,DPR,new tree request,For One Address,11375.0,Closed,4.0,3.0,4.0,2.0,748.1118171296297,0,0.0,0.1689
57423892,2023-04-26 13:58:16,2023-04-26T13:58:16.000,DOHMH,rodent,Signs of Rodents,11217.0,Closed,4.0,3.0,4.0,2.0,0.0,0,0.0,0.1689
57428914,2023-04-26 13:58:50,2023-04-29T19:14:18.000,HPD,heat/hot water,APARTMENT ONLY,10021.0,Closed,7.0,3.0,4.0,2.0,3.219074074074074,1,3.0,0.2847
57430547,2023-04-26 13:58:52,2023-04-26T14:33:33.000,NYPD,illegal parking,Posted Parking Sign Violation,11230.0,Closed,5.0,5.0,4.0,2.0,0.0240856481481481,4,10.0,0.35
57429589,2023-04-26 13:58:55,2023-04-26T14:55:00.000,NYPD,noise - residential,Loud Music/Party,11103.0,Closed,3.0,1.0,3.0,2.0,0.0389467592592592,0,0.0,0.1283
57431032,2023-04-26 13:59:49,2023-05-01T15:40:43.000,HPD,unsanitary condition,PESTS,11201.0,Closed,4.0,3.0,4.0,2.0,5.070069444444444,0,0.0,0.1689
57428158,2023-04-26 14:01:40,2023-04-26T14:38:40.000,NYPD,illegal parking,Blocked Bike Lane,11109.0,Closed,6.0,6.0,4.0,2.0,0.0256944444444444,2,6.0,0.2208
57426237,2023-04-26 14:02:29,2023-04-27T10:09:48.000,DHS,homeless person assistance,Unknown,UNKNOWN,Closed,4.0,3.0,4.0,2.0,0.8384143518518519,6,10.0,0.1689
57431661,2023-04-26 14:02:34,2023-04-26T14:13:34.000,NYPD,illegal parking,Blocked Bike Lane,11101.0,Closed,6.0,6.0,4.0,2.0,0.0076388888888888,17,10.0,0.35
57429840,2023-04-26 14:02:48,2023-04-26T15:30:14.000,NYPD,illegal parking,Posted Parking Sign Violation,10036.0,Closed,5.0,5.0,4.0,2.0,0.0607175925925925,0,0.0,0.2208
57427892,2023-04-26 14:04:05,2023-04-26T15:01:37.000,NYPD,noise - residential,Loud Music/Party,11103.0,Closed,3.0,1.0,3.0,2.0,0.0399537037037037,1,3.0,0.1283
57431108,2023-04-26 14:04:42,2023-05-02T12:28:15.000,DOT,sidewalk condition,Sidewalk Violation,11373.0,Closed,5.0,4.0,6.0,4.0,5.933020833333333,0,0.0,0.2133
57432451,2023-04-26 14:05:00,2023-05-04T15:30:00.000,DEP,noise,"Noise, Ice Cream Truck (NR4)",11228.0,Closed,3.0,1.0,3.0,2.0,8.059027777777779,1,3.0,0.1283
57427960,2023-04-26 14:05:02,2023-04-26T17:12:40.000,NYPD,illegal parking,Blocked Bike Lane,11222.0,Closed,6.0,6.0,4.0,2.0,0.1303009259259259,7,10.0,0.35
57428636,2023-04-26 14:05:09,2023-05-30T09:49:58.000,DOT,outdoor dining,Barrier Condition,11219.0,Closed,4.0,3.0,4.0,2.0,33.82278935185185,0,0.0,0.1689
57430104,2023-04-26 14:06:13,2023-04-27T10:38:04.000,DSNY,dirty condition,Trash,11220.0,Closed,4.0,3.0,4.0,2.0,0.8554513888888889,0,0.0,0.1689
57426387,2023-04-26 14:06:15,2024-04-17T09:37:38.000,DPR,new tree request,For One Address,11206.0,Closed,4.0,3.0,4.0,2.0,356.8134606481481,1,3.0,0.2357
57431304,2023-04-26 14:06:18,2023-04-27T05:18:14.000,DSNY,dirty condition,Trash,11377.0,Closed,4.0,3.0,4.0,2.0,0.633287037037037,0,0.0,0.1689
57432339,2023-04-26 14:06:34,2023-04-28T14:02:44.000,DSNY,illegal dumping,Removal Request,10312.0,Closed,4.0,3.0,4.0,2.0,1.997337962962963,1,3.0,0.1689
57427721,2023-04-26 14:06:52,2023-04-26T14:41:26.000,DSNY,vendor enforcement,Food Vendor,10004.0,Closed,4.0,3.0,4.0,2.0,0.0240046296296296,0,0.0,0.1689
57427778,2023-04-26 14:07:12,2023-04-27T05:19:31.000,DSNY,dirty condition,Trash,10451.0,Closed,4.0,3.0,4.0,2.0,0.6335532407407407,0,0.0,0.1689
57432108,2023-04-26 14:07:42,2023-04-26T14:39:53.000,NYPD,blocked driveway,Partial Access,11234.0,Closed,5.0,6.0,4.0,2.0,0.022349537037037,0,0.0,0.2133
57426325,2023-04-26 14:08:00,2023-04-27T06:11:05.000,NYPD,blocked driveway,No Access,11413.0,Closed,5.0,6.0,4.0,2.0,0.6688078703703704,0,0.0,0.2133
57428451,2023-04-26 14:08:50,2025-05-13T16:38:20.000,DPR,new tree request,For One Address,11206.0,Closed,4.0,3.0,4.0,2.0,748.1038194444444,2,6.0,0.2583
57425854,2023-04-26 14:08:51,2023-04-26T18:07:05.000,NYPD,illegal parking,Blocked Sidewalk,11208.0,Closed,6.0,6.0,6.0,4.0,0.1654398148148148,3,8.0,0.4296
57430127,2023-04-26 14:08:54,2023-04-26T14:08:54.000,DOT,street condition,Pothole,11238.0,Closed,8.0,8.0,8.0,7.0,0.0,0,0.0,0.5798
57432430,2023-04-26 14:08:57,2023-04-27T17:10:23.000,HPD,safety,SMOKE DETECTOR,11221.0,Closed,4.0,3.0,4.0,2.0,1.1259953703703705,0,0.0,0.1689
57432005,2023-04-26 14:09:00,2023-04-26T21:15:00.000,DSNY,derelict vehicles,Derelict Vehicles,UNKNOWN,Closed,4.0,3.0,4.0,2.0,0.2958333333333333,3,8.0,0.1689
57430738,2023-04-26 14:09:15,2023-04-26T14:25:15.000,NYPD,illegal parking,Posted Parking Sign Violation,11203.0,Closed,5.0,5.0,4.0,2.0,0.0111111111111111,0,0.0,0.2208
57427786,2023-04-26 14:09:21,2023-05-10T13:31:26.000,HPD,unsanitary condition,GARBAGE/RECYCLING STORAGE,10030.0,Closed,5.0,2.0,5.0,4.0,13.97366898148148,1,3.0,0.35
57432045,2023-04-26 14:09:23,2023-05-10T19:58:38.000,HPD,paint/plaster,CEILING,11208.0,Closed,4.0,3.0,4.0,2.0,14.242534722222222,0,0.0,0.1689
57428909,2023-04-26 14:10:12,2023-04-27T14:35:48.000,DCWP,consumer complaint,Car Dealer - Used,11368.0,Closed,4.0,3.0,4.0,2.0,1.0177777777777777,0,0.0,0.1689
57430268,2023-04-26 14:10:25,2024-06-04T00:18:59.000,DOHMH,smoking,Smoking Violation,11211.0,Closed,4.0,3.0,4.0,2.0,404.4226157407408,0,0.0,0.1689
57428493,2023-04-26 14:11:00,2023-04-27T10:53:00.000,DSNY,derelict vehicles,Derelict Vehicles,10473.0,Closed,4.0,3.0,4.0,2.0,0.8625,5,10.0,0.1689
57429216,2023-04-26 14:11:07,2023-05-31T15:47:55.000,EDC,noise - helicopter,Other,11201.0,Closed,3.0,1.0,3.0,2.0,35.06722222222222,5,10.0,0.3034
57430913,2023-04-26 14:11:24,2023-04-26T14:26:21.000,NYPD,illegal parking,Blocked Sidewalk,11230.0,Closed,6.0,6.0,6.0,4.0,0.0103819444444444,5,10.0,0.469
57430465,2023-04-26 14:12:00,2023-04-26T22:55:00.000,DSNY,derelict vehicles,Derelict Vehicles,11358.0,Closed,4.0,3.0,4.0,2.0,0.3631944444444444,0,0.0,0.1689
57431917,2023-04-26 14:12:44,2023-04-26T21:17:28.000,NYPD,noise - residential,Loud Music/Party,10453.0,Closed,3.0,1.0,3.0,2.0,0.2949537037037037,0,0.0,0.1283
57432185,2023-04-26 14:13:32,2023-04-26T14:13:32.000,DOHMH,rodent,Rat Sighting,11375.0,Closed,4.0,3.0,4.0,2.0,0.0,1,3.0,0.1689
57427542,2023-04-26 14:13:35,2023-04-26T15:22:39.000,NYPD,illegal parking,Unauthorized Bus Layover,11231.0,Closed,5.0,5.0,4.0,2.0,0.0479629629629629,1,3.0,0.2208
57426545,2023-04-26 14:13:38,2023-05-31T15:47:59.000,EDC,noise - helicopter,Other,10023.0,Closed,3.0,1.0,3.0,2.0,35.06552083333333,10,10.0,0.3034
57433090,2023-04-26 14:13:57,2023-04-27T13:50:00.000,DOT,street condition,Pothole,11236.0,Closed,8.0,8.0,8.0,7.0,0.9833680555555556,0,0.0,0.5798
57432439,2023-04-26 14:14:00,2023-05-04T17:45:00.000,DEP,air quality,Air: Other Air Problem (Use Comments) (AZZ),11208.0,Closed,4.0,3.0,4.0,2.0,8.146527777777777,0,0.0,0.1689
57429486,2023-04-26 14:14:00,2023-04-27T11:20:00.000,DEP,sewer,Catch Basin Clogged/Flooding (Use Comments) (SC),11236.0,Closed,8.0,3.0,9.0,9.0,0.8791666666666667,0,0.0,0.5798
57432303,2023-04-26 14:14:02,2023-04-26T14:18:45.000,NYPD,animal-abuse,Tortured,10458.0,Closed,4.0,3.0,4.0,2.0,0.0032754629629629,1,3.0,0.1689
57430849,2023-04-26 14:14:47,2023-05-31T15:48:02.000,EDC,noise - helicopter,Other,10023.0,Closed,3.0,1.0,3.0,2.0,35.06475694444445,11,10.0,0.3034
57432570,2023-04-26 14:15:06,2023-04-27T20:36:09.000,HPD,heat/hot water,APARTMENT ONLY,10467.0,Closed,7.0,3.0,4.0,2.0,1.2646180555555555,6,10.0,0.35
57429009,2023-04-26 14:15:24,2023-05-31T15:48:05.000,EDC,noise - helicopter,Other,10023.0,Closed,3.0,1.0,3.0,2.0,35.064363425925926,12,10.0,0.3034
57431993,2023-04-26 14:15:50,2023-04-26T17:32:48.000,NYPD,illegal parking,Blocked Sidewalk,11104.0,Closed,6.0,6.0,6.0,4.0,0.1367824074074074,6,10.0,0.469
57431999,2023-04-26 14:16:30,2023-04-26T14:41:31.000,NYPD,non-emergency police matter,Other (complaint details),11432.0,Closed,5.0,3.0,4.0,2.0,0.0173726851851851,0,0.0,0.2138
57428318,2023-04-26 14:17:31,2023-04-26T14:49:23.000,NYPD,illegal parking,Blocked Sidewalk,11203.0,Closed,6.0,6.0,6.0,4.0,0.0221296296296296,1,3.0,0.3679
57424157,2023-04-26 14:18:20,2023-04-26T16:21:33.000,NYPD,blocked driveway,No Access,11377.0,Closed,5.0,6.0,4.0,2.0,0.0855671296296296,0,0.0,0.2133
57429721,2023-04-26 14:18:28,2023-05-04T10:44:54.000,HPD,unsanitary condition,PESTS,10453.0,Closed,4.0,3.0,4.0,2.0,7.851689814814815,0,0.0,0.1689
57425560,2023-04-26 14:18:48,2023-04-26T14:57:03.000,NYPD,drug activity,Use Outside,11366.0,Closed,4.0,3.0,4.0,2.0,0.0265625,5,10.0,0.1689
57432193,2023-04-26 14:19:16,2023-04-26T20:55:40.000,NYPD,illegal parking,Blocked Hydrant,11222.0,Closed,6.0,6.0,4.0,2.0,0.2752777777777778,8,10.0,0.35
57430975,2023-04-26 14:20:04,2023-09-22T14:12:34.000,DPR,damaged tree,Tree Leaning/Uprooted,10472.0,Closed,4.0,3.0,4.0,2.0,148.99479166666666,0,0.0,0.1689
57431663,2023-04-26 14:20:44,2023-04-26T14:46:50.000,NYPD,illegal parking,Posted Parking Sign Violation,10031.0,Closed,5.0,5.0,4.0,2.0,0.018125,1,3.0,0.2208
57422906,2023-04-26 14:21:28,2023-06-14T15:48:56.000,HPD,plumbing,BATHTUB/SHOWER,10032.0,Closed,4.0,3.0,4.0,2.0,49.06074074074074,0,0.0,0.1689
57428588,2023-04-26 14:21:29,2023-06-14T15:48:56.000,HPD,paint/plaster,WALL,10032.0,Closed,4.0,3.0,4.0,2.0,49.06072916666667,1,3.0,0.2357
57431242,2023-04-26 14:21:29,2023-06-11T14:31:01.000,HPD,appliance,REFRIGERATOR,10032.0,Closed,4.0,3.0,4.0,2.0,46.00662037037037,0,0.0,0.1689
57430950,2023-04-26 14:21:29,2023-06-11T14:31:01.000,HPD,paint/plaster,WALL,10032.0,Closed,4.0,3.0,4.0,2.0,46.00662037037037,2,6.0,0.2583
57430115,2023-04-26 14:21:29,2023-06-11T14:31:01.000,HPD,electric,OUTLET/SWITCH,10032.0,Closed,4.0,3.0,4.0,2.0,46.00662037037037,0,0.0,0.1689
57431528,2023-04-26 14:21:36,2023-04-26T15:13:47.000,DPR,maintenance or facility,Hours of Operation,10032.0,Closed,4.0,3.0,4.0,2.0,0.0362384259259259,0,0.0,0.1689
57431252,2023-04-26 14:21:49,2023-04-27T10:07:58.000,DCWP,consumer complaint,Electronics Store,10452.0,Closed,4.0,3.0,4.0,2.0,0.8237152777777778,0,0.0,0.1689
57431931,2023-04-26 14:22:22,2023-05-05T14:44:08.000,DOT,street condition,Cave-in,11377.0,Closed,8.0,7.0,7.0,7.0,9.01511574074074,0,0.0,0.55
57432484,2023-04-26 14:23:50,2023-04-26T14:29:44.000,NYPD,encampment,Unknown,10010.0,Closed,4.0,3.0,4.0,2.0,0.0040972222222222,0,0.0,0.1689
57429232,2023-04-26 14:24:12,2023-04-26T22:07:19.000,HPD,heat/hot water,ENTIRE BUILDING,10021.0,Closed,7.0,3.0,4.0,2.0,0.3216087962962963,2,6.0,0.2099
57428172,2023-04-26 14:25:00,2023-04-26T14:36:17.000,NYPD,blocked driveway,No Access,10314.0,Closed,5.0,6.0,4.0,2.0,0.0078356481481481,1,3.0,0.2133
57427839,2023-04-26 14:26:31,2023-04-26T21:11:13.000,NYPD,abandoned vehicle,With License Plate,11233.0,Closed,4.0,3.0,4.0,2.0,0.2810416666666667,0,0.0,0.1689
57432114,2023-04-26 14:26:58,2023-05-03T11:46:23.000,DOT,sidewalk condition,Broken Sidewalk,11367.0,Closed,6.0,4.0,6.0,4.0,6.888483796296296,0,0.0,0.3679
57428433,2023-04-26 14:27:00,2023-04-27T02:20:00.000,DOT,traffic signal condition,Base Door,11373.0,Closed,9.0,10.0,8.0,2.0,0.4951388888888889,0,0.0,0.7209
57429036,2023-04-26 14:27:00,2023-04-26T23:59:00.000,DOT,traffic signal condition,Veh Signal Head,11434.0,Closed,9.0,10.0,8.0,2.0,0.3972222222222222,0,0.0,0.7209
57424735,2023-04-26 14:29:00,2023-04-26T20:19:00.000,DSNY,derelict vehicles,Derelict Vehicles,11420.0,Closed,4.0,3.0,4.0,2.0,0.2430555555555555,0,0.0,0.1689
57429239,2023-04-26 14:29:00,2023-04-27T03:00:00.000,DOT,traffic signal condition,Blank Out Matrix Sgn,11416.0,Closed,9.0,10.0,8.0,2.0,0.5215277777777778,0,0.0,0.7209
57430865,2023-04-26 14:29:43,2023-05-31T15:48:18.000,EDC,noise - helicopter,Other,11231.0,Closed,3.0,1.0,3.0,2.0,35.05457175925926,2,6.0,0.2128
57428921,2023-04-26 14:29:55,2023-05-03T15:58:28.000,DOT,curb condition,Broken Curb,11201.0,Closed,5.0,4.0,6.0,4.0,7.061493055555555,0,0.0,0.2133
57431850,2023-04-26 14:30:03,2023-04-26T14:50:08.000,NYPD,noise - commercial,Loud Talking,11214.0,Closed,3.0,1.0,3.0,2.0,0.0139467592592592,0,0.0,0.1283
57428212,2023-04-26 14:30:12,2023-05-04T00:00:00.000,DOB,general construction/plumbing,Cons - Contrary/Beyond Approved Plans/Permits,11212.0,Closed,4.0,7.0,4.0,2.0,7.395694444444445,0,0.0,0.2236
57427958,2023-04-26 14:30:12,2023-06-02T00:00:00.000,DOB,elevator,Elevator - Single Device On Property/No Alternate Service,11219.0,Closed,4.0,3.0,4.0,2.0,36.395694444444445,0,0.0,0.1689
57431051,2023-04-26 14:30:13,2023-04-28T14:05:34.000,HPD,heat/hot water,APARTMENT ONLY,10462.0,Closed,7.0,3.0,4.0,2.0,1.9828819444444443,4,10.0,0.4058
57431073,2023-04-26 14:30:43,2023-04-26T18:08:38.000,NYPD,noise - residential,Banging/Pounding,10314.0,Closed,3.0,1.0,3.0,2.0,0.1513310185185185,1,3.0,0.1283
57430557,2023-04-26 14:31:16,2023-05-05T14:07:33.000,DOT,street condition,Failed Street Repair,11375.0,Closed,8.0,7.0,7.0,7.0,8.983530092592593,1,3.0,0.55
57431180,2023-04-26 14:32:00,2023-04-27T06:50:00.000,DEP,sewer,Catch Basin Sunken/Damaged/Raised (SC1),11379.0,Closed,8.0,3.0,7.0,2.0,0.6791666666666667,0,0.0,0.55
57427564,2023-04-26 14:32:00,2023-04-27T02:45:00.000,DOT,traffic signal condition,LED Lense,11423.0,Closed,9.0,10.0,8.0,2.0,0.5090277777777777,0,0.0,0.7209
57430580,2023-04-26 14:32:00,2023-04-26T20:40:00.000,DOT,street light condition,Street Light Out,10007.0,Closed,7.0,5.0,6.0,5.0,0.2555555555555555,0,0.0,0.3721
57428868,2023-04-26 14:32:03,2025-05-13T16:38:20.000,DPR,new tree request,For One Address,10031.0,Closed,4.0,3.0,4.0,2.0,748.0876967592593,0,0.0,0.1689
57431428,2023-04-26 14:33:00,2023-04-26T15:10:00.000,DOT,traffic signal condition,LED Lense,11418.0,Closed,9.0,10.0,8.0,2.0,0.0256944444444444,0,0.0,0.7209
57432190,2023-04-26 14:33:12,2023-07-14T18:04:14.000,HPD,unsanitary condition,PESTS,10036.0,Closed,4.0,3.0,4.0,2.0,79.14655092592592,0,0.0,0.1689
57431503,2023-04-26 14:33:20,2023-04-28T12:48:00.000,HPD,unsanitary condition,MOLD,10023.0,Closed,4.0,3.0,4.0,2.0,1.926851851851852,0,0.0,0.1689
57431615,2023-04-26 14:33:21,2024-11-12T17:25:39.000,DPR,root/sewer/sidewalk condition,Trees and Sidewalks Program,11210.0,Closed,8.0,4.0,7.0,4.0,566.1196527777778,0,0.0,0.55
57429756,2023-04-26 14:33:26,2023-04-26T16:35:51.000,NYPD,illegal parking,Posted Parking Sign Violation,11205.0,Closed,5.0,5.0,4.0,2.0,0.085011574074074,5,10.0,0.35
57431217,2023-04-26 14:33:56,2023-04-26T14:59:41.000,NYPD,noise - residential,Loud Music/Party,11366.0,Closed,3.0,1.0,3.0,2.0,0.0178819444444444,2,6.0,0.1283
57432489,2023-04-26 14:35:24,2023-04-26T14:59:21.000,NYPD,illegal parking,Posted Parking Sign Violation,11366.0,Closed,5.0,5.0,4.0,2.0,0.0166319444444444,4,10.0,0.35
57431312,2023-04-26 14:35:30,2023-05-12T10:01:03.000,DPR,new tree request,For One Address,11211.0,Closed,4.0,3.0,4.0,2.0,15.809409722222222,2,6.0,0.1965
57424895,2023-04-26 14:35:53,2023-04-27T12:50:00.000,DOT,street condition,Pothole,10039.0,Closed,8.0,8.0,8.0,7.0,0.9264699074074074,0,0.0,0.5798
57428283,2023-04-26 14:36:00,2023-05-05T16:33:00.000,DOT,street light condition,Multiple St Lts Dayburning,11385.0,Closed,7.0,5.0,6.0,5.0,9.08125,1,3.0,0.3853
57431377,2023-04-26 14:36:14,2023-05-01T17:39:40.000,HPD,general,BELL/BUZZER/INTERCOM,10459.0,Closed,4.0,3.0,4.0,2.0,5.12738425925926,0,0.0,0.1689
57432227,2023-04-26 14:36:16,2023-05-05T14:05:39.000,DOT,street condition,Cave-in,11373.0,Closed,8.0,7.0,7.0,7.0,8.978738425925926,0,0.0,0.55
57428385,2023-04-26 14:36:56,2023-04-26T14:50:22.000,NYPD,noise - vehicle,Car/Truck Music,10016.0,Closed,3.0,1.0,3.0,2.0,0.0093287037037037,1,3.0,0.1283
57427848,2023-04-26 14:37:07,2023-04-26T15:29:40.000,NYPD,blocked driveway,Partial Access,11214.0,Closed,5.0,6.0,4.0,2.0,0.0364930555555555,0,0.0,0.2133
57431848,2023-04-26 14:38:02,2023-04-26T18:52:08.000,NYPD,bike/roller/skate chronic,Unknown,11211.0,Closed,4.0,3.0,4.0,2.0,0.1764583333333333,0,0.0,0.1689
57432460,2023-04-26 14:38:03,2023-04-26T17:48:38.000,NYPD,noise - commercial,Banging/Pounding,11378.0,Closed,3.0,1.0,3.0,2.0,0.132349537037037,0,0.0,0.1283
57431824,2023-04-26 14:38:19,2023-04-26T15:56:58.000,DHS,homeless person assistance,Unknown,10065.0,Closed,4.0,3.0,4.0,2.0,0.0546180555555555,0,0.0,0.1689
57430562,2023-04-26 14:39:06,2023-04-26T14:43:33.000,NYPD,drinking,Underage - Licensed Est,10001.0,Closed,4.0,3.0,4.0,2.0,0.0030902777777777,0,0.0,0.1689
57428273,2023-04-26 14:39:07,2023-04-26T14:53:56.000,NYPD,noise - residential,Banging/Pounding,11216.0,Closed,3.0,1.0,3.0,2.0,0.0102893518518518,0,0.0,0.1283
57430786,2023-04-26 14:39:11,2023-04-27T05:19:12.000,DSNY,dirty condition,Trash,11377.0,Closed,4.0,3.0,4.0,2.0,0.6111226851851852,1,3.0,0.1689
57430417,2023-04-26 14:39:19,2023-04-26T15:16:58.000,NYPD,noise - residential,Banging/Pounding,10456.0,Closed,3.0,1.0,3.0,2.0,0.0261458333333333,1,3.0,0.1283
57428709,2023-04-26 14:41:17,2023-04-28T20:51:24.000,DSNY,obstruction,Sign,10018.0,Closed,4.0,4.0,4.0,2.0,2.257025462962963,0,0.0,0.1689
57432226,2023-04-26 14:41:31,2023-05-02T09:41:39.000,DOT,sidewalk condition,Broken Sidewalk,11215.0,Closed,6.0,4.0,6.0,4.0,5.791759259259259,0,0.0,0.3679
57427904,2023-04-26 14:41:48,2023-05-15T09:24:38.000,DOT,outdoor dining,Street Zone Blocked,10003.0,Closed,5.0,4.0,4.0,2.0,18.77974537037037,0,0.0,0.2138
57425699,2023-04-26 14:41:50,2023-04-28T14:08:44.000,DSNY,missed collection,Bulky Trash,10301.0,Closed,4.0,3.0,4.0,2.0,1.9770138888888888,0,0.0,0.1689
57429253,2023-04-26 14:41:56,2023-05-11T14:33:20.000,DOT,curb condition,Defacement,10308.0,Closed,4.0,4.0,6.0,4.0,14.994027777777776,0,0.0,0.2552
57430137,2023-04-26 14:42:13,2023-04-27T08:01:28.000,HPD,water leak,DAMP SPOT,11209.0,Closed,8.0,3.0,4.0,7.0,0.7217013888888889,0,0.0,0.2199
57432169,2023-04-26 14:42:32,2023-05-31T15:48:18.000,EDC,noise - helicopter,Other,10011.0,Closed,3.0,1.0,3.0,2.0,35.0456712962963,14,10.0,0.3034
57430138,2023-04-26 14:42:36,2023-04-28T11:32:42.000,HPD,heat/hot water,APARTMENT ONLY,10453.0,Closed,7.0,3.0,4.0,2.0,1.868125,0,0.0,0.2099
57432441,2023-04-26 14:42:36,2023-04-28T11:32:42.000,HPD,paint/plaster,CEILING,10453.0,Closed,4.0,3.0,4.0,2.0,1.868125,0,0.0,0.1689
57427790,2023-04-26 14:43:00,2023-04-26T16:45:00.000,DOT,traffic signal condition,Controller,11374.0,Closed,9.0,10.0,8.0,2.0,0.0847222222222222,0,0.0,0.7209
57431709,2023-04-26 14:43:09,2023-04-26T14:52:08.000,NYPD,illegal parking,Blocked Bike Lane,11216.0,Closed,6.0,6.0,4.0,2.0,0.0062384259259259,1,3.0,0.2208
57429930,2023-04-26 14:43:49,,DPR,illegal tree damage,Unauthorized Tree Pruning,11004.0,In Progress,4.0,3.0,4.0,2.0,1261.176172718611,0,0.0,0.1689
57429735,2023-04-26 14:44:36,2023-05-05T15:07:38.000,DSNY,missed collection,Recycling - Metal/Glass/Rigid Plastic,11422.0,Closed,4.0,3.0,4.0,2.0,9.015995370370373,0,0.0,0.1689
57430597,2023-04-26 14:44:48,2023-05-02T09:42:32.000,DOT,sidewalk condition,Broken Sidewalk,11215.0,Closed,6.0,4.0,6.0,4.0,5.790092592592592,1,3.0,0.3903
57431076,2023-04-26 14:45:24,2023-04-26T15:31:18.000,NYPD,illegal parking,Blocked Bike Lane,11238.0,Closed,6.0,6.0,4.0,2.0,0.031875,2,6.0,0.2208
57431708,2023-04-26 14:45:32,2023-07-03T10:10:59.000,HPD,plumbing,BASIN/SINK,10029.0,Closed,4.0,3.0,4.0,2.0,67.80934027777778,0,0.0,0.1689
57432312,2023-04-26 14:45:39,2023-05-10T23:28:33.000,HPD,flooring/stairs,FLOOR,10029.0,Closed,4.0,3.0,4.0,2.0,14.363125,1,3.0,0.1689
57430542,2023-04-26 14:45:39,2023-05-10T23:28:32.000,HPD,general,VENTILATION SYSTEM,10029.0,Closed,4.0,3.0,4.0,2.0,14.363113425925926,1,3.0,0.1689
57430141,2023-04-26 14:46:00,2025-03-30T17:50:33.000,DPR,dead/dying tree,Planted More Than 2 Years Ago,11426.0,Closed,4.0,3.0,4.0,2.0,704.1281597222222,0,0.0,0.1689
57431077,2023-04-26 14:46:50,2023-04-26T15:28:41.000,NYPD,illegal parking,Blocked Bike Lane,11238.0,Closed,6.0,6.0,4.0,2.0,0.0290625,3,8.0,0.2581
57429374,2023-04-26 14:47:10,2023-05-31T15:48:20.000,EDC,noise - helicopter,Other,11414.0,Closed,3.0,1.0,3.0,2.0,35.04247685185185,6,10.0,0.3034
57431327,2023-04-26 14:47:31,2025-05-13T16:38:20.000,DPR,new tree request,For One Address,10314.0,Closed,4.0,3.0,4.0,2.0,748.0769560185186,0,0.0,0.1689
57429464,2023-04-26 14:48:55,2023-04-26T14:54:53.000,NYPD,illegal parking,Blocked Bike Lane,11205.0,Closed,6.0,6.0,4.0,2.0,0.0041435185185185,6,10.0,0.35
57428122,2023-04-26 14:48:59,2023-04-26T16:56:48.000,NYPD,illegal parking,Posted Parking Sign Violation,11238.0,Closed,5.0,5.0,4.0,2.0,0.088761574074074,4,10.0,0.35
57426353,2023-04-26 14:49:25,2023-05-28T19:12:00.000,HPD,general,COOKING GAS,10023.0,Closed,4.0,3.0,4.0,2.0,32.182349537037034,0,0.0,0.1689
57431326,2023-04-26 14:49:25,2023-05-01T09:29:32.000,HPD,unsanitary condition,GARBAGE/RECYCLING STORAGE,10023.0,Closed,5.0,2.0,5.0,4.0,4.777858796296297,1,3.0,0.2908
57431105,2023-04-26 14:50:03,2023-04-28T13:28:23.000,DSNY,commercial disposal complaint,No Private Carter,10024.0,Closed,4.0,3.0,4.0,2.0,1.943287037037037,1,3.0,0.1689
57428166,2023-04-26 14:50:11,2023-05-12T10:07:34.000,DPR,new tree request,For One Address,11364.0,Closed,4.0,3.0,4.0,2.0,15.803738425925928,0,0.0,0.1689
57427911,2023-04-26 14:51:10,2023-04-26T14:56:15.000,NYPD,illegal parking,Blocked Bike Lane,11205.0,Closed,6.0,6.0,4.0,2.0,0.0035300925925925,7,10.0,0.35
57429844,2023-04-26 14:51:17,2023-05-26T00:00:00.000,DOB,general construction/plumbing,Cons - Contrary/Beyond Approved Plans/Permits,11102.0,Closed,4.0,7.0,4.0,2.0,29.38105324074074,0,0.0,0.3225
57429035,2023-04-26 14:51:32,2023-04-26T14:57:16.000,NYPD,drug activity,Use Outside,11432.0,Closed,4.0,3.0,4.0,2.0,0.0039814814814814,0,0.0,0.1689
57431688,2023-04-26 14:51:46,2023-04-26T14:57:37.000,NYPD,drug activity,Use Outside,11432.0,Closed,4.0,3.0,4.0,2.0,0.0040625,1,3.0,0.1689
57431463,2023-04-26 14:52:14,2023-06-09T02:04:57.000,HPD,unsanitary condition,PESTS,11226.0,Closed,4.0,3.0,4.0,2.0,43.46716435185185,2,6.0,0.2583
57427620,2023-04-26 14:52:14,2023-06-09T02:04:57.000,HPD,unsanitary condition,PESTS,11226.0,Closed,4.0,3.0,4.0,2.0,43.46716435185185,3,8.0,0.2609
57430880,2023-04-26 14:52:14,2023-06-09T02:04:58.000,HPD,plumbing,BATHTUB/SHOWER,11226.0,Closed,4.0,3.0,4.0,2.0,43.46717592592593,1,3.0,0.2357
57422933,2023-04-26 14:52:14,2023-06-09T02:04:58.000,HPD,paint/plaster,WALL,11226.0,Closed,4.0,3.0,4.0,2.0,43.46717592592593,1,3.0,0.2357
57427886,2023-04-26 14:52:41,2023-04-26T15:32:02.000,NYPD,illegal parking,Commercial Overnight Parking,11238.0,Closed,5.0,5.0,4.0,2.0,0.0273263888888888,5,10.0,0.35
57428147,2023-04-26 14:52:57,2023-04-27T16:29:13.000,HPD,door/window,WINDOW FRAME,10459.0,Closed,4.0,3.0,4.0,2.0,1.066851851851852,0,0.0,0.1689
57431033,2023-04-26 14:52:57,2023-04-27T16:29:12.000,HPD,door/window,WINDOW FRAME,10459.0,Closed,4.0,3.0,4.0,2.0,1.0668402777777777,1,3.0,0.1689
57429094,2023-04-26 14:53:26,2023-04-26T22:35:23.000,NYPD,blocked driveway,Partial Access,11379.0,Closed,5.0,6.0,4.0,2.0,0.3207986111111111,0,0.0,0.2133
57429305,2023-04-26 14:54:03,2023-04-26T21:41:20.000,NYPD,illegal parking,Blocked Bike Lane,10014.0,Closed,6.0,6.0,4.0,2.0,0.2828356481481481,0,0.0,0.2208
57429585,2023-04-26 14:54:20,2023-05-12T16:04:43.000,DSNY,street sweeping complaint,Inadequate Sweeping,10473.0,Closed,4.0,3.0,4.0,2.0,16.048877314814813,0,0.0,0.1689
57429725,2023-04-26 14:54:21,2023-04-27T00:00:00.000,DOB,elevator,Elevator - Single Device On Property/No Alternate Service,10039.0,Closed,4.0,3.0,4.0,2.0,0.3789236111111111,0,0.0,0.1689
57434201,2023-04-26 14:54:25,2023-04-27T11:20:00.000,DOT,street condition,Pothole,10031.0,Closed,8.0,8.0,8.0,7.0,0.851099537037037,0,0.0,0.5798
57429471,2023-04-26 14:54:39,2023-04-26T17:03:10.000,NYPD,illegal parking,Blocked Sidewalk,10038.0,Closed,6.0,6.0,6.0,4.0,0.0892476851851851,1,3.0,0.3679
57431321,2023-04-26 14:54:56,2023-05-01T17:26:24.000,HPD,plumbing,WATER SUPPLY,10458.0,Closed,4.0,3.0,9.0,2.0,5.105185185185185,1,3.0,0.1689
57431302,2023-04-26 14:54:58,2023-04-27T03:16:58.000,DSNY,dirty condition,Trash,11418.0,Closed,4.0,3.0,4.0,2.0,0.5152777777777777,1,3.0,0.1689
57431724,2023-04-26 14:54:58,2023-10-02T05:03:00.000,HPD,door/window,DOOR,11226.0,Closed,4.0,3.0,4.0,2.0,158.58891203703703,0,0.0,0.1689
57431613,2023-04-26 14:55:06,2023-07-09T02:03:11.000,HPD,paint/plaster,CEILING,11229.0,Closed,4.0,3.0,4.0,2.0,73.46394675925926,0,0.0,0.1689
57429518,2023-04-26 14:55:15,2023-04-26T15:25:10.000,NYPD,traffic,Drag Racing,11235.0,Closed,4.0,3.0,4.0,2.0,0.0207754629629629,0,0.0,0.1689
57428091,2023-04-26 14:56:09,2023-04-26T15:10:42.000,NYPD,illegal parking,Blocked Bike Lane,11205.0,Closed,6.0,6.0,4.0,2.0,0.0101041666666666,8,10.0,0.35
57430918,2023-04-26 14:56:15,2023-04-27T05:19:13.000,DSNY,dirty condition,Trash,10011.0,Closed,4.0,3.0,4.0,2.0,0.5992824074074075,0,0.0,0.1689
57431458,2023-04-26 14:57:23,2024-06-03T13:19:22.000,DOHMH,non-residential heat,Inadequate or No Heat,10460.0,Closed,7.0,3.0,4.0,2.0,403.9319328703704,0,0.0,0.35
57429748,2023-04-26 14:57:24,2023-04-27T00:00:00.000,DOB,general construction/plumbing,Building Shaking/Vibrating/Structural Stability,10065.0,Closed,4.0,7.0,4.0,2.0,0.3768055555555555,0,0.0,0.2236
57430461,2023-04-26 14:57:46,2023-04-26T23:11:22.000,NYPD,illegal parking,Posted Parking Sign Violation,11239.0,Closed,5.0,5.0,4.0,2.0,0.3427777777777778,1,3.0,0.2208
57429281,2023-04-26 14:57:55,2023-05-02T21:20:44.000,DSNY,illegal dumping,Chronic Dumping,11231.0,Closed,4.0,3.0,4.0,2.0,6.265844907407407,1,3.0,0.1689
57431851,2023-04-26 14:58:01,2023-04-26T15:16:27.000,NYPD,noise - vehicle,Car/Truck Music,10016.0,Closed,3.0,1.0,3.0,2.0,0.0128009259259259,2,6.0,0.1283
57430904,2023-04-26 14:58:19,2023-04-29T19:12:46.000,HPD,heat/hot water,ENTIRE BUILDING,10026.0,Closed,7.0,3.0,4.0,2.0,3.176701388888889,0,0.0,0.2099
57432713,2023-04-26 14:58:20,2023-04-28T17:07:41.000,HPD,electric,POWER OUTAGE,10301.0,Closed,4.0,3.0,4.0,2.0,2.089826388888889,0,0.0,0.1689
57430992,2023-04-26 14:58:54,2023-04-26T22:28:01.000,NYPD,encampment,Unknown,11102.0,Closed,4.0,3.0,4.0,2.0,0.311886574074074,0,0.0,0.1689
57429039,2023-04-26 14:58:59,2023-04-26T23:11:34.000,NYPD,abandoned vehicle,With License Plate,11239.0,Closed,4.0,3.0,4.0,2.0,0.3420717592592592,4,10.0,0.1689
57428869,2023-04-26 14:59:51,2023-04-26T20:16:33.000,NYPD,illegal parking,Double Parked Blocking Vehicle,10075.0,Closed,5.0,5.0,4.0,2.0,0.2199305555555555,0,0.0,0.2208
57430846,2023-04-26 15:00:51,2023-04-26T16:07:50.000,NYPD,illegal parking,Posted Parking Sign Violation,11355.0,Closed,5.0,5.0,4.0,2.0,0.0465162037037037,0,0.0,0.2208
57431471,2023-04-26 15:00:55,2023-04-26T18:24:55.000,NYPD,noise - residential,Banging/Pounding,11385.0,Closed,3.0,1.0,3.0,2.0,0.1416666666666666,1,3.0,0.1283
57431760,2023-04-26 15:01:09,2023-05-31T15:48:21.000,EDC,noise - helicopter,Other,11238.0,Closed,3.0,1.0,3.0,2.0,35.03277777777778,13,10.0,0.3034
57432421,2023-04-26 15:01:29,2023-08-17T07:34:30.000,HPD,water leak,HEAVY FLOW,11213.0,Closed,8.0,3.0,4.0,7.0,112.6895949074074,0,0.0,0.35
57430598,2023-04-26 15:01:44,2023-04-26T15:14:42.000,NYPD,noise - vehicle,Car/Truck Music,10016.0,Closed,3.0,1.0,3.0,2.0,0.0090046296296296,3,8.0,0.1283
57427973,2023-04-26 15:02:32,2023-04-27T11:22:54.000,DSNY,missed collection,Trash,10458.0,Closed,4.0,3.0,4.0,2.0,0.8474768518518518,0,0.0,0.1689
57431965,2023-04-26 15:03:09,2023-04-26T15:57:03.000,NYPD,illegal parking,Commercial Overnight Parking,11234.0,Closed,5.0,5.0,4.0,2.0,0.0374305555555555,2,6.0,0.2208
57424360,2023-04-26 15:03:26,2023-04-27T00:00:00.000,DOB,real time enforcement,Work Without A Permit - Occupied Multiple Dwelling,10028.0,Closed,4.0,3.0,4.0,2.0,0.3726157407407407,0,0.0,0.1689
57428543,2023-04-26 15:04:04,2024-07-22T00:00:00.000,DOB,general construction/plumbing,Curb Cut/Driveway/Carport - Illegal,11416.0,Closed,4.0,7.0,6.0,4.0,452.37217592592594,0,0.0,0.3225
57431898,2023-04-26 15:04:32,2023-04-26T17:20:00.000,NYPD,illegal parking,Posted Parking Sign Violation,11201.0,Closed,5.0,5.0,4.0,2.0,0.094074074074074,7,10.0,0.35
57428434,2023-04-26 15:05:43,2023-04-27T00:23:20.000,NYPD,noise - residential,Banging/Pounding,11210.0,Closed,3.0,1.0,3.0,2.0,0.3872337962962963,0,0.0,0.1283
57431173,2023-04-26 15:05:54,2023-06-12T17:23:43.000,HPD,door/window,DOOR FRAME,10460.0,Closed,4.0,3.0,4.0,2.0,47.09570601851852,1,3.0,0.2357
57429291,2023-04-26 15:06:24,2023-04-26T15:33:00.000,NYPD,illegal parking,Posted Parking Sign Violation,11231.0,Closed,5.0,5.0,4.0,2.0,0.0184722222222222,2,6.0,0.2208
57431720,2023-04-26 15:06:55,2023-04-26T16:12:51.000,NYPD,illegal parking,Blocked Sidewalk,11238.0,Closed,6.0,6.0,6.0,4.0,0.045787037037037,6,10.0,0.469
57429472,2023-04-26 15:07:43,2023-04-26T18:48:10.000,NYPD,noise - residential,Banging/Pounding,10456.0,Closed,3.0,1.0,3.0,2.0,0.1530902777777777,2,6.0,0.1283
57431810,2023-04-26 15:10:00,2023-04-26T16:32:42.000,NYPD,blocked driveway,Partial Access,11214.0,Closed,5.0,6.0,4.0,2.0,0.0574305555555555,1,3.0,0.2133
57429336,2023-04-26 15:10:03,2023-04-26T16:00:40.000,NYPD,noise - residential,Loud Music/Party,11229.0,Closed,3.0,1.0,3.0,2.0,0.0351504629629629,0,0.0,0.1283
57429823,2023-04-26 15:10:07,2023-04-27T00:00:00.000,DOB,general construction/plumbing,Egress - Doors Locked/Blocked/Improper/No Secondary Means,11229.0,Closed,5.0,8.0,4.0,2.0,0.367974537037037,1,3.0,0.2133
57428034,2023-04-26 15:10:27,2023-04-26T17:03:27.000,NYPD,illegal parking,Blocked Sidewalk,10011.0,Closed,6.0,6.0,6.0,4.0,0.0784722222222222,0,0.0,0.3679
57428079,2023-04-26 15:12:41,2023-04-26T21:00:39.000,NYPD,encampment,Unknown,10019.0,Closed,4.0,3.0,4.0,2.0,0.2416435185185185,3,8.0,0.1689
57431635,2023-04-26 15:12:46,2023-04-26T18:08:17.000,NYPD,noise - vehicle,Car/Truck Music,11220.0,Closed,3.0,1.0,3.0,2.0,0.121886574074074,0,0.0,0.1283
57431942,2023-04-26 15:12:50,2023-04-26T19:58:18.000,DHS,homeless person assistance,Unknown,10103.0,Closed,4.0,3.0,4.0,2.0,0.1982407407407407,0,0.0,0.1689
57424311,2023-04-26 15:12:57,2023-05-10T14:32:49.000,DSNY,illegal dumping,Removal Request,10014.0,Closed,4.0,3.0,4.0,2.0,13.97212962962963,0,0.0,0.1689
57427887,2023-04-26 15:13:28,2023-04-26T19:01:45.000,NYPD,blocked driveway,Partial Access,11373.0,Closed,5.0,6.0,4.0,2.0,0.1585300925925926,0,0.0,0.2133
57428090,2023-04-26 15:13:43,2023-04-26T16:59:59.000,NYPD,illegal parking,Posted Parking Sign Violation,11230.0,Closed,5.0,5.0,4.0,2.0,0.0737962962962962,6,10.0,0.35
57431092,2023-04-26 15:13:51,2023-06-18T18:14:27.000,HPD,unsanitary condition,GARBAGE/RECYCLING STORAGE,11372.0,Closed,5.0,2.0,5.0,4.0,53.125416666666666,0,0.0,0.35
57428010,2023-04-26 15:13:56,2023-04-26T18:35:48.000,NYPD,illegal parking,Parking Permit Improper Use,11433.0,Closed,5.0,5.0,4.0,2.0,0.1401851851851852,0,0.0,0.2208
57429976,2023-04-26 15:14:00,2023-04-28T14:48:00.000,DOT,street light condition,Street Light Out,10128.0,Closed,7.0,5.0,6.0,5.0,1.9819444444444445,0,0.0,0.3721
57427701,2023-04-26 15:14:00,2023-05-05T13:45:00.000,DEP,water system,Leak (Use Comments) (WA2),11231.0,Closed,4.0,3.0,4.0,2.0,8.938194444444445,0,0.0,0.1689
57431195,2023-04-26 15:14:02,2023-05-04T08:27:02.000,HPD,unsanitary condition,PESTS,11219.0,Closed,4.0,3.0,4.0,2.0,7.717361111111111,0,0.0,0.1689
57432598,2023-04-26 15:14:02,2023-05-05T10:18:44.000,HPD,unsanitary condition,PESTS,11219.0,Closed,4.0,3.0,4.0,2.0,8.794930555555556,1,3.0,0.1689
57428161,2023-04-26 15:14:54,2023-04-26T16:16:43.000,NYPD,blocked driveway,No Access,11214.0,Closed,5.0,6.0,4.0,2.0,0.0429282407407407,2,6.0,0.2133
57431504,2023-04-26 15:15:00,2023-04-27T11:05:00.000,DOT,street light condition,Street Light Out,11101.0,Closed,7.0,5.0,6.0,5.0,0.8263888888888888,0,0.0,0.3721
57427986,2023-04-26 15:15:11,2023-04-26T19:24:26.000,NYPD,illegal parking,Blocked Bike Lane,10462.0,Closed,6.0,6.0,4.0,2.0,0.1730902777777777,2,6.0,0.2208
57427900,2023-04-26 15:15:19,2023-04-26T16:13:34.000,NYPD,illegal parking,Blocked Sidewalk,11238.0,Closed,6.0,6.0,6.0,4.0,0.0404513888888888,7,10.0,0.469
57432068,2023-04-26 15:15:39,2023-04-26T15:15:39.000,DOHMH,rodent,Rat Sighting,11204.0,Closed,4.0,3.0,4.0,2.0,0.0,0,0.0,0.1689
57432591,2023-04-26 15:15:49,2025-05-13T16:38:21.000,DPR,new tree request,For One Address,10128.0,Closed,4.0,3.0,4.0,2.0,748.0573148148148,0,0.0,0.1689
57431803,2023-04-26 15:16:00,2024-06-26T09:49:00.000,DOT,street light condition,Street Light Lamp Dim,10128.0,Closed,7.0,5.0,6.0,5.0,426.7729166666667,1,3.0,0.5359
57432228,2023-04-26 15:16:21,2023-04-26T20:48:02.000,NYPD,abandoned vehicle,With License Plate,10469.0,Closed,4.0,3.0,4.0,2.0,0.2303356481481481,1,3.0,0.1689
57431466,2023-04-26 15:16:38,2023-04-26T16:28:12.000,NYPD,noise - vehicle,Car/Truck Music,11220.0,Closed,3.0,1.0,3.0,2.0,0.049699074074074,1,3.0,0.1283
57431494,2023-04-26 15:18:04,2023-04-26T17:08:44.000,NYPD,illegal parking,Paper License Plates,10033.0,Closed,5.0,5.0,4.0,2.0,0.0768518518518518,2,6.0,0.2208
57427545,2023-04-26 15:18:05,2023-05-01T16:59:54.000,DOT,sidewalk condition,Broken Sidewalk,10018.0,Closed,6.0,4.0,6.0,4.0,5.070706018518519,0,0.0,0.3679
57429217,2023-04-26 15:18:36,2023-04-26T18:07:27.000,NYPD,abandoned vehicle,With License Plate,11362.0,Closed,4.0,3.0,4.0,2.0,0.1172569444444444,0,0.0,0.1689
57432324,2023-04-26 15:19:22,2023-04-26T16:50:51.000,NYPD,panhandling,Unknown,10019.0,Closed,4.0,3.0,4.0,2.0,0.0635300925925926,0,0.0,0.1689
57430494,2023-04-26 15:19:52,2023-04-26T16:36:37.000,NYPD,noise - residential,Banging/Pounding,11221.0,Closed,3.0,1.0,3.0,2.0,0.0532986111111111,0,0.0,0.1283
57432693,2023-04-26 15:19:58,2023-04-28T09:48:56.000,HPD,water leak,HEAVY FLOW,11238.0,Closed,8.0,3.0,4.0,7.0,1.7701157407407409,0,0.0,0.2199
57431496,2023-04-26 15:19:58,2023-04-28T09:48:56.000,HPD,paint/plaster,CEILING,11238.0,Closed,4.0,3.0,4.0,2.0,1.7701157407407409,0,0.0,0.1689
57429097,2023-04-26 15:19:58,2023-04-28T15:03:48.000,HPD,electric,NO LIGHTING,11238.0,Closed,4.0,3.0,4.0,2.0,1.988773148148148,0,0.0,0.1689
57428842,2023-04-26 15:20:08,2023-06-28T08:59:57.000,HPD,electric,WIRING,11226.0,Closed,4.0,3.0,4.0,2.0,62.735983796296296,0,0.0,0.1689
57431998,2023-04-26 15:20:16,2023-04-26T18:00:58.000,NYPD,illegal parking,Posted Parking Sign Violation,11230.0,Closed,5.0,5.0,4.0,2.0,0.1115972222222222,7,10.0,0.35
57427627,2023-04-26 15:21:37,2023-04-26T17:02:29.000,NYPD,noise - street/sidewalk,Loud Music/Party,10023.0,Closed,5.0,4.0,6.0,4.0,0.0700462962962963,0,0.0,0.2133
57431903,2023-04-26 15:21:46,2023-05-03T09:14:53.000,DSNY,missed collection,Bulky Trash,11219.0,Closed,4.0,3.0,4.0,2.0,6.745219907407408,4,10.0,0.2532
57428219,2023-04-26 15:22:08,2023-05-26T00:00:00.000,DOB,general construction/plumbing,Cons - Contrary/Beyond Approved Plans/Permits,11210.0,Closed,4.0,7.0,4.0,2.0,29.35962962962963,0,0.0,0.3225
57430113,2023-04-26 15:22:47,2023-05-09T12:48:01.000,DSNY,litter basket request,Replacement Basket,11226.0,Closed,4.0,2.0,5.0,2.0,12.892523148148149,0,0.0,0.1689
57429607,2023-04-26 15:23:00,2023-05-03T18:00:00.000,DEP,noise,Noise: air condition/ventilation equipment (NV1),10019.0,Closed,3.0,1.0,3.0,2.0,7.1090277777777775,1,3.0,0.1283
57430656,2023-04-26 15:23:00,2023-04-26T16:22:37.000,NYPD,noise - residential,Loud Talking,11366.0,Closed,3.0,1.0,3.0,2.0,0.0414004629629629,3,8.0,0.1283
57427600,2023-04-26 15:24:03,2023-04-29T11:10:08.000,DSNY,dirty condition,Trash,11229.0,Closed,4.0,3.0,4.0,2.0,2.823668981481481,0,0.0,0.1689
57428678,2023-04-26 15:24:06,2023-04-28T08:29:49.000,DSNY,dead animal,Cat,11228.0,Closed,4.0,3.0,4.0,2.0,1.7123032407407408,1,3.0,0.1689
57429130,2023-04-26 15:24:57,2023-04-26T20:22:25.000,NYPD,illegal parking,Posted Parking Sign Violation,11373.0,Closed,5.0,5.0,4.0,2.0,0.206574074074074,5,10.0,0.35
57431982,2023-04-26 15:25:56,2023-04-26T16:15:19.000,NYPD,illegal parking,Posted Parking Sign Violation,11238.0,Closed,5.0,5.0,4.0,2.0,0.0342939814814814,8,10.0,0.35
57426365,2023-04-26 15:26:34,2023-07-11T10:45:11.000,TLC,for hire vehicle complaint,Driver Complaint - Non Passenger,11238.0,Closed,4.0,3.0,4.0,2.0,75.8045949074074,0,0.0,0.1689
57428312,2023-04-26 15:27:23,2023-04-26T17:47:41.000,NYPD,illegal parking,Posted Parking Sign Violation,11221.0,Closed,5.0,5.0,4.0,2.0,0.0974305555555555,2,6.0,0.2208
57430324,2023-04-26 15:28:00,2023-05-01T11:17:00.000,DSNY,electronics waste appointment,Ewaste appointment,10301.0,Closed,5.0,2.0,5.0,4.0,4.825694444444444,0,0.0,0.2208
57431753,2023-04-26 15:28:04,2023-04-26T16:15:38.000,NYPD,illegal parking,Blocked Sidewalk,11238.0,Closed,6.0,6.0,6.0,4.0,0.0330324074074074,9,10.0,0.469
57423962,2023-04-26 15:28:22,2023-04-27T11:22:17.000,DSNY,litter basket request,New Basket,10458.0,Closed,4.0,2.0,5.0,2.0,0.8291087962962963,0,0.0,0.1689
57427656,2023-04-26 15:28:56,2023-04-28T09:57:15.000,HPD,unsanitary condition,MOLD,10032.0,Closed,4.0,3.0,4.0,2.0,1.7696643518518518,2,6.0,0.1689
57427845,2023-04-26 15:29:29,2023-04-26T16:21:31.000,NYPD,drug activity,Use Outside,11366.0,Closed,4.0,3.0,4.0,2.0,0.0361342592592592,6,10.0,0.1689
57430842,2023-04-26 15:30:00,2024-12-05T11:47:00.000,DOT,street light condition,Street Light Lamp Dim,10128.0,Closed,7.0,5.0,6.0,5.0,588.8451388888889,2,6.0,0.569
57432444,2023-04-26 15:30:06,2023-04-28T10:51:40.000,DPR,damaged tree,Entire Tree Has Fallen Down,11357.0,Closed,4.0,3.0,4.0,2.0,1.8066435185185183,0,0.0,0.1689
57430895,2023-04-26 15:30:16,2023-04-26T16:11:03.000,NYPD,abandoned vehicle,With License Plate,11436.0,Closed,4.0,3.0,4.0,2.0,0.0283217592592592,0,0.0,0.1689
57432256,2023-04-26 15:30:27,2023-04-26T16:16:00.000,NYPD,illegal parking,Blocked Bike Lane,11238.0,Closed,6.0,6.0,4.0,2.0,0.0316319444444444,10,10.0,0.35
57429334,2023-04-26 15:31:15,,DPR,damaged tree,Branch Cracked and Will Fall,11419.0,In Progress,4.0,3.0,4.0,2.0,1261.1432468899304,0,0.0,0.1689
57432667,2023-04-26 15:32:00,2023-04-26T17:30:00.000,DEP,sewer,Sewer Backup (Use Comments) (SA),11364.0,Closed,8.0,3.0,7.0,2.0,0.0819444444444444,0,0.0,0.55
57427793,2023-04-26 15:32:00,2023-04-27T03:30:00.000,DOT,traffic signal condition,Ped Lamp,11357.0,Closed,9.0,10.0,8.0,2.0,0.4986111111111111,0,0.0,0.7209
57430985,2023-04-26 15:32:02,2023-05-10T16:33:51.000,HPD,flooring/stairs,FLOOR,10033.0,Closed,4.0,3.0,4.0,2.0,14.04292824074074,0,0.0,0.1689
57431068,2023-04-26 15:32:15,2023-05-10T20:14:39.000,HPD,paint/plaster,WALL,11230.0,Closed,4.0,3.0,4.0,2.0,14.196111111111112,0,0.0,0.1689
57432129,2023-04-26 15:32:15,2023-05-10T20:14:39.000,HPD,flooring/stairs,FLOOR,11230.0,Closed,4.0,3.0,4.0,2.0,14.196111111111112,0,0.0,0.1689
57424491,2023-04-26 15:32:37,2023-04-26T16:48:37.000,NYPD,traffic,Congestion/Gridlock,11374.0,Closed,4.0,3.0,4.0,2.0,0.0527777777777777,0,0.0,0.1689
57431899,2023-04-26 15:32:58,2023-04-26T15:55:23.000,NYPD,noise - residential,Banging/Pounding,10456.0,Closed,3.0,1.0,3.0,2.0,0.0155671296296296,3,8.0,0.1283
57431150,2023-04-26 15:33:00,2023-04-28T05:43:00.000,DSNY,derelict vehicles,Derelict Vehicles,UNKNOWN,Closed,4.0,3.0,4.0,2.0,1.5902777777777777,4,10.0,0.1944
57428035,2023-04-26 15:33:14,2023-04-27T01:55:47.000,NYPD,noise - residential,Loud Music/Party,10458.0,Closed,3.0,1.0,3.0,2.0,0.4323263888888889,1,3.0,0.1283
57429780,2023-04-26 15:33:35,2023-04-26T15:33:35.000,DOHMH,rodent,Condition Attracting Rodents,11412.0,Closed,4.0,3.0,4.0,2.0,0.0,0,0.0,0.1689
57431673,2023-04-26 15:34:00,2023-05-03T10:20:00.000,DOT,traffic signal condition,Controller,11103.0,Closed,9.0,10.0,8.0,2.0,6.781944444444444,0,0.0,0.7209
57429811,2023-04-26 15:34:57,2023-04-26T16:41:19.000,HPD,heat/hot water,ENTIRE BUILDING,11235.0,Closed,7.0,3.0,4.0,2.0,0.0460879629629629,2,6.0,0.2099
57431859,2023-04-26 15:34:58,2023-04-26T16:19:51.000,NYPD,drug activity,Use Outside,11366.0,Closed,4.0,3.0,4.0,2.0,0.0311689814814814,7,10.0,0.1689
57430177,2023-04-26 15:35:06,2023-05-08T10:04:20.000,DOT,street condition,Blocked - Construction,11106.0,Closed,9.0,8.0,7.0,7.0,11.770300925925929,0,0.0,0.6399
57427628,2023-04-26 15:35:07,2024-11-12T17:25:41.000,DPR,dead/dying tree,Planted More Than 2 Years Ago,11418.0,Closed,4.0,3.0,4.0,2.0,566.0767824074074,0,0.0,0.1689
57429282,2023-04-26 15:35:10,2023-04-26T16:18:37.000,NYPD,drug activity,Use Outside,11366.0,Closed,4.0,3.0,4.0,2.0,0.0301736111111111,8,10.0,0.1689
57432602,2023-04-26 15:35:12,2023-05-04T07:58:52.000,HPD,unsanitary condition,MOLD,11249.0,Closed,4.0,3.0,4.0,2.0,7.683101851851852,2,6.0,0.1689
57426469,2023-04-26 15:35:53,2023-04-26T18:50:50.000,NYPD,noise - street/sidewalk,Loud Music/Party,10017.0,Closed,5.0,4.0,6.0,4.0,0.1353819444444444,0,0.0,0.2133
57427715,2023-04-26 15:36:51,2025-01-31T07:05:09.000,DPR,new tree request,For One Address,10033.0,Closed,4.0,3.0,4.0,2.0,645.6446527777778,0,0.0,0.1689
57427631,2023-04-26 15:36:51,2025-01-31T07:05:10.000,DPR,new tree request,For One Address,10033.0,Closed,4.0,3.0,4.0,2.0,645.6446643518518,1,3.0,0.2357
57423738,2023-04-26 15:36:52,2023-05-01T11:40:00.000,DOT,street condition,Pothole,10306.0,Closed,8.0,8.0,8.0,7.0,4.83550925925926,2,6.0,0.5798
57430334,2023-04-26 15:37:00,2024-05-14T15:49:00.000,DOT,street light condition,Street Light Lamp Dim,10128.0,Closed,7.0,5.0,6.0,5.0,384.0083333333333,3,8.0,0.569
57431047,2023-04-26 15:37:00,2023-04-26T22:22:00.000,DSNY,derelict vehicles,Derelict Vehicles,10468.0,Closed,4.0,3.0,4.0,2.0,0.28125,0,0.0,0.1689
57428361,2023-04-26 15:37:16,2023-04-26T22:00:42.000,NYPD,noise - residential,Banging/Pounding,10027.0,Closed,3.0,1.0,3.0,2.0,0.2662731481481482,1,3.0,0.1283
57431947,2023-04-26 15:37:21,2023-07-13T00:00:00.000,DOB,general construction/plumbing,Vent/Exhaust - Illegal/Improper,10013.0,Closed,4.0,7.0,4.0,2.0,77.3490625,0,0.0,0.3225
57429400,2023-04-26 15:37:26,2023-05-05T14:20:03.000,DSNY,illegal dumping,Removal Request,11354.0,Closed,4.0,3.0,4.0,2.0,8.946261574074073,0,0.0,0.1689
57430358,2023-04-26 15:38:00,2023-04-27T09:06:00.000,DOT,street light condition,Street Light Out,10128.0,Closed,7.0,5.0,6.0,5.0,0.7277777777777777,4,10.0,0.5548
57428777,2023-04-26 15:38:22,2023-05-09T10:51:54.000,DOT,sidewalk condition,Sidewalk Violation,11221.0,Closed,5.0,4.0,6.0,4.0,12.801064814814817,0,0.0,0.2511
57431256,2023-04-26 15:38:29,2024-06-04T00:18:54.000,DOHMH,smoking,Smoking Violation,10468.0,Closed,4.0,3.0,4.0,2.0,404.361400462963,0,0.0,0.1689
57432027,2023-04-26 15:38:54,,TLC,taxi report,Vehicle Report,10017.0,In Progress,4.0,3.0,4.0,2.0,1261.1379444822337,0,0.0,0.1689
57431626,2023-04-26 15:39:00,2023-04-28T14:47:00.000,DOT,street light condition,Street Light Out,10128.0,Closed,7.0,5.0,6.0,5.0,1.9638888888888888,5,10.0,0.569
57429878,2023-04-26 15:39:02,2023-05-02T13:04:25.000,HPD,plumbing,STEAM PIPE/RISER,10474.0,Closed,4.0,3.0,4.0,2.0,5.892627314814815,0,0.0,0.1689
57425736,2023-04-26 15:40:00,2023-04-27T09:13:00.000,DOT,street light condition,Street Light Out,10128.0,Closed,7.0,5.0,6.0,5.0,0.73125,6,10.0,0.5551
57432172,2023-04-26 15:40:03,2023-05-05T14:20:04.000,DSNY,illegal dumping,Removal Request,11354.0,Closed,4.0,3.0,4.0,2.0,8.944456018518519,1,3.0,0.1689
57429366,2023-04-26 15:40:22,2023-07-10T00:00:00.000,DOB,general construction/plumbing,Fence - None/Inadequate,10027.0,Closed,4.0,7.0,4.0,2.0,74.34696759259259,0,0.0,0.3225
57431507,2023-04-26 15:41:05,2023-07-19T08:57:59.000,TLC,for hire vehicle complaint,Driver Complaint - Non Passenger,10021.0,Closed,4.0,3.0,4.0,2.0,83.72006944444445,0,0.0,0.1689
57432237,2023-04-26 15:41:58,2023-05-10T09:29:57.000,HPD,general,CABINET,11213.0,Closed,4.0,3.0,4.0,2.0,13.741655092592593,1,3.0,0.1689
57431883,2023-04-26 15:42:32,2023-04-26T15:55:33.000,NYPD,noise - residential,Banging/Pounding,10454.0,Closed,3.0,1.0,3.0,2.0,0.0090393518518518,1,3.0,0.1283
57430210,2023-04-26 15:43:00,2023-04-26T17:00:00.000,DOT,traffic signal condition,Veh Signal Lamp,11374.0,Closed,9.0,10.0,8.0,2.0,0.0534722222222222,1,3.0,0.7209
57424047,2023-04-26 15:44:00,2023-05-04T15:00:00.000,DEP,noise,Noise: Construction Equipment (NC1),11215.0,Closed,3.0,7.0,3.0,2.0,7.969444444444444,1,3.0,0.1283
57431521,2023-04-26 15:44:28,2023-04-26T22:00:17.000,NYPD,noise - residential,Banging/Pounding,10027.0,Closed,3.0,1.0,3.0,2.0,0.2609837962962963,2,6.0,0.1283
57431839,2023-04-26 15:44:38,2023-04-26T16:39:08.000,NYPD,illegal parking,Commercial Overnight Parking,11214.0,Closed,5.0,5.0,4.0,2.0,0.0378472222222222,3,8.0,0.2584
57429250,2023-04-26 15:45:05,2023-04-27T20:33:13.000,HPD,heat/hot water,APARTMENT ONLY,11355.0,Closed,7.0,3.0,4.0,2.0,1.2000925925925925,3,8.0,0.3246
57431627,2023-04-26 15:45:05,2023-06-16T16:48:14.000,HPD,paint/plaster,CEILING,11691.0,Closed,4.0,3.0,4.0,2.0,51.04385416666667,0,0.0,0.1689
57429833,2023-04-26 15:45:16,2023-05-26T15:13:28.000,HPD,elevator,MAINTENANCE,11374.0,Closed,4.0,3.0,4.0,2.0,29.977916666666665,0,0.0,0.1689
57432471,2023-04-26 15:45:44,2023-05-09T14:16:27.000,HPD,unsanitary condition,PESTS,11214.0,Closed,4.0,3.0,4.0,2.0,12.937997685185184,0,0.0,0.1689
57428517,2023-04-26 15:45:44,2023-05-09T14:16:27.000,HPD,plumbing,BASIN/SINK,11214.0,Closed,4.0,3.0,4.0,2.0,12.937997685185184,0,0.0,0.1689
57428529,2023-04-26 15:48:01,2023-05-18T16:05:33.000,DOT,outdoor dining,Sidewalk Zone Blocked,10013.0,Closed,6.0,5.0,6.0,4.0,22.012175925925927,1,3.0,0.5172
57431294,2023-04-26 15:48:13,2023-05-11T20:37:16.000,HPD,general,MAILBOX,10461.0,Closed,4.0,3.0,4.0,2.0,15.200729166666669,0,0.0,0.1689
57430270,2023-04-26 15:48:15,2023-05-09T11:03:22.000,HPD,unsanitary condition,MOLD,10033.0,Closed,4.0,3.0,4.0,2.0,12.802164351851852,0,0.0,0.1689
57426298,2023-04-26 15:48:22,2023-06-02T05:02:58.000,HPD,unsanitary condition,PESTS,11231.0,Closed,4.0,3.0,4.0,2.0,36.55180555555555,0,0.0,0.1689
57430609,2023-04-26 15:48:42,2023-04-26T17:32:43.000,NYPD,blocked driveway,No Access,11355.0,Closed,5.0,6.0,4.0,2.0,0.0722337962962963,0,0.0,0.2133
57423028,2023-04-26 15:48:52,2023-04-26T17:02:01.000,NYPD,noise - park,Loud Music/Party,10003.0,Closed,3.0,1.0,3.0,2.0,0.0507986111111111,0,0.0,0.1283
57429586,2023-04-26 15:49:14,2023-04-27T12:07:00.000,DSNY,missed collection,Bulky Trash,10456.0,Closed,4.0,3.0,4.0,2.0,0.8456712962962963,0,0.0,0.1689
57428581,2023-04-26 15:49:14,2023-04-26T17:40:02.000,NYPD,abandoned vehicle,With License Plate,11101.0,Closed,4.0,3.0,4.0,2.0,0.0769444444444444,1,3.0,0.1689
57430803,2023-04-26 15:49:25,2023-05-03T00:00:00.000,DOB,general construction/plumbing,Building Permit - None,11230.0,Closed,4.0,7.0,4.0,2.0,6.340682870370371,0,0.0,0.2236
57430145,2023-04-26 15:49:30,2023-04-26T16:47:23.000,NYPD,illegal parking,Blocked Bike Lane,11219.0,Closed,6.0,6.0,4.0,2.0,0.0401967592592592,2,6.0,0.2208
57428047,2023-04-26 15:51:12,2023-04-27T09:54:30.000,HPD,heat/hot water,ENTIRE BUILDING,10456.0,Closed,7.0,3.0,4.0,2.0,0.7522916666666667,2,6.0,0.2111
57430330,2023-04-26 15:51:17,2023-04-26T16:06:45.000,NYPD,blocked driveway,No Access,11368.0,Closed,5.0,6.0,4.0,2.0,0.0107407407407407,2,6.0,0.2133
57428374,2023-04-26 15:51:18,2023-04-27T21:54:31.000,HPD,heat/hot water,ENTIRE BUILDING,11209.0,Closed,7.0,3.0,4.0,2.0,1.2522337962962964,1,3.0,0.2099
57430444,2023-04-26 15:51:54,2023-04-27T20:36:38.000,HPD,heat/hot water,APARTMENT ONLY,10457.0,Closed,7.0,3.0,4.0,2.0,1.1977314814814817,1,3.0,0.2099
57432361,2023-04-26 15:52:00,2023-04-27T22:14:00.000,DSNY,derelict vehicles,Derelict Vehicles,11435.0,Closed,4.0,3.0,4.0,2.0,1.2652777777777775,0,0.0,0.1689
57429384,2023-04-26 15:52:56,2023-04-26T22:00:08.000,NYPD,noise - residential,Banging/Pounding,10027.0,Closed,3.0,1.0,3.0,2.0,0.255,3,8.0,0.1283
57431961,2023-04-26 15:53:37,2023-04-26T19:25:48.000,DPR,animal in a park,Dog Off Leash,11101.0,Closed,4.0,3.0,4.0,2.0,0.147349537037037,0,0.0,0.1689
57428252,2023-04-26 15:54:22,2023-04-28T13:09:00.000,HPD,heat/hot water,APARTMENT ONLY,11422.0,Closed,7.0,3.0,4.0,2.0,1.885162037037037,0,0.0,0.2099
57431020,2023-04-26 15:54:34,2023-04-27T09:42:49.000,HPD,heat/hot water,ENTIRE BUILDING,10453.0,Closed,7.0,3.0,4.0,2.0,0.7418402777777777,1,3.0,0.2099
57432610,2023-04-26 15:55:02,2023-05-07T16:44:50.000,HPD,unsanitary condition,MOLD,10456.0,Closed,4.0,3.0,4.0,2.0,11.034583333333334,3,8.0,0.2533
57430264,2023-04-26 15:56:17,2023-04-26T21:59:48.000,NYPD,noise - residential,Banging/Pounding,10027.0,Closed,3.0,1.0,3.0,2.0,0.2524421296296296,4,10.0,0.1283
57428373,2023-04-26 15:56:39,2023-04-26T16:55:39.000,NYPD,noise - residential,Banging/Pounding,10040.0,Closed,3.0,1.0,3.0,2.0,0.0409722222222222,0,0.0,0.1283
57431248,2023-04-26 15:56:42,2023-04-27T14:25:37.000,DSNY,dirty condition,Trash,11249.0,Closed,4.0,3.0,4.0,2.0,0.9367476851851853,0,0.0,0.1689
57429390,2023-04-26 15:57:57,2023-04-26T21:59:39.000,NYPD,noise - residential,Banging/Pounding,10027.0,Closed,3.0,1.0,3.0,2.0,0.2511805555555556,5,10.0,0.1283
57430207,2023-04-26 15:58:12,2023-04-26T20:27:52.000,NYPD,illegal parking,Double Parked Blocking Vehicle,10454.0,Closed,5.0,5.0,4.0,2.0,0.1872685185185185,2,6.0,0.2208
57430323,2023-04-26 15:58:20,2023-06-26T17:10:59.000,HPD,safety,CARBON MONOXIDE DETECTOR,10453.0,Closed,4.0,3.0,4.0,2.0,61.05045138888889,0,0.0,0.1689
57428867,2023-04-26 15:58:20,2023-06-26T17:10:59.000,HPD,safety,SMOKE DETECTOR,10453.0,Closed,4.0,3.0,4.0,2.0,61.05045138888889,1,3.0,0.2357
57432205,2023-04-26 15:58:53,2023-04-26T20:15:00.000,NYPD,noise - residential,Banging/Pounding,11368.0,Closed,3.0,1.0,3.0,2.0,0.1778587962962963,0,0.0,0.1283
57429807,2023-04-26 16:01:00,2023-04-27T13:59:00.000,DSNY,derelict vehicles,Derelict Vehicles,11207.0,Closed,4.0,3.0,4.0,2.0,0.9152777777777776,0,0.0,0.1689
57430982,2023-04-26 16:01:05,2023-04-29T19:12:46.000,HPD,heat/hot water,ENTIRE BUILDING,10026.0,Closed,7.0,3.0,4.0,2.0,3.133113425925926,1,3.0,0.284
57431876,2023-04-26 16:01:24,2023-04-27T01:00:07.000,NYPD,noise - vehicle,Car/Truck Music,10457.0,Closed,3.0,1.0,3.0,2.0,0.3741087962962963,0,0.0,0.1283
57428276,2023-04-26 16:01:45,2023-04-27T17:10:10.000,HPD,heat/hot water,APARTMENT ONLY,11208.0,Closed,7.0,3.0,4.0,2.0,1.047511574074074,0,0.0,0.2099
57431568,2023-04-26 16:01:55,2024-04-05T09:49:17.000,DPR,new tree request,For One Address,10039.0,Closed,4.0,3.0,4.0,2.0,344.7412268518519,1,3.0,0.2357
57431439,2023-04-26 16:02:00,2024-03-12T11:40:00.000,DOT,traffic signal condition,Post,11423.0,Closed,9.0,10.0,8.0,2.0,320.8180555555556,1,3.0,0.7209
57428971,2023-04-26 16:02:24,2023-04-26T21:15:04.000,NYPD,illegal parking,Double Parked Blocking Vehicle,10028.0,Closed,5.0,5.0,4.0,2.0,0.2171296296296296,0,0.0,0.2208
57428003,2023-04-26 16:02:25,2023-04-26T21:57:34.000,NYPD,noise - residential,Banging/Pounding,10027.0,Closed,3.0,1.0,3.0,2.0,0.2466319444444444,6,10.0,0.1283
57426622,2023-04-26 16:04:29,2023-04-26T17:05:33.000,NYPD,blocked driveway,No Access,11217.0,Closed,5.0,6.0,4.0,2.0,0.0424074074074074,0,0.0,0.2133
57430007,2023-04-26 16:04:46,2023-07-14T20:52:03.000,HPD,unsanitary condition,PESTS,10461.0,Closed,4.0,3.0,4.0,2.0,79.19950231481481,0,0.0,0.1689
57428706,2023-04-26 16:04:58,2023-04-28T07:23:33.000,HPD,heat/hot water,ENTIRE BUILDING,11238.0,Closed,7.0,3.0,4.0,2.0,1.6379050925925926,0,0.0,0.2099
57430917,2023-04-26 16:05:12,2023-04-29T14:04:56.000,DSNY,dumpster complaint,Blocking Sidewalk or Street,11221.0,Closed,5.0,4.0,6.0,4.0,2.916481481481481,0,0.0,0.2133
57430689,2023-04-26 16:06:13,2023-04-26T21:56:57.000,NYPD,noise - residential,Banging/Pounding,10027.0,Closed,3.0,1.0,3.0,2.0,0.2435648148148148,7,10.0,0.1283
57430841,2023-04-26 16:06:20,2023-04-26T18:43:47.000,NYPD,illegal parking,Blocked Sidewalk,11355.0,Closed,6.0,6.0,6.0,4.0,0.1093402777777777,1,3.0,0.3679
57430951,2023-04-26 16:06:59,2023-05-03T12:19:03.000,DSNY,illegal dumping,Removal Request,11218.0,Closed,4.0,3.0,4.0,2.0,6.841712962962963,2,6.0,0.1689
57429241,2023-04-26 16:07:03,2023-05-01T12:55:04.000,DOT,sidewalk condition,Sidewalk Violation,10028.0,Closed,5.0,4.0,6.0,4.0,4.8666782407407405,0,0.0,0.2133
57430294,2023-04-26 16:07:36,2023-04-27T10:32:59.000,DOE,school maintenance,Rodents/Mice,10461.0,Closed,4.0,3.0,4.0,2.0,0.7676273148148148,5,10.0,0.1689
57429278,2023-04-26 16:07:40,2023-04-26T17:10:18.000,NYPD,noise - commercial,Loud Talking,10002.0,Closed,3.0,1.0,3.0,2.0,0.0434953703703703,1,3.0,0.1283
57427003,2023-04-26 16:07:45,2023-04-26T21:56:37.000,NYPD,noise - residential,Banging/Pounding,10027.0,Closed,3.0,1.0,3.0,2.0,0.2422685185185185,8,10.0,0.1283
57430094,2023-04-26 16:07:47,2023-05-11T19:51:16.000,HPD,unsanitary condition,PESTS,11208.0,Closed,4.0,3.0,4.0,2.0,15.15519675925926,1,3.0,0.1689
57432638,2023-04-26 16:07:49,2023-04-26T20:00:27.000,HPD,heat/hot water,APARTMENT ONLY,10467.0,Closed,7.0,3.0,4.0,2.0,0.1615509259259259,7,10.0,0.35
57428801,2023-04-26 16:07:50,2023-05-03T19:28:41.000,HPD,paint/plaster,WALL,11385.0,Closed,4.0,3.0,4.0,2.0,7.139479166666667,0,0.0,0.1689
57430722,2023-04-26 16:08:03,2023-04-26T17:27:07.000,NYPD,illegal parking,Posted Parking Sign Violation,10040.0,Closed,5.0,5.0,4.0,2.0,0.0549074074074074,3,8.0,0.2589
57431588,2023-04-26 16:08:03,2023-04-27T21:11:47.000,DSNY,commercial disposal complaint,No Private Carter,10128.0,Closed,4.0,3.0,4.0,2.0,1.210925925925926,0,0.0,0.1689
57428176,2023-04-26 16:09:19,2023-04-27T07:09:46.000,DSNY,dirty condition,Trash,10454.0,Closed,4.0,3.0,4.0,2.0,0.6253125,0,0.0,0.1689
57429694,2023-04-26 16:09:29,2023-04-26T21:56:21.000,NYPD,noise - residential,Banging/Pounding,10027.0,Closed,3.0,1.0,3.0,2.0,0.2408796296296296,9,10.0,0.1283
57432084,2023-04-26 16:10:20,2023-05-25T15:11:33.000,DOT,sidewalk condition,Broken Sidewalk,11203.0,Closed,6.0,4.0,6.0,4.0,28.95917824074074,1,3.0,0.5339
57432187,2023-04-26 16:10:27,2023-04-26T19:48:38.000,NYPD,abandoned vehicle,With License Plate,11203.0,Closed,4.0,3.0,4.0,2.0,0.1515162037037037,2,6.0,0.1689
57428297,2023-04-26 16:10:50,2023-05-03T07:13:18.000,HPD,general,BELL/BUZZER/INTERCOM,11216.0,Closed,4.0,3.0,4.0,2.0,6.626712962962963,0,0.0,0.1689
57429818,2023-04-26 16:10:59,2023-05-04T10:21:35.000,HPD,electric,LIGHTING,11210.0,Closed,4.0,3.0,4.0,2.0,7.757361111111111,0,0.0,0.1689
57430480,2023-04-26 16:11:02,2023-04-26T20:53:26.000,NYPD,blocked driveway,No Access,10461.0,Closed,5.0,6.0,4.0,2.0,0.1961111111111111,1,3.0,0.2133
57429325,2023-04-26 16:11:32,2023-04-26T16:17:41.000,NYPD,noise - house of worship,Loud Music/Party,11366.0,Closed,3.0,1.0,3.0,2.0,0.0042708333333333,2,6.0,0.1283
57430084,2023-04-26 16:12:05,2023-04-27T02:26:30.000,NYPD,illegal parking,Blocked Sidewalk,10457.0,Closed,6.0,6.0,6.0,4.0,0.4266782407407407,2,6.0,0.3679
57431276,2023-04-26 16:12:08,2023-04-26T17:21:36.000,NYPD,illegal parking,Posted Parking Sign Violation,10307.0,Closed,5.0,5.0,4.0,2.0,0.0482407407407407,0,0.0,0.2208
57432533,2023-04-26 16:12:13,2023-04-26T16:44:41.000,NYPD,illegal parking,Blocked Bike Lane,10025.0,Closed,6.0,6.0,4.0,2.0,0.0225462962962962,1,3.0,0.2208
57432669,2023-04-26 16:12:42,2023-04-28T08:36:37.000,DPR,dead/dying tree,Planted More Than 2 Years Ago,11209.0,Closed,4.0,3.0,4.0,2.0,1.683275462962963,0,0.0,0.1689
57424937,2023-04-26 16:13:00,2023-04-27T09:58:00.000,DSNY,derelict vehicles,Derelict Vehicles,11233.0,Closed,4.0,3.0,4.0,2.0,0.7395833333333334,0,0.0,0.1689
57424264,2023-04-26 16:13:31,2023-04-27T01:46:10.000,NYPD,abandoned vehicle,With License Plate,11369.0,Closed,4.0,3.0,4.0,2.0,0.3976736111111111,0,0.0,0.1689
57429950,2023-04-26 16:13:53,2024-02-14T10:55:05.000,DPR,overgrown tree/branches,Hitting Building,11412.0,Closed,4.0,3.0,4.0,2.0,293.7786111111111,0,0.0,0.1689
57430611,2023-04-26 16:14:30,2025-01-11T05:02:19.000,DOHMH,mobile food vendor,Food Worker Activity,10001.0,Closed,4.0,3.0,4.0,2.0,625.5332060185185,0,0.0,0.1689
57430240,2023-04-26 16:14:44,2023-04-27T05:26:06.000,NYPD,abandoned vehicle,With License Plate,11422.0,Closed,4.0,3.0,4.0,2.0,0.5495601851851852,0,0.0,0.1689
57431544,2023-04-26 16:15:39,2023-04-26T16:16:52.000,NYPD,illegal parking,Posted Parking Sign Violation,11366.0,Closed,5.0,5.0,4.0,2.0,0.0008449074074074,5,10.0,0.35
57429249,2023-04-26 16:16:33,2023-04-26T18:00:25.000,NYPD,noise - residential,Banging/Pounding,10468.0,Closed,3.0,1.0,3.0,2.0,0.0721296296296296,2,6.0,0.1283
57431928,2023-04-26 16:16:42,2023-04-26T19:49:08.000,NYPD,abandoned vehicle,With License Plate,11203.0,Closed,4.0,3.0,4.0,2.0,0.1475231481481481,3,8.0,0.1689
57430302,2023-04-26 16:17:48,2023-04-26T18:00:07.000,DSNY,vendor enforcement,Non-Food Vendor,10013.0,Closed,4.0,3.0,4.0,2.0,0.0710532407407407,0,0.0,0.1689
57430716,2023-04-26 16:18:03,2023-04-26T17:18:00.000,NYPD,illegal parking,Blocked Bike Lane,10024.0,Closed,6.0,6.0,4.0,2.0,0.0416319444444444,2,6.0,0.2208
57428945,2023-04-26 16:19:05,2023-04-26T22:22:29.000,DHS,homeless person assistance,Unknown,10012.0,Closed,4.0,3.0,4.0,2.0,0.2523611111111111,0,0.0,0.1689
57428228,2023-04-26 16:19:34,2023-04-26T18:58:35.000,NYPD,noise - residential,Loud Music/Party,11233.0,Closed,3.0,1.0,3.0,2.0,0.1104282407407407,2,6.0,0.1283
57431417,2023-04-26 16:19:38,2023-04-26T18:53:19.000,NYPD,illegal parking,Paper License Plates,10467.0,Closed,5.0,5.0,4.0,2.0,0.106724537037037,6,10.0,0.35
57428159,2023-04-26 16:20:24,2023-05-25T15:31:35.000,HPD,unsanitary condition,GARBAGE/RECYCLING STORAGE,10026.0,Closed,5.0,2.0,5.0,4.0,28.96609953703704,0,0.0,0.35
57431772,2023-04-26 16:20:24,2023-05-25T15:31:35.000,HPD,door/window,DOOR,10026.0,Closed,4.0,3.0,4.0,2.0,28.96609953703704,0,0.0,0.1689
57429311,2023-04-26 16:20:32,2023-04-26T16:20:54.000,NYPD,drug activity,Use Outside,11366.0,Closed,4.0,3.0,4.0,2.0,0.0002546296296296,9,10.0,0.1689
57431350,2023-04-26 16:20:43,2023-05-03T20:41:26.000,HPD,general,BELL/BUZZER/INTERCOM,11208.0,Closed,4.0,3.0,4.0,2.0,7.181053240740741,0,0.0,0.1689
57429660,2023-04-26 16:20:43,2023-05-03T20:41:26.000,HPD,unsanitary condition,PESTS,11208.0,Closed,4.0,3.0,4.0,2.0,7.181053240740741,2,6.0,0.1689
57429762,2023-04-26 16:20:43,2023-05-03T20:41:25.000,HPD,paint/plaster,WALL,11208.0,Closed,4.0,3.0,4.0,2.0,7.181041666666666,1,3.0,0.1689
57428749,2023-04-26 16:20:48,2023-04-26T16:33:51.000,NYPD,noise - residential,Banging/Pounding,11216.0,Closed,3.0,1.0,3.0,2.0,0.0090625,1,3.0,0.1283
57430280,2023-04-26 16:20:49,2023-04-26T16:21:08.000,NYPD,drug activity,Use Outside,11366.0,Closed,4.0,3.0,4.0,2.0,0.0002199074074074,10,10.0,0.1689
57432234,2023-04-26 16:20:51,2023-04-27T12:14:28.000,DSNY,dirty condition,Trash,11365.0,Closed,4.0,3.0,4.0,2.0,0.8289004629629629,0,0.0,0.1689
57430768,2023-04-26 16:21:23,2023-04-27T02:27:44.000,NYPD,encampment,Unknown,10451.0,Closed,4.0,3.0,4.0,2.0,0.4210763888888889,0,0.0,0.1689
57429685,2023-04-26 16:21:24,2023-04-26T22:00:25.000,NYPD,noise - residential,Banging/Pounding,10027.0,Closed,3.0,1.0,3.0,2.0,0.2354282407407407,10,10.0,0.1283
57424377,2023-04-26 16:21:52,2023-04-29T15:06:35.000,DSNY,street sweeping complaint,Inadequate Sweeping,11211.0,Closed,4.0,3.0,4.0,2.0,2.947719907407407,0,0.0,0.1689
57429436,2023-04-26 16:22:32,2023-04-26T19:03:55.000,NYPD,blocked driveway,No Access,11373.0,Closed,5.0,6.0,4.0,2.0,0.1120717592592592,1,3.0,0.2133
57430595,2023-04-26 16:23:00,2023-05-03T11:52:00.000,DEP,sewer,RAIN GARDEN DEBRIS (GIRGD),11208.0,Closed,8.0,3.0,7.0,2.0,6.811805555555556,0,0.0,0.55
57426687,2023-04-26 16:23:35,2023-04-26T16:47:23.000,NYPD,traffic,Chronic Stoplight Violation,10036.0,Closed,4.0,3.0,4.0,2.0,0.0165277777777777,0,0.0,0.1689
57431510,2023-04-26 16:23:55,2023-04-26T16:25:23.000,NYPD,drug activity,Use Outside,11366.0,Closed,4.0,3.0,4.0,2.0,0.0010185185185185,11,10.0,0.1689
57428018,2023-04-26 16:24:14,2023-04-26T16:25:42.000,NYPD,drug activity,Use Outside,11366.0,Closed,4.0,3.0,4.0,2.0,0.0010185185185185,12,10.0,0.1689
57427354,2023-04-26 16:24:21,2023-04-26T16:48:47.000,NYPD,illegal parking,Blocked Crosswalk,11231.0,Closed,6.0,6.0,4.0,2.0,0.0169675925925925,3,8.0,0.2578
57429830,2023-04-26 16:24:59,2023-05-09T15:23:23.000,DOT,sidewalk condition,Broken Sidewalk,11218.0,Closed,6.0,4.0,6.0,4.0,12.957222222222224,0,0.0,0.3679
57429505,2023-04-26 16:26:00,2023-05-03T11:54:00.000,DEP,sewer,RAIN GARDEN DEBRIS (GIRGD),11208.0,Closed,8.0,3.0,7.0,2.0,6.811111111111111,1,3.0,0.55
57427665,2023-04-26 16:26:11,2023-04-27T00:00:00.000,DOB,elevator,Elevator - Multiple Devices On Property,11355.0,Closed,4.0,3.0,4.0,2.0,0.3151504629629629,0,0.0,0.1689
57431279,2023-04-26 16:26:13,2023-04-26T16:41:11.000,NYPD,non-emergency police matter,Other (complaint details),11374.0,Closed,5.0,3.0,4.0,2.0,0.0103935185185185,1,3.0,0.2138
57427932,2023-04-26 16:26:17,2023-04-28T20:40:14.000,HPD,plumbing,TOILET,11694.0,Closed,4.0,3.0,4.0,2.0,2.1763541666666666,0,0.0,0.1689
57431485,2023-04-26 16:26:17,2023-04-28T20:40:14.000,HPD,unsanitary condition,MOLD,11694.0,Closed,4.0,3.0,4.0,2.0,2.1763541666666666,0,0.0,0.1689
57429339,2023-04-26 16:26:24,2023-04-26T20:52:58.000,NYPD,blocked driveway,No Access,10461.0,Closed,5.0,6.0,4.0,2.0,0.1851157407407407,2,6.0,0.2133
57432000,2023-04-26 16:26:39,2023-05-18T16:28:58.000,HPD,electric,LIGHTING,11230.0,Closed,4.0,3.0,4.0,2.0,22.001608796296296,0,0.0,0.1689
57432162,2023-04-26 16:26:49,2023-04-26T22:01:53.000,NYPD,noise - residential,Banging/Pounding,10027.0,Closed,3.0,1.0,3.0,2.0,0.2326851851851852,11,10.0,0.1283
57430337,2023-04-26 16:27:11,,TLC,for hire vehicle report,Driver Report - Passenger,10467.0,In Progress,4.0,3.0,4.0,2.0,1261.1043972165394,0,0.0,0.1689
57428907,2023-04-26 16:27:14,2024-06-04T00:18:52.000,DOHMH,smoking,Smoking Violation,11226.0,Closed,4.0,3.0,4.0,2.0,404.32752314814815,0,0.0,0.1689
57429358,2023-04-26 16:27:31,2023-05-02T13:56:58.000,DSNY,illegal posting,Poster or Sign,11207.0,Closed,4.0,3.0,4.0,2.0,5.895451388888889,0,0.0,0.1689
57431992,2023-04-26 16:28:09,2023-04-26T17:50:23.000,NYPD,noise - residential,Loud Music/Party,10453.0,Closed,3.0,1.0,3.0,2.0,0.0571064814814814,1,3.0,0.1283
57429784,2023-04-26 16:28:32,2025-05-13T16:38:22.000,DPR,new tree request,For One Address,10027.0,Closed,4.0,3.0,4.0,2.0,748.0068287037037,0,0.0,0.1689
57429761,2023-04-26 16:29:00,2023-04-27T04:12:00.000,DSNY,derelict vehicles,Derelict Vehicles,11218.0,Closed,4.0,3.0,4.0,2.0,0.4881944444444444,0,0.0,0.1689
57430510,2023-04-26 16:29:19,2023-04-27T19:02:03.000,HPD,heat/hot water,ENTIRE BUILDING,10466.0,Closed,7.0,3.0,4.0,2.0,1.106064814814815,0,0.0,0.2099
57428729,2023-04-26 16:29:28,2023-05-31T15:48:22.000,EDC,noise - helicopter,Other,11414.0,Closed,3.0,1.0,3.0,2.0,34.97145833333333,7,10.0,0.3034
57427955,2023-04-26 16:29:51,2023-05-31T12:40:27.000,DSNY,missed collection,Recycling - Metal/Glass/Rigid Plastic,10037.0,Closed,4.0,3.0,4.0,2.0,34.840694444444445,0,0.0,0.1689
57424042,2023-04-26 16:29:51,2023-05-12T10:17:31.000,DPR,new tree request,For One Address,10027.0,Closed,4.0,3.0,4.0,2.0,15.741435185185184,1,3.0,0.1689
57428767,2023-04-26 16:30:14,2023-04-26T17:31:33.000,NYPD,illegal parking,Blocked Sidewalk,11232.0,Closed,6.0,6.0,6.0,4.0,0.0425810185185185,2,6.0,0.3679
57428380,2023-04-26 16:30:50,2023-04-26T21:42:05.000,NYPD,noise - residential,Banging/Pounding,10027.0,Closed,3.0,1.0,3.0,2.0,0.2161458333333333,12,10.0,0.1283
57431589,2023-04-26 16:30:59,2023-04-26T16:40:01.000,NYPD,illegal parking,Commercial Overnight Parking,10024.0,Closed,5.0,5.0,4.0,2.0,0.0062731481481481,3,8.0,0.2575
57432062,2023-04-26 16:31:18,2023-04-26T18:03:47.000,NYPD,abandoned vehicle,With License Plate,11226.0,Closed,4.0,3.0,4.0,2.0,0.064224537037037,1,3.0,0.1689
57430411,2023-04-26 16:31:19,2023-05-02T13:48:46.000,DSNY,illegal posting,Poster or Sign,11207.0,Closed,4.0,3.0,4.0,2.0,5.887118055555556,1,3.0,0.1689
57428843,2023-04-26 16:31:33,2023-04-26T19:19:59.000,DPR,animal in a park,Dog Off Leash,11379.0,Closed,4.0,3.0,4.0,2.0,0.1169675925925926,0,0.0,0.1689
57431897,2023-04-26 16:34:09,2023-04-26T16:54:47.000,NYPD,noise - residential,Loud Music/Party,10034.0,Closed,3.0,1.0,3.0,2.0,0.0143287037037037,0,0.0,0.1283
57427773,2023-04-26 16:34:49,2023-04-26T22:29:20.000,DHS,homeless person assistance,Unknown,10009.0,Closed,4.0,3.0,4.0,2.0,0.2461921296296296,0,0.0,0.1689
57429368,2023-04-26 16:35:00,2023-04-26T18:13:31.000,NYPD,noise - residential,Banging/Pounding,10473.0,Closed,3.0,1.0,3.0,2.0,0.0684143518518518,2,6.0,0.1283
57432409,2023-04-26 16:35:56,2023-05-06T02:07:31.000,HPD,unsanitary condition,PESTS,11220.0,Closed,4.0,3.0,4.0,2.0,9.396932870370373,0,0.0,0.1689
57428460,2023-04-26 16:35:57,2023-05-22T19:06:04.000,HPD,safety,CARBON MONOXIDE DETECTOR,11206.0,Closed,4.0,3.0,4.0,2.0,26.104247685185182,0,0.0,0.1689
57432588,2023-04-26 16:35:57,2023-05-22T19:06:04.000,HPD,safety,SMOKE DETECTOR,11206.0,Closed,4.0,3.0,4.0,2.0,26.104247685185182,1,3.0,0.2357
57427811,2023-04-26 16:35:59,2023-05-01T13:52:34.000,DSNY,illegal posting,Poster or Sign,11208.0,Closed,4.0,3.0,4.0,2.0,4.886516203703704,0,0.0,0.1689
57431374,2023-04-26 16:37:10,2023-04-28T12:33:07.000,DSNY,abandoned bike,Chained to Public Property,11369.0,Closed,4.0,3.0,4.0,2.0,1.8305208333333327,0,0.0,0.1689
57428668,2023-04-26 16:38:00,2023-04-27T03:37:00.000,DSNY,derelict vehicles,Derelict Vehicles,11374.0,Closed,4.0,3.0,4.0,2.0,0.4576388888888889,0,0.0,0.1689
57430539,2023-04-26 16:38:00,2023-04-28T01:55:00.000,DOT,traffic signal condition,LED Lense,UNKNOWN,Closed,9.0,10.0,8.0,2.0,1.3868055555555556,1,3.0,0.7209
57428353,2023-04-26 16:38:09,2023-04-26T18:28:33.000,NYPD,illegal parking,Blocked Sidewalk,10306.0,Closed,6.0,6.0,6.0,4.0,0.0766666666666666,1,3.0,0.3679
57428084,2023-04-26 16:38:14,2023-05-15T00:00:00.000,DOB,special projects inspection team (spit),Adult Establishment,10018.0,Closed,4.0,3.0,4.0,2.0,18.306782407407407,0,0.0,0.1689
57431386,2023-04-26 16:39:27,2023-04-26T22:13:39.000,DOT,street condition,Plate Condition - Open,11385.0,Closed,8.0,7.0,7.0,7.0,0.2320833333333333,0,0.0,0.55
57431291,2023-04-26 16:39:49,2023-04-27T11:44:37.000,DSNY,residential disposal complaint,Waste Set Out Too Early or Too Late,10036.0,Closed,5.0,2.0,5.0,4.0,0.795,0,0.0,0.2208
57430776,2023-04-26 16:40:19,2023-04-26T20:59:45.000,NYPD,illegal parking,Paper License Plates,10458.0,Closed,5.0,5.0,4.0,2.0,0.180162037037037,0,0.0,0.2208
57431637,2023-04-26 16:41:00,2023-04-27T10:28:00.000,DEP,air quality,"Air: Smoke, Vehicular (AA4)",11366.0,Closed,4.0,3.0,4.0,2.0,0.7409722222222223,2,6.0,0.1689
57430477,2023-04-26 16:41:07,2023-04-26T18:37:43.000,NYPD,noise - residential,Banging/Pounding,11355.0,Closed,3.0,1.0,3.0,2.0,0.0809722222222222,0,0.0,0.1283
57432431,2023-04-26 16:41:15,2024-08-02T00:00:00.000,DOB,building/use,Illegal Conversion Of Residential Building/Space,11435.0,Closed,4.0,3.0,4.0,2.0,463.3046875,0,0.0,0.1689
57430627,2023-04-26 16:41:44,,TLC,taxi report,Vehicle Report,10028.0,In Progress,4.0,3.0,4.0,2.0,1261.094297547963,0,0.0,0.1689
57424470,2023-04-26 16:42:00,2024-02-06T17:10:00.000,DOT,street light condition,Street Light Out,10036.0,Closed,7.0,5.0,6.0,5.0,286.01944444444445,0,0.0,0.4713
57427541,2023-04-26 16:42:30,2024-06-04T00:15:50.000,DOHMH,food establishment,Letter Grading,11232.0,Closed,4.0,3.0,4.0,2.0,404.3148148148149,0,0.0,0.1689
57431332,2023-04-26 16:43:26,2023-04-26T17:58:47.000,DSNY,vendor enforcement,Food Vendor,11105.0,Closed,4.0,3.0,4.0,2.0,0.0523263888888888,0,0.0,0.1689
57430073,2023-04-26 16:43:53,2024-06-04T00:15:51.000,DOHMH,food establishment,Letter Grading,11209.0,Closed,4.0,3.0,4.0,2.0,404.3138657407408,0,0.0,0.1689
57427022,2023-04-26 16:44:27,2023-04-26T18:33:26.000,NYPD,illegal parking,Parking Permit Improper Use,11201.0,Closed,5.0,5.0,4.0,2.0,0.0756828703703703,8,10.0,0.35
57431717,2023-04-26 16:44:41,2023-05-01T11:20:00.000,DOT,street condition,Pothole,11214.0,Closed,8.0,8.0,8.0,7.0,4.774525462962963,0,0.0,0.5798
57431080,2023-04-26 16:45:08,2023-04-26T16:45:08.000,DOHMH,rodent,Rat Sighting,11385.0,Closed,4.0,3.0,4.0,2.0,0.0,0,0.0,0.1689
57429078,2023-04-26 16:45:11,2023-04-26T17:10:39.000,NYPD,noise - commercial,Loud Music/Party,10002.0,Closed,3.0,1.0,3.0,2.0,0.0176851851851851,2,6.0,0.1283
57429731,2023-04-26 16:45:19,2023-04-26T19:20:32.000,NYPD,illegal parking,Blocked Sidewalk,10469.0,Closed,6.0,6.0,6.0,4.0,0.1077893518518518,1,3.0,0.3679
57431782,2023-04-26 16:45:32,2023-04-26T17:36:41.000,HPD,heat/hot water,ENTIRE BUILDING,11221.0,Closed,7.0,3.0,4.0,2.0,0.0355208333333333,2,6.0,0.2099
57428330,2023-04-26 16:45:34,2023-07-27T11:50:11.000,HPD,water leak,HEAVY FLOW,11221.0,Closed,8.0,3.0,4.0,7.0,91.79487268518518,1,3.0,0.4094
57430673,2023-04-26 16:46:04,2023-05-01T13:50:21.000,DSNY,illegal posting,Poster or Sign,11208.0,Closed,4.0,3.0,4.0,2.0,4.877974537037037,1,3.0,0.1689
57428253,2023-04-26 16:46:24,2023-05-01T14:06:43.000,DSNY,dirty condition,Trash,10453.0,Closed,4.0,3.0,4.0,2.0,4.889108796296297,0,0.0,0.1689
57432575,2023-04-26 16:46:35,2023-04-26T17:02:53.000,NYPD,illegal parking,Double Parked Blocking Vehicle,11206.0,Closed,5.0,5.0,4.0,2.0,0.0113194444444444,1,3.0,0.2208
57427782,2023-04-26 16:46:48,2023-04-26T17:13:53.000,NYPD,blocked driveway,No Access,11219.0,Closed,5.0,6.0,4.0,2.0,0.0188078703703703,4,10.0,0.35
57423757,2023-04-26 16:47:00,2023-04-27T11:08:00.000,DSNY,derelict vehicles,Derelict Vehicles,11214.0,Closed,4.0,3.0,4.0,2.0,0.7645833333333333,0,0.0,0.1689
57430161,2023-04-26 16:47:00,2023-05-10T19:45:00.000,DEP,water system,Leak (Use Comments) (WA2),11411.0,Closed,4.0,3.0,4.0,2.0,14.123611111111112,0,0.0,0.1689
57432571,2023-04-26 16:47:51,2023-04-26T16:51:54.000,NYPD,illegal parking,Blocked Sidewalk,11219.0,Closed,6.0,6.0,6.0,4.0,0.0028125,3,8.0,0.4098
57430622,2023-04-26 16:47:55,2023-04-26T22:16:12.000,NYPD,blocked driveway,Partial Access,11040.0,Closed,5.0,6.0,4.0,2.0,0.227974537037037,0,0.0,0.2133
57428325,2023-04-26 16:49:01,2023-05-02T14:08:05.000,DSNY,missed collection,Trash,10306.0,Closed,4.0,3.0,4.0,2.0,5.88824074074074,2,6.0,0.1689
57427584,2023-04-26 16:49:37,2023-04-27T05:58:48.000,DOT,broken parking meter,Graffiti,10021.0,Closed,6.0,5.0,4.0,2.0,0.5480439814814815,0,0.0,0.2208
57430685,2023-04-26 16:49:40,2023-05-01T06:52:35.000,DSNY,illegal dumping,Removal Request,11216.0,Closed,4.0,3.0,4.0,2.0,4.585358796296297,0,0.0,0.1689
57431915,2023-04-26 16:50:04,2023-04-26T17:24:33.000,NYPD,abandoned vehicle,With License Plate,11228.0,Closed,4.0,3.0,4.0,2.0,0.0239467592592592,0,0.0,0.1689
57427976,2023-04-26 16:50:33,2023-04-26T19:46:19.000,NYPD,blocked driveway,No Access,10467.0,Closed,5.0,6.0,4.0,2.0,0.1220601851851851,2,6.0,0.2133
57429224,2023-04-26 16:51:17,2023-04-26T17:06:58.000,NYPD,illegal parking,Blocked Sidewalk,11232.0,Closed,6.0,6.0,6.0,4.0,0.0108912037037037,3,8.0,0.4107
57428866,2023-04-26 16:51:38,2023-04-26T16:52:00.000,NYPD,illegal parking,Blocked Sidewalk,11219.0,Closed,6.0,6.0,6.0,4.0,0.0002546296296296,4,10.0,0.469
57430109,2023-04-26 16:51:48,2023-04-26T17:53:46.000,NYPD,blocked driveway,No Access,11205.0,Closed,5.0,6.0,4.0,2.0,0.0430324074074074,0,0.0,0.2133
57427745,2023-04-26 16:52:00,2023-04-27T13:41:41.000,DPR,illegal tree damage,Unauthorized Tree Removal,11235.0,Closed,4.0,3.0,4.0,2.0,0.8678356481481482,0,0.0,0.1689
57423141,2023-04-26 16:52:05,2023-04-26T23:09:27.000,NYPD,noise - residential,Banging/Pounding,10457.0,Closed,3.0,1.0,3.0,2.0,0.2620601851851852,0,0.0,0.1283
57427578,2023-04-26 16:52:34,2023-05-09T15:42:11.000,DOT,sidewalk condition,Broken Sidewalk,11213.0,Closed,6.0,4.0,6.0,4.0,12.951122685185185,1,3.0,0.469
57430371,2023-04-26 16:52:36,2023-05-09T20:30:30.000,HPD,flooring/stairs,FLOOR,10458.0,Closed,4.0,3.0,4.0,2.0,13.151319444444445,1,3.0,0.1689
57429506,2023-04-26 16:53:00,2023-05-31T08:00:00.000,DEP,water quality,"Taste/Odor, Sewer (QA5)",11217.0,Closed,8.0,3.0,7.0,2.0,34.62986111111111,0,0.0,0.55
57428317,2023-04-26 16:53:00,2023-05-19T08:30:00.000,DEP,water system,Hyd Valve Box Cover Missing (WV2),11204.0,Closed,4.0,3.0,4.0,2.0,22.650694444444444,2,6.0,0.2555
57430654,2023-04-26 16:53:24,2023-05-01T13:54:16.000,DSNY,illegal posting,Poster or Sign,11208.0,Closed,4.0,3.0,4.0,2.0,4.875601851851852,2,6.0,0.1689
57432053,2023-04-26 16:53:31,2023-05-31T15:48:23.000,EDC,noise - helicopter,Other,10023.0,Closed,3.0,1.0,3.0,2.0,34.95476851851852,13,10.0,0.3034
57427895,2023-04-26 16:53:34,2023-04-26T20:34:13.000,NYPD,noise - residential,Banging/Pounding,11235.0,Closed,3.0,1.0,3.0,2.0,0.1532291666666666,1,3.0,0.1283
57430869,2023-04-26 16:53:49,2023-04-26T17:13:51.000,NYPD,noise - street/sidewalk,Loud Music/Party,10019.0,Closed,5.0,4.0,6.0,4.0,0.013912037037037,0,0.0,0.2133
57429082,2023-04-26 16:55:00,2023-04-28T10:35:00.000,DSNY,electronics waste appointment,Ewaste appointment,10306.0,Closed,5.0,2.0,5.0,4.0,1.7361111111111112,0,0.0,0.2208
57431482,2023-04-26 16:56:20,2023-04-26T19:09:11.000,NYPD,noise - residential,Loud Talking,11691.0,Closed,3.0,1.0,3.0,2.0,0.0922569444444444,0,0.0,0.1283
57428184,2023-04-26 16:56:39,,DOHMH,illegal animal kept as pet,Farm Animal,11414.0,In Progress,4.0,3.0,4.0,2.0,1261.0839418434143,0,0.0,0.1689
57428070,2023-04-26 16:57:00,2023-05-01T13:41:12.000,DSNY,illegal posting,Poster or Sign,11208.0,Closed,4.0,3.0,4.0,2.0,4.864027777777777,3,8.0,0.1744
57428142,2023-04-26 16:57:05,2023-04-26T16:57:05.000,DOHMH,rodent,Rat Sighting,11419.0,Closed,4.0,3.0,4.0,2.0,0.0,0,0.0,0.1689
57429324,2023-04-26 16:57:11,2023-05-31T15:48:29.000,EDC,noise - helicopter,Other,10023.0,Closed,3.0,1.0,3.0,2.0,34.95229166666667,14,10.0,0.3034
57428553,2023-04-26 16:57:37,2023-05-11T10:11:42.000,HPD,water leak,DAMP SPOT,11226.0,Closed,8.0,3.0,4.0,7.0,14.718113425925926,0,0.0,0.255
57432340,2023-04-26 16:57:37,2023-05-11T10:11:41.000,HPD,unsanitary condition,PESTS,11226.0,Closed,4.0,3.0,4.0,2.0,14.718101851851852,4,10.0,0.2609
57428696,2023-04-26 16:57:37,2023-05-11T10:11:42.000,HPD,unsanitary condition,PESTS,11226.0,Closed,4.0,3.0,4.0,2.0,14.718113425925926,5,10.0,0.2609
57431761,2023-04-26 16:57:50,2023-05-31T15:48:29.000,EDC,noise - helicopter,Other,10023.0,Closed,3.0,1.0,3.0,2.0,34.95184027777778,15,10.0,0.3034
57428036,2023-04-26 16:58:06,2023-05-12T14:50:32.000,DOT,curb condition,Broken Curb,10019.0,Closed,5.0,4.0,6.0,4.0,15.911412037037037,0,0.0,0.2588
57431083,2023-04-26 16:58:36,2023-04-27T08:16:49.000,DOT,bus stop shelter complaint,Dirty/Graffiti,10465.0,Closed,5.0,3.0,4.0,2.0,0.637650462962963,0,0.0,0.2138
57430560,2023-04-26 16:59:00,2023-04-26T18:20:00.000,DOT,traffic signal condition,Controller,11692.0,Closed,9.0,10.0,8.0,2.0,0.05625,0,0.0,0.7209
57429134,2023-04-26 16:59:00,2023-04-27T21:50:00.000,DEP,water system,Dirty Water (WE),10309.0,Closed,4.0,3.0,4.0,2.0,1.2020833333333334,1,3.0,0.1689
57428163,2023-04-26 16:59:10,2023-04-26T20:15:39.000,NYPD,illegal parking,Blocked Sidewalk,10075.0,Closed,6.0,6.0,6.0,4.0,0.1364467592592592,1,3.0,0.3679
57430896,2023-04-26 16:59:45,2023-04-27T10:38:06.000,DCWP,consumer complaint,Car Dealer - Used,10019.0,Closed,4.0,3.0,4.0,2.0,0.7349652777777778,0,0.0,0.1689
57427556,2023-04-26 16:59:49,2023-04-27T01:10:49.000,NYPD,noise - street/sidewalk,Loud Music/Party,11237.0,Closed,5.0,4.0,6.0,4.0,0.3409722222222222,0,0.0,0.2133
57428193,2023-04-26 16:59:49,2023-04-28T10:14:38.000,DOT,street condition,Cave-in,10001.0,Closed,8.0,7.0,7.0,7.0,1.7186226851851851,0,0.0,0.55
57432587,2023-04-26 17:00:44,2024-01-18T05:03:14.000,HPD,door/window,WINDOW PANE,11435.0,Closed,4.0,3.0,4.0,2.0,266.5017361111111,0,0.0,0.1689
57430378,2023-04-26 17:00:44,2024-01-18T05:03:15.000,HPD,appliance,ELECTRIC/GAS RANGE,11435.0,Closed,4.0,3.0,4.0,2.0,266.5017476851852,0,0.0,0.1689
57432385,2023-04-26 17:01:13,2023-06-19T05:03:03.000,HPD,unsanitary condition,PESTS,11206.0,Closed,4.0,3.0,4.0,2.0,53.50127314814815,1,3.0,0.2357
57424343,2023-04-26 17:01:19,2023-04-26T18:25:35.000,NYPD,illegal parking,Posted Parking Sign Violation,11355.0,Closed,5.0,5.0,4.0,2.0,0.0585185185185185,2,6.0,0.2208
57427543,2023-04-26 17:02:00,2023-04-28T09:00:00.000,DEP,water system,LOW WATER PRESSURE - WLWP,11423.0,Closed,4.0,3.0,4.0,2.0,1.665277777777778,0,0.0,0.1689
57425329,2023-04-26 17:02:13,2023-05-31T15:48:34.000,EDC,noise - helicopter,Other,10023.0,Closed,3.0,1.0,3.0,2.0,34.94885416666666,16,10.0,0.3034
57427988,2023-04-26 17:02:17,2023-04-28T13:49:44.000,DOT,street sign - missing,One Way,11432.0,Closed,4.0,3.0,4.0,2.0,1.8662847222222223,0,0.0,0.1689
57429068,2023-04-26 17:02:36,2023-05-05T14:19:56.000,TLC,for hire vehicle complaint,Driver Complaint - Passenger,11430.0,Closed,4.0,3.0,4.0,2.0,8.887037037037038,0,0.0,0.1689
57427587,2023-04-26 17:03:13,2023-04-26T18:18:27.000,NYPD,noise - street/sidewalk,Loud Music/Party,11226.0,Closed,5.0,4.0,6.0,4.0,0.0522453703703703,0,0.0,0.2133
57429150,2023-04-26 17:03:33,2023-04-27T08:59:47.000,DOT,broken parking meter,Coin or Card Did Not Register,10037.0,Closed,4.0,5.0,4.0,2.0,0.664050925925926,0,0.0,0.1689
57430693,2023-04-26 17:04:07,,DPR,damaged tree,Branch or Limb Has Fallen Down,11436.0,In Progress,4.0,3.0,4.0,2.0,1261.0787307155556,0,0.0,0.1689
57429538,2023-04-26 17:04:10,2023-05-31T15:48:37.000,EDC,noise - helicopter,Other,10023.0,Closed,3.0,1.0,3.0,2.0,34.94753472222222,17,10.0,0.3034
57426055,2023-04-26 17:04:18,2023-05-03T14:08:19.000,HPD,flooring/stairs,FLOOR,10463.0,Closed,4.0,3.0,4.0,2.0,6.877789351851852,0,0.0,0.1689
57429834,2023-04-26 17:04:27,2023-04-26T18:49:01.000,NYPD,illegal parking,Double Parked Blocking Vehicle,10456.0,Closed,5.0,5.0,4.0,2.0,0.0726157407407407,1,3.0,0.2208
57428954,2023-04-26 17:04:48,2023-05-31T12:42:28.000,DSNY,abandoned bike,Chained to Public Property,10026.0,Closed,4.0,3.0,4.0,2.0,34.817824074074075,0,0.0,0.1689
57427799,2023-04-26 17:05:00,2023-04-26T19:15:00.000,DOT,traffic signal condition,Pedestrian Signal,11101.0,Closed,9.0,10.0,8.0,2.0,0.0902777777777777,0,0.0,0.7209
57432554,2023-04-26 17:06:00,2023-04-27T12:18:00.000,DSNY,derelict vehicles,Derelict Vehicles,11236.0,Closed,4.0,3.0,4.0,2.0,0.8,0,0.0,0.1689
57431435,2023-04-26 17:06:12,2023-05-22T00:00:00.000,DOB,elevator,Elevator - Multiple Devices On Property,11211.0,Closed,4.0,3.0,4.0,2.0,25.28736111111111,0,0.0,0.1689
57429426,2023-04-26 17:07:27,2023-04-26T17:07:27.000,DOHMH,rodent,Condition Attracting Rodents,11218.0,Closed,4.0,3.0,4.0,2.0,0.0,0,0.0,0.1689
57429687,2023-04-26 17:07:34,2023-04-26T21:41:06.000,NYPD,noise - residential,Banging/Pounding,10027.0,Closed,3.0,1.0,3.0,2.0,0.1899537037037037,13,10.0,0.1283
57430945,2023-04-26 17:07:51,2023-04-26T18:02:52.000,NYPD,illegal parking,Posted Parking Sign Violation,11230.0,Closed,5.0,5.0,4.0,2.0,0.0382060185185185,8,10.0,0.35
57428591,2023-04-26 17:08:00,2023-04-27T12:18:00.000,DSNY,derelict vehicles,Derelict Vehicles,11216.0,Closed,4.0,3.0,4.0,2.0,0.7986111111111112,0,0.0,0.1689
57429128,2023-04-26 17:08:11,2023-04-26T17:27:04.000,NYPD,noise - residential,Loud Music/Party,10035.0,Closed,3.0,1.0,3.0,2.0,0.0131134259259259,0,0.0,0.1283
57428628,2023-04-26 17:09:44,2023-04-26T17:51:23.000,NYPD,illegal parking,Double Parked Blocking Traffic,10461.0,Closed,5.0,5.0,4.0,2.0,0.0289236111111111,2,6.0,0.2208
57432505,2023-04-26 17:10:16,2023-05-26T10:59:08.000,HPD,door/window,DOOR,10459.0,Closed,4.0,3.0,4.0,2.0,29.74226851851852,2,6.0,0.2583
57427716,2023-04-26 17:10:17,2023-05-03T20:38:44.000,HPD,general,JANITOR/SUPER,11211.0,Closed,4.0,3.0,4.0,2.0,7.1447569444444445,0,0.0,0.1689
57430936,2023-04-26 17:10:28,2023-04-26T18:08:21.000,NYPD,noise - residential,Banging/Pounding,11225.0,Closed,3.0,1.0,3.0,2.0,0.0401967592592592,0,0.0,0.1283
57429051,2023-04-26 17:10:35,2023-04-28T12:39:28.000,DSNY,illegal dumping,Removal Request,11235.0,Closed,4.0,3.0,4.0,2.0,1.811724537037037,1,3.0,0.1689
57428482,2023-04-26 17:11:00,2023-04-28T10:55:00.000,DEP,lead,Lead Kit Request (Residential) (L10),11432.0,Closed,4.0,3.0,4.0,2.0,1.738888888888889,0,0.0,0.1689
57428746,2023-04-26 17:12:27,2023-04-26T22:20:43.000,NYPD,illegal parking,Double Parked Blocking Traffic,11417.0,Closed,5.0,5.0,4.0,2.0,0.214074074074074,1,3.0,0.2208
57430944,2023-04-26 17:12:38,2023-04-26T17:59:12.000,NYPD,illegal parking,Blocked Bike Lane,10012.0,Closed,6.0,6.0,4.0,2.0,0.0323379629629629,0,0.0,0.2208
57428677,2023-04-26 17:13:00,2023-04-27T12:18:00.000,DSNY,derelict vehicles,Derelict Vehicles,11216.0,Closed,4.0,3.0,4.0,2.0,0.7951388888888888,1,3.0,0.1689
57430885,2023-04-26 17:13:20,2023-05-03T12:46:05.000,DSNY,illegal dumping,Chronic Dumping,10457.0,Closed,4.0,3.0,4.0,2.0,6.814409722222222,0,0.0,0.1689
57427544,2023-04-26 17:14:00,2023-04-28T10:57:00.000,DEP,lead,Lead Kit Request (Residential) (L10),11235.0,Closed,4.0,3.0,4.0,2.0,1.7381944444444444,0,0.0,0.1689
57428819,2023-04-26 17:16:24,2023-05-03T20:01:33.000,HPD,door/window,WINDOW FRAME,10455.0,Closed,4.0,3.0,4.0,2.0,7.1146875,0,0.0,0.1689
57429345,2023-04-26 17:17:29,2023-04-27T17:10:00.000,HPD,heat/hot water,ENTIRE BUILDING,11218.0,Closed,7.0,3.0,4.0,2.0,0.9948032407407408,2,6.0,0.2138
57422956,2023-04-26 17:17:32,2023-04-26T19:40:41.000,NYPD,illegal parking,Blocked Crosswalk,11101.0,Closed,6.0,6.0,4.0,2.0,0.0994097222222222,18,10.0,0.35
57431278,2023-04-26 17:18:00,2023-04-27T10:09:00.000,DSNY,derelict vehicles,Derelict Vehicles,UNKNOWN,Closed,4.0,3.0,4.0,2.0,0.7020833333333333,5,10.0,0.1689
57432318,2023-04-26 17:18:19,2023-04-26T19:32:28.000,NYPD,noise - vehicle,Car/Truck Music,11101.0,Closed,3.0,1.0,3.0,2.0,0.0931597222222222,0,0.0,0.1283
57432462,2023-04-26 17:19:29,2023-04-27T10:37:24.000,DSNY,dirty condition,Trash,10025.0,Closed,4.0,3.0,4.0,2.0,0.7207754629629629,1,3.0,0.1689
57432436,2023-04-26 17:19:42,2023-04-26T17:19:42.000,DOHMH,unsanitary animal pvt property,Cat,11235.0,Closed,4.0,3.0,4.0,2.0,0.0,0,0.0,0.1689
57428544,2023-04-26 17:21:02,2023-05-05T13:40:23.000,HPD,door/window,DOOR,11236.0,Closed,4.0,3.0,4.0,2.0,8.846770833333334,1,3.0,0.1689
57430213,2023-04-26 17:21:02,2023-05-05T13:40:23.000,HPD,unsanitary condition,PESTS,11236.0,Closed,4.0,3.0,4.0,2.0,8.846770833333334,0,0.0,0.1689
57430126,2023-04-26 17:21:02,2023-05-05T13:40:24.000,HPD,appliance,ELECTRIC/GAS RANGE,11236.0,Closed,4.0,3.0,4.0,2.0,8.846782407407407,0,0.0,0.1689
57429294,2023-04-26 17:21:14,2023-04-27T10:11:19.000,HPD,heat/hot water,ENTIRE BUILDING,10463.0,Closed,7.0,3.0,4.0,2.0,0.7014467592592593,2,6.0,0.2106
57427989,2023-04-26 17:23:07,2023-04-28T12:08:02.000,DSNY,dirty condition,Trash,11235.0,Closed,4.0,3.0,4.0,2.0,1.7811921296296296,1,3.0,0.1689
57427588,2023-04-26 17:23:55,2023-05-04T11:30:06.000,DPR,animal in a park,Dead Animal,11222.0,Closed,4.0,3.0,4.0,2.0,7.7542939814814815,0,0.0,0.1689
57426399,2023-04-26 17:23:58,2023-04-26T21:10:24.000,DSNY,obstruction,Cone,11420.0,Closed,4.0,4.0,4.0,2.0,0.1572453703703703,0,0.0,0.1689
57431795,2023-04-26 17:24:12,2023-05-09T11:36:00.000,HPD,appliance,REFRIGERATOR,10459.0,Closed,4.0,3.0,4.0,2.0,12.758194444444444,0,0.0,0.1689
57428838,2023-04-26 17:24:13,2023-05-09T11:36:00.000,HPD,paint/plaster,CEILING,10459.0,Closed,4.0,3.0,4.0,2.0,12.758182870370373,0,0.0,0.1689
57429698,2023-04-26 17:27:03,2023-04-27T17:10:00.000,HPD,heat/hot water,ENTIRE BUILDING,11218.0,Closed,7.0,3.0,4.0,2.0,0.9881597222222224,3,8.0,0.3059
57430360,2023-04-26 17:27:17,2023-06-12T12:06:19.000,HPD,electric,NO LIGHTING,11212.0,Closed,4.0,3.0,4.0,2.0,46.77710648148148,0,0.0,0.1689
57431702,2023-04-26 17:27:19,2023-04-26T17:50:54.000,NYPD,noise - residential,Banging/Pounding,10461.0,Closed,3.0,1.0,3.0,2.0,0.0163773148148148,0,0.0,0.1283
57429628,2023-04-26 17:27:31,2023-04-27T01:19:13.000,NYPD,illegal parking,Blocked Sidewalk,11385.0,Closed,6.0,6.0,6.0,4.0,0.3275694444444444,1,3.0,0.3679
57428382,2023-04-26 17:27:45,2023-05-25T15:13:36.000,DOT,sidewalk condition,Broken Sidewalk,11218.0,Closed,6.0,4.0,6.0,4.0,28.90684027777778,1,3.0,0.5339
57431343,2023-04-26 17:28:34,2023-04-27T05:58:12.000,NYPD,illegal parking,Blocked Hydrant,11105.0,Closed,6.0,6.0,4.0,2.0,0.5205787037037037,1,3.0,0.2208
57427880,2023-04-26 17:28:42,2023-04-26T22:49:45.000,NYPD,blocked driveway,Partial Access,11417.0,Closed,5.0,6.0,4.0,2.0,0.2229513888888888,0,0.0,0.2133
57428473,2023-04-26 17:28:43,2023-04-27T09:02:44.000,DOT,broken parking meter,Coin or Card Did Not Register,UNKNOWN,Closed,4.0,5.0,4.0,2.0,0.6486226851851852,1,3.0,0.1689
57429851,2023-04-26 17:28:45,2023-04-26T17:48:05.000,NYPD,blocked driveway,No Access,10029.0,Closed,5.0,6.0,4.0,2.0,0.0134259259259259,0,0.0,0.2133
57431819,2023-04-26 17:29:41,2023-04-29T16:51:39.000,HPD,door/window,DOOR,10302.0,Closed,4.0,3.0,4.0,2.0,2.973587962962963,0,0.0,0.1689
57431666,2023-04-26 17:29:41,2023-04-30T09:28:07.000,HPD,heat/hot water,APARTMENT ONLY,10302.0,Closed,7.0,3.0,4.0,2.0,3.665578703703704,0,0.0,0.2099
57422938,2023-04-26 17:29:41,2023-04-29T16:51:39.000,HPD,safety,WINDOW GUARD BROKEN/MISSING,10302.0,Closed,5.0,3.0,4.0,2.0,2.973587962962963,0,0.0,0.2138
57432028,2023-04-26 17:29:41,2023-04-27T12:39:06.000,HPD,heat/hot water,APARTMENT ONLY,10469.0,Closed,7.0,3.0,4.0,2.0,0.7982060185185185,3,8.0,0.2932
57431284,2023-04-26 17:29:42,2023-05-22T08:50:55.000,DOT,outdoor dining,Sidewalk Zone Blocked,10005.0,Closed,6.0,5.0,6.0,4.0,25.63973379629629,0,0.0,0.469
57430229,2023-04-26 17:29:43,2023-04-27T00:52:43.000,NYPD,blocked driveway,Partial Access,11385.0,Closed,5.0,6.0,4.0,2.0,0.3076388888888889,0,0.0,0.2133
57428416,2023-04-26 17:29:54,2023-04-26T18:52:35.000,NYPD,illegal parking,Blocked Hydrant,11218.0,Closed,6.0,6.0,4.0,2.0,0.0574189814814814,4,10.0,0.35
57428282,2023-04-26 17:29:59,2023-04-27T13:25:55.000,HPD,heat/hot water,ENTIRE BUILDING,11106.0,Closed,7.0,3.0,4.0,2.0,0.8305092592592592,0,0.0,0.2099
57429153,2023-04-26 17:30:16,2023-05-09T11:36:01.000,HPD,general,CABINET,10459.0,Closed,4.0,3.0,4.0,2.0,12.753993055555556,1,3.0,0.1689
57429353,2023-04-26 17:31:00,2023-04-27T02:27:50.000,NYPD,noise - residential,Banging/Pounding,11372.0,Closed,3.0,1.0,3.0,2.0,0.3728009259259259,0,0.0,0.1283
57429813,2023-04-26 17:31:01,2023-04-26T18:25:24.000,NYPD,illegal parking,Double Parked Blocking Traffic,11208.0,Closed,5.0,5.0,4.0,2.0,0.0377662037037037,4,10.0,0.35
57430711,2023-04-26 17:31:05,2023-04-26T18:45:55.000,NYPD,traffic,Congestion/Gridlock,11234.0,Closed,4.0,3.0,4.0,2.0,0.0519675925925925,0,0.0,0.1689
57428240,2023-04-26 17:31:35,2023-04-26T21:38:33.000,NYPD,noise - residential,Banging/Pounding,10027.0,Closed,3.0,1.0,3.0,2.0,0.1715046296296296,14,10.0,0.1283
57429142,2023-04-26 17:31:41,2023-04-26T22:03:55.000,NYPD,illegal parking,Blocked Sidewalk,11368.0,Closed,6.0,6.0,6.0,4.0,0.1890509259259259,2,6.0,0.3679
57431191,2023-04-26 17:32:41,2023-04-27T08:17:43.000,DPR,dead/dying tree,Planted More Than 2 Years Ago,11364.0,Closed,4.0,3.0,4.0,2.0,0.6146064814814814,0,0.0,0.1689
57429567,2023-04-26 17:32:47,2023-04-28T13:52:25.000,DSNY,sanitation worker or vehicle complaint,Unsafe Driving,10314.0,Closed,5.0,2.0,5.0,4.0,1.8469675925925928,0,0.0,0.2208
57429629,2023-04-26 17:33:08,2023-04-26T18:36:40.000,NYPD,illegal parking,Blocked Bike Lane,10012.0,Closed,6.0,6.0,4.0,2.0,0.0441203703703703,1,3.0,0.2208
57432195,2023-04-26 17:33:16,2023-04-26T21:38:46.000,NYPD,noise - residential,Banging/Pounding,10027.0,Closed,3.0,1.0,3.0,2.0,0.1704861111111111,15,10.0,0.1283
57432681,2023-04-26 17:34:15,2023-06-13T07:03:07.000,TLC,taxi complaint,Driver Complaint - Non Passenger,10012.0,Closed,4.0,3.0,4.0,2.0,47.56171296296296,0,0.0,0.1689
57427861,2023-04-26 17:34:15,2023-05-03T13:09:58.000,DOT,curb condition,Curb Defect-Metal Protruding,11421.0,Closed,4.0,4.0,6.0,4.0,6.816469907407408,0,0.0,0.2236
57431282,2023-04-26 17:35:21,2023-05-03T09:38:09.000,DSNY,illegal dumping,Removal Request,11219.0,Closed,4.0,3.0,4.0,2.0,6.668611111111111,0,0.0,0.1689
57427718,2023-04-26 17:35:39,2023-05-12T10:25:28.000,DPR,new tree request,For One Address,11374.0,Closed,4.0,3.0,4.0,2.0,15.701261574074074,0,0.0,0.1689
57427916,2023-04-26 17:35:43,2023-04-27T05:34:01.000,NYPD,noise - residential,Banging/Pounding,10466.0,Closed,3.0,1.0,3.0,2.0,0.4988194444444444,1,3.0,0.1283
57429957,2023-04-26 17:35:53,2023-05-01T11:49:31.000,HPD,heat/hot water,ENTIRE BUILDING,10027.0,Closed,7.0,3.0,4.0,2.0,4.759467592592593,2,6.0,0.35
57430313,2023-04-26 17:36:05,2023-04-26T18:37:49.000,NYPD,non-emergency police matter,Other (complaint details),10036.0,Closed,5.0,3.0,4.0,2.0,0.0428703703703703,0,0.0,0.2138
57431888,2023-04-26 17:36:07,2025-04-02T12:23:36.000,DPR,overgrown tree/branches,Blocking Street,11226.0,Closed,4.0,3.0,4.0,2.0,706.782974537037,0,0.0,0.1689
57427754,2023-04-26 17:36:11,2023-04-26T20:10:37.000,NYPD,noise - commercial,Loud Music/Party,10011.0,Closed,3.0,1.0,3.0,2.0,0.1072453703703703,0,0.0,0.1283
57429556,2023-04-26 17:36:17,2023-05-31T15:48:37.000,EDC,noise - helicopter,Other,10023.0,Closed,3.0,1.0,3.0,2.0,34.92523148148148,18,10.0,0.3034
57430162,2023-04-26 17:36:34,2023-04-27T00:00:00.000,DOB,general construction/plumbing,Adjacent Buildings Not Protected,11237.0,Closed,4.0,7.0,4.0,2.0,0.2662731481481482,0,0.0,0.2236
57430976,2023-04-26 17:36:35,2023-05-31T00:00:00.000,DOB,elevator,Elevator - Single Device On Property/No Alternate Service,10452.0,Closed,4.0,3.0,4.0,2.0,34.26626157407407,1,3.0,0.2357
57424080,2023-04-26 17:36:40,2023-05-31T15:48:38.000,EDC,noise - helicopter,Other,10023.0,Closed,3.0,1.0,3.0,2.0,34.92497685185185,19,10.0,0.3034
57428323,2023-04-26 17:38:00,2023-04-27T09:31:00.000,DEP,noise,Noise: Alarms (NR3),11366.0,Closed,3.0,1.0,3.0,2.0,0.6618055555555555,1,3.0,0.1283
57432369,2023-04-26 17:38:36,2023-05-31T15:48:43.000,EDC,noise - helicopter,Other,10023.0,Closed,3.0,1.0,3.0,2.0,34.92369212962963,20,10.0,0.3034
57431659,2023-04-26 17:38:43,2023-04-26T19:44:12.000,NYPD,abandoned vehicle,With License Plate,11103.0,Closed,4.0,3.0,4.0,2.0,0.0871412037037037,1,3.0,0.1689
57429482,2023-04-26 17:38:53,2023-05-31T15:48:44.000,EDC,noise - helicopter,Other,10023.0,Closed,3.0,1.0,3.0,2.0,34.92350694444445,21,10.0,0.3034
57429453,2023-04-26 17:38:54,2023-04-26T18:48:48.000,NYPD,illegal parking,Posted Parking Sign Violation,11366.0,Closed,5.0,5.0,4.0,2.0,0.0485416666666666,6,10.0,0.35
57428245,2023-04-26 17:39:07,2023-05-31T15:48:44.000,EDC,noise - helicopter,Other,10023.0,Closed,3.0,1.0,3.0,2.0,34.923344907407404,22,10.0,0.3034
57429870,2023-04-26 17:39:34,2023-05-31T15:48:46.000,EDC,noise - helicopter,Other,10023.0,Closed,3.0,1.0,3.0,2.0,34.92305555555556,23,10.0,0.3034
57432168,2023-04-26 17:40:08,2023-04-27T10:07:58.000,DCWP,consumer complaint,Garage/Parking Lot,11207.0,Closed,3.0,5.0,4.0,2.0,0.6859953703703704,0,0.0,0.1283
57429517,2023-04-26 17:41:00,2023-05-03T11:00:00.000,DEP,noise,Noise: air condition/ventilation equipment (NV1),10467.0,Closed,3.0,1.0,3.0,2.0,6.721527777777778,1,3.0,0.1283
57428332,2023-04-26 17:42:00,2023-04-26T17:55:58.000,NYPD,non-emergency police matter,Trespassing,11211.0,Closed,5.0,3.0,4.0,2.0,0.009699074074074,0,0.0,0.2138
57431621,2023-04-26 17:42:15,2023-04-28T14:05:34.000,HPD,heat/hot water,ENTIRE BUILDING,10462.0,Closed,7.0,3.0,4.0,2.0,1.849525462962963,5,10.0,0.3953
57432358,2023-04-26 17:44:25,2023-05-01T13:50:23.000,DOT,street condition,Cave-in,10019.0,Closed,8.0,7.0,7.0,7.0,4.837476851851852,0,0.0,0.55
57431764,2023-04-26 17:44:45,2023-04-26T18:48:17.000,NYPD,noise - vehicle,Car/Truck Horn,11366.0,Closed,3.0,1.0,3.0,2.0,0.0441203703703703,2,6.0,0.1283
57430357,2023-04-26 17:45:30,2023-09-22T19:41:38.000,HPD,door/window,DOOR,10458.0,Closed,4.0,3.0,4.0,2.0,149.08064814814816,1,3.0,0.2357
57431548,2023-04-26 17:45:30,2023-09-22T19:41:38.000,HPD,door/window,WINDOW PANE,10458.0,Closed,4.0,3.0,4.0,2.0,149.08064814814816,2,6.0,0.2583
57430108,2023-04-26 17:45:38,2023-04-28T18:07:11.000,HPD,heat/hot water,APARTMENT ONLY,11226.0,Closed,7.0,3.0,4.0,2.0,2.014965277777778,5,10.0,0.4081
57431436,2023-04-26 17:45:52,2024-07-31T00:00:00.000,DOB,building/use,Illegal. Commercial Use In Resident Zone,11214.0,Closed,4.0,3.0,4.0,2.0,461.2598148148148,0,0.0,0.1689
57431975,2023-04-26 17:46:09,2023-06-12T08:55:20.000,HPD,flooring/stairs,FLOOR,10452.0,Closed,4.0,3.0,4.0,2.0,46.63137731481481,2,6.0,0.2583
57429100,2023-04-26 17:46:13,2023-05-08T08:51:25.000,HPD,plumbing,BATHTUB/SHOWER,11210.0,Closed,4.0,3.0,4.0,2.0,11.62861111111111,0,0.0,0.1689
57430810,2023-04-26 17:46:13,2023-05-08T08:51:25.000,HPD,plumbing,BASIN/SINK,11210.0,Closed,4.0,3.0,4.0,2.0,11.62861111111111,1,3.0,0.1689
57428463,2023-04-26 17:46:31,2023-04-26T20:08:03.000,NYPD,illegal parking,Blocked Bike Lane,10002.0,Closed,6.0,6.0,4.0,2.0,0.098287037037037,5,10.0,0.35
57429580,2023-04-26 17:47:00,2023-04-27T10:28:00.000,DEP,air quality,"Air: Smoke, Vehicular (AA4)",11366.0,Closed,4.0,3.0,4.0,2.0,0.6951388888888889,3,8.0,0.1689
57431527,2023-04-26 17:47:42,2023-04-26T18:48:04.000,NYPD,drug activity,Use Outside,11366.0,Closed,4.0,3.0,4.0,2.0,0.0419212962962963,13,10.0,0.1689
57428856,2023-04-26 17:47:43,2023-04-26T20:58:34.000,NYPD,illegal parking,Posted Parking Sign Violation,11222.0,Closed,5.0,5.0,4.0,2.0,0.1325347222222222,9,10.0,0.35
57432424,2023-04-26 17:47:50,2023-04-26T18:44:49.000,NYPD,illegal parking,Posted Parking Sign Violation,10002.0,Closed,5.0,5.0,4.0,2.0,0.0395717592592592,6,10.0,0.35
57430492,2023-04-26 17:48:02,2023-04-26T22:03:24.000,NYPD,noise - residential,Loud Music/Party,10453.0,Closed,3.0,1.0,3.0,2.0,0.1773379629629629,2,6.0,0.1283
57427890,2023-04-26 17:48:25,2023-04-26T17:48:25.000,DOHMH,rodent,Rat Sighting,11201.0,Closed,4.0,3.0,4.0,2.0,0.0,0,0.0,0.1689
57430687,2023-04-26 17:48:29,2023-04-26T19:52:16.000,NYPD,noise - residential,Loud Music/Party,10029.0,Closed,3.0,1.0,3.0,2.0,0.0859606481481481,0,0.0,0.1283
57427612,2023-04-26 17:48:48,2023-05-12T07:50:48.000,HPD,unsanitary condition,MOLD,10021.0,Closed,4.0,3.0,4.0,2.0,15.584722222222222,0,0.0,0.1689
57432095,2023-04-26 17:48:48,2023-05-12T07:50:48.000,HPD,unsanitary condition,PESTS,10021.0,Closed,4.0,3.0,4.0,2.0,15.584722222222222,1,3.0,0.1689
57429181,2023-04-26 17:49:10,2023-06-12T08:55:20.000,HPD,water leak,SLOW LEAK,10452.0,Closed,8.0,3.0,4.0,7.0,46.62928240740741,1,3.0,0.4094
57430348,2023-04-26 17:49:23,2023-04-26T18:06:56.000,NYPD,noise - vehicle,Car/Truck Music,11225.0,Closed,3.0,1.0,3.0,2.0,0.0121875,2,6.0,0.1283
57428922,2023-04-26 17:51:03,2024-11-12T17:25:41.000,DPR,dead/dying tree,Planted More Than 2 Years Ago,11374.0,Closed,4.0,3.0,4.0,2.0,565.9823842592592,0,0.0,0.1689
57430288,2023-04-26 17:51:27,2023-04-26T18:47:01.000,NYPD,drug activity,Use Outside,11366.0,Closed,4.0,3.0,4.0,2.0,0.0385879629629629,14,10.0,0.1689
57426137,2023-04-26 17:51:46,2023-04-28T12:54:14.000,DOT,street condition,Defective Hardware,10075.0,Closed,8.0,7.0,7.0,7.0,1.7933796296296296,0,0.0,0.55
57427136,2023-04-26 17:51:50,2023-05-03T20:38:45.000,HPD,plumbing,BASIN/SINK,11211.0,Closed,4.0,3.0,4.0,2.0,7.115914351851852,0,0.0,0.1689
57431474,2023-04-26 17:51:50,2023-05-03T20:38:44.000,HPD,unsanitary condition,MOLD,11211.0,Closed,4.0,3.0,4.0,2.0,7.1159027777777775,1,3.0,0.1689
57431329,2023-04-26 17:51:50,2023-05-03T20:38:44.000,HPD,water leak,HEAVY FLOW,11211.0,Closed,8.0,3.0,4.0,7.0,7.1159027777777775,0,0.0,0.2199
57432243,2023-04-26 17:51:53,2023-04-29T19:14:18.000,HPD,heat/hot water,APARTMENT ONLY,10021.0,Closed,7.0,3.0,4.0,2.0,3.057233796296296,3,8.0,0.3815
57429662,2023-04-26 17:51:53,2023-05-12T07:50:49.000,HPD,plumbing,WATER SUPPLY,10021.0,Closed,4.0,3.0,9.0,2.0,15.582592592592592,0,0.0,0.1689
57428582,2023-04-26 17:52:13,2023-04-27T09:14:45.000,DOT,street sign - dangling,St Name - Attached to Pole,11422.0,Closed,4.0,3.0,4.0,2.0,0.6406481481481482,0,0.0,0.1689
57428964,2023-04-26 17:52:13,2023-04-27T07:59:04.000,HPD,plumbing,WATER SUPPLY,10032.0,Closed,4.0,3.0,9.0,2.0,0.5880902777777778,1,3.0,0.1689
57432075,2023-04-26 17:52:52,2023-04-26T19:18:13.000,NYPD,non-emergency police matter,Other (complaint details),10031.0,Closed,5.0,3.0,4.0,2.0,0.0592708333333333,0,0.0,0.2138
57423996,2023-04-26 17:53:03,2023-04-26T19:14:54.000,NYPD,illegal parking,Double Parked Blocking Vehicle,10033.0,Closed,5.0,5.0,4.0,2.0,0.0568402777777777,3,8.0,0.2589
57432657,2023-04-26 17:53:34,2023-06-26T11:52:10.000,TLC,for hire vehicle complaint,Driver Complaint - Non Passenger,10022.0,Closed,4.0,3.0,4.0,2.0,60.749027777777776,0,0.0,0.1689
57424800,2023-04-26 17:54:07,2023-05-03T09:38:10.000,DSNY,illegal dumping,Removal Request,11219.0,Closed,4.0,3.0,4.0,2.0,6.655590277777778,1,3.0,0.1689
57430155,2023-04-26 17:54:31,,DPR,dead/dying tree,Planted More Than 2 Years Ago,11228.0,In Progress,4.0,3.0,4.0,2.0,1261.0437373756135,0,0.0,0.1689
57432004,2023-04-26 17:54:36,2023-07-20T11:18:10.000,TLC,for hire vehicle complaint,Driver Complaint - Passenger,10121.0,Closed,4.0,3.0,4.0,2.0,84.72469907407407,0,0.0,0.1689
57428551,2023-04-26 17:56:00,2023-04-26T17:56:00.000,DOHMH,rodent,Rat Sighting,10455.0,Closed,4.0,3.0,4.0,2.0,0.0,0,0.0,0.1689
57430559,2023-04-26 17:56:23,2023-04-27T00:48:12.000,NYPD,blocked driveway,Partial Access,11379.0,Closed,5.0,6.0,4.0,2.0,0.2859837962962963,1,3.0,0.2133
57431394,2023-04-26 17:56:26,2023-04-26T18:54:24.000,NYPD,encampment,Unknown,UNKNOWN,Closed,4.0,3.0,4.0,2.0,0.0402546296296296,2,6.0,0.1689
57428461,2023-04-26 17:56:52,2023-04-27T08:42:49.000,TLC,lost property,Electronics/Phones,10023.0,Closed,4.0,3.0,4.0,2.0,0.6152430555555556,0,0.0,0.1689
57431283,2023-04-26 17:57:06,2023-04-26T22:49:27.000,NYPD,noise - street/sidewalk,Loud Music/Party,10014.0,Closed,5.0,4.0,6.0,4.0,0.2030208333333333,0,0.0,0.2133
57432590,2023-04-26 17:57:08,,DPR,dead/dying tree,Planted More Than 2 Years Ago,11374.0,In Progress,4.0,3.0,4.0,2.0,1261.0419050869443,1,3.0,0.2357
57423609,2023-04-26 17:58:16,2023-04-26T17:58:16.000,DOHMH,unsanitary animal pvt property,Dog,11691.0,Closed,4.0,3.0,4.0,2.0,0.0,0,0.0,0.1689
57428875,2023-04-26 17:58:26,2023-04-26T18:29:04.000,NYPD,illegal parking,Blocked Bike Lane,10018.0,Closed,6.0,6.0,4.0,2.0,0.0212731481481481,0,0.0,0.2208
57428579,2023-04-26 17:58:40,2023-04-26T21:39:07.000,NYPD,illegal parking,Blocked Sidewalk,11223.0,Closed,6.0,6.0,6.0,4.0,0.1530902777777777,4,10.0,0.469
57429912,2023-04-26 17:58:48,2023-04-26T20:21:09.000,NYPD,abandoned vehicle,With License Plate,10461.0,Closed,4.0,3.0,4.0,2.0,0.0988541666666666,1,3.0,0.1689
57429488,2023-04-26 17:59:00,2023-04-28T10:35:00.000,DSNY,electronics waste appointment,Ewaste appointment,10314.0,Closed,5.0,2.0,5.0,4.0,1.6916666666666669,1,3.0,0.2769
57432087,2023-04-26 17:59:00,2023-04-27T04:12:00.000,DSNY,derelict vehicles,Derelict Vehicles,11204.0,Closed,4.0,3.0,4.0,2.0,0.4256944444444444,0,0.0,0.1689
57429600,2023-04-26 18:00:21,2023-04-26T18:01:42.000,NYPD,noise - residential,Banging/Pounding,10468.0,Closed,3.0,1.0,3.0,2.0,0.0009375,3,8.0,0.1283
57431407,2023-04-26 18:00:26,2025-05-13T16:38:23.000,DPR,new tree request,For One Address,11374.0,Closed,4.0,3.0,4.0,2.0,747.9430208333333,1,3.0,0.2357
57427693,2023-04-26 18:00:27,2023-06-26T16:12:47.000,TLC,for hire vehicle complaint,Driver Complaint - Non Passenger,10018.0,Closed,4.0,3.0,4.0,2.0,60.92523148148148,0,0.0,0.1689
57430114,2023-04-26 18:00:28,2024-04-05T09:10:08.000,DPR,new tree request,For One Address,10011.0,Closed,4.0,3.0,4.0,2.0,344.631712962963,0,0.0,0.1689
57430772,2023-04-26 18:01:00,2023-04-26T20:45:48.000,NYPD,noise - vehicle,Engine Idling,11229.0,Closed,3.0,1.0,3.0,2.0,0.1144444444444444,0,0.0,0.1283
57432522,2023-04-26 18:01:08,2023-04-26T18:55:20.000,NYPD,noise - street/sidewalk,Loud Music/Party,10451.0,Closed,5.0,4.0,6.0,4.0,0.0376388888888888,0,0.0,0.2133
57425257,2023-04-26 18:01:17,2023-04-28T09:51:28.000,DSNY,illegal dumping,Removal Request,11215.0,Closed,4.0,3.0,4.0,2.0,1.659849537037037,0,0.0,0.1689
57429533,2023-04-26 18:01:43,2023-05-02T07:31:47.000,DOT,street sign - damaged,"No Parking, Standing, Stopping",10306.0,Closed,3.0,5.0,4.0,2.0,5.562546296296296,0,0.0,0.1283
57428687,2023-04-26 18:02:18,2023-04-26T22:08:48.000,NYPD,blocked driveway,No Access,10033.0,Closed,5.0,6.0,4.0,2.0,0.1711805555555555,0,0.0,0.2133
57429494,2023-04-26 18:03:00,2023-04-28T10:35:00.000,DSNY,electronics waste appointment,Ewaste appointment,10312.0,Closed,5.0,2.0,5.0,4.0,1.6888888888888889,0,0.0,0.2208
57426195,2023-04-26 18:03:22,2023-04-26T19:21:56.000,NYPD,illegal parking,Blocked Bike Lane,11215.0,Closed,6.0,6.0,4.0,2.0,0.0545601851851851,7,10.0,0.35
57430813,2023-04-26 18:03:30,2023-04-26T19:30:21.000,DPR,animal in a park,Dog Off Leash,11209.0,Closed,4.0,3.0,4.0,2.0,0.0603125,0,0.0,0.1689
57427576,2023-04-26 18:03:34,2023-05-12T10:33:14.000,DPR,new tree request,For One Address,10011.0,Closed,4.0,3.0,4.0,2.0,15.687268518518518,1,3.0,0.1689
57430532,2023-04-26 18:03:44,2023-05-02T09:46:10.000,DOT,sidewalk condition,Sidewalk Violation,11356.0,Closed,5.0,4.0,6.0,4.0,5.654467592592592,0,0.0,0.2133
57428750,2023-04-26 18:04:32,2023-04-27T13:36:28.000,DSNY,dirty condition,Trash,10467.0,Closed,4.0,3.0,4.0,2.0,0.8138425925925926,0,0.0,0.1689
57431232,2023-04-26 18:05:00,2023-04-26T22:43:27.000,NYPD,blocked driveway,Partial Access,10472.0,Closed,5.0,6.0,4.0,2.0,0.1933680555555555,1,3.0,0.2133
57428641,2023-04-26 18:06:24,2023-04-27T01:09:20.000,NYPD,illegal parking,Blocked Hydrant,10463.0,Closed,6.0,6.0,4.0,2.0,0.2937037037037037,2,6.0,0.2208
57430416,2023-04-26 18:06:24,2023-04-26T18:07:35.000,NYPD,illegal parking,Blocked Crosswalk,11225.0,Closed,6.0,6.0,4.0,2.0,0.0008217592592592,1,3.0,0.2208
57429583,2023-04-26 18:06:25,2023-04-27T13:37:47.000,DSNY,dirty condition,Trash,10467.0,Closed,4.0,3.0,4.0,2.0,0.8134490740740741,1,3.0,0.1689
57431164,2023-04-26 18:06:55,,DPR,dead/dying tree,Planted More Than 2 Years Ago,11231.0,In Progress,4.0,3.0,4.0,2.0,1261.035137017882,0,0.0,0.1689
57428413,2023-04-26 18:08:00,2023-04-26T19:27:00.000,DPR,violation of park rules,Obstructing Public Use,11217.0,Closed,4.0,3.0,4.0,2.0,0.0548611111111111,0,0.0,0.1689
57430340,2023-04-26 18:08:21,2023-04-27T10:07:59.000,DCWP,consumer complaint,Electronics Repair Store,11005.0,Closed,4.0,3.0,4.0,2.0,0.666412037037037,0,0.0,0.1689
57429738,2023-04-26 18:08:39,2023-04-26T20:06:51.000,NYPD,noise - commercial,Loud Music/Party,11238.0,Closed,3.0,1.0,3.0,2.0,0.0820833333333333,0,0.0,0.1283
57429981,2023-04-26 18:08:55,2023-05-12T10:34:07.000,DPR,new tree request,For One Address,10024.0,Closed,4.0,3.0,4.0,2.0,15.684166666666666,0,0.0,0.1689
57429779,2023-04-26 18:09:12,2023-04-26T19:46:22.000,NYPD,illegal parking,Posted Parking Sign Violation,11357.0,Closed,5.0,5.0,4.0,2.0,0.0674768518518518,2,6.0,0.2208
57431845,2023-04-26 18:10:06,2023-04-26T19:13:26.000,NYPD,animal-abuse,Neglected,11236.0,Closed,4.0,3.0,4.0,2.0,0.0439814814814814,0,0.0,0.1689
57430780,2023-04-26 18:10:10,2023-04-28T11:46:00.000,DPR,maintenance or facility,Garbage or Litter,10014.0,Closed,5.0,2.0,5.0,4.0,1.7332175925925926,0,0.0,0.2208
57432058,2023-04-26 18:10:44,2023-05-03T10:22:00.000,HPD,plumbing,RADIATOR,11237.0,Closed,4.0,3.0,4.0,2.0,6.67449074074074,3,8.0,0.1699
57432259,2023-04-26 18:10:54,2023-04-27T11:08:12.000,DCWP,consumer complaint,Tow Truck Company,11223.0,Closed,4.0,3.0,4.0,2.0,0.7064583333333333,0,0.0,0.1689
57431011,2023-04-26 18:10:55,2023-04-27T01:11:31.000,NYPD,noise - residential,Banging/Pounding,11218.0,Closed,3.0,1.0,3.0,2.0,0.2920833333333333,0,0.0,0.1283
57431488,2023-04-26 18:11:01,2023-06-12T08:55:20.000,HPD,water leak,HEAVY FLOW,10452.0,Closed,8.0,3.0,4.0,7.0,46.61410879629629,2,6.0,0.4456
57428701,2023-04-26 18:11:01,2023-05-04T17:12:16.000,HPD,paint/plaster,WALL,10452.0,Closed,4.0,3.0,4.0,2.0,7.959201388888889,5,10.0,0.2548
57432379,2023-04-26 18:11:01,2023-05-04T17:12:16.000,HPD,safety,WINDOW GUARD BROKEN/MISSING,10452.0,Closed,5.0,3.0,4.0,2.0,7.959201388888889,0,0.0,0.2138
57427751,2023-04-26 18:11:01,2023-05-04T17:12:15.000,HPD,door/window,WINDOW FRAME,10452.0,Closed,4.0,3.0,4.0,2.0,7.959189814814815,1,3.0,0.1689
57427592,2023-04-26 18:11:20,2023-04-27T11:08:12.000,DCWP,consumer complaint,Stoop Line,10452.0,Closed,4.0,3.0,4.0,2.0,0.7061574074074074,1,3.0,0.1689
57432311,2023-04-26 18:11:21,2023-04-26T18:57:51.000,NYPD,illegal parking,Parking Permit Improper Use,10019.0,Closed,5.0,5.0,4.0,2.0,0.0322916666666666,3,8.0,0.2582
57430447,2023-04-26 18:12:50,2023-04-26T19:00:11.000,NYPD,animal-abuse,Neglected,11354.0,Closed,4.0,3.0,4.0,2.0,0.0328819444444444,0,0.0,0.1689
57432683,2023-04-26 18:13:10,2023-04-26T18:16:07.000,NYPD,noise - street/sidewalk,Loud Music/Party,11225.0,Closed,5.0,4.0,6.0,4.0,0.0020486111111111,0,0.0,0.2133
57431921,2023-04-26 18:13:33,2023-04-27T00:00:00.000,DOB,elevator,Elevator - Single Device On Property/No Alternate Service,10028.0,Closed,4.0,3.0,4.0,2.0,0.2405902777777777,0,0.0,0.1689
57428025,2023-04-26 18:13:40,2023-04-27T11:15:39.000,DSNY,illegal dumping,Removal Request,10469.0,Closed,4.0,3.0,4.0,2.0,0.7097106481481481,0,0.0,0.1689
57431757,2023-04-26 18:14:14,2023-12-20T11:07:09.000,DSNY,graffiti,Graffiti,11235.0,Closed,5.0,3.0,4.0,2.0,237.70341435185185,0,0.0,0.2138
57430749,2023-04-26 18:14:31,2023-04-26T22:17:44.000,HPD,heat/hot water,ENTIRE BUILDING,10029.0,Closed,7.0,3.0,4.0,2.0,0.1689004629629629,1,3.0,0.2099
57430285,2023-04-26 18:14:34,2023-04-27T20:38:35.000,HPD,unsanitary condition,PESTS,10466.0,Closed,4.0,3.0,4.0,2.0,1.100011574074074,2,6.0,0.1689
57428653,2023-04-26 18:14:34,2023-04-27T20:38:35.000,HPD,safety,WINDOW GUARD BROKEN/MISSING,10466.0,Closed,5.0,3.0,4.0,2.0,1.100011574074074,0,0.0,0.2138
57430728,2023-04-26 18:15:47,2023-12-20T11:07:09.000,DSNY,graffiti,Graffiti,11235.0,Closed,5.0,3.0,4.0,2.0,237.70233796296296,1,3.0,0.2839
57430353,2023-04-26 18:15:51,2023-04-26T18:25:42.000,NYPD,illegal parking,Blocked Hydrant,11207.0,Closed,6.0,6.0,4.0,2.0,0.0068402777777777,2,6.0,0.2208
57423862,2023-04-26 18:16:23,2023-05-04T11:01:16.000,TLC,for hire vehicle complaint,Driver Complaint - Non Passenger,10007.0,Closed,4.0,3.0,4.0,2.0,7.697835648148148,0,0.0,0.1689
57428513,2023-04-26 18:16:41,2024-09-17T14:41:50.000,DPR,overgrown tree/branches,Hitting Building,11233.0,Closed,4.0,3.0,4.0,2.0,509.8507986111111,0,0.0,0.1689
57428218,2023-04-26 18:17:03,2023-05-23T12:58:46.000,DOT,curb condition,Defacement,11432.0,Closed,4.0,4.0,6.0,4.0,26.778969907407408,0,0.0,0.3225
57431895,2023-04-26 18:18:10,2023-04-26T23:32:16.000,NYPD,illegal parking,Blocked Bike Lane,11205.0,Closed,6.0,6.0,4.0,2.0,0.218125,9,10.0,0.35
57430948,2023-04-26 18:19:00,2023-04-26T21:38:01.000,NYPD,noise - residential,Banging/Pounding,10027.0,Closed,3.0,1.0,3.0,2.0,0.1382060185185185,16,10.0,0.1283
57430168,2023-04-26 18:20:15,2023-05-05T10:44:20.000,DOT,curb condition,Broken Curb,11432.0,Closed,5.0,4.0,6.0,4.0,8.683391203703703,1,3.0,0.2853
57428289,2023-04-26 18:20:46,2023-04-26T21:43:13.000,NYPD,illegal parking,Posted Parking Sign Violation,10028.0,Closed,5.0,5.0,4.0,2.0,0.1405902777777777,1,3.0,0.2208
57430724,2023-04-26 18:21:14,2023-04-27T05:51:52.000,DSNY,obstruction,Cone,10455.0,Closed,4.0,4.0,4.0,2.0,0.4796064814814815,0,0.0,0.1689
57428151,2023-04-26 18:21:35,2023-04-26T21:33:23.000,NYPD,noise - residential,Banging/Pounding,10036.0,Closed,3.0,1.0,3.0,2.0,0.1331944444444444,0,0.0,0.1283
57430327,2023-04-26 18:22:00,2023-04-27T09:43:54.000,DPR,overgrown tree/branches,Blocking Street,10308.0,Closed,4.0,3.0,4.0,2.0,0.6402083333333334,0,0.0,0.1689
57432446,2023-04-26 18:22:27,2023-05-05T12:27:38.000,DPR,violation of park rules,Unauthorized Posting of Signs,10460.0,Closed,4.0,3.0,4.0,2.0,8.753599537037037,0,0.0,0.1689
57430239,2023-04-26 18:22:36,2023-04-26T18:42:53.000,NYPD,illegal parking,Parking Permit Improper Use,11209.0,Closed,5.0,5.0,4.0,2.0,0.0140856481481481,2,6.0,0.2208
57431432,2023-04-26 18:23:00,2023-04-26T22:30:00.000,DEP,noise,Noise: Construction Before/After Hours (NM1),11375.0,Closed,3.0,7.0,3.0,2.0,0.1715277777777777,0,0.0,0.1283
57429445,2023-04-26 18:23:53,2023-05-02T20:29:40.000,HPD,door/window,WINDOW FRAME,10026.0,Closed,4.0,3.0,4.0,2.0,6.087349537037037,1,3.0,0.1689
57429238,2023-04-26 18:24:56,2023-04-26T20:04:43.000,NYPD,illegal parking,Blocked Sidewalk,10461.0,Closed,6.0,6.0,6.0,4.0,0.0692939814814814,3,8.0,0.4175
57432345,2023-04-26 18:25:19,2023-04-26T22:21:02.000,DHS,homeless person assistance,Unknown,11427.0,Closed,4.0,3.0,4.0,2.0,0.1636921296296296,0,0.0,0.1689
57428234,2023-04-26 18:25:35,2024-05-23T00:00:00.000,DOB,general construction/plumbing,Curb Cut/Driveway/Carport - Illegal,11223.0,Closed,4.0,7.0,6.0,4.0,392.2322337962962,0,0.0,0.3225
57432274,2023-04-26 18:25:56,2023-04-27T02:25:13.000,NYPD,noise - residential,Loud Television,11369.0,Closed,3.0,1.0,3.0,2.0,0.3328356481481481,0,0.0,0.1283
57431152,2023-04-26 18:26:00,2023-04-27T10:28:00.000,DSNY,derelict vehicles,Derelict Vehicles,11226.0,Closed,4.0,3.0,4.0,2.0,0.6680555555555555,0,0.0,0.1689
57426392,2023-04-26 18:26:00,2023-05-08T19:00:00.000,DEP,water system,LOW WATER PRESSURE - WLWP,11413.0,Closed,4.0,3.0,4.0,2.0,12.02361111111111,0,0.0,0.1689
57428718,2023-04-26 18:26:12,2023-04-27T00:57:37.000,NYPD,illegal parking,Blocked Crosswalk,11385.0,Closed,6.0,6.0,4.0,2.0,0.2718171296296296,2,6.0,0.2208
57432742,2023-04-26 18:26:55,2023-04-27T20:38:36.000,HPD,electric,OUTLET/SWITCH,10467.0,Closed,4.0,3.0,4.0,2.0,1.0914467592592592,2,6.0,0.1689
57430745,2023-04-26 18:27:48,2023-04-26T18:42:47.000,NYPD,illegal parking,Blocked Bike Lane,10003.0,Closed,6.0,6.0,4.0,2.0,0.0104050925925925,2,6.0,0.2208
57425694,2023-04-26 18:28:55,2023-04-26T19:17:29.000,NYPD,blocked driveway,No Access,11214.0,Closed,5.0,6.0,4.0,2.0,0.0337268518518518,3,8.0,0.2613
57430621,2023-04-26 18:28:57,2023-04-26T20:13:34.000,NYPD,noise - residential,Loud Television,10021.0,Closed,3.0,1.0,3.0,2.0,0.0726504629629629,0,0.0,0.1283
57431194,2023-04-26 18:29:00,2023-04-28T09:25:00.000,DOT,street light condition,Street Light Out,10455.0,Closed,7.0,5.0,6.0,5.0,1.6222222222222222,0,0.0,0.3721
57429803,2023-04-26 18:29:10,2023-06-20T07:02:28.000,TLC,for hire vehicle complaint,Driver Complaint - Non Passenger,11211.0,Closed,4.0,3.0,4.0,2.0,54.523125,0,0.0,0.1689
57431963,2023-04-26 18:29:11,2023-04-26T19:22:39.000,NYPD,noise - residential,Banging/Pounding,10462.0,Closed,3.0,1.0,3.0,2.0,0.0371296296296296,0,0.0,0.1283
57434963,2023-04-26 18:30:00,2023-04-27T11:40:00.000,DOT,traffic signal condition,Flashing Hazard,10459.0,Closed,9.0,10.0,8.0,2.0,0.7152777777777778,0,0.0,0.7209
57429551,2023-04-26 18:30:06,2023-04-27T19:24:43.000,HPD,heat/hot water,APARTMENT ONLY,11209.0,Closed,7.0,3.0,4.0,2.0,1.0379282407407406,2,6.0,0.2153
57427902,2023-04-26 18:30:44,2023-05-02T16:19:41.000,HPD,paint/plaster,WALL,10037.0,Closed,4.0,3.0,4.0,2.0,5.908993055555555,0,0.0,0.1689
57428594,2023-04-26 18:30:45,2023-07-06T14:56:08.000,TLC,for hire vehicle complaint,Driver Complaint - Non Passenger,10002.0,Closed,4.0,3.0,4.0,2.0,70.85096064814815,0,0.0,0.1689
57430994,2023-04-26 18:31:02,2023-04-28T10:28:48.000,DPR,damaged tree,Tree Alive - in Poor Condition,11694.0,Closed,4.0,3.0,4.0,2.0,1.6651157407407406,0,0.0,0.1689
57423222,2023-04-26 18:31:42,2023-04-26T19:58:36.000,NYPD,illegal parking,Blocked Bike Lane,10011.0,Closed,6.0,6.0,4.0,2.0,0.0603472222222222,1,3.0,0.2208
57428301,2023-04-26 18:31:46,2023-04-28T00:00:00.000,DOB,general construction/plumbing,Curb Cut/Driveway/Carport - Illegal,11211.0,Closed,4.0,7.0,6.0,4.0,1.2279398148148148,1,3.0,0.2689
57429848,2023-04-26 18:31:47,2023-04-26T18:31:47.000,DOB,real time enforcement,Work Without A Permit - Occupied Multiple Dwelling,11206.0,Closed,4.0,3.0,4.0,2.0,0.0,0,0.0,0.1689
57431209,2023-04-26 18:32:23,2023-07-31T08:48:20.000,TLC,for hire vehicle complaint,Driver Complaint - Non Passenger,11385.0,Closed,4.0,3.0,4.0,2.0,95.59440972222222,0,0.0,0.1689
57430779,2023-04-26 18:32:27,2023-04-26T18:42:33.000,NYPD,illegal parking,Blocked Bike Lane,10011.0,Closed,6.0,6.0,4.0,2.0,0.0070138888888888,2,6.0,0.2208
57429983,2023-04-26 18:33:00,2023-04-27T10:28:00.000,DSNY,derelict vehicles,Derelict Vehicles,11226.0,Closed,4.0,3.0,4.0,2.0,0.6631944444444444,1,3.0,0.1689
57429960,2023-04-26 18:33:41,2023-04-27T01:48:28.000,NYPD,noise - residential,Loud Music/Party,11238.0,Closed,3.0,1.0,3.0,2.0,0.3019328703703703,0,0.0,0.1283
57428293,2023-04-26 18:34:36,2023-04-27T08:27:22.000,DOHMH,rodent,Mouse Sighting,10031.0,Closed,4.0,3.0,4.0,2.0,0.5783101851851852,0,0.0,0.1689
57430381,2023-04-26 18:35:00,2023-04-27T20:45:00.000,DEP,noise,Noise: Construction Before/After Hours (NM1),10028.0,Closed,3.0,7.0,3.0,2.0,1.0902777777777777,1,3.0,0.1283
57430763,2023-04-26 18:35:00,2023-05-03T22:30:00.000,DEP,noise,Noise: Construction Before/After Hours (NM1),10458.0,Closed,3.0,7.0,3.0,2.0,7.163194444444445,0,0.0,0.1283
57430540,2023-04-26 18:35:00,2023-04-26T21:20:00.000,DOT,traffic signal condition,Pedestrian Signal,10468.0,Closed,9.0,10.0,8.0,2.0,0.1145833333333333,0,0.0,0.7209
57430233,2023-04-26 18:36:11,2023-04-27T00:15:31.000,NYPD,illegal parking,Double Parked Blocking Traffic,10474.0,Closed,5.0,5.0,4.0,2.0,0.2356481481481481,0,0.0,0.2208
57429896,2023-04-26 18:36:40,2023-06-18T18:14:28.000,HPD,unsanitary condition,PESTS,11372.0,Closed,4.0,3.0,4.0,2.0,52.98458333333333,1,3.0,0.2357
57429166,2023-04-26 18:36:49,2023-05-01T21:20:54.000,DSNY,commercial disposal complaint,No Private Carter,11235.0,Closed,4.0,3.0,4.0,2.0,5.113946759259259,0,0.0,0.1689
57429982,2023-04-26 18:36:54,2023-05-10T09:01:56.000,DSNY,illegal dumping,Removal Request,10457.0,Closed,4.0,3.0,4.0,2.0,13.600717592592591,1,3.0,0.1689
57432223,2023-04-26 18:37:03,2025-05-13T16:38:23.000,DPR,new tree request,For One Address,11229.0,Closed,4.0,3.0,4.0,2.0,747.9175925925925,1,3.0,0.2357
57432176,2023-04-26 18:37:03,2023-04-26T19:04:54.000,NYPD,noise - residential,Banging/Pounding,11373.0,Closed,3.0,1.0,3.0,2.0,0.0193402777777777,0,0.0,0.1283
57431042,2023-04-26 18:37:04,2024-11-12T17:25:42.000,DPR,damaged tree,Branch Cracked and Will Fall,11218.0,Closed,4.0,3.0,4.0,2.0,565.9504398148148,0,0.0,0.1689
57432519,2023-04-26 18:37:11,2023-05-01T21:28:18.000,DSNY,residential disposal complaint,Trash or Recycling Not Secure,11206.0,Closed,4.0,3.0,4.0,2.0,5.118831018518518,0,0.0,0.1689
57423114,2023-04-26 18:37:35,2023-04-26T22:30:15.000,NYPD,noise - street/sidewalk,Loud Talking,11220.0,Closed,5.0,4.0,6.0,4.0,0.161574074074074,0,0.0,0.2133
57428369,2023-04-26 18:38:09,2023-04-27T01:21:36.000,NYPD,illegal parking,Blocked Sidewalk,11385.0,Closed,6.0,6.0,6.0,4.0,0.2801736111111111,3,8.0,0.4458
57429974,2023-04-26 18:38:28,2023-04-26T18:57:59.000,NYPD,illegal parking,Posted Parking Sign Violation,11205.0,Closed,5.0,5.0,4.0,2.0,0.0135532407407407,10,10.0,0.35
57428895,2023-04-26 18:39:24,2023-05-17T07:46:30.000,DOT,street sign - dangling,Other/Unknown,11230.0,Closed,4.0,3.0,4.0,2.0,20.54659722222222,0,0.0,0.1689
57428959,2023-04-26 18:39:37,2023-04-27T19:53:36.000,HPD,paint/plaster,CEILING,10468.0,Closed,4.0,3.0,4.0,2.0,1.051377314814815,0,0.0,0.1689
57432455,2023-04-26 18:39:37,2023-04-27T19:53:36.000,HPD,paint/plaster,WALL,10468.0,Closed,4.0,3.0,4.0,2.0,1.051377314814815,1,3.0,0.1689
57428682,2023-04-26 18:39:45,2023-04-26T19:25:45.000,NYPD,illegal parking,Blocked Sidewalk,10010.0,Closed,6.0,6.0,6.0,4.0,0.0319444444444444,1,3.0,0.3679
57430382,2023-04-26 18:41:00,2023-04-28T18:00:00.000,DEP,noise,Noise: Construction Before/After Hours (NM1),11206.0,Closed,3.0,7.0,3.0,2.0,1.971527777777777,0,0.0,0.1283
57432715,2023-04-26 18:42:08,2023-04-27T05:37:07.000,NYPD,illegal parking,Blocked Hydrant,10470.0,Closed,6.0,6.0,4.0,2.0,0.454849537037037,2,6.0,0.2208
57431789,2023-04-26 18:42:24,2023-04-27T06:54:38.000,NYPD,illegal parking,Posted Parking Sign Violation,10466.0,Closed,5.0,5.0,4.0,2.0,0.5084953703703704,1,3.0,0.2208
57430699,2023-04-26 18:43:30,2023-05-05T13:43:55.000,DOT,street condition,Failed Street Repair,11372.0,Closed,8.0,7.0,7.0,7.0,8.791956018518519,0,0.0,0.55
57426650,2023-04-26 18:45:13,2023-04-27T01:55:23.000,NYPD,noise - residential,Banging/Pounding,10460.0,Closed,3.0,1.0,3.0,2.0,0.2987268518518518,1,3.0,0.1283
57424707,2023-04-26 18:45:16,2023-04-26T19:59:19.000,NYPD,abandoned vehicle,With License Plate,11423.0,Closed,4.0,3.0,4.0,2.0,0.0514236111111111,0,0.0,0.1689
57432725,2023-04-26 18:46:07,2023-04-26T22:07:19.000,HPD,heat/hot water,APARTMENT ONLY,10028.0,Closed,7.0,3.0,4.0,2.0,0.1397222222222222,0,0.0,0.2099
57431228,2023-04-26 18:46:18,2023-04-27T17:41:35.000,HPD,heat/hot water,ENTIRE BUILDING,11230.0,Closed,7.0,3.0,4.0,2.0,0.9550578703703704,2,6.0,0.2133
57430834,2023-04-26 18:46:43,2023-05-20T02:06:41.000,HPD,electric,POWER OUTAGE,11226.0,Closed,4.0,3.0,4.0,2.0,23.30553240740741,1,3.0,0.2299
57430342,2023-04-26 18:46:47,2023-04-27T11:21:49.000,DSNY,dirty condition,Trash,10455.0,Closed,4.0,3.0,4.0,2.0,0.6909953703703704,0,0.0,0.1689
57431434,2023-04-26 18:47:00,2023-04-26T21:25:00.000,DEP,sewer,Sewer Backup (Use Comments) (SA),11416.0,Closed,8.0,3.0,7.0,2.0,0.1097222222222222,0,0.0,0.55
57428202,2023-04-26 18:47:00,2023-04-27T10:00:00.000,DEP,water system,Hydrant Running (WC3),10468.0,Closed,4.0,3.0,4.0,2.0,0.6340277777777777,0,0.0,0.1689
57427082,2023-04-26 18:47:34,2023-04-26T18:59:29.000,NYPD,noise - vehicle,Car/Truck Music,10456.0,Closed,3.0,1.0,3.0,2.0,0.0082754629629629,1,3.0,0.1283
57427734,2023-04-26 18:47:36,2023-05-16T11:27:20.000,DOT,sidewalk condition,Broken Sidewalk,10452.0,Closed,6.0,4.0,6.0,4.0,19.69425925925926,0,0.0,0.3894
57430121,2023-04-26 18:48:16,2025-05-13T16:38:24.000,DPR,new tree request,For One Address,11362.0,Closed,4.0,3.0,4.0,2.0,747.9098148148148,0,0.0,0.1689
57427632,2023-04-26 18:48:41,2023-04-27T13:20:11.000,TLC,lost property,Other,11430.0,Closed,4.0,3.0,4.0,2.0,0.771875,0,0.0,0.1689
57428450,2023-04-26 18:49:04,2023-05-10T16:21:13.000,HPD,unsanitary condition,SEWAGE,10002.0,Closed,4.0,3.0,4.0,2.0,13.897326388888889,0,0.0,0.1689
57429209,2023-04-26 18:49:09,2023-04-26T21:24:37.000,NYPD,blocked driveway,No Access,10453.0,Closed,5.0,6.0,4.0,2.0,0.1079629629629629,1,3.0,0.2133
57431958,2023-04-26 18:49:15,2023-06-15T12:09:57.000,HPD,appliance,REFRIGERATOR,11208.0,Closed,4.0,3.0,4.0,2.0,49.72270833333334,0,0.0,0.1689
57429777,2023-04-26 18:49:39,2023-04-27T05:42:11.000,NYPD,blocked driveway,No Access,10470.0,Closed,5.0,6.0,4.0,2.0,0.4531481481481481,0,0.0,0.2133
57430252,2023-04-26 18:52:04,2023-05-08T09:48:04.000,DPR,maintenance or facility,Unsecured Facility,11219.0,Closed,4.0,3.0,4.0,2.0,11.622222222222222,0,0.0,0.1689
57430359,2023-04-26 18:52:05,2023-04-28T11:35:00.000,DOT,street condition,Pothole,11236.0,Closed,8.0,8.0,8.0,7.0,1.6964699074074074,1,3.0,0.5798
57432470,2023-04-26 18:52:43,2023-04-27T17:10:39.000,HPD,paint/plaster,CEILING,11225.0,Closed,4.0,3.0,4.0,2.0,0.9291203703703704,0,0.0,0.1689
57429062,2023-04-26 18:53:00,2023-04-26T20:58:04.000,NYPD,noise - vehicle,Car/Truck Music,10453.0,Closed,3.0,1.0,3.0,2.0,0.0868518518518518,0,0.0,0.1283
57432306,2023-04-26 18:54:00,2023-04-26T19:23:00.000,DSNY,derelict vehicles,Derelict Vehicles,11204.0,Closed,4.0,3.0,4.0,2.0,0.0201388888888888,1,3.0,0.1689
57430636,2023-04-26 18:54:49,2023-04-26T19:36:12.000,NYPD,noise - residential,Loud Music/Party,10037.0,Closed,3.0,1.0,3.0,2.0,0.0287384259259259,0,0.0,0.1283
57431545,2023-04-26 18:55:26,2023-12-20T11:07:09.000,DSNY,graffiti,Graffiti,11232.0,Closed,5.0,3.0,4.0,2.0,237.6748032407408,0,0.0,0.2138
57428614,2023-04-26 18:56:00,2023-05-04T18:45:00.000,DEP,noise,Noise: Construction Before/After Hours (NM1),10031.0,Closed,3.0,7.0,3.0,2.0,7.992361111111111,0,0.0,0.1283
57427711,2023-04-26 18:56:00,2023-04-27T09:00:00.000,DEP,asbestos,Asbestos Complaint (B1),11435.0,Closed,4.0,3.0,4.0,2.0,0.5861111111111111,0,0.0,0.1689
57431514,2023-04-26 18:56:34,2023-04-26T20:36:30.000,NYPD,noise - residential,Banging/Pounding,10031.0,Closed,3.0,1.0,3.0,2.0,0.0693981481481481,0,0.0,0.1283
57429847,2023-04-26 18:56:59,2023-04-26T18:56:59.000,DOHMH,rodent,Mouse Sighting,10459.0,Closed,4.0,3.0,4.0,2.0,0.0,0,0.0,0.1689
57428496,2023-04-26 18:58:00,2023-04-29T06:44:00.000,DSNY,derelict vehicles,Derelict Vehicles,10461.0,Closed,4.0,3.0,4.0,2.0,2.4902777777777776,0,0.0,0.1689
57425769,2023-04-26 18:58:04,2023-04-26T19:30:19.000,NYPD,illegal parking,Blocked Hydrant,11218.0,Closed,6.0,6.0,4.0,2.0,0.0223958333333333,5,10.0,0.35
57428841,2023-04-26 18:58:12,2023-04-27T09:39:55.000,DSNY,dirty condition,Trash,11412.0,Closed,4.0,3.0,4.0,2.0,0.6123032407407407,0,0.0,0.1689
57429880,2023-04-26 18:59:31,2023-04-27T12:36:34.000,DSNY,dirty condition,Trash,10466.0,Closed,4.0,3.0,4.0,2.0,0.7340625,0,0.0,0.1689
57429355,2023-04-26 18:59:45,2023-04-26T21:00:15.000,NYPD,noise - residential,Banging/Pounding,10468.0,Closed,3.0,1.0,3.0,2.0,0.0836805555555555,4,10.0,0.1283
57428769,2023-04-26 19:01:35,2023-05-07T17:54:36.000,HPD,unsanitary condition,PESTS,10468.0,Closed,4.0,3.0,4.0,2.0,10.953483796296297,1,3.0,0.1689
57430450,2023-04-26 19:02:40,2023-05-03T09:46:20.000,DSNY,missed collection,Bulky Trash,11204.0,Closed,4.0,3.0,4.0,2.0,6.613657407407407,1,3.0,0.1689
57429321,2023-04-26 19:03:01,2023-04-27T01:31:52.000,NYPD,noise - residential,Banging/Pounding,11230.0,Closed,3.0,1.0,3.0,2.0,0.2700347222222222,1,3.0,0.1283
57432733,2023-04-26 19:03:20,2023-05-01T13:21:25.000,DSNY,dumpster complaint,Blocking Sidewalk or Street,10305.0,Closed,5.0,4.0,6.0,4.0,4.762557870370371,0,0.0,0.2133
57428207,2023-04-26 19:03:40,2023-04-27T09:40:53.000,DSNY,dirty condition,Trash,11412.0,Closed,4.0,3.0,4.0,2.0,0.6091782407407408,1,3.0,0.1689
57428617,2023-04-26 19:04:37,2023-04-26T19:44:06.000,NYPD,noise - street/sidewalk,Loud Music/Party,10032.0,Closed,5.0,4.0,6.0,4.0,0.0274189814814814,0,0.0,0.2133
57427540,2023-04-26 19:04:52,2023-04-28T06:06:15.000,DSNY,dirty condition,Trash,10027.0,Closed,4.0,3.0,4.0,2.0,1.4592939814814814,0,0.0,0.1689
57429435,2023-04-26 19:05:36,2023-04-27T01:05:03.000,NYPD,blocked driveway,Partial Access,11223.0,Closed,5.0,6.0,4.0,2.0,0.2496180555555555,2,6.0,0.2133
57428052,2023-04-26 19:06:42,2023-04-27T14:35:48.000,DCWP,consumer complaint,Retail Store,11417.0,Closed,4.0,3.0,4.0,2.0,0.811875,0,0.0,0.1689
57429258,2023-04-26 19:07:00,2023-04-26T20:40:00.000,DOT,traffic signal condition,Veh Signal Lamp,10314.0,Closed,9.0,10.0,8.0,2.0,0.0645833333333333,0,0.0,0.7209
57428237,2023-04-26 19:07:28,2023-04-26T19:48:38.000,NYPD,noise - residential,Loud Music/Party,11412.0,Closed,3.0,1.0,3.0,2.0,0.0285879629629629,0,0.0,0.1283
57429653,2023-04-26 19:07:32,2023-04-27T20:30:42.000,HPD,heat/hot water,APARTMENT ONLY,10466.0,Closed,7.0,3.0,4.0,2.0,1.0577546296296296,1,3.0,0.2099
57430367,2023-04-26 19:07:32,2023-07-21T16:18:43.000,HPD,general,BELL/BUZZER/INTERCOM,10466.0,Closed,4.0,3.0,4.0,2.0,85.88276620370371,0,0.0,0.1689
57430671,2023-04-26 19:08:48,2023-04-27T01:17:42.000,NYPD,illegal parking,Posted Parking Sign Violation,11218.0,Closed,5.0,5.0,4.0,2.0,0.2561805555555556,6,10.0,0.35
57432491,2023-04-26 19:09:58,2023-04-26T19:09:58.000,DOHMH,rodent,Rat Sighting,10460.0,Closed,4.0,3.0,4.0,2.0,0.0,0,0.0,0.1689
57431647,2023-04-26 19:10:00,2023-04-26T19:30:00.000,DOT,traffic signal condition,Pedestrian Signal,10459.0,Closed,9.0,10.0,8.0,2.0,0.0138888888888888,1,3.0,0.7209
57431519,2023-04-26 19:10:25,2023-05-17T08:29:36.000,DPR,maintenance or facility,Garbage or Litter,11366.0,Closed,5.0,2.0,5.0,4.0,20.554988425925927,0,0.0,0.3186
57428651,2023-04-26 19:10:32,2023-04-28T11:32:44.000,HPD,heat/hot water,ENTIRE BUILDING,10452.0,Closed,7.0,3.0,4.0,2.0,1.6820833333333334,2,6.0,0.2512
57427596,2023-04-26 19:10:32,2023-04-26T19:15:48.000,NYPD,noise - street/sidewalk,Loud Music/Party,10040.0,Closed,5.0,4.0,6.0,4.0,0.0036574074074074,0,0.0,0.2133
57430986,2023-04-26 19:10:44,2023-05-01T08:15:04.000,HPD,heat/hot water,ENTIRE BUILDING,10032.0,Closed,7.0,3.0,4.0,2.0,4.544675925925926,2,6.0,0.35
57428134,2023-04-26 19:10:50,2023-04-26T20:17:04.000,NYPD,noise - commercial,Loud Music/Party,10002.0,Closed,3.0,1.0,3.0,2.0,0.0459953703703703,3,8.0,0.1283
57428885,2023-04-26 19:10:51,2023-04-26T22:04:06.000,NYPD,illegal parking,Posted Parking Sign Violation,11218.0,Closed,5.0,5.0,4.0,2.0,0.1203125,7,10.0,0.35
57431129,2023-04-26 19:11:05,2023-04-26T20:32:53.000,NYPD,non-emergency police matter,Other (complaint details),11204.0,Closed,5.0,3.0,4.0,2.0,0.0568055555555555,0,0.0,0.2138
57430276,2023-04-26 19:11:39,2023-04-26T20:20:13.000,NYPD,abandoned vehicle,With License Plate,10461.0,Closed,4.0,3.0,4.0,2.0,0.0476157407407407,2,6.0,0.1689
57431784,2023-04-26 19:12:21,2023-04-26T20:09:28.000,NYPD,noise - commercial,Loud Music/Party,10002.0,Closed,3.0,1.0,3.0,2.0,0.0396643518518518,4,10.0,0.1283
57424207,2023-04-26 19:12:24,2023-04-26T19:40:28.000,NYPD,bike/roller/skate chronic,Unknown,11219.0,Closed,4.0,3.0,4.0,2.0,0.0194907407407407,0,0.0,0.1689
57428128,2023-04-26 19:12:38,2023-04-26T19:59:44.000,NYPD,noise - residential,Loud Talking,11208.0,Closed,3.0,1.0,3.0,2.0,0.0327083333333333,0,0.0,0.1283
57431904,2023-04-26 19:13:07,2023-05-17T13:32:54.000,DPR,maintenance or facility,Structure - Outdoors,11236.0,Closed,4.0,3.0,4.0,2.0,20.76373842592593,0,0.0,0.1689
57430569,2023-04-26 19:14:00,2023-04-27T21:15:00.000,DEP,water system,Dirty Water (WE),10301.0,Closed,4.0,3.0,4.0,2.0,1.0840277777777778,0,0.0,0.1689
57428401,2023-04-26 19:14:13,2025-05-13T16:38:24.000,DPR,new tree request,For One Address,11207.0,Closed,4.0,3.0,4.0,2.0,747.8917939814814,0,0.0,0.1689
57429716,2023-04-26 19:14:14,2023-04-26T19:47:16.000,NYPD,illegal parking,Posted Parking Sign Violation,11426.0,Closed,5.0,5.0,4.0,2.0,0.0229398148148148,0,0.0,0.2208
57425773,2023-04-26 19:14:24,2023-04-26T22:07:02.000,NYPD,illegal parking,Blocked Hydrant,10468.0,Closed,6.0,6.0,4.0,2.0,0.1198842592592592,2,6.0,0.2208
57427299,2023-04-26 19:15:20,2023-04-27T08:35:00.000,DOT,street condition,Pothole,10128.0,Closed,8.0,8.0,8.0,7.0,0.555324074074074,1,3.0,0.5798
57428154,2023-04-26 19:15:26,2023-04-27T03:23:02.000,NYPD,illegal parking,Blocked Hydrant,11379.0,Closed,6.0,6.0,4.0,2.0,0.3386111111111111,8,10.0,0.35
57428270,2023-04-26 19:15:40,2023-04-26T19:46:13.000,NYPD,noise - residential,Banging/Pounding,11235.0,Closed,3.0,1.0,3.0,2.0,0.0212152777777777,2,6.0,0.1283
57430344,2023-04-26 19:15:41,2023-04-26T19:42:55.000,NYPD,illegal parking,Commercial Overnight Parking,11103.0,Closed,5.0,5.0,4.0,2.0,0.018912037037037,1,3.0,0.2208
57427407,2023-04-26 19:15:47,2023-05-08T09:21:26.000,DPR,overgrown tree/branches,Dead Branches in Tree,11364.0,Closed,4.0,3.0,4.0,2.0,11.587256944444444,0,0.0,0.1689
57431186,2023-04-26 19:15:47,2023-04-26T21:25:36.000,NYPD,illegal parking,Double Parked Blocking Traffic,10009.0,Closed,5.0,5.0,4.0,2.0,0.0901504629629629,1,3.0,0.2208
57431244,2023-04-26 19:16:54,2023-04-27T05:47:26.000,NYPD,blocked driveway,No Access,10466.0,Closed,5.0,6.0,4.0,2.0,0.4378703703703703,1,3.0,0.2133
57428203,2023-04-26 19:17:16,2023-04-28T00:00:00.000,DOB,general construction/plumbing,Sidewalk Shed/Pipe Scafford - Inadequate Defective/None,11211.0,Closed,5.0,7.0,6.0,4.0,1.1963425925925926,2,6.0,0.3207
57429915,2023-04-26 19:17:18,2023-04-28T00:00:00.000,DOB,investigations and discipline (iad),Investigative Inspection,11356.0,Closed,4.0,3.0,4.0,2.0,1.1963194444444445,0,0.0,0.1689
57432453,2023-04-26 19:17:34,2023-04-28T20:18:48.000,HPD,unsanitary condition,MOLD,10026.0,Closed,4.0,3.0,4.0,2.0,2.042523148148148,1,3.0,0.1689
57428256,2023-04-26 19:17:34,2023-04-28T20:18:48.000,HPD,unsanitary condition,PESTS,10026.0,Closed,4.0,3.0,4.0,2.0,2.042523148148148,2,6.0,0.1689
57429398,2023-04-26 19:17:55,2023-04-26T19:45:11.000,NYPD,blocked driveway,No Access,11368.0,Closed,5.0,6.0,4.0,2.0,0.0189351851851851,3,8.0,0.2609
57431379,2023-04-26 19:19:55,2023-05-06T17:49:17.000,HPD,paint/plaster,WALL,10453.0,Closed,4.0,3.0,4.0,2.0,9.937060185185183,1,3.0,0.1689
57427781,2023-04-26 19:20:29,2023-04-28T17:07:42.000,HPD,heat/hot water,APARTMENT ONLY,10301.0,Closed,7.0,3.0,4.0,2.0,1.907789351851852,0,0.0,0.2099
57432463,2023-04-26 19:21:21,2023-04-26T20:04:16.000,NYPD,noise - commercial,Banging/Pounding,11206.0,Closed,3.0,1.0,3.0,2.0,0.0298032407407407,1,3.0,0.1283
57430523,2023-04-26 19:21:26,2023-05-01T06:53:28.000,DSNY,illegal dumping,Removal Request,11226.0,Closed,4.0,3.0,4.0,2.0,4.480578703703704,0,0.0,0.1689
57429211,2023-04-26 19:21:43,2023-04-26T19:53:24.000,NYPD,illegal parking,Blocked Hydrant,11218.0,Closed,6.0,6.0,4.0,2.0,0.0220023148148148,8,10.0,0.35
57432093,2023-04-26 19:22:12,2023-04-27T12:55:54.000,DSNY,residential disposal complaint,Waste Left in Front of Other Residence,10314.0,Closed,5.0,2.0,5.0,4.0,0.7317361111111111,0,0.0,0.2208
57429485,2023-04-26 19:23:16,2023-04-27T17:10:00.000,HPD,heat/hot water,ENTIRE BUILDING,11218.0,Closed,7.0,3.0,4.0,2.0,0.9074537037037036,4,10.0,0.35
57430176,2023-04-26 19:23:17,2023-05-07T17:54:36.000,HPD,electric,OUTLET/SWITCH,10468.0,Closed,4.0,3.0,4.0,2.0,10.938414351851852,0,0.0,0.1689
57423703,2023-04-26 19:23:18,2023-04-27T17:10:24.000,HPD,heat/hot water,ENTIRE BUILDING,11203.0,Closed,7.0,3.0,4.0,2.0,0.9077083333333332,4,10.0,0.35
57431174,2023-04-26 19:23:22,2023-04-28T18:08:26.000,HPD,heat/hot water,ENTIRE BUILDING,11215.0,Closed,7.0,3.0,4.0,2.0,1.947962962962963,0,0.0,0.2099
57429123,2023-04-26 19:23:24,2023-05-31T15:48:49.000,EDC,noise - helicopter,Other,11414.0,Closed,3.0,1.0,3.0,2.0,34.8509837962963,8,10.0,0.3034
57429852,2023-04-26 19:23:38,2023-04-26T20:20:57.000,NYPD,noise - residential,Banging/Pounding,11385.0,Closed,3.0,1.0,3.0,2.0,0.0398032407407407,2,6.0,0.1283
57428812,2023-04-26 19:24:54,2023-04-26T22:05:27.000,DPR,animal in a park,Dog Off Leash,11211.0,Closed,4.0,3.0,4.0,2.0,0.1114930555555555,0,0.0,0.1689
57430652,2023-04-26 19:24:57,2023-04-26T19:46:31.000,NYPD,illegal parking,Blocked Crosswalk,10032.0,Closed,6.0,6.0,4.0,2.0,0.0149768518518518,1,3.0,0.2208
57428671,2023-04-26 19:25:17,2023-04-26T19:27:22.000,NYPD,noise - residential,Loud Music/Party,10461.0,Closed,3.0,1.0,3.0,2.0,0.0014467592592592,1,3.0,0.1283
57429089,2023-04-26 19:25:39,2023-04-26T20:08:29.000,NYPD,illegal parking,Blocked Hydrant,11218.0,Closed,6.0,6.0,4.0,2.0,0.0297453703703703,9,10.0,0.35
57427858,2023-04-26 19:26:43,2023-04-26T20:27:05.000,NYPD,illegal parking,Blocked Hydrant,11385.0,Closed,6.0,6.0,4.0,2.0,0.0419212962962963,4,10.0,0.35
57431066,2023-04-26 19:27:29,2023-04-26T20:26:41.000,NYPD,illegal parking,Blocked Hydrant,11385.0,Closed,6.0,6.0,4.0,2.0,0.0411111111111111,5,10.0,0.35
57430988,2023-04-26 19:28:44,2024-06-04T00:15:44.000,DOHMH,food establishment,Food Contains Foreign Object,11373.0,Closed,4.0,3.0,4.0,2.0,404.1993055555556,0,0.0,0.1689
57429828,2023-04-26 19:29:00,2023-04-26T21:45:00.000,DEP,sewer,Sewer Odor (SA2),11214.0,Closed,8.0,3.0,7.0,2.0,0.0944444444444444,1,3.0,0.55
57428630,2023-04-26 19:29:05,2023-04-26T20:07:37.000,NYPD,blocked driveway,No Access,11357.0,Closed,5.0,6.0,4.0,2.0,0.0267592592592592,0,0.0,0.2133
57432008,2023-04-26 19:29:19,2023-06-29T00:00:00.000,DOB,building/use,Illegal Conversion Of Residential Building/Space,10472.0,Closed,4.0,3.0,4.0,2.0,63.18797453703704,1,3.0,0.2357
57427870,2023-04-26 19:29:29,2023-04-28T13:28:50.000,HPD,heat/hot water,ENTIRE BUILDING,10457.0,Closed,7.0,3.0,4.0,2.0,1.7495486111111112,2,6.0,0.2571
57432037,2023-04-26 19:29:29,2023-04-27T15:30:06.000,HPD,heat/hot water,APARTMENT ONLY,11415.0,Closed,7.0,3.0,4.0,2.0,0.833761574074074,0,0.0,0.2099
57425223,2023-04-26 19:29:29,2023-06-29T18:31:12.000,HPD,general,COOKING GAS,10457.0,Closed,4.0,3.0,4.0,2.0,63.959525462962965,0,0.0,0.1689
57428716,2023-04-26 19:29:31,2023-04-28T10:00:35.000,HPD,heat/hot water,ENTIRE BUILDING,11355.0,Closed,7.0,3.0,4.0,2.0,1.6049074074074074,4,10.0,0.3725
57430171,2023-04-26 19:29:53,2023-06-04T15:48:39.000,HPD,unsanitary condition,GARBAGE/RECYCLING STORAGE,10024.0,Closed,5.0,2.0,5.0,4.0,38.84636574074074,0,0.0,0.35
57430241,2023-04-26 19:30:18,2023-05-03T14:54:24.000,DOHMH,rodent,Rat Sighting,11436.0,Closed,4.0,3.0,4.0,2.0,6.808402777777777,0,0.0,0.1689
57432566,2023-04-26 19:30:23,2023-04-29T01:55:17.000,DHS,homeless person assistance,Unknown,UNKNOWN,Closed,4.0,3.0,4.0,2.0,2.2672916666666665,7,10.0,0.246
57427595,2023-04-26 19:30:41,2023-04-26T19:42:24.000,NYPD,non-emergency police matter,Other (complaint details),10019.0,Closed,5.0,3.0,4.0,2.0,0.008136574074074,0,0.0,0.2138
57426555,2023-04-26 19:31:27,2023-04-26T22:40:56.000,NYPD,illegal parking,Paper License Plates,10306.0,Closed,5.0,5.0,4.0,2.0,0.1315856481481481,2,6.0,0.2208
57427633,2023-04-26 19:31:36,2023-04-26T19:52:21.000,NYPD,noise - street/sidewalk,Loud Music/Party,10456.0,Closed,5.0,4.0,6.0,4.0,0.0144097222222222,0,0.0,0.2133
57431046,2023-04-26 19:32:19,2023-04-28T00:00:00.000,DOB,boilers,Boiler - Defective/Inoperative/No Permit,11208.0,Closed,4.0,3.0,4.0,2.0,1.1858912037037035,0,0.0,0.1689
57427750,2023-04-26 19:33:45,2023-04-26T20:02:34.000,NYPD,noise - commercial,Loud Music/Party,10462.0,Closed,3.0,1.0,3.0,2.0,0.020011574074074,0,0.0,0.1283
57431857,2023-04-26 19:33:59,2023-08-08T09:31:44.000,TLC,taxi complaint,Driver Complaint - Passenger,10010.0,Closed,4.0,3.0,4.0,2.0,103.58177083333334,0,0.0,0.1689
57429962,2023-04-26 19:34:00,2023-04-26T22:10:41.000,DHS,homeless person assistance,Unknown,11104.0,Closed,4.0,3.0,4.0,2.0,0.1088078703703703,0,0.0,0.1689
57427796,2023-04-26 19:34:27,2023-04-26T21:50:58.000,NYPD,illegal parking,Blocked Hydrant,11211.0,Closed,6.0,6.0,4.0,2.0,0.0948032407407407,3,8.0,0.26
57432378,2023-04-26 19:35:38,2023-04-27T18:47:52.000,HPD,heat/hot water,APARTMENT ONLY,11234.0,Closed,7.0,3.0,4.0,2.0,0.9668287037037036,0,0.0,0.2099
57427251,2023-04-26 19:35:48,2023-05-02T14:49:19.000,HPD,general,BELL/BUZZER/INTERCOM,11226.0,Closed,4.0,3.0,4.0,2.0,5.801053240740741,1,3.0,0.1689
57431747,2023-04-26 19:35:55,2023-04-27T05:03:49.000,NYPD,illegal parking,Unauthorized Bus Layover,11229.0,Closed,5.0,5.0,4.0,2.0,0.394375,1,3.0,0.2208
57432109,2023-04-26 19:36:38,2023-04-26T20:57:36.000,NYPD,illegal parking,Blocked Hydrant,11224.0,Closed,6.0,6.0,4.0,2.0,0.0562268518518518,6,10.0,0.35
57430592,2023-04-26 19:37:48,2023-04-26T20:13:07.000,NYPD,noise - residential,Loud Music/Party,10032.0,Closed,3.0,1.0,3.0,2.0,0.0245254629629629,1,3.0,0.1283
57432694,2023-04-26 19:37:48,2023-04-26T19:52:32.000,NYPD,noise - street/sidewalk,Loud Music/Party,10456.0,Closed,5.0,4.0,6.0,4.0,0.0102314814814814,1,3.0,0.2133
57430222,2023-04-26 19:38:42,2023-04-28T11:45:56.000,DSNY,obstruction,Cone,11433.0,Closed,4.0,4.0,4.0,2.0,1.6716898148148147,0,0.0,0.1689
57428201,2023-04-26 19:39:05,2023-04-27T15:12:05.000,HPD,plumbing,WATER SUPPLY,11373.0,Closed,4.0,3.0,9.0,2.0,0.8145833333333333,1,3.0,0.1689
57429159,2023-04-26 19:39:18,2023-04-28T14:48:26.000,HPD,heat/hot water,ENTIRE BUILDING,10452.0,Closed,7.0,3.0,4.0,2.0,1.7980092592592594,3,8.0,0.35
57427812,2023-04-26 19:39:27,2023-04-26T21:45:48.000,NYPD,noise - street/sidewalk,Loud Music/Party,10026.0,Closed,5.0,4.0,6.0,4.0,0.0877430555555555,1,3.0,0.2133
57426722,2023-04-26 19:39:51,2023-04-27T13:27:37.000,DSNY,illegal dumping,Removal Request,11377.0,Closed,4.0,3.0,4.0,2.0,0.7415046296296296,1,3.0,0.1689
57431662,2023-04-26 19:40:04,2023-05-31T15:48:52.000,EDC,noise - helicopter,Other,11414.0,Closed,3.0,1.0,3.0,2.0,34.839444444444446,9,10.0,0.3034
57428686,2023-04-26 19:41:00,2023-04-27T10:45:00.000,DEP,sewer,Catch Basin Clogged/Flooding (Use Comments) (SC),11694.0,Closed,8.0,3.0,9.0,9.0,0.6277777777777778,0,0.0,0.5798
57431028,2023-04-26 19:41:00,2023-04-26T20:02:00.000,DEP,water system,Dirty Water (WE),11215.0,Closed,4.0,3.0,4.0,2.0,0.0145833333333333,0,0.0,0.1689
57430558,2023-04-26 19:41:00,2023-04-27T06:06:00.000,DEP,air quality,"Air: Odor/Fumes, Vehicle Idling (AD3)",11205.0,Closed,4.0,3.0,4.0,2.0,0.4340277777777778,0,0.0,0.1689
57430575,2023-04-26 19:42:00,2023-04-28T10:46:00.000,DSNY,electronics waste appointment,Ewaste appointment,10302.0,Closed,5.0,2.0,5.0,4.0,1.6277777777777778,0,0.0,0.2208
57429055,2023-04-26 19:42:05,2023-04-28T10:29:10.000,DSNY,obstruction,Trash or Recycling,10465.0,Closed,4.0,4.0,4.0,2.0,1.6160300925925926,0,0.0,0.1689
57430349,2023-04-26 19:42:15,2023-04-26T20:39:56.000,NYPD,illegal parking,Blocked Hydrant,11238.0,Closed,6.0,6.0,4.0,2.0,0.0400578703703703,11,10.0,0.35
57430218,2023-04-26 19:42:16,2023-05-12T20:37:14.000,HPD,flooring/stairs,FLOOR,11230.0,Closed,4.0,3.0,4.0,2.0,16.038171296296298,1,3.0,0.1689
57425990,2023-04-26 19:42:16,2023-05-12T20:37:13.000,HPD,unsanitary condition,PESTS,11230.0,Closed,4.0,3.0,4.0,2.0,16.038159722222222,1,3.0,0.1689
57431818,2023-04-26 19:42:18,2024-11-12T17:25:43.000,DPR,damaged tree,Branch Cracked and Will Fall,10461.0,Closed,4.0,3.0,4.0,2.0,565.905150462963,0,0.0,0.1689
57430806,2023-04-26 19:44:30,2023-04-26T22:57:38.000,NYPD,noise - residential,Banging/Pounding,10455.0,Closed,3.0,1.0,3.0,2.0,0.1341203703703703,0,0.0,0.1283
57429668,2023-04-26 19:44:42,2023-04-27T00:52:26.000,NYPD,illegal parking,Blocked Hydrant,11222.0,Closed,6.0,6.0,4.0,2.0,0.2137037037037037,10,10.0,0.35
57432188,2023-04-26 19:45:21,2023-04-26T20:08:07.000,NYPD,non-emergency police matter,Other (complaint details),11354.0,Closed,5.0,3.0,4.0,2.0,0.0158101851851851,0,0.0,0.2138
57431866,2023-04-26 19:45:39,2023-05-02T13:34:28.000,DOT,street sign - missing,Stop,11205.0,Closed,4.0,3.0,4.0,2.0,5.742233796296296,0,0.0,0.1689
57431750,2023-04-26 19:46:18,2023-04-26T21:13:29.000,NYPD,illegal parking,Blocked Hydrant,10468.0,Closed,6.0,6.0,4.0,2.0,0.0605439814814814,3,8.0,0.259
57429763,2023-04-26 19:46:42,2023-04-26T21:21:48.000,NYPD,blocked driveway,Partial Access,10465.0,Closed,5.0,6.0,4.0,2.0,0.0660416666666666,0,0.0,0.2133
57428903,2023-04-26 19:47:00,2023-04-26T22:27:00.000,DEP,water system,LOW WATER PRESSURE - WLWP,11423.0,Closed,4.0,3.0,4.0,2.0,0.1111111111111111,1,3.0,0.1689
57429766,2023-04-26 19:47:56,2023-05-12T10:39:58.000,DPR,new tree request,For One Address,11418.0,Closed,4.0,3.0,4.0,2.0,15.619467592592592,0,0.0,0.1689
57432271,2023-04-26 19:48:20,2023-04-26T20:24:56.000,NYPD,illegal parking,Blocked Sidewalk,11204.0,Closed,6.0,6.0,6.0,4.0,0.0254166666666666,2,6.0,0.3679
57431828,2023-04-26 19:48:21,2023-05-09T20:30:32.000,HPD,unsanitary condition,SEWAGE,10456.0,Closed,4.0,3.0,4.0,2.0,13.029293981481482,4,10.0,0.2609
57429630,2023-04-26 19:48:35,2023-05-05T16:56:35.000,HPD,flooring/stairs,FLOOR,10468.0,Closed,4.0,3.0,4.0,2.0,8.880555555555556,0,0.0,0.1689
57432130,2023-04-26 19:48:43,2023-05-11T11:01:41.000,HPD,flooring/stairs,FLOOR,11237.0,Closed,4.0,3.0,4.0,2.0,14.63400462962963,0,0.0,0.1689
57429710,2023-04-26 19:48:43,2023-05-11T11:01:41.000,HPD,paint/plaster,WALL,11237.0,Closed,4.0,3.0,4.0,2.0,14.63400462962963,0,0.0,0.1689
57429013,2023-04-26 19:48:50,2023-04-27T00:45:17.000,NYPD,noise - street/sidewalk,Loud Talking,11207.0,Closed,5.0,4.0,6.0,4.0,0.2058680555555555,0,0.0,0.2133
57424250,2023-04-26 19:49:23,2023-04-26T20:22:56.000,NYPD,illegal parking,Blocked Hydrant,11215.0,Closed,6.0,6.0,4.0,2.0,0.0232986111111111,8,10.0,0.35
57428485,2023-04-26 19:49:31,2023-04-26T20:25:43.000,NYPD,illegal parking,Blocked Sidewalk,11204.0,Closed,6.0,6.0,6.0,4.0,0.0251388888888888,3,8.0,0.4124
57431649,2023-04-26 19:49:54,2023-04-27T01:15:45.000,NYPD,illegal parking,Posted Parking Sign Violation,11379.0,Closed,5.0,5.0,4.0,2.0,0.2262847222222222,9,10.0,0.35
57427284,2023-04-26 19:50:54,2023-04-26T20:26:10.000,NYPD,illegal parking,Blocked Sidewalk,11204.0,Closed,6.0,6.0,6.0,4.0,0.0244907407407407,4,10.0,0.469
57432739,2023-04-26 19:51:23,2023-09-23T18:29:53.000,HPD,general,CABINET,10455.0,Closed,4.0,3.0,4.0,2.0,149.94340277777778,0,0.0,0.1689
57431804,2023-04-26 19:51:23,2023-09-23T18:29:53.000,HPD,electric,LIGHTING,10455.0,Closed,4.0,3.0,4.0,2.0,149.94340277777778,0,0.0,0.1689
57424588,2023-04-26 19:51:23,2023-09-23T18:29:53.000,HPD,paint/plaster,CEILING,10455.0,Closed,4.0,3.0,4.0,2.0,149.94340277777778,0,0.0,0.1689
57429177,2023-04-26 19:51:23,2023-09-23T18:29:52.000,HPD,paint/plaster,WALL,10455.0,Closed,4.0,3.0,4.0,2.0,149.9433912037037,1,3.0,0.2357
57432322,2023-04-26 19:51:24,2023-04-27T09:01:01.000,HPD,heat/hot water,ENTIRE BUILDING,10456.0,Closed,7.0,3.0,4.0,2.0,0.5483449074074074,3,8.0,0.2801
57424050,2023-04-26 19:53:04,2024-06-04T00:15:57.000,DOHMH,food establishment,Rodents/Insects/Garbage,11358.0,Closed,5.0,2.0,5.0,4.0,404.1825578703704,0,0.0,0.35
57429160,2023-04-26 19:53:41,2023-04-26T20:26:34.000,NYPD,illegal parking,Blocked Sidewalk,11204.0,Closed,6.0,6.0,6.0,4.0,0.0228356481481481,5,10.0,0.469
57430987,2023-04-26 19:54:23,2023-04-27T12:55:53.000,DSNY,residential disposal complaint,Waste Left in Front of Other Residence,10314.0,Closed,5.0,2.0,5.0,4.0,0.709375,1,3.0,0.2335
57431727,2023-04-26 19:54:27,2023-04-26T20:00:38.000,NYPD,noise - residential,Loud Music/Party,10460.0,Closed,3.0,1.0,3.0,2.0,0.0042939814814814,2,6.0,0.1283
57428896,2023-04-26 19:54:31,2023-05-12T14:50:16.000,HPD,unsanitary condition,PESTS,10465.0,Closed,4.0,3.0,4.0,2.0,15.788715277777778,0,0.0,0.1689
57429579,2023-04-26 19:54:55,2023-04-26T20:09:05.000,NYPD,noise - commercial,Loud Music/Party,10002.0,Closed,3.0,1.0,3.0,2.0,0.0098379629629629,5,10.0,0.1283
57424826,2023-04-26 19:55:00,2023-04-27T01:12:00.000,DOT,street light condition,Street Light Out,10465.0,Closed,7.0,5.0,6.0,5.0,0.2201388888888888,0,0.0,0.3721
57430257,2023-04-26 19:55:58,2023-04-26T20:09:24.000,NYPD,noise - vehicle,Car/Truck Music,10471.0,Closed,3.0,1.0,3.0,2.0,0.0093287037037037,0,0.0,0.1283
57428816,2023-04-26 19:56:00,2023-04-27T22:14:00.000,DSNY,derelict vehicles,Derelict Vehicles,11365.0,Closed,4.0,3.0,4.0,2.0,1.0958333333333334,0,0.0,0.1689
57425226,2023-04-26 19:56:00,2023-04-28T10:55:00.000,DEP,lead,Lead Kit Request (Residential) (L10),11222.0,Closed,4.0,3.0,4.0,2.0,1.6243055555555554,0,0.0,0.1689
57427814,2023-04-26 19:56:01,2023-04-27T04:27:53.000,NYPD,blocked driveway,Partial Access,11378.0,Closed,5.0,6.0,4.0,2.0,0.355462962962963,1,3.0,0.2133
57430997,2023-04-26 19:57:04,2023-04-26T20:08:02.000,DHS,homeless person assistance,Unknown,10014.0,Closed,4.0,3.0,4.0,2.0,0.0076157407407407,1,3.0,0.1689
57431986,2023-04-26 19:57:56,2023-04-26T21:33:06.000,NYPD,noise - residential,Banging/Pounding,10027.0,Closed,3.0,1.0,3.0,2.0,0.0660879629629629,17,10.0,0.1283
57428096,2023-04-26 19:58:02,2023-04-26T22:22:40.000,NYPD,illegal parking,Commercial Overnight Parking,10453.0,Closed,5.0,5.0,4.0,2.0,0.1004398148148148,1,3.0,0.2208
57428210,2023-04-26 19:58:30,2023-04-26T20:40:25.000,NYPD,noise - park,Loud Music/Party,10025.0,Closed,3.0,1.0,3.0,2.0,0.0291087962962962,0,0.0,0.1283
57429243,2023-04-26 19:58:37,2023-04-26T20:57:33.000,NYPD,abandoned vehicle,With License Plate,11226.0,Closed,4.0,3.0,4.0,2.0,0.0409259259259259,2,6.0,0.1689
57428599,2023-04-26 19:59:27,2023-04-27T01:46:30.000,NYPD,illegal parking,Blocked Hydrant,11223.0,Closed,6.0,6.0,4.0,2.0,0.2410069444444444,5,10.0,0.35
57429016,2023-04-26 19:59:42,2023-04-27T02:29:19.000,NYPD,noise - residential,Loud Music/Party,10452.0,Closed,3.0,1.0,3.0,2.0,0.2705671296296296,1,3.0,0.1283
57431059,2023-04-26 20:00:31,2023-04-29T16:54:57.000,HPD,heat/hot water,APARTMENT ONLY,11102.0,Closed,7.0,3.0,4.0,2.0,2.8711342592592595,0,0.0,0.2099
57429858,2023-04-26 20:01:20,2023-04-26T20:48:30.000,NYPD,noise - street/sidewalk,Loud Music/Party,10468.0,Closed,5.0,4.0,6.0,4.0,0.0327546296296296,1,3.0,0.2133
57431497,2023-04-26 20:01:46,2023-04-27T02:38:43.000,NYPD,blocked driveway,No Access,11420.0,Closed,5.0,6.0,4.0,2.0,0.2756597222222222,0,0.0,0.2133
57428524,2023-04-26 20:02:00,2023-04-27T07:00:00.000,DEP,water system,Dirty Water (WE),11215.0,Closed,4.0,3.0,4.0,2.0,0.4569444444444444,1,3.0,0.1689
57430499,2023-04-26 20:02:42,2023-04-26T20:41:09.000,NYPD,noise - residential,Loud Music/Party,11207.0,Closed,3.0,1.0,3.0,2.0,0.0267013888888888,0,0.0,0.1283
57427748,2023-04-26 20:02:52,2023-04-27T03:22:50.000,NYPD,illegal parking,Blocked Hydrant,11372.0,Closed,6.0,6.0,4.0,2.0,0.3055324074074074,2,6.0,0.2208
57433668,2023-04-26 20:02:52,2023-04-27T00:00:00.000,DOB,general construction/plumbing,Cons - Contrary/Beyond Approved Plans/Permits,11209.0,Closed,4.0,7.0,4.0,2.0,0.1646759259259259,0,0.0,0.2236
57432394,2023-04-26 20:03:37,2023-04-28T15:52:05.000,HPD,heat/hot water,ENTIRE BUILDING,11377.0,Closed,7.0,3.0,4.0,2.0,1.8253240740740744,0,0.0,0.2099
57428635,2023-04-26 20:03:42,2023-06-26T11:30:01.000,DPR,maintenance or facility,Structure - Outdoors,11226.0,Closed,4.0,3.0,4.0,2.0,60.64327546296296,0,0.0,0.1689
57428364,2023-04-26 20:04:46,2024-11-12T17:25:43.000,DPR,damaged tree,Tree Alive - in Poor Condition,11209.0,Closed,4.0,3.0,4.0,2.0,565.8895486111111,0,0.0,0.1689
57428165,2023-04-26 20:05:21,2023-04-26T21:06:42.000,NYPD,noise - residential,Banging/Pounding,10012.0,Closed,3.0,1.0,3.0,2.0,0.0426041666666666,0,0.0,0.1283
57429790,2023-04-26 20:05:28,2023-04-26T22:07:19.000,NYPD,illegal parking,Posted Parking Sign Violation,11368.0,Closed,5.0,5.0,4.0,2.0,0.0846180555555555,3,8.0,0.2597
57431414,2023-04-26 20:05:51,2023-04-28T09:30:05.000,DSNY,dirty condition,Trash,11235.0,Closed,4.0,3.0,4.0,2.0,1.5584953703703703,2,6.0,0.1689
57434179,2023-04-26 20:05:53,2024-08-08T00:00:00.000,DOB,building/use,Illegal Conversion Of Residential Building/Space,11412.0,Closed,4.0,3.0,4.0,2.0,469.1625810185185,0,0.0,0.1689
57430973,2023-04-26 20:06:54,2023-04-26T22:12:45.000,NYPD,noise - residential,Banging/Pounding,11373.0,Closed,3.0,1.0,3.0,2.0,0.0873958333333333,1,3.0,0.1283
57432286,2023-04-26 20:06:56,2023-04-28T08:37:47.000,HPD,heat/hot water,APARTMENT ONLY,10021.0,Closed,7.0,3.0,4.0,2.0,1.521423611111111,4,10.0,0.3636
57427624,2023-04-26 20:07:01,2023-05-02T13:15:05.000,HPD,general,JANITOR/SUPER,10025.0,Closed,4.0,3.0,4.0,2.0,5.713935185185186,0,0.0,0.1689
57427676,2023-04-26 20:07:55,2023-04-27T10:38:06.000,DCWP,consumer complaint,Car Dealer - Used,11375.0,Closed,4.0,3.0,4.0,2.0,0.6042939814814815,0,0.0,0.1689
57435240,2023-04-26 20:08:52,2023-06-21T00:00:00.000,DOB,building/use,Illegal Conversion Of Residential Building/Space,11412.0,Closed,4.0,3.0,4.0,2.0,55.16050925925926,1,3.0,0.2357
57433691,2023-04-26 20:08:53,2024-02-28T00:00:00.000,DOB,general construction/plumbing,Building Permit - None,11412.0,Closed,4.0,7.0,4.0,2.0,307.1604976851852,0,0.0,0.3225
57431022,2023-04-26 20:09:40,2023-04-26T20:15:23.000,NYPD,noise - vehicle,Car/Truck Horn,10011.0,Closed,3.0,1.0,3.0,2.0,0.0039699074074074,0,0.0,0.1283
57431790,2023-04-26 20:11:00,2023-04-27T06:06:00.000,DEP,noise,Noise: Alarms (NR3),11211.0,Closed,3.0,1.0,3.0,2.0,0.4131944444444444,0,0.0,0.1283
57428725,2023-04-26 20:11:16,,DOHMH,construction lead dust,In Common Areas,10040.0,In Progress,4.0,7.0,4.0,2.0,1260.9487893237035,0,0.0,0.3225
57427995,2023-04-26 20:12:34,2023-04-28T14:24:01.000,DSNY,sanitation worker or vehicle complaint,Inappropriate Behavior,10301.0,Closed,5.0,2.0,5.0,4.0,1.757951388888889,0,0.0,0.2208
57429165,2023-04-26 20:13:48,2023-04-26T22:46:13.000,NYPD,non-emergency police matter,Trespassing,11212.0,Closed,5.0,3.0,4.0,2.0,0.1058449074074074,2,6.0,0.2138
57431676,2023-04-26 20:13:59,2023-04-26T21:33:11.000,NYPD,blocked driveway,No Access,11423.0,Closed,5.0,6.0,4.0,2.0,0.055,0,0.0,0.2133
57426568,2023-04-26 20:14:15,2023-05-31T15:48:56.000,EDC,noise - helicopter,Other,11238.0,Closed,3.0,1.0,3.0,2.0,34.815752314814816,14,10.0,0.3034
57429718,2023-04-26 20:16:04,2023-04-26T22:58:40.000,NYPD,noise - commercial,Banging/Pounding,10454.0,Closed,3.0,1.0,3.0,2.0,0.1129166666666666,1,3.0,0.1283
57432355,2023-04-26 20:16:05,2023-04-26T23:45:02.000,NYPD,abandoned vehicle,With License Plate,11385.0,Closed,4.0,3.0,4.0,2.0,0.1451041666666666,0,0.0,0.1689
57425300,2023-04-26 20:16:08,2023-04-27T17:03:10.000,HPD,heat/hot water,APARTMENT ONLY,10470.0,Closed,7.0,3.0,4.0,2.0,0.8659953703703703,1,3.0,0.2099
57430930,2023-04-26 20:16:08,2023-04-27T19:33:27.000,HPD,heat/hot water,ENTIRE BUILDING,10473.0,Closed,7.0,3.0,4.0,2.0,0.9703587962962964,0,0.0,0.2099
57426035,2023-04-26 20:16:10,2023-04-26T23:26:05.000,NYPD,noise - street/sidewalk,Loud Talking,11372.0,Closed,5.0,4.0,6.0,4.0,0.1318865740740741,0,0.0,0.2133
57427864,2023-04-26 20:16:54,2023-04-27T01:38:36.000,NYPD,noise - residential,Loud Music/Party,11433.0,Closed,3.0,1.0,3.0,2.0,0.2234027777777777,1,3.0,0.1283
57430216,2023-04-26 20:16:56,2023-04-26T21:58:35.000,NYPD,noise - street/sidewalk,Loud Music/Party,10040.0,Closed,5.0,4.0,6.0,4.0,0.0705902777777777,1,3.0,0.2133
57424804,2023-04-26 20:17:00,2023-04-27T20:55:00.000,DEP,water system,Dirty Water (WE),11692.0,Closed,4.0,3.0,4.0,2.0,1.0263888888888888,0,0.0,0.1689
57430300,2023-04-26 20:17:48,2023-04-26T22:57:38.000,NYPD,drug activity,Use Outside,11366.0,Closed,4.0,3.0,4.0,2.0,0.1109953703703703,15,10.0,0.1689
57427609,2023-04-26 20:18:00,2023-04-27T01:38:54.000,NYPD,illegal parking,Overnight Commercial Storage,11435.0,Closed,5.0,5.0,4.0,2.0,0.2228472222222222,0,0.0,0.2208
57430022,2023-04-26 20:19:00,2023-04-27T10:51:00.000,DSNY,derelict vehicles,Derelict Vehicles,11001.0,Closed,4.0,3.0,4.0,2.0,0.6055555555555555,0,0.0,0.1689
57429244,2023-04-26 20:19:09,2023-04-26T20:55:39.000,NYPD,noise - residential,Banging/Pounding,10451.0,Closed,3.0,1.0,3.0,2.0,0.0253472222222222,0,0.0,0.1283
57432360,2023-04-26 20:19:17,2023-04-26T22:21:19.000,NYPD,noise - residential,Loud Talking,11368.0,Closed,3.0,1.0,3.0,2.0,0.0847453703703703,1,3.0,0.1283
57431166,2023-04-26 20:20:00,2023-04-27T11:43:00.000,DOT,street light condition,Fixture/Luminaire Missing,11211.0,Closed,7.0,5.0,6.0,5.0,0.6409722222222223,0,0.0,0.3721
57431470,2023-04-26 20:20:17,2023-04-27T01:12:20.000,NYPD,noise - commercial,Car/Truck Music,11219.0,Closed,3.0,1.0,3.0,2.0,0.2028125,0,0.0,0.1283
57435836,2023-04-26 20:20:54,2023-05-17T00:00:00.000,DOB,elevator,Elevator - Single Device On Property/No Alternate Service,10031.0,Closed,4.0,3.0,4.0,2.0,20.15215277777778,0,0.0,0.1689
57429158,2023-04-26 20:21:29,2023-05-23T06:27:30.000,DOT,street sign - missing,"No Parking, Standing, Stopping",11230.0,Closed,3.0,5.0,4.0,2.0,26.420844907407407,0,0.0,0.1283
57426252,2023-04-26 20:22:05,2023-04-27T14:09:54.000,HPD,water leak,HEAVY FLOW,11232.0,Closed,8.0,3.0,4.0,7.0,0.7415393518518518,0,0.0,0.2199
57429139,2023-04-26 20:22:10,2023-11-20T09:35:30.000,HPD,plumbing,TOILET,11213.0,Closed,4.0,3.0,4.0,2.0,207.55092592592592,0,0.0,0.1689
57423063,2023-04-26 20:22:10,2023-04-27T08:47:29.000,HPD,heat/hot water,ENTIRE BUILDING,10034.0,Closed,7.0,3.0,4.0,2.0,0.5175810185185186,1,3.0,0.2099
57428573,2023-04-26 20:23:05,2023-04-26T21:35:38.000,NYPD,noise - residential,Banging/Pounding,10026.0,Closed,3.0,1.0,3.0,2.0,0.0503819444444444,0,0.0,0.1283
57429678,2023-04-26 20:24:05,2023-04-26T20:35:12.000,NYPD,noise - residential,Loud Music/Party,11221.0,Closed,3.0,1.0,3.0,2.0,0.0077199074074074,1,3.0,0.1283
57430873,2023-04-26 20:24:05,2023-04-26T22:26:27.000,NYPD,illegal parking,Commercial Overnight Parking,11230.0,Closed,5.0,5.0,4.0,2.0,0.0849768518518518,9,10.0,0.35
57425841,2023-04-26 20:24:41,2023-04-26T22:08:13.000,NYPD,illegal parking,Posted Parking Sign Violation,10001.0,Closed,5.0,5.0,4.0,2.0,0.0718981481481481,0,0.0,0.2208
57431006,2023-04-26 20:26:00,2023-04-26T22:20:00.000,DEP,water system,No Water (WNW),11374.0,Closed,7.0,3.0,9.0,2.0,0.0791666666666666,0,0.0,0.3859
57429613,2023-04-26 20:26:26,2023-04-26T23:00:38.000,NYPD,noise - street/sidewalk,Loud Music/Party,10454.0,Closed,5.0,4.0,6.0,4.0,0.1070833333333333,0,0.0,0.2133
57429934,2023-04-26 20:26:37,2023-04-26T21:56:32.000,NYPD,noise - residential,Banging/Pounding,10011.0,Closed,3.0,1.0,3.0,2.0,0.0624421296296296,0,0.0,0.1283
57430832,2023-04-26 20:26:37,2023-04-26T20:35:45.000,NYPD,noise - residential,Loud Music/Party,10032.0,Closed,3.0,1.0,3.0,2.0,0.0063425925925925,2,6.0,0.1283
57432626,2023-04-26 20:28:00,2023-04-26T20:30:33.000,NYPD,illegal parking,Overnight Commercial Storage,10465.0,Closed,5.0,5.0,4.0,2.0,0.0017708333333333,4,10.0,0.35
57429610,2023-04-26 20:28:05,2023-04-26T22:04:03.000,NYPD,blocked driveway,No Access,10001.0,Closed,5.0,6.0,4.0,2.0,0.0666435185185185,0,0.0,0.2133
57428976,2023-04-26 20:28:22,2023-05-01T20:20:15.000,HPD,appliance,REFRIGERATOR,11203.0,Closed,4.0,3.0,4.0,2.0,4.9943634259259255,0,0.0,0.1689
57430703,2023-04-26 20:28:22,2023-05-09T09:55:53.000,HPD,electric,NO LIGHTING,11203.0,Closed,4.0,3.0,4.0,2.0,12.560775462962964,1,3.0,0.1689
57432145,2023-04-26 20:28:22,2023-05-01T20:20:14.000,HPD,flooring/stairs,FLOOR,11203.0,Closed,4.0,3.0,4.0,2.0,4.994351851851852,0,0.0,0.1689
57432395,2023-04-26 20:28:25,2023-04-27T12:39:26.000,HPD,heat/hot water,ENTIRE BUILDING,10456.0,Closed,7.0,3.0,4.0,2.0,0.6743171296296296,4,10.0,0.35
57427866,2023-04-26 20:28:31,2023-04-29T10:12:34.000,DSNY,illegal dumping,Removal Request,11106.0,Closed,4.0,3.0,4.0,2.0,2.5722569444444443,0,0.0,0.1689
57427585,2023-04-26 20:28:36,2023-04-27T02:52:59.000,NYPD,illegal parking,Commercial Overnight Parking,11223.0,Closed,5.0,5.0,4.0,2.0,0.2669328703703704,6,10.0,0.35
57428789,2023-04-26 20:28:59,2023-04-26T22:59:40.000,NYPD,illegal parking,Blocked Hydrant,10455.0,Closed,6.0,6.0,4.0,2.0,0.1046412037037037,3,8.0,0.2603
57429819,2023-04-26 20:29:00,2023-04-27T06:06:00.000,DEP,air quality,"Air: Odor/Fumes, Vehicle Idling (AD3)",11225.0,Closed,4.0,3.0,4.0,2.0,0.4006944444444444,0,0.0,0.1689
57430129,2023-04-26 20:29:16,2023-04-26T21:54:24.000,NYPD,noise - residential,Banging/Pounding,11432.0,Closed,3.0,1.0,3.0,2.0,0.0591203703703703,0,0.0,0.1283
57432437,2023-04-26 20:29:34,2023-04-26T22:38:24.000,NYPD,noise - residential,Banging/Pounding,10035.0,Closed,3.0,1.0,3.0,2.0,0.0894675925925926,1,3.0,0.1283
57429307,2023-04-26 20:30:00,2023-04-26T20:41:33.000,NYPD,noise - residential,Banging/Pounding,11201.0,Closed,3.0,1.0,3.0,2.0,0.0080208333333333,2,6.0,0.1283
57426097,2023-04-26 20:30:25,2023-04-26T22:34:08.000,NYPD,animal-abuse,Neglected,11215.0,Closed,4.0,3.0,4.0,2.0,0.0859143518518518,0,0.0,0.1689
57431628,2023-04-26 20:30:39,2023-04-27T00:57:22.000,NYPD,illegal parking,Blocked Hydrant,11204.0,Closed,6.0,6.0,4.0,2.0,0.1852199074074074,6,10.0,0.35
57432149,2023-04-26 20:30:48,2023-04-26T23:23:52.000,NYPD,noise - residential,Loud Music/Party,10304.0,Closed,3.0,1.0,3.0,2.0,0.1201851851851851,0,0.0,0.1283
57427747,2023-04-26 20:31:16,2023-05-31T15:49:00.000,EDC,noise - helicopter,Other,11238.0,Closed,3.0,1.0,3.0,2.0,34.80398148148148,15,10.0,0.3034
57431686,2023-04-26 20:32:37,2023-04-26T23:08:55.000,NYPD,blocked driveway,No Access,11412.0,Closed,5.0,6.0,4.0,2.0,0.1085416666666666,0,0.0,0.2133
57435042,2023-04-26 20:32:56,2023-05-22T00:00:00.000,DOB,special projects inspection team (spit),Adult Establishment,10016.0,Closed,4.0,3.0,4.0,2.0,25.143796296296298,0,0.0,0.1689
57432269,2023-04-26 20:33:45,2023-04-27T09:50:00.000,DOT,street condition,Pothole,10305.0,Closed,8.0,8.0,8.0,7.0,0.5529513888888888,0,0.0,0.5798
57427623,2023-04-26 20:33:49,2023-04-29T18:16:47.000,HPD,unsanitary condition,PESTS,11106.0,Closed,4.0,3.0,4.0,2.0,2.904837962962963,1,3.0,0.1689
57427729,2023-04-26 20:33:57,2023-05-11T10:48:56.000,HPD,unsanitary condition,PESTS,11106.0,Closed,4.0,3.0,4.0,2.0,14.593738425925926,2,6.0,0.1929
57424600,2023-04-26 20:33:58,2023-04-28T08:30:12.000,HPD,water leak,SLOW LEAK,11220.0,Closed,8.0,3.0,4.0,7.0,1.4973842592592592,0,0.0,0.2199
57429219,2023-04-26 20:34:08,2023-04-26T20:37:11.000,NYPD,noise - street/sidewalk,Loud Talking,10472.0,Closed,5.0,4.0,6.0,4.0,0.0021180555555555,1,3.0,0.2133
57429591,2023-04-26 20:34:12,2023-04-26T21:04:39.000,NYPD,blocked driveway,Partial Access,11355.0,Closed,5.0,6.0,4.0,2.0,0.0211458333333333,1,3.0,0.2133
57429489,2023-04-26 20:35:00,2023-04-28T10:31:00.000,DSNY,electronics waste appointment,Ewaste appointment,10308.0,Closed,5.0,2.0,5.0,4.0,1.5805555555555555,0,0.0,0.2208
57431211,2023-04-26 20:35:56,2023-04-26T22:36:59.000,NYPD,noise - residential,Loud Music/Party,10304.0,Closed,3.0,1.0,3.0,2.0,0.0840625,1,3.0,0.1283
57428019,2023-04-26 20:36:14,2023-04-26T21:23:45.000,NYPD,noise - residential,Loud Music/Party,10009.0,Closed,3.0,1.0,3.0,2.0,0.0329976851851851,1,3.0,0.1283
57429764,2023-04-26 20:36:46,2023-04-27T01:38:30.000,NYPD,illegal parking,Commercial Overnight Parking,11365.0,Closed,5.0,5.0,4.0,2.0,0.209537037037037,1,3.0,0.2208
57429245,2023-04-26 20:37:13,2023-04-27T01:26:41.000,NYPD,illegal parking,Blocked Hydrant,11214.0,Closed,6.0,6.0,4.0,2.0,0.2010185185185185,4,10.0,0.35
57430717,2023-04-26 20:37:39,2023-05-07T10:08:47.000,HPD,paint/plaster,WALL,11233.0,Closed,4.0,3.0,4.0,2.0,10.563287037037036,0,0.0,0.1689
57424835,2023-04-26 20:37:39,2023-05-07T16:13:29.000,HPD,unsanitary condition,PESTS,11233.0,Closed,4.0,3.0,4.0,2.0,10.816550925925926,0,0.0,0.1689
57424143,2023-04-26 20:37:51,2023-04-26T22:52:04.000,NYPD,illegal parking,Posted Parking Sign Violation,10038.0,Closed,5.0,5.0,4.0,2.0,0.0932060185185185,2,6.0,0.2208
57428912,2023-04-26 20:37:54,2023-04-28T10:26:44.000,HPD,heat/hot water,ENTIRE BUILDING,11211.0,Closed,7.0,3.0,4.0,2.0,1.5755787037037037,1,3.0,0.2272
57430039,2023-04-26 20:37:55,2023-04-28T10:26:44.000,HPD,heat/hot water,APARTMENT ONLY,11206.0,Closed,7.0,3.0,4.0,2.0,1.5755671296296296,1,3.0,0.2272
57432116,2023-04-26 20:38:04,2023-05-02T13:15:09.000,HPD,electric,POWER OUTAGE,10452.0,Closed,4.0,3.0,4.0,2.0,5.692418981481482,1,3.0,0.1689
57432352,2023-04-26 20:38:08,2023-04-27T15:18:46.000,HPD,heat/hot water,APARTMENT ONLY,10453.0,Closed,7.0,3.0,4.0,2.0,0.7782175925925926,2,6.0,0.2113
57429221,2023-04-26 20:38:10,2023-04-27T09:34:26.000,DPR,overgrown tree/branches,Dead Branches in Tree,11105.0,Closed,4.0,3.0,4.0,2.0,0.539074074074074,0,0.0,0.1689
57429032,2023-04-26 20:38:13,2023-05-31T15:49:02.000,EDC,noise - helicopter,Other,10016.0,Closed,3.0,1.0,3.0,2.0,34.799178240740744,2,6.0,0.2128
57432674,2023-04-26 20:38:19,2023-05-01T16:19:10.000,HPD,general,COOKING GAS,11230.0,Closed,4.0,3.0,4.0,2.0,4.820034722222222,1,3.0,0.1689
57432150,2023-04-26 20:38:35,2023-04-26T22:17:52.000,NYPD,noise - residential,Banging/Pounding,10462.0,Closed,3.0,1.0,3.0,2.0,0.0689467592592592,1,3.0,0.1283
57429544,2023-04-26 20:38:36,2023-04-27T01:19:19.000,NYPD,noise - commercial,Loud Music/Party,10031.0,Closed,3.0,1.0,3.0,2.0,0.1949421296296296,0,0.0,0.1283
57425143,2023-04-26 20:38:50,2023-04-26T21:10:07.000,NYPD,illegal parking,Parking Permit Improper Use,11210.0,Closed,5.0,5.0,4.0,2.0,0.021724537037037,3,8.0,0.2579
57428264,2023-04-26 20:39:00,2023-04-26T22:49:35.000,NYPD,illegal parking,Blocked Hydrant,11427.0,Closed,6.0,6.0,4.0,2.0,0.0906828703703703,0,0.0,0.2208
57426293,2023-04-26 20:40:22,2023-04-29T18:16:47.000,HPD,unsanitary condition,PESTS,11106.0,Closed,4.0,3.0,4.0,2.0,2.900289351851852,3,8.0,0.1954
57430938,2023-04-26 20:41:14,2023-04-27T13:16:22.000,HPD,heat/hot water,ENTIRE BUILDING,11355.0,Closed,7.0,3.0,4.0,2.0,0.6910648148148149,5,10.0,0.35
57432445,2023-04-26 20:42:23,2023-04-26T21:39:56.000,NYPD,blocked driveway,Partial Access,11423.0,Closed,5.0,6.0,4.0,2.0,0.0399652777777777,1,3.0,0.2133
57432239,2023-04-26 20:43:01,2023-04-27T02:54:24.000,NYPD,noise - residential,Loud Music/Party,10465.0,Closed,3.0,1.0,3.0,2.0,0.2579050925925926,0,0.0,0.1283
57430881,2023-04-26 20:43:32,2023-04-26T21:01:43.000,DPR,animal in a park,Injured Wildlife,10025.0,Closed,4.0,3.0,4.0,2.0,0.0126273148148148,0,0.0,0.1689
57431642,2023-04-26 20:43:33,2023-06-26T11:29:24.000,DPR,maintenance or facility,Hours of Operation,11226.0,Closed,4.0,3.0,4.0,2.0,60.61517361111111,1,3.0,0.2357
57432500,2023-04-26 20:43:35,2023-04-29T18:16:47.000,HPD,unsanitary condition,PESTS,11106.0,Closed,4.0,3.0,4.0,2.0,2.898055555555556,4,10.0,0.2591
57429235,2023-04-26 20:44:14,2023-06-15T12:09:57.000,HPD,electric,LIGHTING,11239.0,Closed,4.0,3.0,4.0,2.0,49.642858796296295,0,0.0,0.1689
57431959,2023-04-26 20:44:16,2023-04-26T22:20:59.000,NYPD,noise - residential,Loud Music/Party,11434.0,Closed,3.0,1.0,3.0,2.0,0.0671643518518518,0,0.0,0.1283
57431378,2023-04-26 20:44:36,2023-05-23T16:02:15.000,HPD,paint/plaster,WALL,10034.0,Closed,4.0,3.0,4.0,2.0,26.80392361111111,0,0.0,0.1689
57428886,2023-04-26 20:44:36,2023-05-23T16:02:15.000,HPD,flooring/stairs,FLOOR,10034.0,Closed,4.0,3.0,4.0,2.0,26.80392361111111,0,0.0,0.1689
57432557,2023-04-26 20:44:41,2023-05-25T10:10:40.000,HPD,plumbing,WATER SUPPLY,11225.0,Closed,4.0,3.0,9.0,2.0,28.559710648148148,0,0.0,0.1689
57428376,2023-04-26 20:45:33,2023-04-26T21:28:40.000,NYPD,noise - vehicle,Car/Truck Music,10460.0,Closed,3.0,1.0,3.0,2.0,0.0299421296296296,0,0.0,0.1283
57431062,2023-04-26 20:46:07,2023-04-27T21:13:21.000,DSNY,dirty condition,Dog Waste,10128.0,Closed,5.0,2.0,5.0,4.0,1.018912037037037,0,0.0,0.2208
57427549,2023-04-26 20:46:28,2023-04-26T21:21:38.000,NYPD,illegal parking,Double Parked Blocking Vehicle,11236.0,Closed,5.0,5.0,4.0,2.0,0.0244212962962962,2,6.0,0.2208
57432025,2023-04-26 20:47:00,2023-04-27T11:33:00.000,DOT,street light condition,Street Light Out,11373.0,Closed,7.0,5.0,6.0,5.0,0.6152777777777778,1,3.0,0.3721
57424718,2023-04-26 20:47:30,2023-05-23T16:02:16.000,HPD,general,BELL/BUZZER/INTERCOM,10034.0,Closed,4.0,3.0,4.0,2.0,26.801921296296296,0,0.0,0.1689
57429920,2023-04-26 20:48:20,2023-04-27T01:23:22.000,NYPD,noise - residential,Loud Music/Party,10456.0,Closed,3.0,1.0,3.0,2.0,0.1909953703703703,4,10.0,0.1283
57429042,2023-04-26 20:51:41,2023-04-27T00:53:53.000,NYPD,noise - residential,Loud Music/Party,11222.0,Closed,3.0,1.0,3.0,2.0,0.1681944444444444,0,0.0,0.1283
57429037,2023-04-26 20:52:01,2023-04-27T00:53:09.000,NYPD,illegal parking,Posted Parking Sign Violation,11222.0,Closed,5.0,5.0,4.0,2.0,0.1674537037037037,11,10.0,0.35
57429523,2023-04-26 20:52:15,2023-04-26T21:33:36.000,NYPD,blocked driveway,No Access,10462.0,Closed,5.0,6.0,4.0,2.0,0.0287152777777777,0,0.0,0.2133
57427447,2023-04-26 20:52:15,2023-04-26T21:53:57.000,NYPD,illegal parking,Blocked Hydrant,11208.0,Closed,6.0,6.0,4.0,2.0,0.0428472222222222,5,10.0,0.35
57431053,2023-04-26 20:52:16,2023-04-28T17:27:53.000,DOT,street sign - dangling,Other/Unknown,11206.0,Closed,4.0,3.0,4.0,2.0,1.8580671296296296,0,0.0,0.1689
57431865,2023-04-26 20:53:06,2023-04-26T21:18:06.000,NYPD,illegal parking,Posted Parking Sign Violation,10028.0,Closed,5.0,5.0,4.0,2.0,0.0173611111111111,2,6.0,0.2208
57432477,2023-04-26 20:53:52,2023-04-26T21:13:18.000,NYPD,illegal parking,Blocked Bike Lane,10017.0,Closed,6.0,6.0,4.0,2.0,0.0134953703703703,0,0.0,0.2208
57427119,2023-04-26 20:54:15,2023-04-26T20:54:15.000,DOT,street condition,Pothole,11419.0,Closed,8.0,8.0,8.0,7.0,0.0,0,0.0,0.5798
57432721,2023-04-26 20:54:31,2023-07-11T18:18:15.000,TLC,for hire vehicle complaint,Driver Complaint - Non Passenger,10017.0,Closed,4.0,3.0,4.0,2.0,75.89148148148148,1,3.0,0.2357
57428965,2023-04-26 20:56:09,2023-07-03T09:15:52.000,TLC,for hire vehicle complaint,Driver Complaint - Non Passenger,10028.0,Closed,4.0,3.0,4.0,2.0,67.51369212962963,0,0.0,0.1689
57429210,2023-04-26 20:56:28,2023-05-11T05:02:55.000,HPD,door/window,DOOR,11203.0,Closed,4.0,3.0,4.0,2.0,14.3378125,0,0.0,0.1689
57430267,2023-04-26 20:56:28,2023-05-11T05:02:55.000,HPD,general,BELL/BUZZER/INTERCOM,11203.0,Closed,4.0,3.0,4.0,2.0,14.3378125,1,3.0,0.1689
57431719,2023-04-26 20:56:28,2023-04-28T08:28:27.000,HPD,heat/hot water,ENTIRE BUILDING,10025.0,Closed,7.0,3.0,4.0,2.0,1.4805439814814816,2,6.0,0.2368
57431896,2023-04-26 20:57:13,2023-04-27T13:15:25.000,HPD,heat/hot water,ENTIRE BUILDING,10467.0,Closed,7.0,3.0,4.0,2.0,0.6793055555555556,8,10.0,0.35
57428082,2023-04-26 20:57:32,2023-04-26T20:58:50.000,NYPD,noise - vehicle,Car/Truck Music,10453.0,Closed,3.0,1.0,3.0,2.0,0.0009027777777777,1,3.0,0.1283
57430923,2023-04-26 20:57:59,2023-04-26T20:57:59.000,DOHMH,standing water,Other - Explain Below,11214.0,Closed,4.0,3.0,4.0,2.0,0.0,0,0.0,0.1689
57428231,2023-04-26 20:58:09,2023-04-26T21:46:06.000,NYPD,illegal parking,Parking Permit Improper Use,10002.0,Closed,5.0,5.0,4.0,2.0,0.0332986111111111,7,10.0,0.35
57429265,2023-04-26 20:58:39,2023-04-26T21:42:46.000,NYPD,noise - vehicle,Engine Idling,10019.0,Closed,3.0,1.0,3.0,2.0,0.030636574074074,0,0.0,0.1283
57430389,2023-04-26 20:58:48,2023-04-26T23:21:15.000,NYPD,noise - residential,Loud Music/Party,10465.0,Closed,3.0,1.0,3.0,2.0,0.0989236111111111,1,3.0,0.1283
57430642,2023-04-26 20:59:14,2023-05-02T13:24:57.000,DSNY,illegal posting,Sticker or Decal,11416.0,Closed,4.0,3.0,4.0,2.0,5.684525462962963,0,0.0,0.1689
57429767,2023-04-26 20:59:57,2023-06-02T06:24:50.000,TLC,for hire vehicle complaint,Driver Complaint - Non Passenger,10022.0,Closed,4.0,3.0,4.0,2.0,36.39228009259259,1,3.0,0.2357
57429286,2023-04-26 21:00:04,2023-04-27T00:53:34.000,NYPD,noise - residential,Banging/Pounding,11222.0,Closed,3.0,1.0,3.0,2.0,0.1621527777777777,1,3.0,0.1283
57427599,2023-04-26 21:00:31,2024-02-16T08:53:47.000,DPR,new tree request,For One Address,11209.0,Closed,4.0,3.0,4.0,2.0,295.49532407407406,0,0.0,0.1689
57428893,2023-04-26 21:00:40,2023-04-28T07:11:10.000,HPD,heat/hot water,ENTIRE BUILDING,11237.0,Closed,7.0,3.0,4.0,2.0,1.4239583333333334,0,0.0,0.2099
57432465,2023-04-26 21:03:03,2023-04-26T21:48:06.000,NYPD,noise - residential,Loud Music/Party,11433.0,Closed,3.0,1.0,3.0,2.0,0.0312847222222222,2,6.0,0.1283
57431384,2023-04-26 21:03:42,2023-06-17T18:14:23.000,HPD,unsanitary condition,GARBAGE/RECYCLING STORAGE,11379.0,Closed,5.0,2.0,5.0,4.0,51.88241898148148,0,0.0,0.35
57428186,2023-04-26 21:04:00,2023-04-28T10:40:00.000,DSNY,electronics waste appointment,Ewaste appointment,10314.0,Closed,5.0,2.0,5.0,4.0,1.5666666666666669,2,6.0,0.35
57430125,2023-04-26 21:04:03,2023-05-01T08:00:47.000,HPD,heat/hot water,APARTMENT ONLY,10032.0,Closed,7.0,3.0,4.0,2.0,4.456064814814815,3,8.0,0.3586
57424230,2023-04-26 21:04:03,2023-04-26T21:08:42.000,NYPD,abandoned vehicle,With License Plate,11205.0,Closed,4.0,3.0,4.0,2.0,0.0032291666666666,0,0.0,0.1689
57432710,2023-04-26 21:04:14,2023-04-27T04:28:21.000,NYPD,illegal parking,Blocked Hydrant,11435.0,Closed,6.0,6.0,4.0,2.0,0.3084143518518518,1,3.0,0.2208
57428180,2023-04-26 21:04:32,2023-04-27T01:43:30.000,NYPD,illegal parking,Blocked Hydrant,11385.0,Closed,6.0,6.0,4.0,2.0,0.1937268518518518,6,10.0,0.35
57431880,2023-04-26 21:04:56,2023-04-27T05:52:05.000,DHS,homeless person assistance,Unknown,10024.0,Closed,4.0,3.0,4.0,2.0,0.3660763888888889,0,0.0,0.1689
57428879,2023-04-26 21:05:07,2023-04-27T05:02:50.000,NYPD,illegal parking,Commercial Overnight Parking,11223.0,Closed,5.0,5.0,4.0,2.0,0.3317476851851851,7,10.0,0.35
57431247,2023-04-26 21:06:18,2023-04-26T22:28:47.000,NYPD,blocked driveway,Partial Access,11373.0,Closed,5.0,6.0,4.0,2.0,0.0572800925925925,2,6.0,0.2133
57432314,2023-04-26 21:06:31,2023-04-26T21:16:00.000,NYPD,illegal parking,Blocked Bike Lane,11222.0,Closed,6.0,6.0,4.0,2.0,0.0065856481481481,12,10.0,0.35
57431401,2023-04-26 21:06:32,2024-02-05T09:59:50.000,DPR,new tree request,For One Address,11209.0,Closed,4.0,3.0,4.0,2.0,284.5370138888889,1,3.0,0.2357
57429173,2023-04-26 21:06:40,2023-04-26T21:55:52.000,NYPD,noise - commercial,Loud Music/Party,10016.0,Closed,3.0,1.0,3.0,2.0,0.0341666666666666,1,3.0,0.1283
57432616,2023-04-26 21:07:01,2023-04-26T23:03:45.000,NYPD,noise - street/sidewalk,Loud Music/Party,10454.0,Closed,5.0,4.0,6.0,4.0,0.0810648148148148,1,3.0,0.2133
57430929,2023-04-26 21:07:46,2023-07-26T10:58:25.000,TLC,for hire vehicle complaint,Driver Complaint - Passenger,10017.0,Closed,4.0,3.0,4.0,2.0,90.57684027777778,2,6.0,0.2583
57425489,2023-04-26 21:08:12,2023-04-27T01:32:30.000,NYPD,noise - residential,Banging/Pounding,11226.0,Closed,3.0,1.0,3.0,2.0,0.1835416666666666,3,8.0,0.1283
57427562,2023-04-26 21:08:14,2023-04-27T04:16:06.000,NYPD,illegal parking,Commercial Overnight Parking,11378.0,Closed,5.0,5.0,4.0,2.0,0.2971296296296296,4,10.0,0.35
57427979,2023-04-26 21:09:51,2023-04-26T23:04:26.000,NYPD,noise - street/sidewalk,Loud Music/Party,10455.0,Closed,5.0,4.0,6.0,4.0,0.0795717592592592,1,3.0,0.2133
57430529,2023-04-26 21:09:59,2023-04-26T21:49:29.000,NYPD,illegal parking,Blocked Sidewalk,11204.0,Closed,6.0,6.0,6.0,4.0,0.0274305555555555,7,10.0,0.469
57432521,2023-04-26 21:10:02,2023-04-26T22:05:39.000,NYPD,noise - residential,Loud Talking,10027.0,Closed,3.0,1.0,3.0,2.0,0.0386226851851851,18,10.0,0.1283
57429416,2023-04-26 21:10:12,2023-04-26T22:17:44.000,HPD,heat/hot water,ENTIRE BUILDING,10029.0,Closed,7.0,3.0,4.0,2.0,0.0468981481481481,2,6.0,0.2099
57430200,2023-04-26 21:10:21,2023-05-01T17:26:25.000,HPD,water leak,HEAVY FLOW,10457.0,Closed,8.0,3.0,4.0,7.0,4.844490740740741,0,0.0,0.2199
57428246,2023-04-26 21:10:52,2023-04-26T21:18:38.000,NYPD,noise - vehicle,Car/Truck Music,10002.0,Closed,3.0,1.0,3.0,2.0,0.0053935185185185,0,0.0,0.1283
57427610,2023-04-26 21:12:33,2025-05-13T16:38:24.000,DPR,new tree request,For One Address,11209.0,Closed,4.0,3.0,4.0,2.0,747.8096180555556,2,6.0,0.2583
57428391,2023-04-26 21:12:51,2023-04-26T21:12:51.000,DOHMH,rodent,Rat Sighting,10028.0,Closed,4.0,3.0,4.0,2.0,0.0,1,3.0,0.1689
57427801,2023-04-26 21:13:35,2023-04-27T00:48:46.000,NYPD,illegal parking,Blocked Hydrant,11385.0,Closed,6.0,6.0,4.0,2.0,0.1494328703703703,7,10.0,0.35
57427213,2023-04-26 21:13:35,2023-04-30T18:36:20.000,HPD,electric,NO LIGHTING,10462.0,Closed,4.0,3.0,4.0,2.0,3.8907986111111112,1,3.0,0.1689
57427271,2023-04-26 21:14:08,2023-04-27T15:05:23.000,HPD,heat/hot water,ENTIRE BUILDING,11374.0,Closed,7.0,3.0,4.0,2.0,0.7439236111111112,2,6.0,0.211
57427746,2023-04-26 21:14:10,2023-05-01T02:02:35.000,HPD,safety,FIRE ESCAPE,11226.0,Closed,9.0,3.0,4.0,2.0,4.200289351851852,0,0.0,0.3005
57431438,2023-04-26 21:14:10,2023-05-03T12:36:08.000,HPD,general,COOKING GAS,11226.0,Closed,4.0,3.0,4.0,2.0,6.64025462962963,2,6.0,0.1689
57430870,2023-04-26 21:14:48,2023-06-03T17:53:30.000,HPD,unsanitary condition,PESTS,10470.0,Closed,4.0,3.0,4.0,2.0,37.86020833333333,0,0.0,0.1689
57430014,2023-04-26 21:14:54,2023-04-26T21:44:21.000,NYPD,illegal parking,Blocked Bike Lane,11222.0,Closed,6.0,6.0,4.0,2.0,0.0204513888888888,13,10.0,0.35
57430526,2023-04-26 21:16:09,2023-04-26T21:18:20.000,NYPD,noise - vehicle,Car/Truck Music,10002.0,Closed,3.0,1.0,3.0,2.0,0.0015162037037037,1,3.0,0.1283
57427505,2023-04-26 21:17:16,2023-04-26T22:44:04.000,NYPD,noise - street/sidewalk,Loud Music/Party,11201.0,Closed,5.0,4.0,6.0,4.0,0.0602777777777777,0,0.0,0.2133
57429773,2023-04-26 21:17:26,2023-04-27T04:17:29.000,NYPD,illegal fireworks,Unknown,11103.0,Closed,9.0,3.0,4.0,2.0,0.2917013888888889,0,0.0,0.3005
57429143,2023-04-26 21:17:37,2023-04-26T22:46:54.000,NYPD,noise - vehicle,Car/Truck Music,11201.0,Closed,3.0,1.0,3.0,2.0,0.0620023148148148,0,0.0,0.1283
57429751,2023-04-26 21:17:41,2023-04-27T15:13:13.000,HPD,heat/hot water,ENTIRE BUILDING,11374.0,Closed,7.0,3.0,4.0,2.0,0.7468981481481481,3,8.0,0.2902
57428688,2023-04-26 21:20:00,2023-04-26T21:55:00.000,DEP,sewer,Sewer Backup (Use Comments) (SA),10465.0,Closed,8.0,3.0,7.0,2.0,0.0243055555555555,1,3.0,0.55
57428928,2023-04-26 21:20:32,2023-04-29T14:02:36.000,HPD,plumbing,RADIATOR,11222.0,Closed,4.0,3.0,4.0,2.0,2.695879629629629,0,0.0,0.1689
57430118,2023-04-26 21:20:32,2023-04-29T14:02:36.000,HPD,water leak,DAMP SPOT,11222.0,Closed,8.0,3.0,4.0,7.0,2.695879629629629,0,0.0,0.2199
57430325,2023-04-26 21:20:32,2023-04-29T14:02:36.000,HPD,paint/plaster,CEILING,11222.0,Closed,4.0,3.0,4.0,2.0,2.695879629629629,0,0.0,0.1689
57428006,2023-04-26 21:20:43,2023-04-26T22:00:18.000,NYPD,noise - street/sidewalk,Loud Music/Party,11222.0,Closed,5.0,4.0,6.0,4.0,0.0274884259259259,0,0.0,0.2133
57430044,2023-04-26 21:21:16,2023-04-26T23:13:04.000,NYPD,illegal parking,Posted Parking Sign Violation,11221.0,Closed,5.0,5.0,4.0,2.0,0.0776388888888888,3,8.0,0.2595
57432400,2023-04-26 21:21:19,2023-04-26T21:38:16.000,NYPD,illegal parking,Commercial Overnight Parking,11225.0,Closed,5.0,5.0,4.0,2.0,0.0117708333333333,2,6.0,0.2208
57427761,2023-04-26 21:21:35,2023-04-26T22:30:28.000,NYPD,noise - vehicle,Car/Truck Music,11420.0,Closed,3.0,1.0,3.0,2.0,0.0478356481481481,0,0.0,0.1283
57431763,2023-04-26 21:22:03,2023-04-29T13:50:14.000,DSNY,missed collection,Trash,11207.0,Closed,4.0,3.0,4.0,2.0,2.686238425925926,1,3.0,0.1689
57431353,2023-04-26 21:22:25,2023-04-27T03:08:38.000,NYPD,illegal parking,Blocked Hydrant,10301.0,Closed,6.0,6.0,4.0,2.0,0.2404282407407407,2,6.0,0.2208
57430563,2023-04-26 21:22:32,2023-04-26T21:49:21.000,NYPD,noise - vehicle,Car/Truck Music,10017.0,Closed,3.0,1.0,3.0,2.0,0.0186226851851851,0,0.0,0.1283
57432556,2023-04-26 21:23:00,2023-04-27T13:22:00.000,DSNY,derelict vehicles,Derelict Vehicles,11207.0,Closed,4.0,3.0,4.0,2.0,0.6659722222222222,1,3.0,0.1689
57428259,2023-04-26 21:23:48,2023-04-27T03:08:49.000,NYPD,illegal fireworks,Unknown,11101.0,Closed,9.0,3.0,4.0,2.0,0.2395949074074074,0,0.0,0.3005
57430943,2023-04-26 21:24:13,2023-05-05T14:36:28.000,DSNY,missed collection,Bulky Recycling,11432.0,Closed,4.0,3.0,4.0,2.0,8.716840277777777,1,3.0,0.1689
57430707,2023-04-26 21:24:27,2023-04-26T22:04:18.000,NYPD,noise - residential,Loud Music/Party,10472.0,Closed,3.0,1.0,3.0,2.0,0.0276736111111111,0,0.0,0.1283
57423991,2023-04-26 21:24:35,2023-04-26T22:56:55.000,NYPD,noise - vehicle,Car/Truck Horn,11366.0,Closed,3.0,1.0,3.0,2.0,0.0641203703703703,3,8.0,0.1283
57425293,2023-04-26 21:25:13,2023-04-26T22:10:30.000,NYPD,blocked driveway,No Access,11219.0,Closed,5.0,6.0,4.0,2.0,0.0314467592592592,5,10.0,0.35
57428944,2023-04-26 21:25:48,2023-04-26T21:41:28.000,NYPD,illegal parking,Blocked Sidewalk,11204.0,Closed,6.0,6.0,6.0,4.0,0.0108796296296296,8,10.0,0.469
57428007,2023-04-26 21:26:14,2023-04-26T21:26:14.000,DOHMH,rodent,Condition Attracting Rodents,10028.0,Closed,4.0,3.0,4.0,2.0,0.0,2,6.0,0.1689
57430481,2023-04-26 21:26:38,2023-04-26T22:42:04.000,NYPD,noise - street/sidewalk,Loud Talking,10468.0,Closed,5.0,4.0,6.0,4.0,0.0523842592592592,2,6.0,0.2153
57431473,2023-04-26 21:26:48,2023-04-27T02:19:56.000,NYPD,noise - vehicle,Car/Truck Horn,11372.0,Closed,3.0,1.0,3.0,2.0,0.2035648148148148,0,0.0,0.1283
57430544,2023-04-26 21:26:58,2023-04-28T11:32:44.000,HPD,heat/hot water,APARTMENT ONLY,10462.0,Closed,7.0,3.0,4.0,2.0,1.587337962962963,6,10.0,0.3707
57431641,2023-04-26 21:27:06,2023-05-31T15:49:10.000,EDC,noise - helicopter,Other,11238.0,Closed,3.0,1.0,3.0,2.0,34.76532407407407,16,10.0,0.3034
57429026,2023-04-26 21:27:12,2023-04-26T21:56:35.000,NYPD,illegal parking,Blocked Hydrant,10034.0,Closed,6.0,6.0,4.0,2.0,0.0204050925925925,1,3.0,0.2208
57428724,2023-04-26 21:27:19,2023-04-26T21:33:40.000,NYPD,illegal parking,Commercial Overnight Parking,11365.0,Closed,5.0,5.0,4.0,2.0,0.0044097222222222,2,6.0,0.2208
57427772,2023-04-26 21:27:34,2023-04-28T09:10:36.000,DPR,maintenance or facility,Structure - Outdoors,10024.0,Closed,4.0,3.0,4.0,2.0,1.488217592592593,0,0.0,0.1689
57430100,2023-04-26 21:27:47,2023-04-26T21:37:06.000,NYPD,illegal parking,Unauthorized Bus Layover,11225.0,Closed,5.0,5.0,4.0,2.0,0.0064699074074074,3,8.0,0.2575
57428357,2023-04-26 21:28:44,2023-04-26T22:35:54.000,NYPD,noise - residential,Banging/Pounding,10458.0,Closed,3.0,1.0,3.0,2.0,0.0466435185185185,2,6.0,0.1283
57430552,2023-04-26 21:29:25,2023-04-27T13:14:36.000,DSNY,dirty condition,Trash,11201.0,Closed,4.0,3.0,4.0,2.0,0.6563773148148148,1,3.0,0.1689
57429657,2023-04-26 21:29:35,2023-04-26T22:23:01.000,NYPD,illegal parking,Double Parked Blocking Vehicle,11238.0,Closed,5.0,5.0,4.0,2.0,0.0371064814814814,12,10.0,0.35
57432132,2023-04-26 21:29:36,2023-04-26T22:12:05.000,NYPD,noise - residential,Loud Music/Party,10025.0,Closed,3.0,1.0,3.0,2.0,0.0295023148148148,4,10.0,0.1283
57428732,2023-04-26 21:29:50,2023-04-26T22:02:18.000,NYPD,illegal parking,Commercial Overnight Parking,10025.0,Closed,5.0,5.0,4.0,2.0,0.0225462962962962,2,6.0,0.2208
57428817,2023-04-26 21:32:12,2023-04-27T05:23:57.000,NYPD,illegal parking,Commercial Overnight Parking,11434.0,Closed,5.0,5.0,4.0,2.0,0.3276041666666666,0,0.0,0.2208
57430584,2023-04-26 21:32:31,2023-05-31T15:49:11.000,EDC,noise - helicopter,Other,11201.0,Closed,3.0,1.0,3.0,2.0,34.76157407407408,6,10.0,0.3034
57432368,2023-04-26 21:33:30,2023-04-27T17:10:24.000,HPD,heat/hot water,ENTIRE BUILDING,11212.0,Closed,7.0,3.0,4.0,2.0,0.8172916666666666,0,0.0,0.2099
57429539,2023-04-26 21:33:44,2023-04-26T22:14:43.000,DSNY,illegal dumping,Chronic Dumping,10461.0,Closed,4.0,3.0,4.0,2.0,0.0284606481481481,0,0.0,0.1689
57429749,2023-04-26 21:34:09,2023-04-28T19:14:52.000,HPD,heat/hot water,APARTMENT ONLY,11213.0,Closed,7.0,3.0,4.0,2.0,1.903275462962963,0,0.0,0.2099
57425251,2023-04-26 21:34:17,2023-04-26T21:52:26.000,NYPD,non-emergency police matter,Other (complaint details),11375.0,Closed,5.0,3.0,4.0,2.0,0.0126041666666666,1,3.0,0.2138
57429308,2023-04-26 21:34:53,2023-04-26T21:34:53.000,DOHMH,rodent,Rat Sighting,11379.0,Closed,4.0,3.0,4.0,2.0,0.0,0,0.0,0.1689
57428423,2023-04-26 21:35:04,2023-04-26T21:57:24.000,NYPD,noise - street/sidewalk,Loud Music/Party,11217.0,Closed,5.0,4.0,6.0,4.0,0.0155092592592592,0,0.0,0.2133
57427944,2023-04-26 21:35:14,2023-04-27T01:05:18.000,NYPD,illegal parking,Blocked Sidewalk,11218.0,Closed,6.0,6.0,6.0,4.0,0.1458796296296296,10,10.0,0.469
57430433,2023-04-26 21:35:32,2023-04-27T00:22:38.000,NYPD,illegal parking,Commercial Overnight Parking,11411.0,Closed,5.0,5.0,4.0,2.0,0.1160416666666666,0,0.0,0.2208
57430395,2023-04-26 21:36:20,2023-04-27T00:58:15.000,NYPD,illegal parking,Posted Parking Sign Violation,11378.0,Closed,5.0,5.0,4.0,2.0,0.1402199074074074,5,10.0,0.35
57429101,2023-04-26 21:36:24,2023-04-26T21:36:24.000,DOHMH,rodent,Condition Attracting Rodents,10455.0,Closed,4.0,3.0,4.0,2.0,0.0,1,3.0,0.1689
57431306,2023-04-26 21:36:27,2023-04-27T19:51:04.000,HPD,heat/hot water,ENTIRE BUILDING,10025.0,Closed,7.0,3.0,4.0,2.0,0.9268171296296296,3,8.0,0.3015
57427486,2023-04-26 21:36:45,2023-04-27T18:47:33.000,HPD,heat/hot water,ENTIRE BUILDING,11203.0,Closed,7.0,3.0,4.0,2.0,0.8825,5,10.0,0.35
57429296,2023-04-26 21:37:14,2023-05-03T08:39:22.000,DOT,street sign - missing,Stop,11417.0,Closed,4.0,3.0,4.0,2.0,6.459814814814815,0,0.0,0.1689
57431610,2023-04-26 21:37:39,2023-04-27T12:10:00.000,DOT,street condition,Pothole,11218.0,Closed,8.0,8.0,8.0,7.0,0.6057986111111111,0,0.0,0.5798
57429492,2023-04-26 21:38:13,2023-04-26T22:45:42.000,NYPD,non-emergency police matter,Trespassing,11212.0,Closed,5.0,3.0,4.0,2.0,0.0468634259259259,3,8.0,0.2138
57431601,2023-04-26 21:38:28,2023-04-27T00:23:00.000,NYPD,blocked driveway,No Access,11379.0,Closed,5.0,6.0,4.0,2.0,0.1142592592592592,2,6.0,0.2133
57428023,2023-04-26 21:39:36,2023-04-27T00:14:00.000,NYPD,noise - commercial,Banging/Pounding,10009.0,Closed,3.0,1.0,3.0,2.0,0.1072222222222222,0,0.0,0.1283
57423613,2023-04-26 21:41:00,2023-04-28T00:45:00.000,DEP,noise,Noise: Construction Before/After Hours (NM1),11368.0,Closed,3.0,7.0,3.0,2.0,1.1277777777777778,0,0.0,0.1283
57426779,2023-04-26 21:41:32,2023-06-26T11:29:03.000,DPR,maintenance or facility,Unsecured Facility,11226.0,Closed,4.0,3.0,4.0,2.0,60.57466435185185,2,6.0,0.2583
57430537,2023-04-26 21:41:55,2023-06-04T12:55:24.000,DPR,root/sewer/sidewalk condition,Trees and Sidewalks Program,10459.0,Closed,8.0,4.0,7.0,4.0,38.634363425925926,0,0.0,0.55
57430139,2023-04-26 21:41:57,2023-04-26T22:54:14.000,NYPD,noise - commercial,Loud Music/Party,11222.0,Closed,3.0,1.0,3.0,2.0,0.0501967592592592,0,0.0,0.1283
57427891,2023-04-26 21:42:02,2023-04-27T03:07:51.000,NYPD,illegal parking,Blocked Hydrant,10301.0,Closed,6.0,6.0,4.0,2.0,0.226261574074074,3,8.0,0.2642
57432404,2023-04-26 21:42:30,2023-04-29T12:14:33.000,HPD,heat/hot water,ENTIRE BUILDING,11103.0,Closed,7.0,3.0,4.0,2.0,2.605590277777778,2,6.0,0.35
57430718,2023-04-26 21:43:05,2023-04-26T22:49:51.000,NYPD,noise - residential,Loud Music/Party,10019.0,Closed,3.0,1.0,3.0,2.0,0.0463657407407407,1,3.0,0.1283
57427642,2023-04-26 21:43:33,2023-04-26T22:27:08.000,NYPD,noise - park,Loud Talking,11223.0,Closed,3.0,1.0,3.0,2.0,0.0302662037037037,0,0.0,0.1283
57432387,2023-04-26 21:44:00,2023-05-02T04:45:00.000,DEP,noise,"Noise, Other Animals (NR6)",10467.0,Closed,3.0,1.0,3.0,2.0,5.292361111111111,2,6.0,0.1283
57431351,2023-04-26 21:46:04,2023-04-26T22:29:48.000,NYPD,noise - commercial,Banging/Pounding,11212.0,Closed,3.0,1.0,3.0,2.0,0.0303703703703703,0,0.0,0.1283
57431531,2023-04-26 21:46:35,2023-04-26T21:47:33.000,NYPD,noise - street/sidewalk,Loud Music/Party,10456.0,Closed,5.0,4.0,6.0,4.0,0.0006712962962962,2,6.0,0.2134
57428320,2023-04-26 21:46:38,2023-04-26T22:38:06.000,NYPD,illegal parking,Blocked Bike Lane,10012.0,Closed,6.0,6.0,4.0,2.0,0.0357407407407407,2,6.0,0.2208
57429849,2023-04-26 21:47:16,2023-06-09T11:50:14.000,TLC,for hire vehicle complaint,Driver Complaint - Non Passenger,10012.0,Closed,4.0,3.0,4.0,2.0,43.58539351851852,0,0.0,0.1689
57428435,2023-04-26 21:48:00,2023-04-26T23:23:06.000,NYPD,noise - residential,Loud Music/Party,10039.0,Closed,3.0,1.0,3.0,2.0,0.0660416666666666,1,3.0,0.1283
57428030,2023-04-26 21:48:56,2023-04-28T15:45:46.000,DOT,street condition,Failed Street Repair,11221.0,Closed,8.0,7.0,7.0,7.0,1.747800925925926,0,0.0,0.55
57432316,2023-04-26 21:49:08,2023-04-27T22:00:28.000,HPD,heat/hot water,APARTMENT ONLY,11225.0,Closed,7.0,3.0,4.0,2.0,1.0078703703703704,0,0.0,0.2099
57428400,2023-04-26 21:49:11,2023-04-28T18:12:47.000,HPD,heat/hot water,ENTIRE BUILDING,10019.0,Closed,7.0,3.0,4.0,2.0,1.8497222222222225,0,0.0,0.2099
57431299,2023-04-26 21:49:26,2023-06-04T18:13:50.000,HPD,unsanitary condition,PESTS,10037.0,Closed,4.0,3.0,4.0,2.0,38.85027777777778,0,0.0,0.1689
57428680,2023-04-26 21:49:33,2023-04-26T22:21:13.000,NYPD,noise - residential,Loud Music/Party,10463.0,Closed,3.0,1.0,3.0,2.0,0.0219907407407407,1,3.0,0.1283
57428697,2023-04-26 21:49:49,2023-05-30T14:40:38.000,HPD,paint/plaster,CEILING,10467.0,Closed,4.0,3.0,4.0,2.0,33.70195601851852,6,10.0,0.354
57428356,2023-04-26 21:50:29,2024-06-04T00:16:00.000,DOHMH,food establishment,Bare Hands in Contact w/ Food,10022.0,Closed,4.0,3.0,4.0,2.0,404.1010532407407,0,0.0,0.1689
57429172,2023-04-26 21:50:36,2023-04-27T00:41:23.000,NYPD,blocked driveway,No Access,11214.0,Closed,5.0,6.0,4.0,2.0,0.118599537037037,4,10.0,0.35
57430227,2023-04-26 21:50:40,2023-04-26T21:57:09.000,NYPD,illegal parking,Posted Parking Sign Violation,11432.0,Closed,5.0,5.0,4.0,2.0,0.0045023148148148,0,0.0,0.2208
57428681,2023-04-26 21:51:14,2023-04-26T22:21:47.000,NYPD,noise - residential,Loud Music/Party,10463.0,Closed,3.0,1.0,3.0,2.0,0.0212152777777777,2,6.0,0.1283
57430369,2023-04-26 21:52:00,2023-04-27T01:33:46.000,NYPD,blocked driveway,No Access,11365.0,Closed,5.0,6.0,4.0,2.0,0.1540046296296296,1,3.0,0.2133
57432197,2023-04-26 21:52:02,2023-04-26T22:45:08.000,NYPD,noise - residential,Loud Music/Party,11212.0,Closed,3.0,1.0,3.0,2.0,0.036875,2,6.0,0.1283
57428578,2023-04-26 21:52:10,2023-04-26T21:56:15.000,NYPD,noise - street/sidewalk,Loud Music/Party,10470.0,Closed,5.0,4.0,6.0,4.0,0.0028356481481481,0,0.0,0.2133
57429196,2023-04-26 21:53:51,2023-04-26T23:25:10.000,NYPD,illegal parking,Blocked Hydrant,11219.0,Closed,6.0,6.0,4.0,2.0,0.0634143518518518,5,10.0,0.35
57429438,2023-04-26 21:54:10,2023-04-26T22:29:01.000,NYPD,blocked driveway,No Access,11238.0,Closed,5.0,6.0,4.0,2.0,0.0242013888888888,0,0.0,0.2133
57432513,2023-04-26 21:55:01,2023-04-27T01:23:05.000,NYPD,noise - residential,Banging/Pounding,10451.0,Closed,3.0,1.0,3.0,2.0,0.1444907407407407,1,3.0,0.1283
57428906,2023-04-26 21:55:13,2023-04-27T20:15:42.000,HPD,heat/hot water,ENTIRE BUILDING,10003.0,Closed,7.0,3.0,4.0,2.0,0.9308912037037036,0,0.0,0.2099
57430090,2023-04-26 21:55:13,2023-04-27T01:38:14.000,NYPD,illegal parking,Blocked Hydrant,11365.0,Closed,6.0,6.0,4.0,2.0,0.1548726851851851,3,8.0,0.2619
57430680,2023-04-26 21:55:14,2023-04-27T20:15:41.000,HPD,heat/hot water,APARTMENT ONLY,10009.0,Closed,7.0,3.0,4.0,2.0,0.9308680555555556,0,0.0,0.2099
57423649,2023-04-26 21:56:00,2023-04-27T12:32:00.000,DEP,noise,"Noise, Barking Dog (NR5)",11385.0,Closed,3.0,1.0,3.0,2.0,0.6083333333333333,0,0.0,0.1283
57430329,2023-04-26 21:56:08,2023-04-26T22:21:03.000,NYPD,illegal parking,Posted Parking Sign Violation,10468.0,Closed,5.0,5.0,4.0,2.0,0.0173032407407407,4,10.0,0.35
57430848,2023-04-26 21:56:34,2023-04-27T02:30:25.000,NYPD,noise - residential,Banging/Pounding,11372.0,Closed,3.0,1.0,3.0,2.0,0.1901736111111111,1,3.0,0.1283
57425665,2023-04-26 21:56:45,2023-04-26T22:25:06.000,NYPD,noise - residential,Loud Talking,11375.0,Closed,3.0,1.0,3.0,2.0,0.0196875,2,6.0,0.1283
57430192,2023-04-26 21:58:31,2023-04-26T22:27:14.000,NYPD,illegal parking,Commercial Overnight Parking,11209.0,Closed,5.0,5.0,4.0,2.0,0.0199421296296296,3,8.0,0.2579
57429535,2023-04-26 21:58:55,2023-04-26T22:50:43.000,NYPD,noise - street/sidewalk,Loud Music/Party,11211.0,Closed,5.0,4.0,6.0,4.0,0.0359722222222222,0,0.0,0.2133
57432699,2023-04-26 21:59:00,,DEP,hazardous materials,Chemical Odor (HD1),10016.0,Started,9.0,3.0,4.0,2.0,1260.8739694093288,0,0.0,0.4256
57430906,2023-04-26 21:59:04,2023-04-26T23:15:25.000,NYPD,noise - residential,Loud Music/Party,11423.0,Closed,3.0,1.0,3.0,2.0,0.0530208333333333,0,0.0,0.1283
57430228,2023-04-26 21:59:12,2023-04-27T02:33:25.000,NYPD,noise - residential,Banging/Pounding,10451.0,Closed,3.0,1.0,3.0,2.0,0.1904282407407407,2,6.0,0.1283
57430394,2023-04-26 21:59:17,2023-04-27T01:38:09.000,NYPD,illegal parking,Blocked Hydrant,11230.0,Closed,6.0,6.0,4.0,2.0,0.1519907407407407,10,10.0,0.35
57429164,2023-04-26 21:59:19,2023-04-26T23:08:11.000,NYPD,blocked driveway,No Access,11233.0,Closed,5.0,6.0,4.0,2.0,0.047824074074074,2,6.0,0.2133
57432718,2023-04-26 22:00:05,2023-04-27T03:22:28.000,NYPD,blocked driveway,No Access,11368.0,Closed,5.0,6.0,4.0,2.0,0.2238773148148148,4,10.0,0.35
57431677,2023-04-26 22:00:06,2023-04-26T23:08:03.000,NYPD,illegal parking,Blocked Hydrant,11215.0,Closed,6.0,6.0,4.0,2.0,0.0471875,9,10.0,0.35
57430075,2023-04-26 22:00:40,2023-04-27T01:13:19.000,NYPD,noise - street/sidewalk,Loud Music/Party,11211.0,Closed,5.0,4.0,6.0,4.0,0.1337847222222222,1,3.0,0.2133
57430910,2023-04-26 22:00:52,2023-05-12T10:48:10.000,DPR,new tree request,For One Address,11229.0,Closed,4.0,3.0,4.0,2.0,15.53284722222222,2,6.0,0.1961
57432054,2023-04-26 22:01:19,2023-05-09T14:27:09.000,HPD,paint/plaster,WALL,11216.0,Closed,4.0,3.0,4.0,2.0,12.68460648148148,0,0.0,0.1689
57429977,2023-04-26 22:01:22,2023-04-26T22:46:17.000,NYPD,noise - street/sidewalk,Loud Talking,10013.0,Closed,5.0,4.0,6.0,4.0,0.0311921296296296,0,0.0,0.2133
57428727,2023-04-26 22:01:35,2023-06-05T20:46:25.000,HPD,water leak,HEAVY FLOW,10452.0,Closed,8.0,3.0,4.0,7.0,39.947800925925925,3,8.0,0.45
57432031,2023-04-26 22:02:53,2023-04-27T00:54:44.000,NYPD,illegal parking,Blocked Hydrant,11211.0,Closed,6.0,6.0,4.0,2.0,0.1193402777777777,4,10.0,0.35
57429907,2023-04-26 22:03:37,2023-04-26T22:35:26.000,NYPD,noise - commercial,Loud Music/Party,11235.0,Closed,3.0,1.0,3.0,2.0,0.0220949074074074,0,0.0,0.1283
57428446,2023-04-26 22:04:27,2023-05-06T16:28:32.000,HPD,paint/plaster,CEILING,11233.0,Closed,4.0,3.0,4.0,2.0,9.766724537037035,1,3.0,0.1689
57431213,2023-04-26 22:04:27,2023-05-06T16:28:32.000,HPD,water leak,HEAVY FLOW,11233.0,Closed,8.0,3.0,4.0,7.0,9.766724537037035,0,0.0,0.2344
57429405,2023-04-26 22:05:00,2023-04-27T12:25:00.000,DEP,noise,"Noise, Barking Dog (NR5)",10462.0,Closed,3.0,1.0,3.0,2.0,0.5972222222222222,1,3.0,0.1283
57428011,2023-04-26 22:05:52,2023-04-27T02:34:01.000,NYPD,noise - street/sidewalk,Loud Talking,10452.0,Closed,5.0,4.0,6.0,4.0,0.1862152777777777,1,3.0,0.2133
57427941,2023-04-26 22:07:15,2023-04-26T22:35:37.000,NYPD,noise - commercial,Loud Music/Party,11235.0,Closed,3.0,1.0,3.0,2.0,0.019699074074074,1,3.0,0.1283
57429854,2023-04-26 22:07:31,2023-06-13T09:14:52.000,TLC,for hire vehicle complaint,Driver Complaint - Non Passenger,10003.0,Closed,4.0,3.0,4.0,2.0,47.4634375,1,3.0,0.2357
57429526,2023-04-26 22:07:41,2023-04-26T23:08:59.000,NYPD,illegal parking,Blocked Hydrant,11418.0,Closed,6.0,6.0,4.0,2.0,0.0425694444444444,2,6.0,0.2208
57424620,2023-04-26 22:08:08,2023-04-27T13:05:33.000,DCWP,consumer complaint,Other,10451.0,Closed,4.0,3.0,4.0,2.0,0.6232060185185185,0,0.0,0.1689
57431644,2023-04-26 22:08:46,2023-04-26T22:24:43.000,NYPD,noise - vehicle,Engine Idling,11223.0,Closed,3.0,1.0,3.0,2.0,0.0110763888888888,0,0.0,0.1283
57430067,2023-04-26 22:08:53,2023-04-26T22:33:48.000,NYPD,noise - street/sidewalk,Loud Music/Party,10030.0,Closed,5.0,4.0,6.0,4.0,0.0173032407407407,2,6.0,0.214
57428198,2023-04-26 22:09:00,2023-04-26T23:50:00.000,DOT,traffic signal condition,Controller,10030.0,Closed,9.0,10.0,8.0,2.0,0.0701388888888888,0,0.0,0.7209
57430511,2023-04-26 22:09:41,2023-04-26T22:09:41.000,DOHMH,rodent,Signs of Rodents,10461.0,Closed,4.0,3.0,4.0,2.0,0.0,0,0.0,0.1689
57431551,2023-04-26 22:09:46,2023-04-26T22:35:32.000,NYPD,noise - commercial,Loud Music/Party,11235.0,Closed,3.0,1.0,3.0,2.0,0.0178935185185185,2,6.0,0.1283
57431822,2023-04-26 22:10:00,2023-04-27T01:30:00.000,DOT,traffic signal condition,Underground,11429.0,Closed,9.0,10.0,8.0,2.0,0.1388888888888889,0,0.0,0.7209
57429838,2023-04-26 22:10:15,2023-04-27T08:42:47.000,HPD,heat/hot water,ENTIRE BUILDING,11373.0,Closed,7.0,3.0,4.0,2.0,0.4392592592592592,0,0.0,0.2099
57430886,2023-04-26 22:10:22,2023-04-26T23:14:33.000,NYPD,animal-abuse,Neglected,11217.0,Closed,4.0,3.0,4.0,2.0,0.0445717592592592,0,0.0,0.1689
57429875,2023-04-26 22:10:24,2023-05-04T19:53:03.000,HPD,appliance,ELECTRIC/GAS RANGE,11208.0,Closed,4.0,3.0,4.0,2.0,7.904618055555556,1,3.0,0.1689
57432412,2023-04-26 22:10:24,2023-05-05T11:20:59.000,HPD,safety,CARBON MONOXIDE DETECTOR,11208.0,Closed,4.0,3.0,4.0,2.0,8.549016203703705,0,0.0,0.1689
57432069,2023-04-26 22:10:24,2023-05-04T19:53:04.000,HPD,safety,SMOKE DETECTOR,11208.0,Closed,4.0,3.0,4.0,2.0,7.904629629629629,1,3.0,0.1689
57432720,2023-04-26 22:10:25,2023-04-27T05:20:02.000,DSNY,dirty condition,Trash,11226.0,Closed,4.0,3.0,4.0,2.0,0.2983449074074074,0,0.0,0.1689
57428780,2023-04-26 22:10:28,2023-04-28T13:28:50.000,HPD,heat/hot water,APARTMENT ONLY,10456.0,Closed,7.0,3.0,4.0,2.0,1.6377546296296297,5,10.0,0.3759
57432144,2023-04-26 22:10:30,2023-04-26T22:36:41.000,NYPD,noise - residential,Banging/Pounding,10468.0,Closed,3.0,1.0,3.0,2.0,0.0181828703703703,5,10.0,0.1283
57428288,2023-04-26 22:10:32,2023-05-16T20:45:27.000,HPD,unsanitary condition,PESTS,11236.0,Closed,4.0,3.0,4.0,2.0,19.94091435185185,1,3.0,0.1689
57431547,2023-04-26 22:10:32,2023-04-28T19:01:48.000,HPD,heat/hot water,APARTMENT ONLY,11236.0,Closed,7.0,3.0,4.0,2.0,1.8689351851851848,0,0.0,0.2099
57428592,2023-04-26 22:10:38,2023-04-27T01:52:42.000,NYPD,illegal parking,Posted Parking Sign Violation,11235.0,Closed,5.0,5.0,4.0,2.0,0.1542129629629629,2,6.0,0.2208
57430179,2023-04-26 22:10:47,2023-05-08T09:40:08.000,HPD,electric,OUTLET/SWITCH,11377.0,Closed,4.0,3.0,4.0,2.0,11.478715277777775,0,0.0,0.1689
57430366,2023-04-26 22:11:47,2023-04-26T22:45:47.000,NYPD,noise - residential,Banging/Pounding,10472.0,Closed,3.0,1.0,3.0,2.0,0.0236111111111111,1,3.0,0.1283
57429656,2023-04-26 22:13:00,2023-04-27T00:30:00.000,DOT,traffic signal condition,Controller,10030.0,Closed,9.0,10.0,8.0,2.0,0.0951388888888888,1,3.0,0.7209
57430640,2023-04-26 22:13:26,2023-04-27T05:45:32.000,DHS,homeless person assistance,Unknown,10003.0,Closed,4.0,3.0,4.0,2.0,0.3139583333333333,0,0.0,0.1689
57431262,2023-04-26 22:13:33,2023-05-11T10:48:56.000,HPD,door/window,WINDOW FRAME,11693.0,Closed,4.0,3.0,4.0,2.0,14.52457175925926,0,0.0,0.1689
57432002,2023-04-26 22:13:34,2023-04-27T16:17:05.000,DOHMH,rodent,Mouse Sighting,10461.0,Closed,4.0,3.0,4.0,2.0,0.7524421296296296,1,3.0,0.1689
57429897,2023-04-26 22:13:37,2023-05-01T14:08:09.000,HPD,plumbing,WATER SUPPLY,11224.0,Closed,4.0,3.0,9.0,2.0,4.662870370370371,0,0.0,0.1689
57432702,2023-04-26 22:14:00,2023-04-27T23:45:00.000,DEP,noise,Noise: Construction Equipment (NC1),11385.0,Closed,3.0,7.0,3.0,2.0,1.0631944444444446,1,3.0,0.1283
57424573,2023-04-26 22:14:36,2023-04-26T23:25:14.000,NYPD,noise - residential,Loud Music/Party,10459.0,Closed,3.0,1.0,3.0,2.0,0.0490509259259259,0,0.0,0.1283
57424878,2023-04-26 22:14:57,2023-04-26T22:24:36.000,NYPD,noise - commercial,Loud Talking,11414.0,Closed,3.0,1.0,3.0,2.0,0.0067013888888888,0,0.0,0.1283
57432166,2023-04-26 22:15:00,2023-04-27T00:10:00.000,DOT,traffic signal condition,Controller,10030.0,Closed,9.0,10.0,8.0,2.0,0.0798611111111111,2,6.0,0.7209
57428565,2023-04-26 22:15:30,2023-04-28T11:11:00.000,DOT,street condition,Pothole,11106.0,Closed,8.0,8.0,8.0,7.0,1.5385416666666667,1,3.0,0.5798
57432469,2023-04-26 22:15:45,2023-04-26T22:30:19.000,NYPD,illegal parking,Posted Parking Sign Violation,11205.0,Closed,5.0,5.0,4.0,2.0,0.0101157407407407,11,10.0,0.35
57429309,2023-04-26 22:16:20,2023-04-26T23:09:38.000,NYPD,noise - commercial,Loud Music/Party,10014.0,Closed,3.0,1.0,3.0,2.0,0.0370138888888888,0,0.0,0.1283
57432403,2023-04-26 22:16:36,2023-04-27T20:45:11.000,HPD,heat/hot water,ENTIRE BUILDING,11429.0,Closed,7.0,3.0,4.0,2.0,0.9365162037037036,0,0.0,0.2099
57431141,2023-04-26 22:16:37,2023-05-05T12:25:30.000,HPD,paint/plaster,WALL,10471.0,Closed,4.0,3.0,4.0,2.0,8.589502314814816,0,0.0,0.1689
57432329,2023-04-26 22:16:40,2023-04-26T22:56:52.000,NYPD,noise - residential,Banging/Pounding,10011.0,Closed,3.0,1.0,3.0,2.0,0.0279166666666666,1,3.0,0.1283
57432656,2023-04-26 22:16:52,2023-04-26T22:47:44.000,NYPD,noise - street/sidewalk,Loud Music/Party,10025.0,Closed,5.0,4.0,6.0,4.0,0.0214351851851851,1,3.0,0.2133
57427621,2023-04-26 22:17:00,2023-04-28T10:56:00.000,DEP,lead,Lead Kit Request (Residential) (L10),10128.0,Closed,4.0,3.0,4.0,2.0,1.5270833333333331,0,0.0,0.1689
57429431,2023-04-26 22:17:00,2023-04-28T22:12:00.000,DEP,noise,Noise: Construction Before/After Hours (NM1),10010.0,Closed,3.0,7.0,3.0,2.0,1.9965277777777777,3,8.0,0.1283
57431758,2023-04-26 22:17:03,2023-04-27T01:37:58.000,NYPD,illegal parking,Blocked Crosswalk,11379.0,Closed,6.0,6.0,4.0,2.0,0.1395254629629629,10,10.0,0.35
57428016,2023-04-26 22:18:22,2023-04-26T22:42:19.000,NYPD,illegal parking,Commercial Overnight Parking,11235.0,Closed,5.0,5.0,4.0,2.0,0.0166319444444444,3,8.0,0.2578
57430564,2023-04-26 22:18:28,2023-04-29T05:24:15.000,DSNY,dirty condition,Trash,10022.0,Closed,4.0,3.0,4.0,2.0,2.29568287037037,0,0.0,0.1689
57428707,2023-04-26 22:18:46,2023-04-26T22:32:50.000,NYPD,illegal parking,Blocked Crosswalk,11205.0,Closed,6.0,6.0,4.0,2.0,0.0097685185185185,12,10.0,0.35
57429540,2023-04-26 22:19:00,2023-04-26T23:10:51.000,NYPD,noise - park,Loud Music/Party,11385.0,Closed,3.0,1.0,3.0,2.0,0.0360069444444444,0,0.0,0.1283
57427580,2023-04-26 22:19:04,2023-04-27T03:11:22.000,NYPD,noise - vehicle,Car/Truck Music,10305.0,Closed,3.0,1.0,3.0,2.0,0.2029861111111111,0,0.0,0.1283
57432033,2023-04-26 22:19:40,2023-04-27T19:50:08.000,HPD,heat/hot water,ENTIRE BUILDING,10029.0,Closed,7.0,3.0,4.0,2.0,0.8961574074074075,3,8.0,0.2994
57429717,2023-04-26 22:20:00,2023-04-27T02:03:00.000,DSNY,derelict vehicles,Derelict Vehicles,11421.0,Closed,4.0,3.0,4.0,2.0,0.1548611111111111,0,0.0,0.1689
57428554,2023-04-26 22:20:41,2023-04-27T02:30:43.000,NYPD,noise - residential,Loud Music/Party,11372.0,Closed,3.0,1.0,3.0,2.0,0.1736342592592592,2,6.0,0.1283
57429126,2023-04-26 22:21:19,2023-04-27T00:21:36.000,NYPD,noise - residential,Banging/Pounding,11230.0,Closed,3.0,1.0,3.0,2.0,0.0835300925925925,2,6.0,0.1283
57432449,2023-04-26 22:22:11,2023-04-26T22:31:58.000,NYPD,illegal parking,Blocked Hydrant,11205.0,Closed,6.0,6.0,4.0,2.0,0.0067939814814814,13,10.0,0.35
57428873,2023-04-26 22:22:39,2023-05-04T06:18:12.000,HPD,paint/plaster,WALL,10456.0,Closed,4.0,3.0,4.0,2.0,7.330243055555556,2,6.0,0.1689
57426421,2023-04-26 22:22:39,2023-05-04T06:18:12.000,HPD,unsanitary condition,MOLD,10456.0,Closed,4.0,3.0,4.0,2.0,7.330243055555556,5,10.0,0.2538
57431317,2023-04-26 22:22:39,2023-05-04T06:18:12.000,HPD,unsanitary condition,PESTS,10456.0,Closed,4.0,3.0,4.0,2.0,7.330243055555556,6,10.0,0.2538
57430907,2023-04-26 22:23:17,2023-04-26T22:40:59.000,NYPD,noise - residential,Loud Music/Party,10032.0,Closed,3.0,1.0,3.0,2.0,0.0122916666666666,3,8.0,0.1283
57430459,2023-04-26 22:23:33,2023-04-26T23:04:08.000,NYPD,noise - residential,Banging/Pounding,10458.0,Closed,3.0,1.0,3.0,2.0,0.0281828703703703,3,8.0,0.1283
57431136,2023-04-26 22:24:11,2023-04-27T01:22:05.000,NYPD,noise - residential,Banging/Pounding,10457.0,Closed,3.0,1.0,3.0,2.0,0.1235416666666666,1,3.0,0.1283
57431052,2023-04-26 22:25:42,2023-06-13T07:02:49.000,TLC,for hire vehicle complaint,Driver Complaint - Non Passenger,10002.0,Closed,4.0,3.0,4.0,2.0,47.3591087962963,1,3.0,0.2357
57429953,2023-04-26 22:25:44,2023-04-28T19:14:40.000,HPD,heat/hot water,ENTIRE BUILDING,11217.0,Closed,7.0,3.0,4.0,2.0,1.8673148148148149,1,3.0,0.2527
57428714,2023-04-26 22:26:04,2023-04-26T22:26:04.000,DOHMH,rodent,Rat Sighting,11217.0,Closed,4.0,3.0,4.0,2.0,0.0,1,3.0,0.1689
57430927,2023-04-26 22:26:06,2023-04-27T01:27:43.000,NYPD,noise - residential,Loud Music/Party,10024.0,Closed,3.0,1.0,3.0,2.0,0.1261226851851851,1,3.0,0.1283
57423214,2023-04-26 22:26:46,2023-04-27T01:38:51.000,NYPD,illegal parking,Commercial Overnight Parking,11379.0,Closed,5.0,5.0,4.0,2.0,0.1333912037037037,11,10.0,0.35
57425041,2023-04-26 22:27:22,2023-04-26T23:00:39.000,NYPD,noise - commercial,Loud Talking,11201.0,Closed,3.0,1.0,3.0,2.0,0.0231134259259259,0,0.0,0.1283
57426021,2023-04-26 22:27:46,2023-04-27T00:23:42.000,NYPD,illegal parking,Blocked Hydrant,11432.0,Closed,6.0,6.0,4.0,2.0,0.0805092592592592,1,3.0,0.2208
57428863,2023-04-26 22:28:12,2023-04-26T22:56:15.000,NYPD,drug activity,Use Outside,11366.0,Closed,4.0,3.0,4.0,2.0,0.0194791666666666,16,10.0,0.1689
57431515,2023-04-26 22:28:15,2023-04-26T22:45:21.000,NYPD,noise - residential,Loud Music/Party,11210.0,Closed,3.0,1.0,3.0,2.0,0.011875,1,3.0,0.1283
57430298,2023-04-26 22:28:30,2023-04-27T04:16:02.000,NYPD,blocked driveway,No Access,10454.0,Closed,5.0,6.0,4.0,2.0,0.2413425925925925,1,3.0,0.2133
57431168,2023-04-26 22:29:00,2023-04-27T21:00:00.000,DEP,noise,Noise: Construction Before/After Hours (NM1),10017.0,Closed,3.0,7.0,3.0,2.0,0.9381944444444444,0,0.0,0.1283
57432347,2023-04-26 22:29:48,2023-04-26T22:41:52.000,NYPD,noise - residential,Banging/Pounding,10032.0,Closed,3.0,1.0,3.0,2.0,0.0083796296296296,4,10.0,0.1283
57432497,2023-04-26 22:30:53,2023-04-26T22:33:48.000,NYPD,abandoned vehicle,With License Plate,11205.0,Closed,4.0,3.0,4.0,2.0,0.0020254629629629,1,3.0,0.1689
57427178,2023-04-26 22:32:00,2023-04-28T20:45:00.000,DEP,noise,Noise: Construction Before/After Hours (NM1),10001.0,Closed,3.0,7.0,3.0,2.0,1.9256944444444444,0,0.0,0.1283
57431670,2023-04-26 22:32:09,2023-04-27T00:51:45.000,NYPD,blocked driveway,No Access,11358.0,Closed,5.0,6.0,4.0,2.0,0.0969444444444444,1,3.0,0.2133
57431672,2023-04-26 22:32:11,2023-04-28T18:06:28.000,HPD,heat/hot water,ENTIRE BUILDING,10044.0,Closed,7.0,3.0,4.0,2.0,1.815474537037037,0,0.0,0.2099
57426439,2023-04-26 22:32:23,2023-05-22T08:45:14.000,HPD,unsanitary condition,PESTS,10461.0,Closed,4.0,3.0,4.0,2.0,25.42559027777778,1,3.0,0.2357
57428393,2023-04-26 22:32:24,2023-04-27T04:16:34.000,NYPD,blocked driveway,No Access,10454.0,Closed,5.0,6.0,4.0,2.0,0.2390046296296296,2,6.0,0.2133
57432043,2023-04-26 22:32:33,2023-05-22T08:45:14.000,HPD,unsanitary condition,PESTS,10461.0,Closed,4.0,3.0,4.0,2.0,25.42547453703704,2,6.0,0.2583
57432480,2023-04-26 22:33:33,2023-04-26T22:39:03.000,NYPD,noise - commercial,Loud Talking,10472.0,Closed,3.0,1.0,3.0,2.0,0.0038194444444444,0,0.0,0.1283
57426079,2023-04-26 22:35:00,2023-04-27T22:23:00.000,DEP,noise,Noise: Construction Before/After Hours (NM1),10001.0,Closed,3.0,7.0,3.0,2.0,0.9916666666666668,1,3.0,0.1283
57427304,2023-04-26 22:35:41,2023-04-27T03:25:16.000,NYPD,noise - vehicle,Engine Idling,10466.0,Closed,3.0,1.0,3.0,2.0,0.201099537037037,0,0.0,0.1283
57428849,2023-04-26 22:35:41,2023-05-18T19:04:49.000,HPD,paint/plaster,CEILING,10461.0,Closed,4.0,3.0,4.0,2.0,21.853564814814813,4,10.0,0.3419
57430901,2023-04-26 22:35:42,2023-04-27T04:08:14.000,NYPD,illegal parking,Commercial Overnight Parking,10461.0,Closed,5.0,5.0,4.0,2.0,0.2309259259259259,4,10.0,0.35
57432597,2023-04-26 22:37:32,2023-04-27T02:20:19.000,NYPD,illegal parking,Blocked Hydrant,11235.0,Closed,6.0,6.0,4.0,2.0,0.1547106481481481,4,10.0,0.35
57428605,2023-04-26 22:38:04,2023-04-26T23:07:34.000,NYPD,noise - street/sidewalk,Loud Talking,10024.0,Closed,5.0,4.0,6.0,4.0,0.0204861111111111,0,0.0,0.2133
57430010,2023-04-26 22:38:53,2023-04-26T22:41:51.000,NYPD,noise - street/sidewalk,Loud Music/Party,11101.0,Closed,5.0,4.0,6.0,4.0,0.0020601851851851,1,3.0,0.2133
57427789,2023-04-26 22:39:51,2023-04-26T23:00:27.000,NYPD,illegal parking,Blocked Hydrant,11228.0,Closed,6.0,6.0,4.0,2.0,0.0143055555555555,2,6.0,0.2208
57428626,2023-04-26 22:40:25,2023-04-26T22:49:34.000,NYPD,noise - commercial,Loud Music/Party,10029.0,Closed,3.0,1.0,3.0,2.0,0.0063541666666666,0,0.0,0.1283
57424910,2023-04-26 22:41:02,2023-04-26T23:01:56.000,NYPD,noise - commercial,Loud Music/Party,11235.0,Closed,3.0,1.0,3.0,2.0,0.0145138888888888,3,8.0,0.1283
57431696,2023-04-26 22:41:22,2023-04-27T17:10:11.000,HPD,door/window,DOOR,11207.0,Closed,4.0,3.0,4.0,2.0,0.7700115740740741,0,0.0,0.1689
57428931,2023-04-26 22:41:23,2023-04-27T17:10:11.000,HPD,unsanitary condition,MOLD,11207.0,Closed,4.0,3.0,4.0,2.0,0.77,1,3.0,0.1689
57423346,2023-04-26 22:41:23,2023-04-27T17:10:11.000,HPD,plumbing,BASIN/SINK,11207.0,Closed,4.0,3.0,4.0,2.0,0.77,0,0.0,0.1689
57431602,2023-04-26 22:41:30,2023-04-27T01:24:49.000,NYPD,blocked driveway,No Access,11368.0,Closed,5.0,6.0,4.0,2.0,0.1134143518518518,5,10.0,0.35
57430939,2023-04-26 22:41:40,2023-04-26T23:08:55.000,NYPD,noise - residential,Loud Music/Party,10002.0,Closed,3.0,1.0,3.0,2.0,0.0189236111111111,0,0.0,0.1283
57432647,2023-04-26 22:42:58,2023-04-27T00:14:14.000,NYPD,noise - street/sidewalk,Loud Music/Party,10003.0,Closed,5.0,4.0,6.0,4.0,0.0633796296296296,0,0.0,0.2133
57428739,2023-04-26 22:43:30,2023-04-27T00:15:15.000,NYPD,blocked driveway,No Access,11204.0,Closed,5.0,6.0,4.0,2.0,0.0637152777777777,0,0.0,0.2133
57431240,2023-04-26 22:43:34,2023-04-27T12:06:33.000,DOHMH,rodent,Condition Attracting Rodents,11216.0,Closed,4.0,3.0,4.0,2.0,0.5576273148148149,2,6.0,0.1689
57428953,2023-04-26 22:44:24,2023-04-29T12:14:35.000,HPD,unsanitary condition,PESTS,11369.0,Closed,4.0,3.0,4.0,2.0,2.562627314814814,0,0.0,0.1689
57427672,2023-04-26 22:45:10,2023-04-26T22:50:52.000,NYPD,noise - street/sidewalk,Loud Music/Party,10025.0,Closed,5.0,4.0,6.0,4.0,0.0039583333333333,2,6.0,0.2135
57432283,2023-04-26 22:45:35,2023-04-26T23:17:43.000,NYPD,noise - vehicle,Car/Truck Music,11233.0,Closed,3.0,1.0,3.0,2.0,0.0223148148148148,0,0.0,0.1283
57428736,2023-04-26 22:48:00,2023-04-29T14:20:00.000,DOT,street light condition,Street Light Out,10460.0,Closed,7.0,5.0,6.0,5.0,2.647222222222222,0,0.0,0.3721
57428525,2023-04-26 22:49:17,2023-04-27T02:58:03.000,NYPD,illegal parking,Blocked Hydrant,11373.0,Closed,6.0,6.0,4.0,2.0,0.1727546296296296,6,10.0,0.35
57431579,2023-04-26 22:49:19,2023-04-26T22:51:51.000,NYPD,noise - street/sidewalk,Loud Music/Party,10034.0,Closed,5.0,4.0,6.0,4.0,0.0017592592592592,0,0.0,0.2133
57429065,2023-04-26 22:49:35,2023-04-26T23:20:54.000,NYPD,noise - residential,Loud Music/Party,11221.0,Closed,3.0,1.0,3.0,2.0,0.0217476851851851,2,6.0,0.1283
57429778,2023-04-26 22:49:35,2023-04-26T22:49:35.000,DOHMH,rodent,Rat Sighting,10025.0,Closed,4.0,3.0,4.0,2.0,0.0,2,6.0,0.1689
57424900,2023-04-26 22:50:01,2023-04-27T00:28:02.000,NYPD,noise - residential,Loud Music/Party,11375.0,Closed,3.0,1.0,3.0,2.0,0.0680671296296296,3,8.0,0.1283
57430060,2023-04-26 22:50:04,2023-04-27T02:49:42.000,NYPD,illegal parking,Blocked Hydrant,11417.0,Closed,6.0,6.0,4.0,2.0,0.166412037037037,2,6.0,0.2208
57429198,2023-04-26 22:50:27,2023-05-01T08:19:52.000,HPD,heat/hot water,ENTIRE BUILDING,10026.0,Closed,7.0,3.0,4.0,2.0,4.395428240740741,2,6.0,0.35
57432030,2023-04-26 22:51:22,2023-05-05T00:00:00.000,DSNY,graffiti,Graffiti,11220.0,Closed,5.0,3.0,4.0,2.0,8.047662037037037,0,0.0,0.2138
57431408,2023-04-26 22:51:59,2023-05-12T10:48:11.000,DPR,new tree request,For One Address,11221.0,Closed,4.0,3.0,4.0,2.0,15.497361111111111,1,3.0,0.1689
57432703,2023-04-26 22:53:00,2023-04-27T22:28:00.000,DEP,noise,Noise: Construction Equipment (NC1),10462.0,Closed,3.0,7.0,3.0,2.0,0.9826388888888888,2,6.0,0.1283
57430089,2023-04-26 22:54:40,2023-04-27T02:53:48.000,NYPD,illegal parking,Blocked Hydrant,11373.0,Closed,6.0,6.0,4.0,2.0,0.1660648148148148,7,10.0,0.35
57428033,2023-04-26 22:54:53,2023-04-26T23:04:22.000,NYPD,noise - street/sidewalk,Loud Talking,11229.0,Closed,5.0,4.0,6.0,4.0,0.0065856481481481,0,0.0,0.2133
57428934,2023-04-26 22:55:44,2023-04-27T02:30:08.000,NYPD,illegal parking,Blocked Hydrant,11369.0,Closed,6.0,6.0,4.0,2.0,0.1488888888888888,0,0.0,0.2208
57424176,2023-04-26 22:55:51,2023-04-26T23:57:32.000,NYPD,blocked driveway,Partial Access,11203.0,Closed,5.0,6.0,4.0,2.0,0.0428356481481481,2,6.0,0.2133
57429946,2023-04-26 22:56:00,2023-05-03T23:45:00.000,DEP,noise,Noise: Private Carting Noise (NQ1),10462.0,Closed,3.0,1.0,3.0,2.0,7.034027777777778,3,8.0,0.1308
57429115,2023-04-26 22:57:38,2023-04-29T13:50:51.000,DSNY,illegal dumping,Removal Request,11207.0,Closed,4.0,3.0,4.0,2.0,2.620289351851852,0,0.0,0.1689
57433832,2023-04-26 22:58:42,2023-08-11T00:00:00.000,DOB,special projects inspection team (spit),Illegal Hotel Rooms In Residential Building,10069.0,Closed,4.0,3.0,4.0,2.0,106.04256944444444,0,0.0,0.1689
57431987,2023-04-26 22:58:48,2023-04-26T23:01:05.000,NYPD,noise - residential,Banging/Pounding,11373.0,Closed,3.0,1.0,3.0,2.0,0.0015856481481481,2,6.0,0.1283
57425527,2023-04-26 22:59:35,2023-04-27T20:41:26.000,HPD,heat/hot water,ENTIRE BUILDING,11229.0,Closed,7.0,3.0,4.0,2.0,0.9040625,0,0.0,0.2099
57430070,2023-04-26 22:59:42,2023-05-03T09:38:24.000,DSNY,dumpster complaint,Blocking Sidewalk or Street,11219.0,Closed,5.0,4.0,6.0,4.0,6.4435416666666665,0,0.0,0.2133
57432452,2023-04-26 22:59:50,2023-04-27T03:55:32.000,NYPD,blocked driveway,No Access,10466.0,Closed,5.0,6.0,4.0,2.0,0.2053472222222222,2,6.0,0.2133
57428063,2023-04-26 23:00:16,2023-04-27T00:14:29.000,NYPD,noise - commercial,Loud Music/Party,10003.0,Closed,3.0,1.0,3.0,2.0,0.0515393518518518,1,3.0,0.1283
57430624,2023-04-26 23:01:30,2023-04-26T23:38:44.000,NYPD,illegal parking,Commercial Overnight Parking,11423.0,Closed,5.0,5.0,4.0,2.0,0.0258564814814814,0,0.0,0.2208
57427939,2023-04-26 23:01:43,2023-04-27T00:14:43.000,NYPD,noise - street/sidewalk,Loud Music/Party,10009.0,Closed,5.0,4.0,6.0,4.0,0.0506944444444444,0,0.0,0.2133
57431478,2023-04-26 23:03:35,2023-04-27T07:59:13.000,NYPD,illegal parking,Commercial Overnight Parking,10473.0,Closed,5.0,5.0,4.0,2.0,0.3719675925925926,0,0.0,0.2208
57429549,2023-04-26 23:03:50,2023-04-27T02:22:04.000,NYPD,noise - residential,Loud Music/Party,10461.0,Closed,3.0,1.0,3.0,2.0,0.137662037037037,2,6.0,0.1283
57425148,2023-04-26 23:03:58,2023-04-27T02:41:52.000,NYPD,illegal parking,Commercial Overnight Parking,11230.0,Closed,5.0,5.0,4.0,2.0,0.1513194444444444,11,10.0,0.35
57429149,2023-04-26 23:04:38,2023-04-27T05:19:43.000,NYPD,abandoned vehicle,With License Plate,10462.0,Closed,4.0,3.0,4.0,2.0,0.260474537037037,1,3.0,0.1689
57430385,2023-04-26 23:05:08,2023-04-27T05:40:09.000,DHS,homeless person assistance,Unknown,10024.0,Closed,4.0,3.0,4.0,2.0,0.2743171296296296,1,3.0,0.1689
57429839,2023-04-26 23:05:32,2023-04-28T10:26:44.000,HPD,heat/hot water,APARTMENT ONLY,11206.0,Closed,7.0,3.0,4.0,2.0,1.4730555555555556,2,6.0,0.2364
57429713,2023-04-26 23:05:36,2023-04-27T20:15:42.000,HPD,heat/hot water,ENTIRE BUILDING,10009.0,Closed,7.0,3.0,4.0,2.0,0.8820138888888889,1,3.0,0.2099
57431203,2023-04-26 23:07:00,2023-04-27T02:04:50.000,HPD,heat/hot water,ENTIRE BUILDING,10468.0,Closed,7.0,3.0,4.0,2.0,0.1234953703703703,5,10.0,0.35
57429521,2023-04-26 23:07:01,2023-04-27T00:32:18.000,NYPD,illegal parking,Blocked Crosswalk,11415.0,Closed,6.0,6.0,4.0,2.0,0.059224537037037,1,3.0,0.2208
57429033,2023-04-26 23:08:08,2023-04-26T23:10:51.000,NYPD,noise - residential,Banging/Pounding,11209.0,Closed,3.0,1.0,3.0,2.0,0.001886574074074,1,3.0,0.1283
57431492,2023-04-26 23:09:09,2023-04-27T01:34:28.000,NYPD,noise - residential,Loud Music/Party,11213.0,Closed,3.0,1.0,3.0,2.0,0.1009143518518518,1,3.0,0.1283
57432402,2023-04-26 23:11:00,2023-04-28T10:56:00.000,DEP,lead,Lead Kit Request (Residential) (L10),11222.0,Closed,4.0,3.0,4.0,2.0,1.4895833333333333,1,3.0,0.1689
57429074,2023-04-26 23:11:56,2023-06-25T18:33:59.000,HPD,door/window,DOOR,10455.0,Closed,4.0,3.0,4.0,2.0,59.806979166666665,1,3.0,0.2357
57429648,2023-04-26 23:12:26,2023-04-26T23:23:45.000,NYPD,noise - residential,Banging/Pounding,10473.0,Closed,3.0,1.0,3.0,2.0,0.0078587962962962,3,8.0,0.1283
57431749,2023-04-26 23:12:45,2023-04-26T23:25:35.000,NYPD,noise - residential,Banging/Pounding,10472.0,Closed,3.0,1.0,3.0,2.0,0.008912037037037,2,6.0,0.1283
57428532,2023-04-26 23:13:13,2023-04-27T02:56:47.000,NYPD,illegal parking,Blocked Hydrant,11373.0,Closed,6.0,6.0,4.0,2.0,0.1552546296296296,8,10.0,0.35
57430458,2023-04-26 23:13:31,2023-04-27T00:12:10.000,NYPD,blocked driveway,Partial Access,11238.0,Closed,5.0,6.0,4.0,2.0,0.0407291666666666,1,3.0,0.2133
57428534,2023-04-26 23:13:56,2023-04-27T06:51:23.000,NYPD,illegal parking,Blocked Hydrant,11105.0,Closed,6.0,6.0,4.0,2.0,0.3176736111111111,2,6.0,0.2208
57426773,2023-04-26 23:14:01,2023-04-27T01:01:56.000,NYPD,illegal parking,Posted Parking Sign Violation,11378.0,Closed,5.0,5.0,4.0,2.0,0.0749421296296296,6,10.0,0.35
57427635,2023-04-26 23:14:05,2023-04-26T23:57:55.000,NYPD,noise - street/sidewalk,Loud Music/Party,11235.0,Closed,5.0,4.0,6.0,4.0,0.0304398148148148,0,0.0,0.2133
57432089,2023-04-26 23:14:43,2023-04-27T00:59:40.000,NYPD,illegal parking,Blocked Hydrant,10455.0,Closed,6.0,6.0,4.0,2.0,0.0728819444444444,4,10.0,0.35
57428389,2023-04-26 23:15:25,2023-04-27T01:13:38.000,NYPD,abandoned vehicle,With License Plate,11369.0,Closed,4.0,3.0,4.0,2.0,0.0820949074074074,1,3.0,0.1689
57428441,2023-04-26 23:16:56,2023-04-27T00:13:51.000,NYPD,noise - residential,Loud Music/Party,10038.0,Closed,3.0,1.0,3.0,2.0,0.0395254629629629,1,3.0,0.1283
57432705,2023-04-26 23:17:00,2023-05-09T14:45:00.000,DEP,hazardous materials,Chemical Odor (HD1),10065.0,Closed,9.0,3.0,4.0,2.0,12.644444444444444,0,0.0,0.3005
57431479,2023-04-26 23:17:04,2023-04-27T12:47:11.000,DOHMH,rodent,Rat Sighting,10028.0,Closed,4.0,3.0,4.0,2.0,0.5625810185185185,3,8.0,0.1689
57429810,2023-04-26 23:18:15,2023-04-27T00:23:57.000,NYPD,noise - street/sidewalk,Loud Music/Party,11433.0,Closed,5.0,4.0,6.0,4.0,0.045625,0,0.0,0.2133
57431227,2023-04-26 23:18:36,2023-04-27T01:31:27.000,NYPD,noise - vehicle,Car/Truck Horn,11366.0,Closed,3.0,1.0,3.0,2.0,0.0922569444444444,4,10.0,0.1283
57432496,2023-04-26 23:18:37,2023-04-27T00:23:43.000,NYPD,noise - commercial,Loud Music/Party,11385.0,Closed,3.0,1.0,3.0,2.0,0.0452083333333333,1,3.0,0.1283
57428232,2023-04-26 23:19:21,2023-04-27T02:35:07.000,NYPD,noise - residential,Loud Music/Party,10451.0,Closed,3.0,1.0,3.0,2.0,0.135949074074074,3,8.0,0.1283
57428768,2023-04-26 23:20:00,2023-04-27T10:28:00.000,DEP,air quality,"Air: Smoke, Vehicular (AA4)",11366.0,Closed,4.0,3.0,4.0,2.0,0.4638888888888889,4,10.0,0.1689
57432294,2023-04-26 23:20:44,2023-04-27T01:28:24.000,NYPD,drug activity,Use Outside,11432.0,Closed,4.0,3.0,4.0,2.0,0.0886574074074074,2,6.0,0.1689
57428721,2023-04-26 23:20:54,2023-04-27T01:28:02.000,NYPD,drug activity,Use Outside,11432.0,Closed,4.0,3.0,4.0,2.0,0.088287037037037,3,8.0,0.1689
57430785,2023-04-26 23:22:24,2023-04-27T00:59:41.000,NYPD,noise - commercial,Loud Music/Party,11361.0,Closed,3.0,1.0,3.0,2.0,0.0675578703703703,0,0.0,0.1283
57428659,2023-04-26 23:22:32,2023-04-27T01:27:43.000,NYPD,drug activity,Use Outside,11432.0,Closed,4.0,3.0,4.0,2.0,0.0869328703703703,4,10.0,0.1689
57427950,2023-04-26 23:22:39,2023-04-27T00:45:39.000,NYPD,illegal parking,Blocked Hydrant,11419.0,Closed,6.0,6.0,4.0,2.0,0.0576388888888888,0,0.0,0.2208
57429570,2023-04-26 23:23:44,2023-04-27T01:27:23.000,NYPD,drug activity,Use Outside,11366.0,Closed,4.0,3.0,4.0,2.0,0.0858680555555555,17,10.0,0.1689
57430573,2023-04-26 23:24:23,2023-04-26T23:24:23.000,DOHMH,rodent,Rat Sighting,11238.0,Closed,4.0,3.0,4.0,2.0,0.0,2,6.0,0.1689
57431225,2023-04-26 23:24:54,2023-06-20T09:34:28.000,HPD,paint/plaster,CEILING,11233.0,Closed,4.0,3.0,4.0,2.0,54.42331018518519,2,6.0,0.2583
57429084,2023-04-26 23:24:54,2023-06-20T09:34:28.000,HPD,plumbing,BASIN/SINK,11233.0,Closed,4.0,3.0,4.0,2.0,54.42331018518519,1,3.0,0.2357
57425048,2023-04-26 23:24:58,2023-06-06T18:57:27.000,HPD,door/window,WINDOW PANE,10452.0,Closed,4.0,3.0,4.0,2.0,40.81422453703704,2,6.0,0.2583
57431934,2023-04-26 23:25:01,2023-04-27T00:52:19.000,NYPD,illegal parking,Parking Permit Improper Use,10312.0,Closed,5.0,5.0,4.0,2.0,0.060625,1,3.0,0.2208
57425392,2023-04-26 23:26:18,2023-04-27T00:17:42.000,NYPD,illegal parking,Blocked Bike Lane,11217.0,Closed,6.0,6.0,4.0,2.0,0.0356944444444444,0,0.0,0.2208
57429387,2023-04-26 23:27:36,2023-04-27T03:53:30.000,NYPD,noise - residential,Banging/Pounding,10466.0,Closed,3.0,1.0,3.0,2.0,0.1846527777777777,2,6.0,0.1283
57428295,2023-04-26 23:27:59,2023-04-27T10:24:34.000,DSNY,dirty condition,Trash,11213.0,Closed,4.0,3.0,4.0,2.0,0.4559606481481481,0,0.0,0.1689
57427739,2023-04-26 23:28:23,2023-04-27T00:36:17.000,NYPD,illegal parking,Commercial Overnight Parking,11385.0,Closed,5.0,5.0,4.0,2.0,0.0471527777777777,8,10.0,0.35
57430616,2023-04-26 23:28:38,2023-04-27T01:02:55.000,NYPD,noise - residential,Loud Talking,11358.0,Closed,3.0,1.0,3.0,2.0,0.065474537037037,0,0.0,0.1283
57428453,2023-04-26 23:28:58,2023-04-27T03:00:56.000,NYPD,noise - residential,Loud Music/Party,10462.0,Closed,3.0,1.0,3.0,2.0,0.147199074074074,2,6.0,0.1283
57432153,2023-04-26 23:29:58,2023-04-27T00:24:06.000,NYPD,noise - residential,Banging/Pounding,11216.0,Closed,3.0,1.0,3.0,2.0,0.0375925925925925,2,6.0,0.1283
57429750,2023-04-26 23:31:00,2023-04-27T12:27:41.000,DSNY,dirty condition,Trash,11106.0,Closed,4.0,3.0,4.0,2.0,0.5393634259259259,0,0.0,0.1689
57432155,2023-04-26 23:31:19,2023-04-27T00:04:39.000,NYPD,noise - residential,Banging/Pounding,10453.0,Closed,3.0,1.0,3.0,2.0,0.0231481481481481,3,8.0,0.1283
57428775,2023-04-26 23:31:31,2024-11-12T17:25:44.000,DPR,root/sewer/sidewalk condition,Trees and Sidewalks Program,11203.0,Closed,8.0,4.0,7.0,4.0,565.7459837962963,0,0.0,0.55
57429409,2023-04-26 23:32:27,2023-04-27T00:28:51.000,NYPD,abandoned vehicle,With License Plate,11435.0,Closed,4.0,3.0,4.0,2.0,0.0391666666666666,0,0.0,0.1689
57428669,2023-04-26 23:33:19,2023-04-27T00:18:56.000,NYPD,noise - residential,Loud Television,11230.0,Closed,3.0,1.0,3.0,2.0,0.0316782407407407,3,8.0,0.1283
57430675,2023-04-26 23:33:25,2023-04-27T00:34:40.000,NYPD,noise - commercial,Loud Music/Party,11226.0,Closed,3.0,1.0,3.0,2.0,0.0425347222222222,0,0.0,0.1283
57423905,2023-04-26 23:33:45,2023-04-27T00:22:21.000,NYPD,noise - residential,Banging/Pounding,11216.0,Closed,3.0,1.0,3.0,2.0,0.03375,3,8.0,0.1283
57428894,2023-04-26 23:33:55,2023-04-27T18:47:25.000,HPD,heat/hot water,ENTIRE BUILDING,11220.0,Closed,7.0,3.0,4.0,2.0,0.8010416666666667,0,0.0,0.2099
57423356,2023-04-26 23:34:20,2023-04-27T13:24:24.000,HPD,heat/hot water,ENTIRE BUILDING,10462.0,Closed,7.0,3.0,4.0,2.0,0.5764351851851852,7,10.0,0.35
57427660,2023-04-26 23:35:00,2023-04-27T09:19:00.000,DEP,water quality,"Taste/Odor, Bitter/Metallic (QA3)",11412.0,Closed,4.0,3.0,4.0,2.0,0.4055555555555555,0,0.0,0.1689
57430003,2023-04-26 23:35:01,2023-04-27T00:19:24.000,NYPD,noise - residential,Loud Television,11230.0,Closed,3.0,1.0,3.0,2.0,0.0308217592592592,4,10.0,0.1283
57431877,2023-04-26 23:35:09,2023-04-27T00:56:48.000,NYPD,illegal parking,Blocked Hydrant,11225.0,Closed,6.0,6.0,4.0,2.0,0.0567013888888888,4,10.0,0.35
57426987,2023-04-26 23:35:14,2023-05-22T08:46:27.000,DOT,outdoor dining,Barrier Condition,10028.0,Closed,4.0,3.0,4.0,2.0,25.38278935185185,0,0.0,0.1689
57427791,2023-04-26 23:35:55,2023-04-27T05:37:40.000,DHS,homeless person assistance,Unknown,10025.0,Closed,4.0,3.0,4.0,2.0,0.2512152777777778,0,0.0,0.1689
57431364,2023-04-26 23:36:24,2023-04-26T23:43:53.000,NYPD,non-emergency police matter,Other (complaint details),11374.0,Closed,5.0,3.0,4.0,2.0,0.0051967592592592,2,6.0,0.2138
57432573,2023-04-26 23:37:14,2023-04-28T08:37:47.000,HPD,heat/hot water,ENTIRE BUILDING,10021.0,Closed,7.0,3.0,4.0,2.0,1.3753819444444444,5,10.0,0.35
57428013,2023-04-26 23:41:44,2023-04-27T01:19:20.000,NYPD,blocked driveway,No Access,11416.0,Closed,5.0,6.0,4.0,2.0,0.0677777777777777,2,6.0,0.2133
57422993,2023-04-26 23:41:48,2023-04-27T02:06:32.000,NYPD,noise - residential,Loud Music/Party,11373.0,Closed,3.0,1.0,3.0,2.0,0.1005092592592592,3,8.0,0.1283
57429090,2023-04-26 23:41:59,2023-04-27T00:16:48.000,NYPD,noise - commercial,Loud Music/Party,10280.0,Closed,3.0,1.0,3.0,2.0,0.0241782407407407,0,0.0,0.1283
57431941,2023-04-26 23:42:36,2023-04-27T03:54:21.000,NYPD,noise - residential,Banging/Pounding,10467.0,Closed,3.0,1.0,3.0,2.0,0.1748263888888888,6,10.0,0.1283
57432406,2023-04-26 23:43:20,2023-04-27T08:55:51.000,HPD,heat/hot water,ENTIRE BUILDING,10469.0,Closed,7.0,3.0,4.0,2.0,0.3836921296296296,4,10.0,0.35
57428057,2023-04-26 23:44:26,2023-04-27T00:18:43.000,NYPD,noise - street/sidewalk,Loud Music/Party,11216.0,Closed,5.0,4.0,6.0,4.0,0.0238078703703703,0,0.0,0.2133
57427571,2023-04-26 23:45:37,2023-04-27T12:25:53.000,DSNY,dirty condition,Trash,11106.0,Closed,4.0,3.0,4.0,2.0,0.527962962962963,1,3.0,0.1689
57430784,2023-04-26 23:45:45,2023-04-27T09:06:06.000,HPD,heat/hot water,ENTIRE BUILDING,11106.0,Closed,7.0,3.0,4.0,2.0,0.3891319444444444,1,3.0,0.2099
57428644,2023-04-26 23:46:14,2023-04-27T01:28:07.000,NYPD,noise - residential,Banging/Pounding,10025.0,Closed,3.0,1.0,3.0,2.0,0.0707523148148148,5,10.0,0.1283
57430052,2023-04-26 23:48:35,2023-04-27T01:39:15.000,NYPD,abandoned vehicle,With License Plate,11364.0,Closed,4.0,3.0,4.0,2.0,0.0768518518518518,1,3.0,0.1689
57428430,2023-04-26 23:48:37,2023-04-27T00:22:09.000,NYPD,non-emergency police matter,Other (complaint details),11233.0,Closed,5.0,3.0,4.0,2.0,0.023287037037037,0,0.0,0.2138
57428531,2023-04-26 23:50:00,2023-04-27T16:12:00.000,DEP,noise,Noise: Construction Before/After Hours (NM1),10027.0,Closed,3.0,7.0,3.0,2.0,0.6819444444444445,2,6.0,0.1283
57429964,2023-04-26 23:50:00,2023-04-27T21:30:00.000,DEP,noise,Noise: Construction Before/After Hours (NM1),10027.0,Closed,3.0,7.0,3.0,2.0,0.9027777777777778,3,8.0,0.1283
57432098,2023-04-26 23:51:20,2023-04-27T02:05:18.000,NYPD,noise - residential,Loud Music/Party,11213.0,Closed,3.0,1.0,3.0,2.0,0.0930324074074074,2,6.0,0.1283
57430727,2023-04-26 23:52:11,2023-04-27T01:50:30.000,NYPD,noise - commercial,Loud Music/Party,10040.0,Closed,3.0,1.0,3.0,2.0,0.0821643518518518,0,0.0,0.1283
57429434,2023-04-26 23:53:32,2023-04-27T00:14:05.000,NYPD,noise - commercial,Loud Music/Party,11415.0,Closed,3.0,1.0,3.0,2.0,0.0142708333333333,0,0.0,0.1283
57428410,2023-04-26 23:53:37,2023-04-27T02:28:17.000,NYPD,noise - residential,Banging/Pounding,10458.0,Closed,3.0,1.0,3.0,2.0,0.1074074074074074,4,10.0,0.1283
57430574,2023-04-26 23:53:43,2023-04-27T02:33:54.000,NYPD,noise - residential,Loud Music/Party,10033.0,Closed,3.0,1.0,3.0,2.0,0.1112384259259259,0,0.0,0.1283
57432277,2023-04-26 23:53:44,2023-06-26T11:51:54.000,TLC,for hire vehicle complaint,Driver Complaint - Non Passenger,10007.0,Closed,4.0,3.0,4.0,2.0,60.49872685185185,1,3.0,0.2357
57432621,2023-04-26 23:55:07,2023-05-10T11:04:38.000,TLC,for hire vehicle complaint,Driver Complaint - Non Passenger,10007.0,Closed,4.0,3.0,4.0,2.0,13.46494212962963,2,6.0,0.1838
57429919,2023-04-26 23:55:17,2023-04-27T00:13:43.000,NYPD,noise - vehicle,Car/Truck Music,11415.0,Closed,3.0,1.0,3.0,2.0,0.0128009259259259,0,0.0,0.1283
57424295,2023-04-26 23:55:27,2023-04-27T03:57:29.000,NYPD,noise - residential,Loud Talking,10466.0,Closed,3.0,1.0,3.0,2.0,0.1680787037037037,3,8.0,0.1283
57432508,2023-04-26 23:55:48,2023-04-27T00:49:05.000,NYPD,noise - street/sidewalk,Loud Music/Party,10034.0,Closed,5.0,4.0,6.0,4.0,0.0370023148148148,1,3.0,0.2133
57431255,2023-04-26 23:56:43,2023-04-27T00:39:13.000,NYPD,noise - street/sidewalk,Loud Talking,11217.0,Closed,5.0,4.0,6.0,4.0,0.0295138888888888,1,3.0,0.2133
57430194,2023-04-26 23:57:28,2023-04-27T00:28:00.000,NYPD,blocked driveway,No Access,11212.0,Closed,5.0,6.0,4.0,2.0,0.0212037037037037,0,0.0,0.2133
57433062,2023-04-26 23:58:00,2023-04-27T13:37:00.000,DSNY,derelict vehicles,Derelict Vehicles,10033.0,Closed,4.0,3.0,4.0,2.0,0.56875,0,0.0,0.1689
57431968,2023-04-26 23:58:09,2023-04-27T01:31:08.000,NYPD,noise - residential,Loud Talking,11435.0,Closed,3.0,1.0,3.0,2.0,0.0645717592592592,0,0.0,0.1283
57428656,2023-04-26 23:59:03,2023-04-27T01:37:44.000,NYPD,noise - residential,Loud Music/Party,10009.0,Closed,3.0,1.0,3.0,2.0,0.0685300925925925,2,6.0,0.1283
57428679,2023-04-26 23:59:11,2023-04-27T08:00:32.000,DOHMH,rodent,Signs of Rodents,10035.0,Closed,4.0,3.0,4.0,2.0,0.3342708333333333,0,0.0,0.1689
57430545,2023-04-26 23:59:27,2023-04-27T00:06:09.000,NYPD,illegal parking,Blocked Bike Lane,10021.0,Closed,6.0,6.0,4.0,2.0,0.0046527777777777,2,6.0,0.2208
57429451,2023-04-26 23:59:30,2023-04-27T01:09:43.000,NYPD,noise - commercial,Loud Music/Party,11222.0,Closed,3.0,1.0,3.0,2.0,0.048761574074074,1,3.0,0.1283
57431373,2023-04-27 00:00:03,2023-07-11T18:21:48.000,TLC,for hire vehicle complaint,Driver Complaint - Non Passenger,10021.0,Closed,4.0,3.0,4.0,2.0,75.76510416666666,1,3.0,0.2357
57431069,2023-04-27 00:00:22,2023-04-27T00:45:58.000,NYPD,noise - vehicle,Car/Truck Music,10034.0,Closed,3.0,1.0,3.0,2.0,0.0316666666666666,0,0.0,0.1283
57431427,2023-04-27 00:00:46,2023-04-27T00:52:18.000,NYPD,blocked driveway,No Access,10022.0,Closed,5.0,6.0,4.0,2.0,0.035787037037037,0,0.0,0.2133
57428438,2023-04-27 00:00:49,2023-04-27T03:47:02.000,NYPD,blocked driveway,No Access,11214.0,Closed,5.0,6.0,4.0,2.0,0.1570949074074074,5,10.0,0.35
57433048,2023-04-27 00:01:48,2023-04-27T20:15:42.000,HPD,heat/hot water,ENTIRE BUILDING,10003.0,Closed,7.0,3.0,4.0,2.0,0.8429861111111111,1,3.0,0.2099
57428832,2023-04-27 00:03:16,2023-04-27T01:00:41.000,NYPD,noise - commercial,Loud Music/Party,11361.0,Closed,3.0,1.0,3.0,2.0,0.0398726851851851,1,3.0,0.1283
57431392,2023-04-27 00:03:39,2023-04-27T02:44:10.000,NYPD,noise - commercial,Loud Music/Party,11230.0,Closed,3.0,1.0,3.0,2.0,0.1114699074074074,0,0.0,0.1283
57423385,2023-04-27 00:05:06,2023-04-27T00:21:17.000,NYPD,noise - residential,Loud Music/Party,11229.0,Closed,3.0,1.0,3.0,2.0,0.0112384259259259,1,3.0,0.1283
57431457,2023-04-27 00:05:28,2023-04-27T01:21:58.000,NYPD,blocked driveway,Partial Access,11369.0,Closed,5.0,6.0,4.0,2.0,0.053125,0,0.0,0.2133
57429929,2023-04-27 00:05:40,2023-04-27T01:23:58.000,NYPD,drug activity,Use Outside,11432.0,Closed,4.0,3.0,4.0,2.0,0.054375,5,10.0,0.1689
57428152,2023-04-27 00:06:29,2023-04-27T00:09:06.000,NYPD,illegal parking,Blocked Bike Lane,10065.0,Closed,6.0,6.0,4.0,2.0,0.0018171296296296,0,0.0,0.2208
57428298,2023-04-27 00:06:46,2023-04-27T06:39:17.000,NYPD,blocked driveway,No Access,11229.0,Closed,5.0,6.0,4.0,2.0,0.2725810185185185,1,3.0,0.2133
57430009,2023-04-27 00:06:55,2023-04-27T01:23:15.000,NYPD,drug activity,Use Outside,11366.0,Closed,4.0,3.0,4.0,2.0,0.0530092592592592,18,10.0,0.1689
57428372,2023-04-27 00:07:21,2023-07-07T14:18:38.000,DPR,new tree request,For One Address,11207.0,Closed,4.0,3.0,4.0,2.0,71.59116898148149,1,3.0,0.2357
57432727,2023-04-27 00:07:47,2023-04-27T03:21:49.000,NYPD,illegal parking,Blocked Hydrant,10467.0,Closed,6.0,6.0,4.0,2.0,0.1347453703703703,7,10.0,0.35
57432956,2023-04-27 00:07:51,2023-04-30T18:46:04.000,HPD,heat/hot water,ENTIRE BUILDING,10033.0,Closed,7.0,3.0,4.0,2.0,3.776539351851852,3,8.0,0.3678
57429638,2023-04-27 00:08:00,2023-04-27T02:15:00.000,DOT,traffic signal condition,Controller,11237.0,Closed,9.0,10.0,8.0,2.0,0.0881944444444444,0,0.0,0.7209
57429774,2023-04-27 00:08:07,2023-04-27T02:21:29.000,NYPD,illegal parking,Blocked Hydrant,11235.0,Closed,6.0,6.0,4.0,2.0,0.0926157407407407,5,10.0,0.35
57430372,2023-04-27 00:08:25,2023-04-27T03:06:28.000,NYPD,noise - residential,Banging/Pounding,11367.0,Closed,3.0,1.0,3.0,2.0,0.1236458333333333,0,0.0,0.1283
57432501,2023-04-27 00:08:40,2023-04-27T01:22:51.000,NYPD,drug activity,Use Outside,11366.0,Closed,4.0,3.0,4.0,2.0,0.0515162037037037,19,10.0,0.1689
57430746,2023-04-27 00:09:05,2023-04-27T00:51:01.000,NYPD,illegal parking,Blocked Bike Lane,10035.0,Closed,6.0,6.0,4.0,2.0,0.0291203703703703,2,6.0,0.2208
57427928,2023-04-27 00:09:19,2023-04-27T01:14:16.000,NYPD,illegal parking,Blocked Hydrant,11421.0,Closed,6.0,6.0,4.0,2.0,0.0451041666666666,2,6.0,0.2208
57433743,2023-04-27 00:10:00,2023-04-27T02:15:00.000,DOT,traffic signal condition,On Messenger,10462.0,Closed,9.0,10.0,8.0,2.0,0.0868055555555555,0,0.0,0.7209
57430263,2023-04-27 00:10:08,2023-04-27T00:54:06.000,NYPD,noise - residential,Loud Music/Party,11206.0,Closed,3.0,1.0,3.0,2.0,0.0305324074074074,0,0.0,0.1283
57429050,2023-04-27 00:10:11,2023-04-27T00:35:08.000,NYPD,noise - residential,Loud Music/Party,11378.0,Closed,3.0,1.0,3.0,2.0,0.0173263888888888,0,0.0,0.1283
57432604,2023-04-27 00:10:13,2023-04-27T02:58:21.000,NYPD,illegal parking,Blocked Hydrant,11226.0,Closed,6.0,6.0,4.0,2.0,0.1167592592592592,1,3.0,0.2208
57427722,2023-04-27 00:10:44,2023-04-27T06:48:01.000,NYPD,noise - residential,Loud Television,10455.0,Closed,3.0,1.0,3.0,2.0,0.2758912037037037,1,3.0,0.1283
57431257,2023-04-27 00:11:01,2023-04-27T01:22:10.000,NYPD,drug activity,Use Outside,11366.0,Closed,4.0,3.0,4.0,2.0,0.0494097222222222,20,10.0,0.1689
57423265,2023-04-27 00:11:03,2023-04-27T00:56:55.000,NYPD,illegal parking,Commercial Overnight Parking,11230.0,Closed,5.0,5.0,4.0,2.0,0.0318518518518518,12,10.0,0.35
57429652,2023-04-27 00:11:44,2023-04-27T01:05:27.000,NYPD,noise - residential,Loud Music/Party,11225.0,Closed,3.0,1.0,3.0,2.0,0.0373032407407407,1,3.0,0.1283
57430733,2023-04-27 00:14:08,2023-04-27T01:21:33.000,NYPD,drug activity,Use Outside,11366.0,Closed,4.0,3.0,4.0,2.0,0.0468171296296296,21,10.0,0.1689
57431862,2023-04-27 00:15:56,2023-07-19T10:48:15.000,TLC,taxi complaint,Driver Complaint - Passenger,11369.0,Closed,4.0,3.0,4.0,2.0,83.4391087962963,0,0.0,0.1689
57423024,2023-04-27 00:16:01,2023-04-27T01:30:35.000,NYPD,noise - residential,Loud Talking,11435.0,Closed,3.0,1.0,3.0,2.0,0.0517824074074074,1,3.0,0.1283
57429041,2023-04-27 00:17:06,2023-04-27T00:35:04.000,NYPD,illegal parking,Blocked Crosswalk,11209.0,Closed,6.0,6.0,4.0,2.0,0.0124768518518518,4,10.0,0.35
57431918,2023-04-27 00:17:36,2023-04-27T00:56:57.000,NYPD,noise - street/sidewalk,Loud Talking,10029.0,Closed,5.0,4.0,6.0,4.0,0.0273263888888888,1,3.0,0.2133
57426257,2023-04-27 00:21:09,2023-04-27T01:20:08.000,NYPD,drug activity,Use Outside,11432.0,Closed,4.0,3.0,4.0,2.0,0.0409606481481481,6,10.0,0.1689
57430407,2023-04-27 00:21:16,2023-04-27T03:52:45.000,NYPD,noise - vehicle,Car/Truck Horn,11359.0,Closed,3.0,1.0,3.0,2.0,0.1468634259259259,0,0.0,0.1283
57428340,2023-04-27 00:21:53,2023-04-27T03:57:45.000,NYPD,animal-abuse,Other (complaint details),10466.0,Closed,4.0,3.0,4.0,2.0,0.1499074074074074,0,0.0,0.1689
57435323,2023-04-27 00:22:51,2023-05-01T08:16:26.000,HPD,heat/hot water,ENTIRE BUILDING,10039.0,Closed,7.0,3.0,4.0,2.0,4.328877314814815,1,3.0,0.2907
57428608,2023-04-27 00:24:08,2023-04-27T01:15:02.000,NYPD,drug activity,Use Outside,11366.0,Closed,4.0,3.0,4.0,2.0,0.0353472222222222,22,10.0,0.1689
57431950,2023-04-27 00:24:13,2023-04-27T01:19:29.000,NYPD,drug activity,Use Outside,11366.0,Closed,4.0,3.0,4.0,2.0,0.0383796296296296,23,10.0,0.1689
57433218,2023-04-27 00:26:00,2023-04-27T16:27:34.000,HPD,heat/hot water,ENTIRE BUILDING,11373.0,Closed,7.0,3.0,4.0,2.0,0.6677546296296296,1,3.0,0.2099
57431113,2023-04-27 00:26:19,2023-04-27T08:01:30.000,DSNY,vendor enforcement,Non-Food Vendor,10036.0,Closed,4.0,3.0,4.0,2.0,0.316099537037037,2,6.0,0.1689
57429066,2023-04-27 00:28:54,2023-04-27T01:27:28.000,NYPD,noise - residential,Loud Music/Party,11691.0,Closed,3.0,1.0,3.0,2.0,0.0406712962962962,1,3.0,0.1283
57429938,2023-04-27 00:29:11,2023-04-27T00:45:05.000,NYPD,noise - vehicle,Car/Truck Music,10034.0,Closed,3.0,1.0,3.0,2.0,0.0110416666666666,1,3.0,0.1283
57430146,2023-04-27 00:29:23,2023-04-27T00:59:11.000,NYPD,noise - residential,Loud Music/Party,11374.0,Closed,3.0,1.0,3.0,2.0,0.0206944444444444,0,0.0,0.1283
57432649,2023-04-27 00:30:31,2023-04-27T08:51:12.000,DOHMH,rodent,Rat Sighting,10001.0,Closed,4.0,3.0,4.0,2.0,0.3476967592592592,0,0.0,0.1689
57428102,2023-04-27 00:30:52,2023-04-27T01:13:23.000,NYPD,drug activity,Use Outside,11366.0,Closed,4.0,3.0,4.0,2.0,0.0295254629629629,24,10.0,0.1689
57432128,2023-04-27 00:32:01,2023-04-27T01:01:35.000,NYPD,noise - residential,Banging/Pounding,11230.0,Closed,3.0,1.0,3.0,2.0,0.0205324074074074,5,10.0,0.1283
57434270,2023-04-27 00:32:17,2023-04-27T17:10:25.000,HPD,heat/hot water,ENTIRE BUILDING,11226.0,Closed,7.0,3.0,4.0,2.0,0.6931481481481482,6,10.0,0.35
57427961,2023-04-27 00:32:47,2023-04-27T01:12:58.000,NYPD,noise - vehicle,Car/Truck Horn,11366.0,Closed,3.0,1.0,3.0,2.0,0.0279050925925925,5,10.0,0.1283
57432539,2023-04-27 00:33:20,2023-04-27T03:29:19.000,NYPD,noise - residential,Loud Music/Party,10014.0,Closed,3.0,1.0,3.0,2.0,0.1222106481481481,0,0.0,0.1283
57432651,2023-04-27 00:33:58,2023-04-27T06:34:46.000,NYPD,illegal parking,Blocked Sidewalk,10461.0,Closed,6.0,6.0,6.0,4.0,0.2505555555555555,5,10.0,0.469
57430543,2023-04-27 00:36:43,2023-04-27T01:22:23.000,NYPD,illegal parking,Posted Parking Sign Violation,11101.0,Closed,5.0,5.0,4.0,2.0,0.0317129629629629,19,10.0,0.35
57430030,2023-04-27 00:37:59,2023-04-27T01:50:44.000,NYPD,non-emergency police matter,Other (complaint details),11421.0,Closed,5.0,3.0,4.0,2.0,0.0505208333333333,0,0.0,0.2138
57431447,2023-04-27 00:38:25,2023-04-27T02:22:53.000,DOT,street condition,Plate Condition - Noisy,10075.0,Closed,8.0,7.0,7.0,7.0,0.0725462962962963,1,3.0,0.55
57434371,2023-04-27 00:38:33,2023-04-27T10:30:51.000,HPD,heat/hot water,ENTIRE BUILDING,10002.0,Closed,7.0,3.0,4.0,2.0,0.4113194444444444,0,0.0,0.2099
57430650,2023-04-27 00:40:21,2023-04-27T01:10:53.000,NYPD,drug activity,Use Outside,11366.0,Closed,4.0,3.0,4.0,2.0,0.0212037037037037,25,10.0,0.1689
57429568,2023-04-27 00:41:13,2023-04-27T01:42:49.000,NYPD,noise - residential,Banging/Pounding,11206.0,Closed,3.0,1.0,3.0,2.0,0.0427777777777777,1,3.0,0.1283
57431426,2023-04-27 00:41:34,2023-04-27T06:16:40.000,NYPD,illegal parking,Blocked Hydrant,11229.0,Closed,6.0,6.0,4.0,2.0,0.2327083333333333,2,6.0,0.2208
57426618,2023-04-27 00:42:59,2023-04-27T00:58:36.000,NYPD,noise - street/sidewalk,Loud Talking,11206.0,Closed,5.0,4.0,6.0,4.0,0.0108449074074074,0,0.0,0.2133
57426335,2023-04-27 00:43:49,2024-06-04T00:18:48.000,DOHMH,smoking,Smoking Violation,10304.0,Closed,4.0,3.0,4.0,2.0,403.9826273148148,0,0.0,0.1689
57422950,2023-04-27 00:43:57,2023-04-27T01:17:09.000,NYPD,noise - commercial,Loud Music/Party,10458.0,Closed,3.0,1.0,3.0,2.0,0.0230555555555555,0,0.0,0.1283
57434055,2023-04-27 00:44:39,2023-04-28T11:53:13.000,HPD,heat/hot water,ENTIRE BUILDING,11238.0,Closed,7.0,3.0,4.0,2.0,1.4642824074074074,1,3.0,0.2203
57430012,2023-04-27 00:44:45,2023-04-27T01:01:17.000,NYPD,noise - street/sidewalk,Loud Music/Party,10003.0,Closed,5.0,4.0,6.0,4.0,0.0114814814814814,1,3.0,0.2133
57426991,2023-04-27 00:45:03,2023-04-27T01:22:44.000,NYPD,noise - commercial,Loud Music/Party,10009.0,Closed,3.0,1.0,3.0,2.0,0.0261689814814814,1,3.0,0.1283
57430505,2023-04-27 00:45:44,2023-04-27T01:15:43.000,NYPD,illegal parking,Blocked Sidewalk,11233.0,Closed,6.0,6.0,6.0,4.0,0.0208217592592592,1,3.0,0.3679
57429171,2023-04-27 00:45:45,2023-04-27T02:26:29.000,NYPD,noise - residential,Loud Music/Party,11693.0,Closed,3.0,1.0,3.0,2.0,0.0699537037037037,0,0.0,0.1283
57432627,2023-04-27 00:46:58,2023-04-27T02:39:39.000,NYPD,illegal parking,Blocked Hydrant,10461.0,Closed,6.0,6.0,4.0,2.0,0.0782523148148148,6,10.0,0.35
57429501,2023-04-27 00:49:17,2023-04-27T02:01:54.000,NYPD,noise - commercial,Loud Talking,11417.0,Closed,3.0,1.0,3.0,2.0,0.0504282407407407,0,0.0,0.1283
57427879,2023-04-27 00:52:01,2023-04-27T12:55:46.000,DSNY,dead animal,Opossum,10306.0,Closed,4.0,3.0,4.0,2.0,0.5026041666666666,0,0.0,0.1689
57429200,2023-04-27 00:52:08,2023-04-27T02:20:14.000,NYPD,noise - street/sidewalk,Loud Music/Party,11372.0,Closed,5.0,4.0,6.0,4.0,0.0611805555555555,1,3.0,0.2133
57430608,2023-04-27 00:52:50,2023-04-27T02:48:13.000,NYPD,noise - residential,Loud Music/Party,10469.0,Closed,3.0,1.0,3.0,2.0,0.0801273148148148,0,0.0,0.1283
57428287,2023-04-27 00:55:29,2023-04-27T01:13:06.000,NYPD,drug activity,Use Outside,10002.0,Closed,4.0,3.0,4.0,2.0,0.0122337962962962,0,0.0,0.1689
57431360,2023-04-27 00:55:33,2023-04-27T01:47:47.000,NYPD,illegal parking,Commercial Overnight Parking,11236.0,Closed,5.0,5.0,4.0,2.0,0.0362731481481481,3,8.0,0.2583
57435108,2023-04-27 00:56:37,2023-09-05T08:08:26.000,HPD,door/window,WINDOW FRAME,10469.0,Closed,4.0,3.0,4.0,2.0,131.2998726851852,0,0.0,0.1689
57435944,2023-04-27 00:56:37,2023-09-05T08:08:26.000,HPD,plumbing,TOILET,10469.0,Closed,4.0,3.0,4.0,2.0,131.2998726851852,1,3.0,0.2357
57427651,2023-04-27 00:56:41,2023-04-27T16:09:49.000,NYPD,illegal parking,Blocked Hydrant,10472.0,Closed,6.0,6.0,4.0,2.0,0.6341203703703704,0,0.0,0.2208
57429709,2023-04-27 00:56:57,2023-04-27T03:04:41.000,NYPD,illegal parking,Blocked Hydrant,11226.0,Closed,6.0,6.0,4.0,2.0,0.0887037037037037,2,6.0,0.2208
57427999,2023-04-27 00:57:35,2023-04-27T02:14:44.000,NYPD,noise - residential,Banging/Pounding,11212.0,Closed,3.0,1.0,3.0,2.0,0.0535763888888888,3,8.0,0.1283
57434581,2023-04-27 00:59:49,2023-05-16T11:08:46.000,HPD,unsanitary condition,GARBAGE/RECYCLING STORAGE,11432.0,Closed,5.0,2.0,5.0,4.0,19.422881944444445,0,0.0,0.2814
57430739,2023-04-27 01:00:15,2023-04-27T01:48:11.000,NYPD,abandoned vehicle,With License Plate,11236.0,Closed,4.0,3.0,4.0,2.0,0.033287037037037,2,6.0,0.1689
57428395,2023-04-27 01:02:19,2023-04-27T01:10:53.000,NYPD,noise - residential,Loud Music/Party,11216.0,Closed,3.0,1.0,3.0,2.0,0.005949074074074,4,10.0,0.1283
57430591,2023-04-27 01:02:59,2023-04-27T01:30:03.000,NYPD,noise - residential,Loud Television,10039.0,Closed,3.0,1.0,3.0,2.0,0.0187962962962962,2,6.0,0.1283
57432611,2023-04-27 01:05:20,2023-04-27T02:33:23.000,NYPD,illegal parking,Blocked Hydrant,10457.0,Closed,6.0,6.0,4.0,2.0,0.0611458333333333,3,8.0,0.259
57427638,2023-04-27 01:07:34,2023-04-27T01:59:47.000,NYPD,noise - commercial,Banging/Pounding,11361.0,Closed,3.0,1.0,3.0,2.0,0.036261574074074,2,6.0,0.1283
57428455,2023-04-27 01:08:14,2023-04-27T03:21:23.000,NYPD,animal-abuse,Neglected,10301.0,Closed,4.0,3.0,4.0,2.0,0.0924652777777777,0,0.0,0.1689
57435871,2023-04-27 01:11:00,2023-04-27T06:06:00.000,DEP,noise,Noise: Alarms (NR3),11239.0,Closed,3.0,1.0,3.0,2.0,0.2048611111111111,0,0.0,0.1283
57428880,2023-04-27 01:11:17,2023-04-27T06:45:30.000,NYPD,blocked driveway,No Access,11106.0,Closed,5.0,6.0,4.0,2.0,0.2320949074074074,3,8.0,0.2674
57429268,2023-04-27 01:12:08,2023-04-27T22:56:20.000,NYPD,illegal parking,Paper License Plates,10461.0,Closed,5.0,5.0,4.0,2.0,0.9056944444444444,7,10.0,0.35
57429649,2023-04-27 01:15:16,2023-04-27T10:03:41.000,NYPD,noise - residential,Banging/Pounding,10453.0,Closed,3.0,1.0,3.0,2.0,0.3669560185185185,4,10.0,0.1283
57434894,2023-04-27 01:17:54,2023-05-18T09:51:27.000,HPD,unsanitary condition,PESTS,11365.0,Closed,4.0,3.0,4.0,2.0,21.356631944444445,0,0.0,0.1689
57434159,2023-04-27 01:17:55,2023-04-29T18:57:59.000,HPD,heat/hot water,ENTIRE BUILDING,10467.0,Closed,7.0,3.0,4.0,2.0,2.736157407407408,9,10.0,0.4404
57429156,2023-04-27 01:18:41,2023-04-27T01:50:00.000,NYPD,noise - residential,Banging/Pounding,10034.0,Closed,3.0,1.0,3.0,2.0,0.0217476851851851,1,3.0,0.1283
57432540,2023-04-27 01:21:13,2023-04-27T01:42:54.000,NYPD,noise - residential,Loud Television,11208.0,Closed,3.0,1.0,3.0,2.0,0.0150578703703703,1,3.0,0.1283
57429011,2023-04-27 01:22:04,2023-04-27T01:50:34.000,NYPD,illegal parking,Commercial Overnight Parking,11207.0,Closed,5.0,5.0,4.0,2.0,0.0197916666666666,3,8.0,0.2579
57429618,2023-04-27 01:23:41,2023-04-27T02:14:14.000,NYPD,non-emergency police matter,Trespassing,11212.0,Closed,5.0,3.0,4.0,2.0,0.0351041666666666,4,10.0,0.2138
57432829,2023-04-27 01:23:54,2023-06-11T15:10:01.000,HPD,door/window,DOOR,10467.0,Closed,4.0,3.0,4.0,2.0,45.57369212962963,1,3.0,0.2357
57433378,2023-04-27 01:23:54,2023-06-11T15:10:02.000,HPD,plumbing,TOILET,10467.0,Closed,4.0,3.0,4.0,2.0,45.57370370370371,2,6.0,0.2583
57431425,2023-04-27 01:25:32,2023-04-27T05:04:07.000,NYPD,illegal parking,Commercial Overnight Parking,11357.0,Closed,5.0,5.0,4.0,2.0,0.1517939814814815,3,8.0,0.2618
57433148,2023-04-27 01:26:00,2023-04-27T22:12:00.000,DEP,noise,Noise: Construction Before/After Hours (NM1),10003.0,Closed,3.0,7.0,3.0,2.0,0.8652777777777778,0,0.0,0.1283
57435295,2023-04-27 01:26:55,2023-05-18T17:44:51.000,HPD,unsanitary condition,GARBAGE/RECYCLING STORAGE,11225.0,Closed,5.0,2.0,5.0,4.0,21.67912037037037,0,0.0,0.3497
57430935,2023-04-27 01:28:44,2023-04-27T10:38:06.000,DCWP,consumer complaint,Restaurant,10011.0,Closed,4.0,3.0,4.0,2.0,0.3815046296296296,0,0.0,0.1689
57430534,2023-04-27 01:32:14,2024-11-12T17:25:45.000,DPR,root/sewer/sidewalk condition,Trees and Sidewalks Program,11210.0,Closed,8.0,4.0,7.0,4.0,565.6621643518519,1,3.0,0.6012
57428225,2023-04-27 01:33:20,2023-04-27T01:53:02.000,NYPD,noise - commercial,Loud Music/Party,11236.0,Closed,3.0,1.0,3.0,2.0,0.0136805555555555,0,0.0,0.1283
57428788,2023-04-27 01:34:15,2023-04-27T01:44:51.000,NYPD,noise - residential,Banging/Pounding,11373.0,Closed,3.0,1.0,3.0,2.0,0.0073611111111111,4,10.0,0.1283
57431952,2023-04-27 01:34:58,2023-04-27T03:02:31.000,NYPD,noise - commercial,Loud Music/Party,11249.0,Closed,3.0,1.0,3.0,2.0,0.0607986111111111,1,3.0,0.1283
57430819,2023-04-27 01:35:10,2023-12-20T11:07:09.000,DSNY,graffiti,Graffiti,10009.0,Closed,5.0,3.0,4.0,2.0,237.39721064814816,0,0.0,0.2138
57434417,2023-04-27 01:36:21,2023-06-09T18:18:30.000,HPD,safety,CARBON MONOXIDE DETECTOR,10033.0,Closed,4.0,3.0,4.0,2.0,43.6959375,0,0.0,0.1689
57428008,2023-04-27 01:36:35,2023-04-27T03:08:26.000,NYPD,illegal parking,Posted Parking Sign Violation,11210.0,Closed,5.0,5.0,4.0,2.0,0.0637847222222222,4,10.0,0.35
57433164,2023-04-27 01:38:00,2023-04-27T22:12:00.000,DEP,noise,Noise: Construction Before/After Hours (NM1),10003.0,Closed,3.0,7.0,3.0,2.0,0.8569444444444444,1,3.0,0.1283
57430518,2023-04-27 01:40:30,2023-05-02T00:00:00.000,DSNY,graffiti,Graffiti,10009.0,Closed,5.0,3.0,4.0,2.0,4.930208333333334,1,3.0,0.2138
57430821,2023-04-27 01:42:07,2023-05-03T00:00:00.000,DSNY,graffiti,Graffiti,10002.0,Closed,5.0,3.0,4.0,2.0,5.929085648148148,0,0.0,0.2138
57429284,2023-04-27 01:43:14,2023-04-27T02:10:59.000,NYPD,noise - residential,Loud Music/Party,11415.0,Closed,3.0,1.0,3.0,2.0,0.0192708333333333,0,0.0,0.1283
57431272,2023-04-27 01:43:28,2023-04-27T02:18:24.000,NYPD,noise - residential,Banging/Pounding,10029.0,Closed,3.0,1.0,3.0,2.0,0.0242592592592592,1,3.0,0.1283
57431409,2023-04-27 01:44:05,2023-04-27T06:05:20.000,NYPD,blocked driveway,No Access,10462.0,Closed,5.0,6.0,4.0,2.0,0.1814236111111111,1,3.0,0.2133
57427947,2023-04-27 01:45:07,2023-04-27T05:06:28.000,NYPD,illegal parking,Commercial Overnight Parking,11357.0,Closed,5.0,5.0,4.0,2.0,0.1398263888888888,4,10.0,0.35
57432536,2023-04-27 01:45:07,2023-04-27T01:50:46.000,NYPD,noise - street/sidewalk,Loud Talking,11216.0,Closed,5.0,4.0,6.0,4.0,0.0039236111111111,1,3.0,0.2133
57429098,2023-04-27 01:45:31,2023-05-01T13:28:46.000,DOT,street sign - damaged,"No Parking, Standing, Stopping",11249.0,Closed,3.0,5.0,4.0,2.0,4.488368055555555,0,0.0,0.1283
57430903,2023-04-27 01:47:21,2023-04-27T02:37:37.000,NYPD,blocked driveway,No Access,11226.0,Closed,5.0,6.0,4.0,2.0,0.0349074074074074,0,0.0,0.2133
57430374,2023-04-27 01:47:57,2023-04-27T02:57:21.000,NYPD,illegal parking,Blocked Crosswalk,11205.0,Closed,6.0,6.0,4.0,2.0,0.0481944444444444,14,10.0,0.35
57431873,2023-04-27 01:49:46,2023-04-27T03:12:44.000,NYPD,noise - residential,Loud Music/Party,11368.0,Closed,3.0,1.0,3.0,2.0,0.0576157407407407,2,6.0,0.1283
57432265,2023-04-27 01:50:53,2023-04-27T01:58:43.000,NYPD,noise - street/sidewalk,Loud Music/Party,11220.0,Closed,5.0,4.0,6.0,4.0,0.0054398148148148,1,3.0,0.2133
57425395,2023-04-27 01:51:22,2023-04-27T02:03:27.000,NYPD,noise - commercial,Loud Music/Party,11237.0,Closed,3.0,1.0,3.0,2.0,0.0083912037037037,0,0.0,0.1283
57429144,2023-04-27 01:51:23,2023-04-27T10:09:24.000,DHS,homeless person assistance,Unknown,10019.0,Closed,4.0,3.0,4.0,2.0,0.3458449074074074,0,0.0,0.1689
57428870,2023-04-27 01:53:00,2023-04-27T12:48:00.000,DSNY,derelict vehicles,Derelict Vehicles,11421.0,Closed,4.0,3.0,4.0,2.0,0.4548611111111111,1,3.0,0.1689
57430347,2023-04-27 01:54:07,2023-04-27T02:41:13.000,NYPD,noise - residential,Loud Music/Party,10462.0,Closed,3.0,1.0,3.0,2.0,0.0327083333333333,3,8.0,0.1283
57432854,2023-04-27 01:54:21,2023-05-04T07:41:31.000,HPD,heat/hot water,ENTIRE BUILDING,10027.0,Closed,7.0,3.0,4.0,2.0,7.241087962962963,3,8.0,0.3528
57431648,2023-04-27 01:56:18,2023-04-27T03:20:40.000,NYPD,abandoned vehicle,With License Plate,11205.0,Closed,4.0,3.0,4.0,2.0,0.0585879629629629,2,6.0,0.1689
57431230,2023-04-27 01:58:52,2023-04-27T03:04:23.000,NYPD,illegal parking,Blocked Hydrant,11368.0,Closed,6.0,6.0,4.0,2.0,0.0454976851851851,4,10.0,0.35
57431037,2023-04-27 02:00:12,2023-04-27T03:05:11.000,NYPD,illegal parking,Blocked Hydrant,11208.0,Closed,6.0,6.0,4.0,2.0,0.0451273148148148,6,10.0,0.35
57434069,2023-04-27 02:02:00,2023-04-27T22:28:00.000,DEP,noise,Noise: Construction Equipment (NC1),10462.0,Closed,3.0,7.0,3.0,2.0,0.8513888888888889,4,10.0,0.1283
57433762,2023-04-27 02:02:50,2023-04-27T04:30:44.000,NYPD,blocked driveway,No Access,10468.0,Closed,5.0,6.0,4.0,2.0,0.1027083333333333,0,0.0,0.2133
57435006,2023-04-27 02:04:43,2023-04-27T02:33:16.000,NYPD,noise - street/sidewalk,Loud Music/Party,11235.0,Closed,5.0,4.0,6.0,4.0,0.0198263888888888,1,3.0,0.2133
57434749,2023-04-27 02:07:10,2023-04-27T03:00:31.000,NYPD,noise - residential,Loud Talking,10038.0,Closed,3.0,1.0,3.0,2.0,0.0370486111111111,2,6.0,0.1283
57434209,2023-04-27 02:09:21,2023-04-29T19:12:46.000,HPD,heat/hot water,ENTIRE BUILDING,10026.0,Closed,7.0,3.0,4.0,2.0,2.7107060185185183,3,8.0,0.35
57434388,2023-04-27 02:09:55,2023-04-28T08:24:49.000,HPD,heat/hot water,APARTMENT ONLY,10032.0,Closed,7.0,3.0,4.0,2.0,1.2603472222222225,4,10.0,0.35
57433585,2023-04-27 02:12:52,2024-11-12T17:25:45.000,DPR,illegal tree damage,Trunk Damaged,10459.0,Closed,4.0,3.0,4.0,2.0,565.6339467592593,0,0.0,0.1689
57433918,2023-04-27 02:15:46,2023-04-27T11:46:50.000,HPD,heat/hot water,ENTIRE BUILDING,10462.0,Closed,7.0,3.0,4.0,2.0,0.3965740740740741,8,10.0,0.35
57435845,2023-04-27 02:17:36,2023-04-27T13:50:20.000,DSNY,illegal dumping,Chronic Dumping,11226.0,Closed,4.0,3.0,4.0,2.0,0.4810648148148148,1,3.0,0.1689
57434107,2023-04-27 02:21:50,2023-04-29T18:54:59.000,HPD,heat/hot water,ENTIRE BUILDING,11226.0,Closed,7.0,3.0,4.0,2.0,2.6896875,7,10.0,0.4392
57435211,2023-04-27 02:23:17,2023-04-27T10:05:23.000,DHS,homeless person assistance,Unknown,10036.0,Closed,4.0,3.0,4.0,2.0,0.3209027777777777,3,8.0,0.1689
57433903,2023-04-27 02:25:15,2023-04-29T18:54:59.000,HPD,heat/hot water,ENTIRE BUILDING,11226.0,Closed,7.0,3.0,4.0,2.0,2.687314814814815,8,10.0,0.4391
57434336,2023-04-27 02:26:00,2023-04-27T12:26:00.000,DEP,noise,"Noise, Barking Dog (NR5)",10460.0,Closed,3.0,1.0,3.0,2.0,0.4166666666666667,0,0.0,0.1283
57433993,2023-04-27 02:29:05,2023-04-27T02:47:02.000,NYPD,noise - vehicle,Car/Truck Music,10458.0,Closed,3.0,1.0,3.0,2.0,0.0124652777777777,0,0.0,0.1283
57434355,2023-04-27 02:29:22,2023-04-27T03:24:35.000,NYPD,noise - residential,Banging/Pounding,11226.0,Closed,3.0,1.0,3.0,2.0,0.0383449074074074,4,10.0,0.1283
57434391,2023-04-27 02:29:31,2023-04-27T02:33:38.000,NYPD,noise - residential,Banging/Pounding,11221.0,Closed,3.0,1.0,3.0,2.0,0.0028587962962962,3,8.0,0.1283
57432861,2023-04-27 02:37:23,2023-05-25T13:07:17.000,HPD,door/window,DOOR,11104.0,Closed,4.0,3.0,4.0,2.0,28.437430555555554,0,0.0,0.1689
57434174,2023-04-27 02:37:23,2023-05-25T13:18:46.000,HPD,plumbing,BASIN/SINK,11104.0,Closed,4.0,3.0,4.0,2.0,28.4454050925926,0,0.0,0.1689
57435974,2023-04-27 02:44:07,2023-04-27T04:41:41.000,NYPD,blocked driveway,No Access,10468.0,Closed,5.0,6.0,4.0,2.0,0.0816435185185185,1,3.0,0.2133
57432976,2023-04-27 02:48:35,2023-04-27T06:06:50.000,NYPD,noise - residential,Loud Television,10461.0,Closed,3.0,1.0,3.0,2.0,0.1376736111111111,3,8.0,0.1283
57434567,2023-04-27 03:01:02,2023-04-27T04:22:32.000,NYPD,illegal parking,Blocked Crosswalk,11214.0,Closed,6.0,6.0,4.0,2.0,0.0565972222222222,5,10.0,0.35
57433376,2023-04-27 03:02:01,2023-04-27T05:06:06.000,NYPD,illegal parking,Blocked Sidewalk,11385.0,Closed,6.0,6.0,6.0,4.0,0.0861689814814814,9,10.0,0.469
57434324,2023-04-27 03:02:37,2023-04-27T04:01:32.000,NYPD,noise - street/sidewalk,Loud Talking,10029.0,Closed,5.0,4.0,6.0,4.0,0.0409143518518518,2,6.0,0.2149
57433125,2023-04-27 03:08:00,2023-04-27T22:06:00.000,DEP,noise,Noise: Construction Before/After Hours (NM1),10128.0,Closed,3.0,7.0,3.0,2.0,0.7902777777777777,2,6.0,0.1283
57435423,2023-04-27 03:12:36,2023-04-27T04:23:24.000,NYPD,noise - residential,Loud Music/Party,11419.0,Closed,3.0,1.0,3.0,2.0,0.0491666666666666,0,0.0,0.1283
57435134,2023-04-27 03:20:08,2023-04-27T15:34:57.000,HPD,heat/hot water,ENTIRE BUILDING,10468.0,Closed,7.0,3.0,4.0,2.0,0.5102893518518519,6,10.0,0.35
57434568,2023-04-27 03:25:48,2023-04-27T04:51:26.000,NYPD,blocked driveway,No Access,11214.0,Closed,5.0,6.0,4.0,2.0,0.0594675925925925,6,10.0,0.35
57434271,2023-04-27 03:33:05,2023-04-27T03:53:23.000,NYPD,illegal parking,Blocked Hydrant,11207.0,Closed,6.0,6.0,4.0,2.0,0.0140972222222222,4,10.0,0.35
57434337,2023-04-27 03:41:00,2023-04-27T12:31:00.000,DEP,noise,"Noise, Barking Dog (NR5)",11365.0,Closed,3.0,1.0,3.0,2.0,0.3680555555555556,0,0.0,0.1283
57433855,2023-04-27 03:41:14,2023-04-30T01:22:26.000,DHS,homeless person assistance,Unknown,UNKNOWN,Closed,4.0,3.0,4.0,2.0,2.903611111111111,8,10.0,0.2591
57435987,2023-04-27 03:45:00,2023-05-01T00:00:00.000,DOT,street light condition,Traffic Signal Light,10016.0,Closed,9.0,10.0,8.0,5.0,3.84375,0,0.0,0.7209
57433408,2023-04-27 03:45:16,2023-04-27T10:06:34.000,DHS,homeless person assistance,Unknown,10019.0,Closed,4.0,3.0,4.0,2.0,0.2647916666666666,1,3.0,0.1689
57434291,2023-04-27 03:45:21,2023-04-27T04:02:59.000,NYPD,noise - residential,Loud Music/Party,11210.0,Closed,3.0,1.0,3.0,2.0,0.0122453703703703,2,6.0,0.1283
57435243,2023-04-27 03:51:31,2023-04-27T04:18:24.000,NYPD,encampment,Unknown,UNKNOWN,Closed,4.0,3.0,4.0,2.0,0.0186689814814814,3,8.0,0.1689
57434682,2023-04-27 04:02:00,2023-04-28T20:15:00.000,DEP,noise,Noise: air condition/ventilation equipment (NV1),10009.0,Closed,3.0,1.0,3.0,2.0,1.6756944444444444,0,0.0,0.1283
57433145,2023-04-27 04:02:00,2023-04-27T12:28:00.000,DEP,noise,"Noise, Barking Dog (NR5)",10461.0,Closed,3.0,1.0,3.0,2.0,0.3513888888888888,0,0.0,0.1283
57434469,2023-04-27 04:03:18,2023-04-27T05:07:07.000,NYPD,abandoned vehicle,With License Plate,11385.0,Closed,4.0,3.0,4.0,2.0,0.0443171296296296,1,3.0,0.1689
57433460,2023-04-27 04:04:47,2023-04-27T17:10:51.000,HPD,paint/plaster,CEILING,11230.0,Closed,4.0,3.0,4.0,2.0,0.5458796296296297,1,3.0,0.1689
57435356,2023-04-27 04:04:47,2023-04-27T17:10:50.000,HPD,outside building,PAVEMENT,11230.0,Closed,4.0,3.0,4.0,2.0,0.5458680555555555,0,0.0,0.1689
57433082,2023-04-27 04:23:00,2023-04-27T09:53:00.000,DSNY,derelict vehicles,Derelict Vehicles,11208.0,Closed,4.0,3.0,4.0,2.0,0.2291666666666666,0,0.0,0.1689
57435412,2023-04-27 04:23:00,2023-05-01T19:30:00.000,DEP,noise,Noise: Construction Before/After Hours (NM1),10452.0,Closed,3.0,7.0,3.0,2.0,4.629861111111111,0,0.0,0.1283
57435202,2023-04-27 04:33:22,2023-05-09T02:05:13.000,HPD,unsanitary condition,GARBAGE/RECYCLING STORAGE,11219.0,Closed,5.0,2.0,5.0,4.0,11.897118055555556,2,6.0,0.3565
57433988,2023-04-27 04:42:35,2023-04-27T14:28:36.000,HPD,heat/hot water,ENTIRE BUILDING,10452.0,Closed,7.0,3.0,4.0,2.0,0.4069560185185185,4,10.0,0.35
57435333,2023-04-27 05:07:39,2023-04-27T06:25:50.000,NYPD,illegal parking,Blocked Hydrant,10458.0,Closed,6.0,6.0,4.0,2.0,0.0542939814814814,1,3.0,0.2208
57433219,2023-04-27 05:16:56,2023-04-27T06:45:28.000,NYPD,noise - commercial,Car/Truck Music,10030.0,Closed,3.0,1.0,3.0,2.0,0.0614814814814814,1,3.0,0.1283
57436713,2023-04-27 05:17:26,2023-04-27T08:02:19.000,NYPD,noise - vehicle,Engine Idling,10472.0,Closed,3.0,1.0,3.0,2.0,0.1145023148148148,0,0.0,0.1283
57435707,2023-04-27 05:19:41,2023-04-27T06:37:43.000,NYPD,blocked driveway,No Access,11377.0,Closed,5.0,6.0,4.0,2.0,0.0541898148148148,1,3.0,0.2133
57434717,2023-04-27 05:21:55,2023-04-27T05:29:35.000,NYPD,illegal parking,Blocked Crosswalk,11214.0,Closed,6.0,6.0,4.0,2.0,0.005324074074074,6,10.0,0.35
57435338,2023-04-27 05:22:40,2023-04-27T05:57:15.000,NYPD,illegal parking,Posted Parking Sign Violation,10305.0,Closed,5.0,5.0,4.0,2.0,0.0240162037037037,0,0.0,0.2208
57432899,2023-04-27 05:24:30,2023-04-27T06:33:13.000,NYPD,noise - residential,Banging/Pounding,10025.0,Closed,3.0,1.0,3.0,2.0,0.0477199074074074,6,10.0,0.1283
57435481,2023-04-27 05:26:32,2023-04-27T05:39:06.000,NYPD,abandoned vehicle,With License Plate,11239.0,Closed,4.0,3.0,4.0,2.0,0.0087268518518518,5,10.0,0.1689
57435390,2023-04-27 05:33:05,2023-04-27T06:45:03.000,NYPD,noise - street/sidewalk,Loud Talking,10030.0,Closed,5.0,4.0,6.0,4.0,0.0499768518518518,3,8.0,0.3106
57432825,2023-04-27 05:34:11,2023-04-27T18:47:12.000,HPD,heat/hot water,ENTIRE BUILDING,11206.0,Closed,7.0,3.0,4.0,2.0,0.5507060185185185,3,8.0,0.2802
57433380,2023-04-27 05:36:25,2023-04-27T05:52:05.000,NYPD,noise - residential,Loud Talking,11234.0,Closed,3.0,1.0,3.0,2.0,0.0108796296296296,1,3.0,0.1283
57434930,2023-04-27 05:37:42,2023-04-27T07:12:52.000,NYPD,non-emergency police matter,Other (complaint details),10467.0,Closed,5.0,3.0,4.0,2.0,0.0660879629629629,1,3.0,0.2138
57433526,2023-04-27 05:39:05,2023-05-02T00:00:00.000,DOB,general construction/plumbing,Construction - Change Grade/Watercourse,10308.0,Closed,4.0,7.0,4.0,2.0,4.764525462962963,0,0.0,0.2236
57432857,2023-04-27 05:39:23,2023-04-27T06:24:50.000,NYPD,illegal parking,Blocked Hydrant,11236.0,Closed,6.0,6.0,4.0,2.0,0.0315625,4,10.0,0.35
57434777,2023-04-27 05:41:54,2023-05-12T10:49:29.000,DPR,new tree request,For One Address,11230.0,Closed,4.0,3.0,4.0,2.0,15.213599537037036,0,0.0,0.1689
57433003,2023-04-27 05:48:55,2023-04-27T06:07:10.000,NYPD,abandoned vehicle,With License Plate,10305.0,Closed,4.0,3.0,4.0,2.0,0.0126736111111111,0,0.0,0.1689
57435439,2023-04-27 05:51:57,2023-04-27T06:52:58.000,NYPD,illegal parking,Posted Parking Sign Violation,11231.0,Closed,5.0,5.0,4.0,2.0,0.0423726851851851,4,10.0,0.35
57433422,2023-04-27 05:52:17,2023-04-27T10:03:32.000,DHS,homeless person assistance,Unknown,11432.0,Closed,4.0,3.0,4.0,2.0,0.1744791666666666,0,0.0,0.1689
57435218,2023-04-27 05:53:38,2023-05-31T15:49:12.000,EDC,noise - helicopter,Other,11201.0,Closed,3.0,1.0,3.0,2.0,34.413587962962964,7,10.0,0.3034
57433990,2023-04-27 05:58:24,2023-04-27T16:27:34.000,HPD,plumbing,WATER SUPPLY,11377.0,Closed,4.0,3.0,9.0,2.0,0.4369212962962963,0,0.0,0.1689
57433298,2023-04-27 06:01:27,2023-04-30T11:27:48.000,HPD,heat/hot water,APARTMENT ONLY,11216.0,Closed,7.0,3.0,4.0,2.0,3.226631944444444,0,0.0,0.2099
57432985,2023-04-27 06:04:21,2023-04-28T09:38:55.000,HPD,heat/hot water,ENTIRE BUILDING,10458.0,Closed,7.0,3.0,4.0,2.0,1.1490046296296297,1,3.0,0.2099
57433393,2023-04-27 06:04:56,2023-04-27T06:25:40.000,NYPD,illegal parking,Posted Parking Sign Violation,10002.0,Closed,5.0,5.0,4.0,2.0,0.0143981481481481,8,10.0,0.35
57435312,2023-04-27 06:10:24,2023-04-27T15:36:33.000,HPD,heat/hot water,ENTIRE BUILDING,10457.0,Closed,7.0,3.0,4.0,2.0,0.3931597222222222,3,8.0,0.2736
57432884,2023-04-27 06:13:25,2023-04-29T18:10:48.000,HPD,heat/hot water,APARTMENT ONLY,10452.0,Closed,7.0,3.0,4.0,2.0,2.4981828703703703,5,10.0,0.4333
57435443,2023-04-27 06:13:30,2023-04-27T06:34:22.000,NYPD,illegal parking,Blocked Sidewalk,10001.0,Closed,6.0,6.0,6.0,4.0,0.0144907407407407,1,3.0,0.3679
57433183,2023-04-27 06:15:47,2023-05-31T15:49:13.000,EDC,noise - helicopter,Other,11238.0,Closed,3.0,1.0,3.0,2.0,34.398217592592594,17,10.0,0.3034
57433403,2023-04-27 06:18:33,2023-04-27T06:58:48.000,NYPD,blocked driveway,Partial Access,11235.0,Closed,5.0,6.0,4.0,2.0,0.0279513888888888,0,0.0,0.2133
57434438,2023-04-27 06:19:45,2023-04-27T07:00:32.000,NYPD,illegal parking,Posted Parking Sign Violation,11101.0,Closed,5.0,5.0,4.0,2.0,0.0283217592592592,20,10.0,0.35
57433057,2023-04-27 06:20:37,2023-04-27T06:25:26.000,NYPD,illegal parking,Posted Parking Sign Violation,11206.0,Closed,5.0,5.0,4.0,2.0,0.0033449074074074,2,6.0,0.2208
57435723,2023-04-27 06:20:51,2023-04-27T06:58:06.000,NYPD,illegal parking,Commercial Overnight Parking,10025.0,Closed,5.0,5.0,4.0,2.0,0.0258680555555555,3,8.0,0.2581
57434343,2023-04-27 06:21:13,2023-04-27T06:59:20.000,NYPD,illegal parking,Posted Parking Sign Violation,11235.0,Closed,5.0,5.0,4.0,2.0,0.0264699074074074,6,10.0,0.35
57433379,2023-04-27 06:22:23,2023-05-03T07:13:18.000,HPD,electric,LIGHTING,11216.0,Closed,4.0,3.0,4.0,2.0,6.035358796296296,0,0.0,0.1689
57433944,2023-04-27 06:22:23,2023-04-30T11:27:48.000,HPD,heat/hot water,ENTIRE BUILDING,11216.0,Closed,7.0,3.0,4.0,2.0,3.2120949074074074,1,3.0,0.2846
57434267,2023-04-27 06:23:02,2023-04-27T07:05:06.000,NYPD,noise - vehicle,Car/Truck Music,11220.0,Closed,3.0,1.0,3.0,2.0,0.0292129629629629,2,6.0,0.1283
57435839,2023-04-27 06:23:27,2023-05-03T20:19:26.000,HPD,unsanitary condition,PESTS,11225.0,Closed,4.0,3.0,4.0,2.0,6.5805439814814815,1,3.0,0.1689
57433564,2023-04-27 06:23:46,2023-04-27T08:44:24.000,NYPD,blocked driveway,No Access,10454.0,Closed,5.0,6.0,4.0,2.0,0.097662037037037,3,8.0,0.2632
57435851,2023-04-27 06:23:47,2023-04-27T08:47:58.000,NYPD,blocked driveway,No Access,11416.0,Closed,5.0,6.0,4.0,2.0,0.1001273148148148,3,8.0,0.2632
57435991,2023-04-27 06:25:00,2023-04-27T08:00:00.000,DOT,traffic signal condition,Controller,10030.0,Closed,9.0,10.0,8.0,2.0,0.0659722222222222,3,8.0,0.7209
57435447,2023-04-27 06:26:00,2023-04-27T11:00:00.000,DEP,noise,Noise: Construction Before/After Hours (NM1),11435.0,Closed,3.0,7.0,3.0,2.0,0.1902777777777777,1,3.0,0.1283
57433731,2023-04-27 06:26:26,2023-05-16T11:08:21.000,HPD,plumbing,WATER SUPPLY,10453.0,Closed,4.0,3.0,9.0,2.0,19.195775462962963,3,8.0,0.2609
57436006,2023-04-27 06:29:14,2023-04-27T08:45:00.000,NYPD,blocked driveway,No Access,10454.0,Closed,5.0,6.0,4.0,2.0,0.0942824074074074,4,10.0,0.35
57433933,2023-04-27 06:30:15,2023-04-28T00:00:00.000,DOB,general construction/plumbing,Sidewalk Shed/Pipe Scafford - Inadequate Defective/None,10462.0,Closed,5.0,7.0,6.0,4.0,0.7289930555555556,0,0.0,0.2208
57435199,2023-04-27 06:31:34,2023-04-27T10:23:38.000,NYPD,illegal parking,Blocked Hydrant,11103.0,Closed,6.0,6.0,4.0,2.0,0.1611574074074074,2,6.0,0.2208
57435156,2023-04-27 06:32:56,2023-05-01T10:39:53.000,DPR,maintenance or facility,Grass/Weeds,10312.0,Closed,4.0,3.0,4.0,2.0,4.171493055555556,0,0.0,0.1689
57435659,2023-04-27 06:35:06,2023-05-01T09:38:45.000,HPD,heat/hot water,ENTIRE BUILDING,11218.0,Closed,7.0,3.0,4.0,2.0,4.127534722222222,5,10.0,0.4395
57435103,2023-04-27 06:35:09,2023-04-27T18:30:53.000,HPD,heat/hot water,ENTIRE BUILDING,10467.0,Closed,7.0,3.0,4.0,2.0,0.497037037037037,10,10.0,0.35
57433603,2023-04-27 06:35:26,2023-05-01T14:14:10.000,DPR,damaged tree,Branch or Limb Has Fallen Down,10312.0,Closed,4.0,3.0,4.0,2.0,4.318564814814815,0,0.0,0.1689
57433056,2023-04-27 06:40:55,2023-04-27T07:05:49.000,NYPD,noise - residential,Banging/Pounding,10468.0,Closed,3.0,1.0,3.0,2.0,0.0172916666666666,6,10.0,0.1283
57434208,2023-04-27 06:41:43,2023-04-27T07:22:49.000,NYPD,illegal parking,Blocked Hydrant,11228.0,Closed,6.0,6.0,4.0,2.0,0.0285416666666666,3,8.0,0.2581
57432812,2023-04-27 06:42:22,2023-05-31T15:49:19.000,EDC,noise - helicopter,Other,11238.0,Closed,3.0,1.0,3.0,2.0,34.37982638888889,18,10.0,0.3034
57435429,2023-04-27 06:44:36,2023-04-27T11:46:50.000,HPD,heat/hot water,ENTIRE BUILDING,10462.0,Closed,7.0,3.0,4.0,2.0,0.2098842592592592,9,10.0,0.35
57433922,2023-04-27 06:45:42,2023-05-31T15:49:20.000,EDC,noise - helicopter,Other,11215.0,Closed,3.0,1.0,3.0,2.0,34.37752314814815,0,0.0,0.1283
57434273,2023-04-27 06:46:15,2023-04-27T07:24:42.000,NYPD,illegal parking,Blocked Hydrant,11204.0,Closed,6.0,6.0,4.0,2.0,0.0267013888888888,9,10.0,0.35
57433251,2023-04-27 06:46:38,2023-05-01T13:29:55.000,DSNY,illegal dumping,Removal Request,10304.0,Closed,4.0,3.0,4.0,2.0,4.280057870370371,0,0.0,0.1689
57434027,2023-04-27 06:52:25,2023-04-27T07:14:01.000,NYPD,illegal parking,Blocked Hydrant,11214.0,Closed,6.0,6.0,4.0,2.0,0.015,7,10.0,0.35
57435641,2023-04-27 06:53:21,2023-04-27T07:44:15.000,NYPD,illegal parking,Posted Parking Sign Violation,10302.0,Closed,5.0,5.0,4.0,2.0,0.0353472222222222,1,3.0,0.2208
57434236,2023-04-27 06:53:27,2023-04-27T10:03:03.000,DHS,homeless person assistance,Unknown,10038.0,Closed,4.0,3.0,4.0,2.0,0.1316666666666666,0,0.0,0.1689
57433201,2023-04-27 06:54:38,2023-04-27T07:22:08.000,NYPD,illegal parking,Posted Parking Sign Violation,11239.0,Closed,5.0,5.0,4.0,2.0,0.0190972222222222,2,6.0,0.2208
57434073,2023-04-27 06:56:10,2023-04-29T19:12:46.000,HPD,heat/hot water,ENTIRE BUILDING,10027.0,Closed,7.0,3.0,4.0,2.0,2.511527777777778,4,10.0,0.4338
57433521,2023-04-27 06:56:29,2023-04-29T11:26:23.000,HPD,heat/hot water,APARTMENT ONLY,11420.0,Closed,7.0,3.0,4.0,2.0,2.187430555555556,0,0.0,0.2099
57434441,2023-04-27 06:57:34,2023-04-29T13:51:06.000,DSNY,illegal dumping,Removal Request,11207.0,Closed,4.0,3.0,4.0,2.0,2.287175925925926,1,3.0,0.1689
57435806,2023-04-27 06:57:41,2023-04-27T07:17:28.000,NYPD,blocked driveway,No Access,11204.0,Closed,5.0,6.0,4.0,2.0,0.0137384259259259,1,3.0,0.2133
57433147,2023-04-27 06:59:00,2023-05-02T06:08:00.000,DEP,noise,Noise: Construction Before/After Hours (NM1),10128.0,Closed,3.0,7.0,3.0,2.0,4.964583333333334,3,8.0,0.1332
57434218,2023-04-27 06:59:13,2023-04-27T09:27:54.000,NYPD,illegal parking,Blocked Hydrant,11377.0,Closed,6.0,6.0,4.0,2.0,0.1032523148148148,5,10.0,0.35
57435788,2023-04-27 06:59:30,2023-04-27T06:59:30.000,DOHMH,rodent,Rat Sighting,11233.0,Closed,4.0,3.0,4.0,2.0,0.0,0,0.0,0.1689
57432971,2023-04-27 07:00:03,2023-04-27T08:43:54.000,NYPD,illegal parking,Blocked Hydrant,10471.0,Closed,6.0,6.0,4.0,2.0,0.0721180555555555,4,10.0,0.35
57434858,2023-04-27 07:00:17,2023-05-09T19:44:15.000,HPD,unsanitary condition,PESTS,10304.0,Closed,4.0,3.0,4.0,2.0,12.530532407407408,0,0.0,0.1689
57435887,2023-04-27 07:02:07,2023-04-27T07:04:46.000,NYPD,blocked driveway,No Access,11218.0,Closed,5.0,6.0,4.0,2.0,0.0018402777777777,1,3.0,0.2133
57435716,2023-04-27 07:02:22,2023-04-27T08:33:33.000,NYPD,illegal parking,Blocked Sidewalk,11418.0,Closed,6.0,6.0,6.0,4.0,0.0633217592592592,3,8.0,0.4168
57435888,2023-04-27 07:02:56,2023-04-27T07:14:35.000,NYPD,illegal parking,Commercial Overnight Parking,11236.0,Closed,5.0,5.0,4.0,2.0,0.0080902777777777,5,10.0,0.35
57433332,2023-04-27 07:03:14,2023-04-30T19:05:33.000,HPD,heat/hot water,ENTIRE BUILDING,11203.0,Closed,7.0,3.0,4.0,2.0,3.5016087962962965,6,10.0,0.4428
57434613,2023-04-27 07:05:05,2023-04-27T08:12:17.000,NYPD,illegal parking,Parking Permit Improper Use,11372.0,Closed,5.0,5.0,4.0,2.0,0.0466666666666666,3,8.0,0.2586
57435644,2023-04-27 07:05:40,2023-04-27T08:39:01.000,NYPD,illegal parking,Posted Parking Sign Violation,10026.0,Closed,5.0,5.0,4.0,2.0,0.0648263888888888,1,3.0,0.2208
57435593,2023-04-27 07:08:04,2023-04-27T07:25:54.000,NYPD,illegal parking,Posted Parking Sign Violation,11235.0,Closed,5.0,5.0,4.0,2.0,0.0123842592592592,7,10.0,0.35
57432894,2023-04-27 07:10:46,2023-04-27T08:54:35.000,NYPD,illegal parking,Blocked Hydrant,11370.0,Closed,6.0,6.0,4.0,2.0,0.0720949074074074,1,3.0,0.2208
57435112,2023-04-27 07:10:49,2023-04-27T07:32:30.000,NYPD,illegal parking,Blocked Hydrant,11221.0,Closed,6.0,6.0,4.0,2.0,0.0150578703703703,4,10.0,0.35
57434412,2023-04-27 07:11:21,2023-04-27T07:26:18.000,NYPD,illegal parking,Posted Parking Sign Violation,11235.0,Closed,5.0,5.0,4.0,2.0,0.0103819444444444,8,10.0,0.35
57433882,2023-04-27 07:12:11,2023-05-31T15:49:26.000,EDC,noise - helicopter,News Gathering,10035.0,Closed,3.0,1.0,3.0,2.0,34.35920138888889,0,0.0,0.1283
57433174,2023-04-27 07:12:54,2023-04-27T09:04:14.000,NYPD,illegal parking,Posted Parking Sign Violation,11231.0,Closed,5.0,5.0,4.0,2.0,0.0773148148148148,5,10.0,0.35
57434502,2023-04-27 07:13:20,2023-04-27T07:25:55.000,NYPD,illegal parking,Commercial Overnight Parking,10025.0,Closed,5.0,5.0,4.0,2.0,0.0087384259259259,4,10.0,0.35
57435528,2023-04-27 07:13:22,2023-04-27T10:54:01.000,NYPD,traffic,Drag Racing,UNKNOWN,Closed,4.0,3.0,4.0,2.0,0.1532291666666666,0,0.0,0.1689
57432874,2023-04-27 07:14:16,2023-04-27T08:40:13.000,NYPD,illegal parking,Blocked Hydrant,11105.0,Closed,6.0,6.0,4.0,2.0,0.0596875,3,8.0,0.259
57433970,2023-04-27 07:14:33,2023-04-27T08:06:00.000,NYPD,illegal parking,Blocked Hydrant,11231.0,Closed,6.0,6.0,4.0,2.0,0.0357291666666666,6,10.0,0.35
57435769,2023-04-27 07:14:52,2023-04-27T10:39:24.000,NYPD,blocked driveway,Partial Access,11208.0,Closed,5.0,6.0,4.0,2.0,0.142037037037037,1,3.0,0.2133
57434383,2023-04-27 07:15:23,2023-04-27T08:34:42.000,NYPD,abandoned vehicle,With License Plate,11418.0,Closed,4.0,3.0,4.0,2.0,0.0550810185185185,0,0.0,0.1689
57433300,2023-04-27 07:15:59,2023-04-27T17:10:00.000,HPD,heat/hot water,APARTMENT ONLY,11218.0,Closed,7.0,3.0,4.0,2.0,0.412511574074074,6,10.0,0.35
57434890,2023-04-27 07:16:00,2023-04-27T08:38:49.000,NYPD,blocked driveway,No Access,11104.0,Closed,5.0,6.0,4.0,2.0,0.057511574074074,1,3.0,0.2133
57435404,2023-04-27 07:16:13,2023-05-31T15:49:27.000,EDC,noise - helicopter,Other,11414.0,Closed,3.0,1.0,3.0,2.0,34.35641203703704,10,10.0,0.3034
57435075,2023-04-27 07:16:17,2023-04-27T11:15:54.000,NYPD,illegal parking,Blocked Hydrant,10454.0,Closed,6.0,6.0,4.0,2.0,0.1664004629629629,3,8.0,0.2622
57434306,2023-04-27 07:17:13,2023-04-27T08:34:49.000,NYPD,abandoned vehicle,With License Plate,11418.0,Closed,4.0,3.0,4.0,2.0,0.0538888888888888,1,3.0,0.1689
57435809,2023-04-27 07:19:46,2023-04-27T08:14:08.000,NYPD,blocked driveway,No Access,11218.0,Closed,5.0,6.0,4.0,2.0,0.0377546296296296,2,6.0,0.2133
57434655,2023-04-27 07:20:00,2023-04-27T08:55:00.000,DEP,sewer,Manhole Cover Missing (Emergency) (SA3),10468.0,Closed,9.0,3.0,7.0,2.0,0.0659722222222222,0,0.0,0.6399
57433962,2023-04-27 07:21:09,2023-04-27T07:37:28.000,NYPD,illegal parking,Blocked Hydrant,11224.0,Closed,6.0,6.0,4.0,2.0,0.0113310185185185,7,10.0,0.35
57435436,2023-04-27 07:23:52,2023-06-02T12:36:58.000,DSNY,illegal dumping,Removal Request,10019.0,Closed,4.0,3.0,4.0,2.0,36.21743055555555,0,0.0,0.1689
57434494,2023-04-27 07:24:11,2023-04-27T18:40:45.000,NYPD,illegal parking,Posted Parking Sign Violation,10457.0,Closed,5.0,5.0,4.0,2.0,0.469837962962963,4,10.0,0.35
57435965,2023-04-27 07:24:28,2023-05-10T13:05:00.000,DOT,street condition,Pothole,UNKNOWN,Closed,8.0,8.0,8.0,7.0,13.236481481481482,0,0.0,0.5798
57434421,2023-04-27 07:25:02,2023-04-27T07:46:09.000,NYPD,noise - street/sidewalk,Loud Talking,11354.0,Closed,5.0,4.0,6.0,4.0,0.0146643518518518,0,0.0,0.2133
57433484,2023-04-27 07:28:24,2023-04-27T09:54:37.000,NYPD,illegal parking,Blocked Crosswalk,10467.0,Closed,6.0,6.0,4.0,2.0,0.1015393518518518,8,10.0,0.35
57434454,2023-04-27 07:29:23,2023-04-27T07:50:20.000,NYPD,illegal parking,Blocked Sidewalk,10029.0,Closed,6.0,6.0,6.0,4.0,0.0145486111111111,3,8.0,0.4111
57433773,2023-04-27 07:29:48,2023-04-28T05:25:52.000,DSNY,missed collection,Bulky Trash,11434.0,Closed,4.0,3.0,4.0,2.0,0.9139351851851852,0,0.0,0.1689
57433676,2023-04-27 07:31:56,2023-05-04T09:51:50.000,DOT,sidewalk condition,Broken Sidewalk,10029.0,Closed,6.0,4.0,6.0,4.0,7.097152777777778,0,0.0,0.3679
57435385,2023-04-27 07:32:01,2023-04-27T09:02:32.000,NYPD,illegal parking,Blocked Sidewalk,11101.0,Closed,6.0,6.0,6.0,4.0,0.0628587962962963,21,10.0,0.469
57435300,2023-04-27 07:32:47,2023-04-27T07:39:18.000,NYPD,encampment,Unknown,UNKNOWN,Closed,4.0,3.0,4.0,2.0,0.0045254629629629,4,10.0,0.1689
57434764,2023-04-27 07:35:16,2023-07-02T02:05:01.000,HPD,unsanitary condition,PESTS,10065.0,Closed,4.0,3.0,4.0,2.0,65.77065972222222,0,0.0,0.1689
57435789,2023-04-27 07:35:37,2023-04-27T09:24:23.000,NYPD,illegal parking,Blocked Crosswalk,10467.0,Closed,6.0,6.0,4.0,2.0,0.0755324074074074,9,10.0,0.35
57434254,2023-04-27 07:37:28,2023-04-27T10:24:18.000,NYPD,illegal parking,Blocked Hydrant,11416.0,Closed,6.0,6.0,4.0,2.0,0.1158564814814814,0,0.0,0.2208
57432771,2023-04-27 07:38:25,2023-04-29T09:52:27.000,HPD,heat/hot water,ENTIRE BUILDING,11210.0,Closed,7.0,3.0,4.0,2.0,2.0930787037037035,1,3.0,0.2721
57433849,2023-04-27 07:38:40,2023-05-01T13:52:11.000,DOT,street condition,Plate Condition - Shifted,10019.0,Closed,8.0,7.0,7.0,7.0,4.259386574074074,1,3.0,0.55
57433085,2023-04-27 07:38:44,2023-04-27T09:44:31.000,NYPD,illegal parking,Blocked Hydrant,11385.0,Closed,6.0,6.0,4.0,2.0,0.087349537037037,10,10.0,0.35
57433590,2023-04-27 07:39:53,2023-06-16T12:02:23.000,DPR,maintenance or facility,Garbage or Litter,10016.0,Closed,5.0,2.0,5.0,4.0,50.18229166666666,0,0.0,0.35
57434801,2023-04-27 07:43:41,2023-05-23T13:25:00.000,DOT,street condition,Pothole,10465.0,Closed,8.0,8.0,8.0,7.0,26.23702546296296,2,6.0,0.6424
57434293,2023-04-27 07:43:56,2023-04-27T13:21:01.000,NYPD,abandoned vehicle,With License Plate,11235.0,Closed,4.0,3.0,4.0,2.0,0.2340856481481481,0,0.0,0.1689
57435953,2023-04-27 07:44:00,2023-04-27T09:20:00.000,DEP,water system,Hydrant Running Full (WA4),11211.0,Closed,4.0,3.0,4.0,2.0,0.0666666666666666,0,0.0,0.1689
57434439,2023-04-27 07:44:40,2023-04-27T10:35:33.000,NYPD,abandoned vehicle,With License Plate,10308.0,Closed,4.0,3.0,4.0,2.0,0.1186689814814814,1,3.0,0.1689
57434288,2023-04-27 07:47:26,2023-04-27T09:13:07.000,DPR,animal in a park,Dog Off Leash,11211.0,Closed,4.0,3.0,4.0,2.0,0.0595023148148148,1,3.0,0.1689
57433553,2023-04-27 07:47:36,2023-05-01T09:29:32.000,HPD,heat/hot water,APARTMENT ONLY,10451.0,Closed,7.0,3.0,4.0,2.0,4.070787037037037,1,3.0,0.2896
57433391,2023-04-27 07:47:51,2023-04-27T10:02:31.000,DSNY,dirty condition,Trash,10031.0,Closed,4.0,3.0,4.0,2.0,0.0935185185185185,0,0.0,0.1689
57434791,2023-04-27 07:47:54,2023-05-01T08:27:17.000,HPD,heat/hot water,APARTMENT ONLY,10029.0,Closed,7.0,3.0,4.0,2.0,4.027349537037037,4,10.0,0.44
57433878,2023-04-27 07:48:31,2023-04-27T12:22:22.000,HPD,heat/hot water,ENTIRE BUILDING,10452.0,Closed,7.0,3.0,4.0,2.0,0.1901736111111111,6,10.0,0.35
57433080,2023-04-27 07:48:44,2023-04-27T11:01:50.000,NYPD,illegal parking,Posted Parking Sign Violation,11237.0,Closed,5.0,5.0,4.0,2.0,0.1340972222222222,0,0.0,0.2208
57433485,2023-04-27 07:50:28,2023-04-27T11:45:34.000,NYPD,blocked driveway,No Access,10460.0,Closed,5.0,6.0,4.0,2.0,0.1632638888888888,0,0.0,0.2133
57434330,2023-04-27 07:51:16,2023-04-27T08:37:54.000,NYPD,illegal parking,Blocked Hydrant,11226.0,Closed,6.0,6.0,4.0,2.0,0.0323842592592592,3,8.0,0.2582
57433464,2023-04-27 07:51:48,2023-05-01T14:08:09.000,HPD,plumbing,WATER SUPPLY,11239.0,Closed,4.0,3.0,9.0,2.0,4.261354166666667,0,0.0,0.1689
57432855,2023-04-27 07:51:49,2023-05-31T15:49:30.000,EDC,noise - helicopter,Other,10024.0,Closed,3.0,1.0,3.0,2.0,34.33172453703704,2,6.0,0.2128
57435433,2023-04-27 07:54:13,2023-04-27T08:24:39.000,NYPD,abandoned vehicle,With License Plate,11204.0,Closed,4.0,3.0,4.0,2.0,0.0211342592592592,1,3.0,0.1689
57435656,2023-04-27 07:54:44,2023-04-27T13:38:59.000,HPD,heat/hot water,ENTIRE BUILDING,10456.0,Closed,7.0,3.0,4.0,2.0,0.2390625,6,10.0,0.35
57435293,2023-04-27 07:54:44,2023-04-27T08:48:25.000,HPD,heat/hot water,ENTIRE BUILDING,10031.0,Closed,7.0,3.0,4.0,2.0,0.0372800925925925,2,6.0,0.2099
57435645,2023-04-27 07:55:13,2023-05-06T00:00:00.000,DOB,general construction/plumbing,Cons - Contrary/Beyond Approved Plans/Permits,11235.0,Closed,4.0,7.0,4.0,2.0,8.669988425925926,0,0.0,0.2236
57433089,2023-04-27 07:56:29,2023-04-27T08:10:50.000,NYPD,illegal parking,Posted Parking Sign Violation,11235.0,Closed,5.0,5.0,4.0,2.0,0.0099652777777777,9,10.0,0.35
57435903,2023-04-27 07:59:15,2023-04-27T08:10:36.000,NYPD,traffic,Truck Route Violation,11223.0,Closed,4.0,3.0,4.0,2.0,0.0078819444444444,0,0.0,0.1689
57433672,2023-04-27 08:00:50,2023-05-22T08:45:44.000,HPD,door/window,WINDOW FRAME,11207.0,Closed,4.0,3.0,4.0,2.0,25.031180555555554,1,3.0,0.2357
57434317,2023-04-27 08:02:19,2023-04-27T09:00:40.000,NYPD,noise - residential,Banging/Pounding,11213.0,Closed,3.0,1.0,3.0,2.0,0.0405208333333333,3,8.0,0.1283
57433615,2023-04-27 08:02:20,2025-05-13T16:38:26.000,DPR,new tree request,For One Address,11211.0,Closed,4.0,3.0,4.0,2.0,747.3584027777778,3,8.0,0.2609
57434643,2023-04-27 08:03:02,2023-05-02T14:26:50.000,DSNY,missed collection,Trash,11417.0,Closed,4.0,3.0,4.0,2.0,5.266527777777778,0,0.0,0.1689
57433561,2023-04-27 08:03:29,2023-04-27T15:08:49.000,NYPD,blocked driveway,No Access,10455.0,Closed,5.0,6.0,4.0,2.0,0.2953703703703704,0,0.0,0.2133
57433395,2023-04-27 08:04:12,2023-04-27T13:38:30.000,DHS,homeless person assistance,Unknown,10019.0,Closed,4.0,3.0,4.0,2.0,0.2321527777777778,2,6.0,0.1689
57434556,2023-04-27 08:05:37,2023-05-05T15:08:49.000,DSNY,missed collection,Trash,11426.0,Closed,4.0,3.0,4.0,2.0,8.293888888888889,0,0.0,0.1689
57433317,2023-04-27 08:05:43,2023-04-27T09:07:12.000,NYPD,illegal parking,Blocked Hydrant,11377.0,Closed,6.0,6.0,4.0,2.0,0.0426967592592592,6,10.0,0.35
57434919,2023-04-27 08:06:03,2023-07-26T11:07:53.000,TLC,for hire vehicle complaint,Driver Complaint - Non Passenger,10001.0,Closed,4.0,3.0,4.0,2.0,90.12627314814814,0,0.0,0.1689
57435796,2023-04-27 08:06:51,2023-04-27T12:36:24.000,DSNY,missed collection,Bulky Trash,11103.0,Closed,4.0,3.0,4.0,2.0,0.1871875,0,0.0,0.1689
57433259,2023-04-27 08:07:43,2023-04-27T08:07:43.000,DOB,general construction/plumbing,Building Shaking/Vibrating/Structural Stability,11215.0,Closed,4.0,7.0,4.0,2.0,0.0,0,0.0,0.2236
57433591,2023-04-27 08:07:52,2023-05-03T15:03:55.000,DSNY,missed collection,Bulky Trash,11225.0,Closed,4.0,3.0,4.0,2.0,6.288923611111112,0,0.0,0.1689
57432908,2023-04-27 08:08:19,2023-04-27T12:49:37.000,NYPD,illegal parking,Double Parked Blocking Traffic,11223.0,Closed,5.0,5.0,4.0,2.0,0.1953472222222222,8,10.0,0.35
57435346,2023-04-27 08:08:24,2023-04-27T08:45:31.000,NYPD,illegal parking,Blocked Bike Lane,11222.0,Closed,6.0,6.0,4.0,2.0,0.0257754629629629,14,10.0,0.35
57435434,2023-04-27 08:08:55,2023-04-27T12:09:57.000,NYPD,animal-abuse,Tortured,10469.0,Closed,4.0,3.0,4.0,2.0,0.1673842592592592,0,0.0,0.1689
57433537,2023-04-27 08:09:43,2023-04-28T08:27:13.000,DSNY,missed collection,Trash,11220.0,Closed,4.0,3.0,4.0,2.0,1.0121527777777777,1,3.0,0.1689
57434944,2023-04-27 08:10:24,2023-04-29T14:47:48.000,DSNY,missed collection,Recycling - Metal/Glass/Rigid Plastic,11211.0,Closed,4.0,3.0,4.0,2.0,2.2759722222222223,0,0.0,0.1689
57432774,2023-04-27 08:10:31,2023-04-27T08:45:22.000,NYPD,illegal parking,Blocked Hydrant,10034.0,Closed,6.0,6.0,4.0,2.0,0.0242013888888888,2,6.0,0.2208
57433199,2023-04-27 08:11:17,2023-04-27T10:59:50.000,NYPD,encampment,Unknown,11238.0,Closed,4.0,3.0,4.0,2.0,0.1170486111111111,0,0.0,0.1689
57432960,2023-04-27 08:11:57,2023-04-27T15:07:37.000,NYPD,abandoned vehicle,With License Plate,10454.0,Closed,4.0,3.0,4.0,2.0,0.2886574074074074,0,0.0,0.1689
57435471,2023-04-27 08:12:27,2023-04-27T09:55:36.000,NYPD,illegal parking,Posted Parking Sign Violation,11374.0,Closed,5.0,5.0,4.0,2.0,0.0716319444444444,0,0.0,0.2208
57432840,2023-04-27 08:12:50,2023-04-27T08:57:21.000,NYPD,illegal parking,Posted Parking Sign Violation,11238.0,Closed,5.0,5.0,4.0,2.0,0.0309143518518518,13,10.0,0.35
57435843,2023-04-27 08:12:59,2023-04-28T07:11:10.000,HPD,paint/plaster,CEILING,11212.0,Closed,4.0,3.0,4.0,2.0,0.9570717592592592,1,3.0,0.1689
57435601,2023-04-27 08:13:15,2023-04-27T23:35:23.000,NYPD,abandoned vehicle,With License Plate,11420.0,Closed,4.0,3.0,4.0,2.0,0.6403703703703704,1,3.0,0.1689
57434728,2023-04-27 08:14:30,2023-05-02T14:24:42.000,DSNY,missed collection,Compost,11417.0,Closed,4.0,3.0,4.0,2.0,5.257083333333333,1,3.0,0.1689
57435389,2023-04-27 08:14:42,2023-04-27T11:47:15.000,NYPD,illegal parking,Posted Parking Sign Violation,10460.0,Closed,5.0,5.0,4.0,2.0,0.1476041666666666,0,0.0,0.2208
57434086,2023-04-27 08:14:51,2023-04-27T08:14:51.000,DOT,street condition,Pothole,11219.0,Closed,8.0,8.0,8.0,7.0,0.0,1,3.0,0.5798
57434410,2023-04-27 08:15:22,2023-04-27T10:49:48.000,NYPD,illegal parking,Posted Parking Sign Violation,10128.0,Closed,5.0,5.0,4.0,2.0,0.1072453703703703,1,3.0,0.2208
57433584,2023-04-27 08:15:43,2023-04-27T11:17:03.000,NYPD,blocked driveway,No Access,11102.0,Closed,5.0,6.0,4.0,2.0,0.1259259259259259,1,3.0,0.2133
57433628,2023-04-27 08:15:53,2023-05-02T16:25:24.000,HPD,unsanitary condition,PESTS,10459.0,Closed,4.0,3.0,4.0,2.0,5.339942129629629,0,0.0,0.1689
57433133,2023-04-27 08:16:45,2023-05-26T00:00:00.000,DOB,general construction/plumbing,Fence - None/Inadequate,11215.0,Closed,4.0,7.0,4.0,2.0,28.655034722222226,1,3.0,0.3855
57433727,2023-04-27 08:17:25,2023-05-31T15:49:36.000,EDC,noise - helicopter,Other,10000.0,Closed,3.0,1.0,3.0,2.0,34.3140162037037,1,3.0,0.1797
57433516,2023-04-27 08:17:29,2023-05-03T08:54:28.000,DSNY,missed collection,Trash,11215.0,Closed,4.0,3.0,4.0,2.0,6.02568287037037,0,0.0,0.1689
57435780,2023-04-27 08:17:44,2023-04-28T12:57:45.000,DSNY,obstruction,Weeds or Grass,10463.0,Closed,4.0,4.0,4.0,2.0,1.1944560185185185,0,0.0,0.1689
57432808,2023-04-27 08:18:00,2023-04-28T10:35:00.000,DSNY,electronics waste appointment,Ewaste appointment,10306.0,Closed,5.0,2.0,5.0,4.0,1.0951388888888889,1,3.0,0.2688
57435539,2023-04-27 08:19:16,2023-04-27T11:30:34.000,NYPD,noise - street/sidewalk,Loud Talking,10459.0,Closed,5.0,4.0,6.0,4.0,0.1328472222222222,0,0.0,0.2133
57435150,2023-04-27 08:19:33,2023-04-29T14:51:23.000,DSNY,missed collection,Recycling - Paper,11201.0,Closed,4.0,3.0,4.0,2.0,2.2721064814814813,0,0.0,0.1689
57433958,2023-04-27 08:19:33,2023-04-28T14:48:26.000,HPD,heat/hot water,ENTIRE BUILDING,10452.0,Closed,7.0,3.0,4.0,2.0,1.2700578703703704,7,10.0,0.35
57435193,2023-04-27 08:19:46,2023-05-10T00:00:00.000,DOB,general construction/plumbing,Building Permit - None,11375.0,Closed,4.0,7.0,4.0,2.0,12.652939814814816,0,0.0,0.2351
57434102,2023-04-27 08:20:36,2023-05-31T15:49:37.000,EDC,noise - helicopter,Other,10025.0,Closed,3.0,1.0,3.0,2.0,34.31181712962963,20,10.0,0.3034
57433892,2023-04-27 08:21:11,2023-04-27T09:06:06.000,HPD,heat/hot water,ENTIRE BUILDING,11106.0,Closed,7.0,3.0,4.0,2.0,0.0311921296296296,2,6.0,0.2099
57433426,2023-04-27 08:21:14,2023-05-03T09:09:24.000,DSNY,missed collection,Trash,11412.0,Closed,4.0,3.0,4.0,2.0,6.033449074074074,0,0.0,0.1689
57433207,2023-04-27 08:21:26,2023-04-28T15:21:21.000,DOT,street condition,Cave-in,11219.0,Closed,8.0,7.0,7.0,7.0,1.2916087962962963,2,6.0,0.55
57436023,2023-04-27 08:21:52,2023-04-27T09:06:06.000,HPD,heat/hot water,APARTMENT ONLY,11106.0,Closed,7.0,3.0,4.0,2.0,0.0307175925925925,3,8.0,0.2617
57435472,2023-04-27 08:21:55,2023-05-02T06:16:52.000,DSNY,illegal dumping,Removal Request,10451.0,Closed,4.0,3.0,4.0,2.0,4.913159722222222,0,0.0,0.1689
57433182,2023-04-27 08:22:02,2023-04-27T16:13:21.000,HPD,heat/hot water,ENTIRE BUILDING,10468.0,Closed,7.0,3.0,4.0,2.0,0.3273032407407407,7,10.0,0.35
57435900,2023-04-27 08:22:17,2023-05-05T15:08:54.000,DSNY,missed collection,Compost,11413.0,Closed,4.0,3.0,4.0,2.0,8.282372685185186,2,6.0,0.1689
57432828,2023-04-27 08:24:15,2023-05-01T14:35:33.000,DOT,street condition,Line/Marking - Faded,11433.0,Closed,8.0,7.0,7.0,7.0,4.257847222222222,0,0.0,0.55
57435396,2023-04-27 08:25:29,2023-04-27T10:13:07.000,NYPD,noise - vehicle,Car/Truck Horn,10007.0,Closed,3.0,1.0,3.0,2.0,0.0747453703703703,0,0.0,0.1283
57434247,2023-04-27 08:25:30,2023-04-27T08:25:30.000,DOHMH,rodent,Rat Sighting,10471.0,Closed,4.0,3.0,4.0,2.0,0.0,0,0.0,0.1689
57435758,2023-04-27 08:26:08,2023-06-06T13:29:12.000,DPR,overgrown tree/branches,Dead Branches in Tree,10027.0,Closed,4.0,3.0,4.0,2.0,40.21046296296296,0,0.0,0.1689
57434029,2023-04-27 08:26:47,2023-04-27T10:21:46.000,NYPD,noise - vehicle,Car/Truck Music,11221.0,Closed,3.0,1.0,3.0,2.0,0.079849537037037,0,0.0,0.1283
57433469,2023-04-27 08:28:14,2023-05-25T16:17:47.000,HPD,unsanitary condition,PESTS,10027.0,Closed,4.0,3.0,4.0,2.0,28.32607638888889,0,0.0,0.1689
57433155,2023-04-27 08:29:00,2023-04-24T08:28:00.000,DOT,street light condition,Street Light Out,11378.0,Pending,7.0,5.0,6.0,5.0,0.0,1,3.0,0.3721
57433530,2023-04-27 08:29:26,2023-05-05T14:19:02.000,DSNY,missed collection,Bulky Trash,11365.0,Closed,4.0,3.0,4.0,2.0,8.242777777777778,0,0.0,0.1689
57434665,2023-04-27 08:30:04,2023-04-28T02:59:32.000,DHS,homeless person assistance,Unknown,10003.0,Closed,4.0,3.0,4.0,2.0,0.770462962962963,1,3.0,0.1689
57433999,2023-04-27 08:30:16,2025-01-10T23:21:39.000,DOHMH,mobile food vendor,Food Source/Protection,10036.0,Closed,4.0,3.0,4.0,2.0,624.6190162037037,0,0.0,0.1689
57435208,2023-04-27 08:31:13,2023-04-27T10:14:50.000,NYPD,illegal parking,Blocked Hydrant,11211.0,Closed,6.0,6.0,4.0,2.0,0.0719560185185185,5,10.0,0.35
57433650,2023-04-27 08:32:00,2023-04-27T11:00:00.000,DEP,water system,Hydrant Running (WC3),10032.0,Closed,4.0,3.0,4.0,2.0,0.1027777777777777,0,0.0,0.1689
57433879,2023-04-27 08:32:04,2023-04-27T20:33:13.000,HPD,heat/hot water,ENTIRE BUILDING,11354.0,Closed,7.0,3.0,4.0,2.0,0.5007986111111111,0,0.0,0.2099
57433382,2023-04-27 08:32:13,2023-05-08T00:00:00.000,DSNY,graffiti,Graffiti,11220.0,Closed,5.0,3.0,4.0,2.0,10.644293981481482,1,3.0,0.2138
57435131,2023-04-27 08:32:46,2023-04-27T09:04:01.000,NYPD,drug activity,Use Outside,11366.0,Closed,4.0,3.0,4.0,2.0,0.0217013888888888,26,10.0,0.1689
57433906,2023-04-27 08:33:15,2023-04-28T10:36:46.000,DCWP,consumer complaint,Electronics Store,10024.0,Closed,4.0,3.0,4.0,2.0,1.085775462962963,0,0.0,0.1689
57434913,2023-04-27 08:35:36,2023-04-29T19:12:46.000,HPD,heat/hot water,APARTMENT ONLY,10027.0,Closed,7.0,3.0,4.0,2.0,2.442476851851852,5,10.0,0.4313
57435722,2023-04-27 08:36:00,2023-04-21T08:35:00.000,DOT,street light condition,Street Light Out,11430.0,Pending,7.0,5.0,6.0,5.0,0.0,0,0.0,0.3721
57434489,2023-04-27 08:36:04,2023-12-20T11:07:09.000,DSNY,graffiti,Graffiti,11220.0,Closed,5.0,3.0,4.0,2.0,237.1049189814815,2,6.0,0.3094
57435227,2023-04-27 08:36:09,2023-05-09T14:13:31.000,DOT,sidewalk condition,Sidewalk Violation,11362.0,Closed,5.0,4.0,6.0,4.0,12.234282407407408,1,3.0,0.35
57433758,2023-04-27 08:36:42,2023-12-20T11:07:09.000,DSNY,graffiti,Graffiti,11220.0,Closed,5.0,3.0,4.0,2.0,237.10447916666664,3,8.0,0.3094
57435043,2023-04-27 08:37:53,2025-01-11T17:32:07.000,DOHMH,mobile food vendor,Permit/License/Certificate,10019.0,Closed,4.0,3.0,4.0,2.0,625.3709953703703,1,3.0,0.2357
57434550,2023-04-27 08:39:02,2023-04-27T09:31:52.000,NYPD,blocked driveway,No Access,11217.0,Closed,5.0,6.0,4.0,2.0,0.0366898148148148,1,3.0,0.2133
57433366,2023-04-27 08:39:09,2023-05-11T09:12:59.000,HPD,paint/plaster,WALL,10468.0,Closed,4.0,3.0,4.0,2.0,14.02349537037037,2,6.0,0.1892
57434560,2023-04-27 08:39:43,2023-04-27T09:25:02.000,NYPD,encampment,Unknown,11216.0,Closed,4.0,3.0,4.0,2.0,0.0314699074074074,0,0.0,0.1689
57434076,2023-04-27 08:40:35,2023-05-12T08:50:15.000,DOT,street condition,Cave-in,10019.0,Closed,8.0,7.0,7.0,7.0,15.006712962962965,2,6.0,0.5669
57433396,2023-04-27 08:40:52,2023-04-27T10:34:26.000,DHS,homeless person assistance,Unknown,11216.0,Closed,4.0,3.0,4.0,2.0,0.0788657407407407,0,0.0,0.1689
57435937,2023-04-27 08:41:00,2023-05-02T11:30:00.000,DEP,noise,Noise: air condition/ventilation equipment (NV1),10451.0,Closed,3.0,1.0,3.0,2.0,5.117361111111111,0,0.0,0.1283
57434907,2023-04-27 08:41:58,2023-05-01T11:01:10.000,HPD,general,COOKING GAS,11428.0,Closed,4.0,3.0,4.0,2.0,4.096666666666667,0,0.0,0.1689
57434593,2023-04-27 08:42:27,2023-05-08T15:31:45.000,DPR,root/sewer/sidewalk condition,Trees and Sidewalks Program,11221.0,Closed,8.0,4.0,7.0,4.0,11.284236111111111,1,3.0,0.55
57435276,2023-04-27 08:44:00,2023-07-10T00:00:00.000,DOB,general construction/plumbing,Cons - Contrary/Beyond Approved Plans/Permits,10031.0,Closed,4.0,7.0,4.0,2.0,73.6361111111111,2,6.0,0.4262
57435934,2023-04-27 08:44:18,2023-04-27T11:56:37.000,NYPD,traffic,Chronic Stoplight Violation,11434.0,Closed,4.0,3.0,4.0,2.0,0.1335532407407407,0,0.0,0.1689
57434645,2023-04-27 08:44:28,2023-06-02T12:32:08.000,DSNY,missed collection,Trash,10011.0,Closed,4.0,3.0,4.0,2.0,36.15810185185185,0,0.0,0.1689
57435062,2023-04-27 08:44:41,2023-04-27T10:38:54.000,NYPD,illegal parking,Blocked Hydrant,11421.0,Closed,6.0,6.0,4.0,2.0,0.0793171296296296,3,8.0,0.2596
57432946,2023-04-27 08:45:40,2023-05-10T16:08:50.000,HPD,flooring/stairs,FLOOR,10468.0,Closed,4.0,3.0,4.0,2.0,13.30775462962963,1,3.0,0.1689
57433975,2023-04-27 08:45:40,2023-05-10T16:08:50.000,HPD,appliance,REFRIGERATOR,10468.0,Closed,4.0,3.0,4.0,2.0,13.30775462962963,0,0.0,0.1689
57433509,2023-04-27 08:45:59,2023-05-31T15:49:43.000,EDC,noise - helicopter,News Gathering,10011.0,Closed,3.0,1.0,3.0,2.0,34.294259259259256,15,10.0,0.3034
57436041,2023-04-27 08:46:08,2023-05-01T14:25:32.000,DPR,maintenance or facility,Structure - Outdoors,11355.0,Closed,4.0,3.0,4.0,2.0,4.235694444444444,0,0.0,0.1689
57433966,2023-04-27 08:46:19,2023-04-27T10:47:10.000,NYPD,abandoned vehicle,With License Plate,11421.0,Closed,4.0,3.0,4.0,2.0,0.0839236111111111,0,0.0,0.1689
57434552,2023-04-27 08:47:00,2023-04-07T08:47:00.000,DOT,street light condition,Street Light Out,11208.0,Pending,7.0,5.0,6.0,5.0,0.0,0,0.0,0.3721
57434790,2023-04-27 08:47:00,2023-04-29T07:16:00.000,DSNY,derelict vehicles,Derelict Vehicles,11238.0,Closed,4.0,3.0,4.0,2.0,1.936805555555556,0,0.0,0.1689
57432750,2023-04-27 08:47:18,2023-04-27T10:31:54.000,NYPD,abandoned vehicle,With License Plate,10452.0,Closed,4.0,3.0,4.0,2.0,0.0726388888888888,0,0.0,0.1689
57434248,2023-04-27 08:47:27,2023-04-27T14:36:25.000,NYPD,illegal parking,Posted Parking Sign Violation,11364.0,Closed,5.0,5.0,4.0,2.0,0.2423379629629629,2,6.0,0.2208
57433480,2023-04-27 08:48:13,2023-05-02T14:24:20.000,DSNY,missed collection,Bulky Trash,11420.0,Closed,4.0,3.0,4.0,2.0,5.233414351851851,0,0.0,0.1689
57432770,2023-04-27 08:48:14,2023-04-27T20:35:29.000,HPD,heat/hot water,ENTIRE BUILDING,11375.0,Closed,7.0,3.0,4.0,2.0,0.4911458333333333,3,8.0,0.2776
57433959,2023-04-27 08:48:35,2023-04-27T10:31:17.000,NYPD,illegal parking,Blocked Hydrant,10452.0,Closed,6.0,6.0,4.0,2.0,0.0713194444444444,1,3.0,0.2208
57435414,2023-04-27 08:49:41,2023-04-27T09:31:33.000,NYPD,illegal parking,Blocked Sidewalk,11211.0,Closed,6.0,6.0,6.0,4.0,0.029074074074074,6,10.0,0.469
57432904,2023-04-27 08:50:00,2023-04-27T09:01:55.000,NYPD,illegal parking,Blocked Bike Lane,11101.0,Closed,6.0,6.0,4.0,2.0,0.0082754629629629,22,10.0,0.35
57434121,2023-04-27 08:50:04,2024-06-04T00:18:45.000,DOHMH,smoking,Smoking Violation,10011.0,Closed,4.0,3.0,4.0,2.0,403.6449189814815,0,0.0,0.1689
57432963,2023-04-27 08:50:09,2023-04-27T10:03:37.000,DPR,animal in a park,Dog Off Leash,11233.0,Closed,4.0,3.0,4.0,2.0,0.0510185185185185,0,0.0,0.1689
57435182,2023-04-27 08:50:10,2023-04-27T09:25:12.000,NYPD,illegal parking,Blocked Hydrant,10472.0,Closed,6.0,6.0,4.0,2.0,0.0243287037037037,1,3.0,0.2208
57434358,2023-04-27 08:50:39,2023-04-27T10:48:13.000,NYPD,abandoned vehicle,With License Plate,11239.0,Closed,4.0,3.0,4.0,2.0,0.0816435185185185,6,10.0,0.1689
57434787,2023-04-27 08:51:27,2025-05-13T16:38:26.000,DPR,new tree request,For One Address,10011.0,Closed,4.0,3.0,4.0,2.0,747.3242939814814,2,6.0,0.2583
57434561,2023-04-27 08:52:14,2023-04-28T14:20:15.000,DSNY,dirty condition,Trash,11432.0,Closed,4.0,3.0,4.0,2.0,1.227789351851852,0,0.0,0.1689
57435364,2023-04-27 08:52:49,2023-04-27T09:01:57.000,NYPD,illegal parking,Blocked Bike Lane,11101.0,Closed,6.0,6.0,4.0,2.0,0.0063425925925925,23,10.0,0.35
57432859,2023-04-27 08:53:06,2023-05-31T15:49:45.000,EDC,noise - helicopter,Other,11238.0,Closed,3.0,1.0,3.0,2.0,34.289340277777775,19,10.0,0.3034
57433984,2023-04-27 08:54:13,2023-04-27T08:54:13.000,DOHMH,rodent,Rat Sighting,10021.0,Closed,4.0,3.0,4.0,2.0,0.0,0,0.0,0.1689
57432901,2023-04-27 08:54:32,2023-04-27T09:01:59.000,NYPD,illegal parking,Blocked Bike Lane,11101.0,Closed,6.0,6.0,4.0,2.0,0.0051736111111111,24,10.0,0.35
57434129,2023-04-27 08:56:13,2023-04-27T09:02:00.000,NYPD,illegal parking,Blocked Bike Lane,11101.0,Closed,6.0,6.0,4.0,2.0,0.0040162037037037,25,10.0,0.35
57434274,2023-04-27 08:57:11,2023-05-16T11:37:10.000,DHS,encampment,Unknown,10009.0,Closed,4.0,3.0,4.0,2.0,19.11109953703704,0,0.0,0.1689
57433742,2023-04-27 08:57:11,2023-05-18T17:44:24.000,HPD,appliance,ELECTRIC/GAS RANGE,11226.0,Closed,4.0,3.0,4.0,2.0,21.366122685185186,0,0.0,0.1689
57433642,2023-04-27 08:57:11,2023-05-18T17:44:24.000,HPD,unsanitary condition,PESTS,11226.0,Closed,4.0,3.0,4.0,2.0,21.366122685185186,6,10.0,0.3263
57435904,2023-04-27 08:57:11,2023-05-01T12:03:02.000,HPD,heat/hot water,APARTMENT ONLY,11226.0,Closed,7.0,3.0,4.0,2.0,4.1290625,9,10.0,0.4395
57435757,2023-04-27 08:57:26,2023-04-30T10:21:49.000,DHS,homeless person assistance,Unknown,UNKNOWN,Closed,4.0,3.0,4.0,2.0,3.058599537037037,9,10.0,0.26
57435702,2023-04-27 08:57:29,2023-05-01T13:25:10.000,DSNY,missed collection,Bulky Trash,11206.0,Closed,4.0,3.0,4.0,2.0,4.185891203703704,1,3.0,0.1689
57435512,2023-04-27 08:57:45,2023-04-27T09:02:03.000,NYPD,illegal parking,Blocked Bike Lane,11101.0,Closed,6.0,6.0,4.0,2.0,0.0029861111111111,26,10.0,0.35
57435420,2023-04-27 08:57:48,2023-04-27T09:52:26.000,NYPD,traffic,Congestion/Gridlock,10454.0,Closed,4.0,3.0,4.0,2.0,0.0379398148148148,0,0.0,0.1689
57432945,2023-04-27 08:57:48,2023-04-27T15:02:21.000,HPD,heat/hot water,ENTIRE BUILDING,10456.0,Closed,7.0,3.0,4.0,2.0,0.2531597222222222,7,10.0,0.35
57433920,2023-04-27 09:00:13,2023-04-27T17:09:49.000,HPD,heat/hot water,ENTIRE BUILDING,11229.0,Closed,7.0,3.0,4.0,2.0,0.34,1,3.0,0.2099
57433401,2023-04-27 09:01:00,2023-04-27T09:01:00.000,DOT,street light condition,Street Light Out,11103.0,Closed,7.0,5.0,6.0,5.0,0.0,1,3.0,0.3721
57435857,2023-04-27 09:01:24,2023-05-03T10:51:51.000,DSNY,missed collection,Trash,11235.0,Closed,4.0,3.0,4.0,2.0,6.076701388888889,0,0.0,0.1689
57434993,2023-04-27 09:02:00,2023-04-27T09:30:00.000,DEP,water system,Leak (Use Comments) (WA2),10019.0,Closed,4.0,3.0,4.0,2.0,0.0194444444444444,0,0.0,0.1689
57435040,2023-04-27 09:02:14,2023-05-05T00:00:00.000,DOB,boilers,Boiler - Defective/Inoperative/No Permit,10456.0,Closed,4.0,3.0,4.0,2.0,7.623449074074074,0,0.0,0.1689
57434128,2023-04-27 09:02:53,2023-04-27T09:27:08.000,NYPD,illegal parking,Blocked Bike Lane,11101.0,Closed,6.0,6.0,4.0,2.0,0.0168402777777777,27,10.0,0.35
57434357,2023-04-27 09:03:50,2023-04-27T10:54:28.000,NYPD,illegal parking,Posted Parking Sign Violation,11221.0,Closed,5.0,5.0,4.0,2.0,0.0768287037037037,5,10.0,0.35
57433470,2023-04-27 09:04:00,2023-04-17T09:04:00.000,DOT,street light condition,Street Light Out,11229.0,Pending,7.0,5.0,6.0,5.0,0.0,1,3.0,0.3721
57432773,2023-04-27 09:04:00,2023-04-27T09:04:00.000,DOT,street light condition,Multiple Street Lights Out,11377.0,Closed,7.0,5.0,6.0,5.0,0.0,0,0.0,0.3721
57434927,2023-04-27 09:04:18,2023-05-12T10:57:44.000,DPR,new tree request,For One Address,11230.0,Closed,4.0,3.0,4.0,2.0,15.078773148148148,1,3.0,0.1689
57433616,2023-04-27 09:04:36,2023-05-01T14:36:47.000,DSNY,dirty condition,Syringes,10002.0,Closed,4.0,3.0,4.0,2.0,4.23068287037037,0,0.0,0.1689
57432964,2023-04-27 09:04:36,2023-04-27T11:48:21.000,NYPD,illegal parking,Blocked Sidewalk,11101.0,Closed,6.0,6.0,6.0,4.0,0.1137152777777777,28,10.0,0.469
57433513,2023-04-27 09:04:45,2023-04-27T13:46:32.000,NYPD,blocked driveway,No Access,11201.0,Closed,5.0,6.0,4.0,2.0,0.1956828703703703,0,0.0,0.2133
57433588,2023-04-27 09:05:04,2023-04-27T10:31:59.000,DHS,homeless person assistance,Unknown,10036.0,Closed,4.0,3.0,4.0,2.0,0.0603587962962963,4,10.0,0.1689
57433101,2023-04-27 09:05:15,2024-08-01T00:00:00.000,DOB,building/use,Illegal Conversion Of Residential Building/Space,11223.0,Closed,4.0,3.0,4.0,2.0,461.62135416666666,0,0.0,0.1689
57434945,2023-04-27 09:06:30,2024-08-02T12:54:34.000,TLC,for hire vehicle complaint,Driver Complaint - Non Passenger,10021.0,Closed,4.0,3.0,4.0,2.0,463.1583796296296,2,6.0,0.2583
57433473,2023-04-27 09:06:33,2023-05-10T11:47:49.000,HPD,unsanitary condition,MOLD,10468.0,Closed,4.0,3.0,4.0,2.0,13.11199074074074,2,6.0,0.1794
57436005,2023-04-27 09:06:33,2023-05-10T11:47:48.000,HPD,paint/plaster,WALL,10468.0,Closed,4.0,3.0,4.0,2.0,13.111979166666666,3,8.0,0.2609
57434689,2023-04-27 09:07:00,2023-04-27T09:07:00.000,DOT,street light condition,Street Light Out,11421.0,Closed,7.0,5.0,6.0,5.0,0.0,0,0.0,0.3721
57435318,2023-04-27 09:07:08,2023-04-27T11:08:44.000,NYPD,illegal parking,Posted Parking Sign Violation,10459.0,Closed,5.0,5.0,4.0,2.0,0.0844444444444444,0,0.0,0.2208
57434650,2023-04-27 09:08:00,2023-04-27T09:08:00.000,DOT,street light condition,Street Light Out,11421.0,Closed,7.0,5.0,6.0,5.0,0.0,1,3.0,0.3721
57435499,2023-04-27 09:08:16,2023-06-14T00:00:00.000,DOB,general construction/plumbing,Cons - Contrary/Beyond Approved Plans/Permits,10014.0,Closed,4.0,7.0,4.0,2.0,47.61925925925926,1,3.0,0.3855
57434660,2023-04-27 09:08:36,2023-04-27T11:39:00.000,DHS,homeless person assistance,Unknown,10007.0,Closed,4.0,3.0,4.0,2.0,0.1044444444444444,0,0.0,0.1689
57435602,2023-04-27 09:08:47,2023-04-27T09:43:14.000,NYPD,illegal parking,Posted Parking Sign Violation,10468.0,Closed,5.0,5.0,4.0,2.0,0.0239236111111111,5,10.0,0.35
57434698,2023-04-27 09:09:00,2023-05-01T04:05:00.000,DSNY,derelict vehicles,Derelict Vehicles,11229.0,Closed,4.0,3.0,4.0,2.0,3.7888888888888888,0,0.0,0.1689
57434694,2023-04-27 09:09:00,2023-04-27T09:09:00.000,DOT,street light condition,Street Light Out,11697.0,Closed,7.0,5.0,6.0,5.0,0.0,0,0.0,0.3721
57432897,2023-04-27 09:09:20,2024-06-04T00:18:44.000,DOHMH,smoking,Smoking Violation,11417.0,Closed,4.0,3.0,4.0,2.0,403.63152777777776,0,0.0,0.1689
57434673,2023-04-27 09:12:00,2023-04-27T09:12:00.000,DOT,street light condition,Street Light Out,11374.0,Closed,7.0,5.0,6.0,5.0,0.0,0,0.0,0.3721
57433907,2023-04-27 09:12:09,2023-05-31T15:49:49.000,EDC,noise - helicopter,Other,10028.0,Closed,3.0,1.0,3.0,2.0,34.27615740740741,9,10.0,0.3034
57435237,2023-04-27 09:12:23,2023-04-27T14:33:56.000,HPD,heat/hot water,ENTIRE BUILDING,10462.0,Closed,7.0,3.0,4.0,2.0,0.2232986111111111,10,10.0,0.35
57435352,2023-04-27 09:12:45,2023-04-27T18:51:43.000,NYPD,abandoned vehicle,With License Plate,11367.0,Closed,4.0,3.0,4.0,2.0,0.4020601851851851,0,0.0,0.1689
57435959,2023-04-27 09:13:00,2023-04-28T12:53:00.000,DSNY,derelict vehicles,Derelict Vehicles,11213.0,Closed,4.0,3.0,4.0,2.0,1.1527777777777777,3,8.0,0.1689
57432872,2023-04-27 09:13:35,2023-04-27T10:49:54.000,NYPD,bike/roller/skate chronic,Unknown,10468.0,Closed,4.0,3.0,4.0,2.0,0.066886574074074,0,0.0,0.1689
57435455,2023-04-27 09:14:16,2023-04-27T10:00:31.000,NYPD,traffic,Congestion/Gridlock,11101.0,Closed,4.0,3.0,4.0,2.0,0.0321180555555555,0,0.0,0.1689
57435207,2023-04-27 09:15:11,2023-04-27T16:14:39.000,NYPD,illegal parking,Double Parked Blocking Traffic,10472.0,Closed,5.0,5.0,4.0,2.0,0.2912962962962963,2,6.0,0.2208
57434965,2023-04-27 09:15:17,2023-06-14T15:21:41.000,HPD,unsanitary condition,MOLD,10304.0,Closed,4.0,3.0,4.0,2.0,48.254444444444445,1,3.0,0.2357
57433952,2023-04-27 09:16:00,2023-04-19T09:16:00.000,DOT,street light condition,Fixture/Luminaire Hanging,11204.0,Pending,7.0,5.0,6.0,5.0,0.0,1,3.0,0.3721
57434526,2023-04-27 09:16:51,2023-05-12T12:56:11.000,HPD,water leak,DAMP SPOT,11210.0,Closed,8.0,3.0,4.0,7.0,15.152314814814815,0,0.0,0.2525
57435179,2023-04-27 09:17:39,2023-04-27T10:51:30.000,NYPD,illegal parking,Blocked Hydrant,11220.0,Closed,6.0,6.0,4.0,2.0,0.0651736111111111,1,3.0,0.2208
57434684,2023-04-27 09:18:24,2023-04-27T10:33:15.000,NYPD,illegal parking,Unauthorized Bus Layover,11224.0,Closed,5.0,5.0,4.0,2.0,0.0519791666666666,8,10.0,0.35
57434641,2023-04-27 09:18:45,2023-04-27T09:41:49.000,DPR,violation of park rules,Unsafe Use of Playground,10010.0,Closed,4.0,3.0,4.0,2.0,0.0160185185185185,0,0.0,0.1689
57434079,2023-04-27 09:18:59,2023-05-31T15:49:51.000,EDC,noise - helicopter,Other,10025.0,Closed,3.0,1.0,3.0,2.0,34.27143518518518,21,10.0,0.3034
57435864,2023-04-27 09:19:13,2023-05-01T09:24:26.000,DOT,street condition,"Rough, Pitted or Cracked Roads",11219.0,Closed,8.0,7.0,7.0,7.0,4.003622685185185,3,8.0,0.5504
57434843,2023-04-27 09:22:00,2023-04-20T09:22:00.000,DOT,street light condition,Lamppost Base Door/Cover Open,11209.0,Pending,7.0,5.0,6.0,5.0,0.0,0,0.0,0.3721
57436034,2023-04-27 09:22:17,2023-05-31T15:49:52.000,EDC,noise - helicopter,Other,10025.0,Closed,3.0,1.0,3.0,2.0,34.26915509259259,22,10.0,0.3034
57433953,2023-04-27 09:22:43,2023-05-02T14:07:41.000,DOT,e-scooter,Improperly Parked or Abandoned,11385.0,Closed,4.0,3.0,4.0,2.0,5.197893518518518,0,0.0,0.1689
57432911,2023-04-27 09:22:45,2023-04-27T11:27:12.000,NYPD,non-emergency police matter,Trespassing,10467.0,Closed,5.0,3.0,4.0,2.0,0.0864236111111111,2,6.0,0.2138
57434635,2023-04-27 09:22:52,2023-08-04T12:43:56.000,DPR,overgrown tree/branches,Dead Branches in Tree,11207.0,Closed,4.0,3.0,4.0,2.0,99.13962962962962,0,0.0,0.1689
57436011,2023-04-27 09:23:00,2023-04-20T09:23:00.000,DOT,street light condition,Lamppost Base Door/Cover Open,11209.0,Pending,7.0,5.0,6.0,5.0,0.0,1,3.0,0.3721
57433566,2023-04-27 09:23:12,2023-05-03T15:07:22.000,DOHMH,rodent,Rat Sighting,11373.0,Closed,4.0,3.0,4.0,2.0,6.23900462962963,0,0.0,0.1689
57433976,2023-04-27 09:23:49,2023-04-27T10:38:22.000,NYPD,traffic,Chronic Speeding,10312.0,Closed,4.0,3.0,4.0,2.0,0.0517708333333333,1,3.0,0.1689
57433565,2023-04-27 09:24:04,2023-04-27T10:09:43.000,NYPD,illegal parking,Commercial Overnight Parking,10302.0,Closed,5.0,5.0,4.0,2.0,0.0317013888888888,2,6.0,0.2208
57435626,2023-04-27 09:24:06,2023-05-03T12:04:31.000,DSNY,missed collection,Trash,11235.0,Closed,4.0,3.0,4.0,2.0,6.111400462962963,1,3.0,0.1689
57435782,2023-04-27 09:24:16,2023-05-04T12:33:50.000,DSNY,missed collection,Bulky Trash,10032.0,Closed,4.0,3.0,4.0,2.0,7.131643518518518,0,0.0,0.1689
57433021,2023-04-27 09:25:41,2023-05-12T17:10:07.000,HPD,general,CABINET,10451.0,Closed,4.0,3.0,4.0,2.0,15.322523148148148,0,0.0,0.1689
57433545,2023-04-27 09:25:57,2023-05-15T16:08:42.000,HPD,unsanitary condition,PESTS,10459.0,Closed,4.0,3.0,4.0,2.0,18.2796875,1,3.0,0.1689
57435511,2023-04-27 09:26:31,2023-04-28T17:27:41.000,HPD,heat/hot water,APARTMENT ONLY,10473.0,Closed,7.0,3.0,4.0,2.0,1.3341435185185184,1,3.0,0.2134
57433100,2023-04-27 09:26:47,2023-05-08T13:51:47.000,DOT,street condition,Failed Street Repair,11423.0,Closed,8.0,7.0,7.0,7.0,11.18402777777778,0,0.0,0.55
57434436,2023-04-27 09:27:17,2023-04-27T12:01:13.000,NYPD,illegal parking,Blocked Bike Lane,11205.0,Closed,6.0,6.0,4.0,2.0,0.1068981481481481,15,10.0,0.35
57434133,2023-04-27 09:29:01,2023-04-27T21:57:31.000,HPD,heat/hot water,ENTIRE BUILDING,11218.0,Closed,7.0,3.0,4.0,2.0,0.5197916666666667,7,10.0,0.35
57435919,2023-04-27 09:29:13,2023-05-03T08:55:13.000,DSNY,missed collection,Recycling - Metal/Glass/Rigid Plastic,11215.0,Closed,4.0,3.0,4.0,2.0,5.976388888888889,1,3.0,0.1689
57435106,2023-04-27 09:29:25,2023-04-27T20:35:29.000,HPD,heat/hot water,ENTIRE BUILDING,11374.0,Closed,7.0,3.0,4.0,2.0,0.4625462962962963,4,10.0,0.35
57432792,2023-04-27 09:31:22,2023-04-28T10:36:46.000,DCWP,consumer complaint,Home Improvement Contractor,11106.0,Closed,4.0,3.0,4.0,2.0,1.0454166666666669,0,0.0,0.1689
57433597,2023-04-27 09:31:32,2023-05-09T07:57:19.000,DOT,sidewalk condition,Broken Sidewalk,10455.0,Closed,6.0,4.0,6.0,4.0,11.93457175925926,0,0.0,0.3679
57433501,2023-04-27 09:31:38,2023-04-27T14:40:31.000,NYPD,illegal parking,Paper License Plates,10021.0,Closed,5.0,5.0,4.0,2.0,0.2145023148148148,3,8.0,0.2638
57435038,2023-04-27 09:34:44,2023-05-13T14:10:19.000,DSNY,abandoned bike,Chained to Public Property,10019.0,Closed,4.0,3.0,4.0,2.0,16.191377314814815,0,0.0,0.1689
57435522,2023-04-27 09:35:51,2023-05-01T00:00:00.000,DOB,general construction/plumbing,Cons - Contrary/Beyond Approved Plans/Permits,11201.0,Closed,4.0,7.0,4.0,2.0,3.6001041666666667,0,0.0,0.2236
57435928,2023-04-27 09:36:58,2023-05-03T11:00:41.000,DSNY,missed collection,Trash,11231.0,Closed,4.0,3.0,4.0,2.0,6.058136574074074,0,0.0,0.1689
57434844,2023-04-27 09:37:00,2023-04-20T09:37:00.000,DOT,street light condition,Lamppost Base Door/Cover Open,11232.0,Pending,7.0,5.0,6.0,5.0,0.0,0,0.0,0.3721
57434800,2023-04-27 09:38:58,2023-05-05T09:12:29.000,HPD,door/window,DOOR FRAME,10456.0,Closed,4.0,3.0,4.0,2.0,7.981608796296296,1,3.0,0.1689
57435041,2023-04-27 09:39:20,2025-02-13T00:00:00.000,DOB,building/use,Illegal Conversion Of Residential Building/Space,10462.0,Closed,4.0,3.0,4.0,2.0,657.5976851851852,0,0.0,0.1689
57435610,2023-04-27 09:39:37,2023-04-27T09:39:37.000,DOB,general construction/plumbing,Cons - Contrary/Beyond Approved Plans/Permits,10467.0,Closed,4.0,7.0,4.0,2.0,0.0,0,0.0,0.2236
57432965,2023-04-27 09:39:57,2023-04-27T10:04:00.000,NYPD,illegal parking,Blocked Sidewalk,11219.0,Closed,6.0,6.0,6.0,4.0,0.0167013888888888,6,10.0,0.469
57432984,2023-04-27 09:40:00,2023-04-27T11:45:00.000,DOT,traffic signal condition,Controller,10314.0,Closed,9.0,10.0,8.0,2.0,0.0868055555555555,1,3.0,0.7209
57434251,2023-04-27 09:40:01,2023-04-28T15:20:56.000,DOT,street condition,Cave-in,11219.0,Closed,8.0,7.0,7.0,7.0,1.236747685185185,4,10.0,0.6344
57434212,2023-04-27 09:41:04,2023-04-27T10:55:33.000,NYPD,illegal parking,Double Parked Blocking Traffic,11209.0,Closed,5.0,5.0,4.0,2.0,0.051724537037037,5,10.0,0.35
57434099,2023-04-27 09:41:15,2023-04-27T11:07:49.000,DPR,animal in a park,Dog Off Leash,11201.0,Closed,4.0,3.0,4.0,2.0,0.0601157407407407,0,0.0,0.1689
57434156,2023-04-27 09:41:41,2023-04-27T09:41:41.000,DOT,street condition,Pothole,11219.0,Closed,8.0,8.0,8.0,7.0,0.0,5,10.0,0.6356
57435612,2023-04-27 09:42:26,2023-04-28T12:37:12.000,DCWP,consumer complaint,Restaurant,11419.0,Closed,4.0,3.0,4.0,2.0,1.1213657407407407,0,0.0,0.1689
57433223,2023-04-27 09:43:34,2023-04-27T22:56:49.000,NYPD,illegal parking,Posted Parking Sign Violation,10457.0,Closed,5.0,5.0,4.0,2.0,0.5508680555555555,5,10.0,0.35
57434227,2023-04-27 09:43:47,2023-04-27T10:11:58.000,NYPD,illegal parking,Posted Parking Sign Violation,11355.0,Closed,5.0,5.0,4.0,2.0,0.0195717592592592,3,8.0,0.2579
57433607,2023-04-27 09:43:57,2023-05-09T08:07:32.000,DOT,sidewalk condition,Broken Sidewalk,10455.0,Closed,6.0,4.0,6.0,4.0,11.93304398148148,1,3.0,0.469
57435196,2023-04-27 09:44:31,2023-04-28T18:07:12.000,HPD,heat/hot water,ENTIRE BUILDING,11215.0,Closed,7.0,3.0,4.0,2.0,1.349085648148148,1,3.0,0.2142
57435946,2023-04-27 09:45:07,2023-04-27T10:52:04.000,NYPD,encampment,Unknown,11203.0,Closed,4.0,3.0,4.0,2.0,0.0464930555555555,1,3.0,0.1689
57435116,2023-04-27 09:45:51,2023-04-27T13:14:03.000,NYPD,illegal parking,Blocked Hydrant,10463.0,Closed,6.0,6.0,4.0,2.0,0.1445833333333333,3,8.0,0.2615
57432926,2023-04-27 09:46:45,2023-04-27T10:38:08.000,NYPD,illegal parking,Blocked Sidewalk,11104.0,Closed,6.0,6.0,6.0,4.0,0.0356828703703703,7,10.0,0.469
57433285,2023-04-27 09:47:00,2023-04-27T19:15:00.000,DEP,water system,Hydrant Leaking (WC1),10308.0,Closed,4.0,3.0,4.0,2.0,0.3944444444444444,0,0.0,0.1689
57434028,2023-04-27 09:47:58,2023-04-27T22:57:22.000,NYPD,illegal parking,Blocked Hydrant,10453.0,Closed,6.0,6.0,4.0,2.0,0.5481944444444444,2,6.0,0.2208
57435413,2023-04-27 09:48:17,2023-05-05T09:12:34.000,HPD,door/window,DOOR,10456.0,Closed,4.0,3.0,4.0,2.0,7.975196759259259,2,6.0,0.1689
57433117,2023-04-27 09:48:26,2023-06-26T14:18:46.000,TLC,for hire vehicle complaint,Driver Complaint - Non Passenger,11101.0,Closed,4.0,3.0,4.0,2.0,60.18773148148148,1,3.0,0.2357
57433455,2023-04-27 09:48:50,2023-05-09T12:51:10.000,DOT,sidewalk condition,Broken Sidewalk,10038.0,Closed,6.0,4.0,6.0,4.0,12.12662037037037,0,0.0,0.3679
57434811,2023-04-27 09:50:03,2023-04-27T10:22:03.000,NYPD,blocked driveway,No Access,11356.0,Closed,5.0,6.0,4.0,2.0,0.0222222222222222,0,0.0,0.2133
57434377,2023-04-27 09:51:10,2023-04-27T11:22:36.000,NYPD,noise - residential,Loud Music/Party,10302.0,Closed,3.0,1.0,3.0,2.0,0.0634953703703703,0,0.0,0.1283
57435823,2023-04-27 09:51:21,2023-04-30T09:45:19.000,HPD,heat/hot water,APARTMENT ONLY,11230.0,Closed,7.0,3.0,4.0,2.0,2.995810185185185,3,8.0,0.3823
57435034,2023-04-27 09:51:26,2023-05-08T21:02:24.000,HPD,electric,OUTLET/SWITCH,10467.0,Closed,4.0,3.0,4.0,2.0,11.465949074074071,3,8.0,0.2571
57433446,2023-04-27 09:51:43,2023-05-16T20:45:29.000,HPD,paint/plaster,WALL,11236.0,Closed,4.0,3.0,4.0,2.0,19.45400462962963,1,3.0,0.1689
57432970,2023-04-27 09:51:54,2023-04-28T14:55:37.000,HPD,heat/hot water,ENTIRE BUILDING,10462.0,Closed,7.0,3.0,4.0,2.0,1.210914351851852,11,10.0,0.35
57434122,2023-04-27 09:52:04,2023-05-25T10:10:14.000,HPD,flooring/stairs,FLOOR,10467.0,Closed,4.0,3.0,4.0,2.0,28.012615740740745,0,0.0,0.1689
57433930,2023-04-27 09:52:04,2023-05-25T10:10:14.000,HPD,flooring/stairs,FLOOR,10467.0,Closed,4.0,3.0,4.0,2.0,28.012615740740745,1,3.0,0.2357
57433243,2023-04-27 09:52:42,2023-04-29T10:07:29.000,DSNY,illegal dumping,Removal Request,11418.0,Closed,4.0,3.0,4.0,2.0,2.010266203703704,0,0.0,0.1689
57435778,2023-04-27 09:53:00,2023-04-28T04:35:00.000,DSNY,derelict vehicles,Derelict Vehicles,11434.0,Closed,4.0,3.0,4.0,2.0,0.7791666666666667,1,3.0,0.1689
57435560,2023-04-27 09:53:16,2024-06-04T00:16:11.000,DOHMH,food establishment,Food Contains Foreign Object,10455.0,Closed,4.0,3.0,4.0,2.0,403.5992476851852,0,0.0,0.1689
57433604,2023-04-27 09:54:56,2023-05-16T11:08:47.000,HPD,unsanitary condition,PESTS,11432.0,Closed,4.0,3.0,4.0,2.0,19.05128472222222,1,3.0,0.1689
57433046,2023-04-27 09:55:08,2023-04-30T09:46:37.000,HPD,plumbing,BASIN/SINK,10030.0,Closed,4.0,3.0,4.0,2.0,2.994085648148148,0,0.0,0.1689
57435417,2023-04-27 09:55:30,2023-05-14T11:40:49.000,HPD,paint/plaster,CEILING,10472.0,Closed,4.0,3.0,4.0,2.0,17.073136574074073,3,8.0,0.2609
57435613,2023-04-27 09:55:39,2023-05-06T11:10:49.000,DSNY,street sweeping complaint,Street Not Swept,11223.0,Closed,4.0,3.0,4.0,2.0,9.052199074074077,0,0.0,0.1689
57433167,2023-04-27 09:56:39,2023-04-27T10:23:15.000,NYPD,illegal parking,Parking Permit Improper Use,11354.0,Closed,5.0,5.0,4.0,2.0,0.0184722222222222,1,3.0,0.2208
57433226,2023-04-27 09:56:59,2023-04-27T10:49:07.000,NYPD,encampment,Unknown,10018.0,Closed,4.0,3.0,4.0,2.0,0.0362037037037037,0,0.0,0.1689
57433331,2023-04-27 09:57:47,2023-05-30T00:00:00.000,DOB,special projects inspection team (spit),Illegal Hotel Rooms In Residential Building,10002.0,Closed,4.0,3.0,4.0,2.0,32.58487268518518,0,0.0,0.1689
57434440,2023-04-27 09:58:26,2023-04-27T10:38:18.000,NYPD,illegal parking,Blocked Sidewalk,11104.0,Closed,6.0,6.0,6.0,4.0,0.0276851851851851,8,10.0,0.469
57434864,2023-04-27 09:58:49,2023-04-28T10:36:45.000,DCWP,consumer complaint,Stoop Line,11415.0,Closed,4.0,3.0,4.0,2.0,1.0263425925925926,0,0.0,0.1689
57434400,2023-04-27 09:59:35,2023-04-27T11:35:00.000,NYPD,abandoned vehicle,With License Plate,10466.0,Closed,4.0,3.0,4.0,2.0,0.066261574074074,0,0.0,0.1689
57433118,2023-04-27 09:59:54,2023-04-27T10:46:15.000,NYPD,illegal parking,Parking Permit Improper Use,10007.0,Closed,5.0,5.0,4.0,2.0,0.0321875,3,8.0,0.2582
57435801,2023-04-27 10:01:20,2023-04-29T14:53:28.000,DSNY,missed collection,Compost,11222.0,Closed,4.0,3.0,4.0,2.0,2.2028703703703703,2,6.0,0.1689
57433917,2023-04-27 10:01:27,2023-04-28T08:37:48.000,HPD,heat/hot water,ENTIRE BUILDING,10128.0,Closed,7.0,3.0,4.0,2.0,0.9419097222222222,1,3.0,0.2099
57435176,2023-04-27 10:01:42,2023-04-28T12:31:01.000,DSNY,missed collection,Recycling - Paper,11385.0,Closed,4.0,3.0,4.0,2.0,1.1036921296296296,1,3.0,0.1689
57432902,2023-04-27 10:02:08,2023-04-27T12:44:35.000,NYPD,encampment,Unknown,10011.0,Closed,4.0,3.0,4.0,2.0,0.1128125,3,8.0,0.1689
57434386,2023-04-27 10:02:42,2023-04-27T12:34:43.000,NYPD,abandoned vehicle,With License Plate,11434.0,Closed,4.0,3.0,4.0,2.0,0.1055671296296296,1,3.0,0.1689
57435873,2023-04-27 10:05:08,2023-04-27T18:28:40.000,HPD,door/window,DOOR,10462.0,Closed,4.0,3.0,4.0,2.0,0.3496759259259259,1,3.0,0.1689
57433441,2023-04-27 10:06:21,2023-05-10T14:14:03.000,DOT,sidewalk condition,Sidewalk Violation,11233.0,Closed,5.0,4.0,6.0,4.0,13.17201388888889,0,0.0,0.2539
57434123,2023-04-27 10:07:31,2023-04-27T10:34:11.000,NYPD,illegal parking,Blocked Hydrant,11368.0,Closed,6.0,6.0,4.0,2.0,0.0185185185185185,5,10.0,0.35
57435125,2023-04-27 10:07:41,2024-10-01T13:06:45.000,DPR,overgrown tree/branches,Hitting Building,11222.0,Closed,4.0,3.0,4.0,2.0,523.1243518518519,0,0.0,0.1689
57433752,2023-04-27 10:08:25,2025-10-07T13:54:30.000,DPR,damaged tree,Branch Cracked and Will Fall,11377.0,Closed,4.0,3.0,4.0,2.0,894.1570023148148,0,0.0,0.1689
57435430,2023-04-27 10:10:37,2023-06-07T08:50:18.000,HPD,safety,CARBON MONOXIDE DETECTOR,11201.0,Closed,4.0,3.0,4.0,2.0,40.94422453703704,0,0.0,0.1689
57435824,2023-04-27 10:10:37,2023-05-05T18:18:19.000,HPD,appliance,ELECTRIC/GAS RANGE,11226.0,Closed,4.0,3.0,4.0,2.0,8.338680555555555,1,3.0,0.1689
57433194,2023-04-27 10:11:56,2023-04-28T10:36:45.000,DCWP,consumer complaint,Street Fair Vendor,10005.0,Closed,4.0,3.0,4.0,2.0,1.0172337962962965,0,0.0,0.1689
57432793,2023-04-27 10:11:57,2023-04-27T12:14:23.000,NYPD,noise - commercial,Loud Talking,10030.0,Closed,3.0,1.0,3.0,2.0,0.0850231481481481,2,6.0,0.1283
57435263,2023-04-27 10:13:16,2023-04-27T11:02:27.000,NYPD,noise - vehicle,Car/Truck Music,10024.0,Closed,3.0,1.0,3.0,2.0,0.0341550925925925,0,0.0,0.1283
57433012,2023-04-27 10:13:53,2023-05-26T09:09:38.000,HPD,appliance,REFRIGERATOR,10469.0,Closed,4.0,3.0,4.0,2.0,28.955381944444444,0,0.0,0.1689
57433794,2023-04-27 10:13:53,2023-04-28T10:21:09.000,HPD,paint/plaster,WALL,10027.0,Closed,4.0,3.0,4.0,2.0,1.0050462962962965,0,0.0,0.1689
57433102,2023-04-27 10:14:26,2023-05-31T15:50:03.000,EDC,noise - helicopter,Other,11417.0,Closed,3.0,1.0,3.0,2.0,34.23306712962963,1,3.0,0.1797
57435703,2023-04-27 10:15:53,2023-04-27T10:15:53.000,DOHMH,unleashed dog,Unleashed Dog in Public,10003.0,Closed,4.0,3.0,4.0,2.0,0.0,0,0.0,0.1689
57435733,2023-04-27 10:16:53,2023-05-05T18:18:20.000,HPD,door/window,DOOR FRAME,11226.0,Closed,4.0,3.0,4.0,2.0,8.334340277777779,1,3.0,0.1689
57435569,2023-04-27 10:18:47,2023-04-27T13:11:53.000,NYPD,illegal parking,Blocked Bike Lane,10012.0,Closed,6.0,6.0,4.0,2.0,0.1202083333333333,3,8.0,0.2608
57434037,2023-04-27 10:18:59,2023-05-17T00:00:00.000,DOB,general construction/plumbing,Cons - Contrary/Beyond Approved Plans/Permits,10468.0,Closed,4.0,7.0,4.0,2.0,19.570150462962964,0,0.0,0.2537
57435595,2023-04-27 10:20:47,2023-05-22T08:45:45.000,HPD,plumbing,BASIN/SINK,11213.0,Closed,4.0,3.0,4.0,2.0,24.93400462962963,1,3.0,0.2357
57435794,2023-04-27 10:21:31,2023-04-28T08:20:41.000,DSNY,missed collection,Trash,11232.0,Closed,4.0,3.0,4.0,2.0,0.9160879629629628,0,0.0,0.1689
57433172,2023-04-27 10:22:14,2024-09-27T00:00:00.000,DOB,building/use,Zoning - Non-Conforming/Illegal Vehicle Storage,11385.0,Closed,4.0,3.0,4.0,2.0,518.5678935185185,2,6.0,0.2583
57433869,2023-04-27 10:22:29,2023-05-31T15:50:05.000,EDC,noise - helicopter,Other,10025.0,Closed,3.0,1.0,3.0,2.0,34.2275,23,10.0,0.3034
57434318,2023-04-27 10:23:34,2023-04-27T12:25:06.000,NYPD,noise - residential,Loud Music/Party,10037.0,Closed,3.0,1.0,3.0,2.0,0.0843981481481481,1,3.0,0.1283
57433841,2023-04-27 10:23:40,2023-05-18T14:15:23.000,HPD,unsanitary condition,PESTS,11218.0,Closed,4.0,3.0,4.0,2.0,21.16091435185185,0,0.0,0.1689
57434928,2023-04-27 10:24:01,2023-04-27T10:24:01.000,DOHMH,unleashed dog,Unleashed Dog in Public,11369.0,Closed,4.0,3.0,4.0,2.0,0.0,0,0.0,0.1689
57433137,2023-04-27 10:24:03,2023-04-29T19:13:13.000,HPD,heat/hot water,ENTIRE BUILDING,10014.0,Closed,7.0,3.0,4.0,2.0,2.367476851851852,0,0.0,0.2099
57433213,2023-04-27 10:24:20,2023-05-02T06:14:09.000,DSNY,missed collection,Trash and Bulky Trash,10466.0,Closed,4.0,3.0,4.0,2.0,4.826261574074074,0,0.0,0.1689
57434729,2023-04-27 10:26:39,2023-05-05T18:18:20.000,HPD,unsanitary condition,PESTS,11226.0,Closed,4.0,3.0,4.0,2.0,8.32755787037037,7,10.0,0.2555
57433728,2023-04-27 10:27:00,2023-05-01T11:44:00.000,DSNY,derelict vehicles,Derelict Vehicles,11216.0,Closed,4.0,3.0,4.0,2.0,4.053472222222222,2,6.0,0.1689
57433006,2023-04-27 10:28:06,2023-05-31T15:50:06.000,EDC,noise - helicopter,Other,10028.0,Closed,3.0,1.0,3.0,2.0,34.22361111111111,10,10.0,0.3034
57433973,2023-04-27 10:28:16,2025-01-13T00:00:00.000,DOB,general construction/plumbing,Cons - Contrary/Beyond Approved Plans/Permits,10306.0,Closed,4.0,7.0,4.0,2.0,626.5637037037037,0,0.0,0.3225
57435341,2023-04-27 10:29:42,2023-04-28T18:06:45.000,HPD,heat/hot water,ENTIRE BUILDING,11235.0,Closed,7.0,3.0,4.0,2.0,1.317395833333333,3,8.0,0.3372
57433784,2023-04-27 10:30:01,2023-04-30T09:46:39.000,HPD,general,BELL/BUZZER/INTERCOM,10030.0,Closed,4.0,3.0,4.0,2.0,2.96988425925926,0,0.0,0.1689
57432875,2023-04-27 10:30:02,2023-06-23T15:35:54.000,HPD,general,BELL/BUZZER/INTERCOM,10030.0,Closed,4.0,3.0,4.0,2.0,57.212407407407404,1,3.0,0.2357
57434932,2023-04-27 10:30:03,2023-05-04T12:23:21.000,HPD,unsanitary condition,MOLD,10466.0,Closed,4.0,3.0,4.0,2.0,7.078680555555556,3,8.0,0.1715
57435398,2023-04-27 10:30:36,2023-04-27T21:12:40.000,DSNY,dirty condition,Dog Waste,10128.0,Closed,5.0,2.0,5.0,4.0,0.4458796296296296,1,3.0,0.2208
57435926,2023-04-27 10:31:01,2023-04-27T11:43:05.000,NYPD,blocked driveway,No Access,10470.0,Closed,5.0,6.0,4.0,2.0,0.0500462962962963,1,3.0,0.2133
57432915,2023-04-27 10:31:59,2023-04-27T11:25:32.000,NYPD,noise - residential,Banging/Pounding,11372.0,Closed,3.0,1.0,3.0,2.0,0.0371875,3,8.0,0.1283
57435258,2023-04-27 10:32:00,2023-04-28T07:44:00.000,DEP,air quality,"Air: Odor/Fumes, Vehicle Idling (AD3)",11231.0,Closed,4.0,3.0,4.0,2.0,0.8833333333333333,0,0.0,0.1689
57434999,2023-04-27 10:32:01,2024-05-20T12:32:00.000,DPR,new tree request,For One Address,11364.0,Closed,4.0,3.0,4.0,2.0,389.08332175925926,1,3.0,0.2357
57433113,2023-04-27 10:32:15,2023-04-27T11:59:49.000,NYPD,illegal parking,Blocked Hydrant,10027.0,Closed,6.0,6.0,4.0,2.0,0.0608101851851851,1,3.0,0.2208
57434929,2023-04-27 10:32:20,2023-06-23T17:42:58.000,DPR,root/sewer/sidewalk condition,Trees and Sidewalks Program,10312.0,Closed,8.0,4.0,7.0,4.0,57.299050925925926,0,0.0,0.55
57435710,2023-04-27 10:32:46,2023-04-27T13:05:15.000,NYPD,illegal parking,Posted Parking Sign Violation,11207.0,Closed,5.0,5.0,4.0,2.0,0.1058912037037037,5,10.0,0.35
57432909,2023-04-27 10:32:46,2023-05-01T13:24:41.000,DSNY,missed collection,Recycling - Paper,10306.0,Closed,4.0,3.0,4.0,2.0,4.119386574074074,3,8.0,0.1842
57433040,2023-04-27 10:32:51,2023-04-27T11:10:16.000,NYPD,encampment,Unknown,UNKNOWN,Closed,4.0,3.0,4.0,2.0,0.0259837962962962,5,10.0,0.1689
57434453,2023-04-27 10:33:00,2023-04-27T11:56:28.000,NYPD,noise - commercial,Loud Talking,10014.0,Closed,3.0,1.0,3.0,2.0,0.0579629629629629,1,3.0,0.1283
57434966,2023-04-27 10:33:01,2023-04-28T18:07:41.000,HPD,unsanitary condition,PESTS,11213.0,Closed,4.0,3.0,4.0,2.0,1.3157407407407409,1,3.0,0.1689
57433624,2023-04-27 10:34:17,2023-05-03T00:00:00.000,DOB,general construction/plumbing,Building Permit - None,11204.0,Closed,4.0,7.0,4.0,2.0,5.559525462962963,0,0.0,0.2236
57435711,2023-04-27 10:34:35,2023-04-27T13:43:15.000,NYPD,illegal parking,Posted Parking Sign Violation,10463.0,Closed,5.0,5.0,4.0,2.0,0.1310185185185185,4,10.0,0.35
57434681,2023-04-27 10:34:35,2023-04-27T15:26:26.000,DSNY,missed collection,Trash,10463.0,Closed,4.0,3.0,4.0,2.0,0.2026736111111111,0,0.0,0.1689
57435646,2023-04-27 10:35:57,2023-04-27T11:16:37.000,NYPD,noise - residential,Loud Music/Party,11221.0,Closed,3.0,1.0,3.0,2.0,0.0282407407407407,4,10.0,0.1283
57434670,2023-04-27 10:36:00,2023-05-02T20:48:37.000,HPD,unsanitary condition,PESTS,10031.0,Closed,4.0,3.0,4.0,2.0,5.42542824074074,2,6.0,0.1689
57435489,2023-04-27 10:38:00,2023-05-01T08:24:00.000,DEP,water conservation,Illegal Use Of A Hydrant (CIN),11106.0,Closed,4.0,3.0,4.0,2.0,3.906944444444445,0,0.0,0.1689
57435740,2023-04-27 10:38:33,2023-04-28T11:06:53.000,DCWP,consumer complaint,Car Dealer - Used,11220.0,Closed,4.0,3.0,4.0,2.0,1.0196759259259258,0,0.0,0.1689
57434321,2023-04-27 10:38:36,2023-04-27T10:45:20.000,NYPD,illegal parking,Blocked Sidewalk,11104.0,Closed,6.0,6.0,6.0,4.0,0.0046759259259259,9,10.0,0.469
57434523,2023-04-27 10:38:50,2023-04-29T14:49:18.000,DSNY,missed collection,Trash,11221.0,Closed,4.0,3.0,4.0,2.0,2.173935185185185,0,0.0,0.1689
57433437,2023-04-27 10:38:59,2023-05-01T14:26:59.000,DOT,street sign - dangling,Stop,11355.0,Closed,4.0,3.0,4.0,2.0,4.158333333333333,0,0.0,0.1689
57434699,2023-04-27 10:40:00,2023-04-28T05:18:00.000,DSNY,derelict vehicles,Derelict Vehicles,10457.0,Closed,4.0,3.0,4.0,2.0,0.7763888888888889,0,0.0,0.1689
57434422,2023-04-27 10:40:28,2023-06-16T00:00:00.000,DOB,real time enforcement,Work Without A Permit - Occupied Multiple Dwelling,11208.0,Closed,4.0,3.0,4.0,2.0,49.555231481481485,0,0.0,0.1689
57434316,2023-04-27 10:40:37,2023-05-12T12:47:18.000,DOT,curb condition,Broken Curb,11237.0,Closed,5.0,4.0,6.0,4.0,15.087974537037036,0,0.0,0.2604
57433622,2023-04-27 10:42:01,2023-05-05T16:54:01.000,HPD,unsanitary condition,PESTS,10462.0,Closed,4.0,3.0,4.0,2.0,8.258333333333333,1,3.0,0.1689
57434087,2023-04-27 10:42:45,2023-04-27T10:42:45.000,DOT,street condition,Pothole,11237.0,Closed,8.0,8.0,8.0,7.0,0.0,0,0.0,0.5798
57434443,2023-04-27 10:43:43,2023-04-27T10:43:43.000,DOB,general construction/plumbing,Building Shaking/Vibrating/Structural Stability,11419.0,Closed,4.0,7.0,4.0,2.0,0.0,0,0.0,0.2236
57432842,2023-04-27 10:43:58,2023-05-12T09:20:07.000,DOT,sidewalk condition,Sidewalk Violation,11379.0,Closed,5.0,4.0,6.0,4.0,14.941770833333331,0,0.0,0.2604
57435790,2023-04-27 10:44:01,2023-04-27T12:17:07.000,NYPD,panhandling,Unknown,11105.0,Closed,4.0,3.0,4.0,2.0,0.0646527777777777,0,0.0,0.1689
57436020,2023-04-27 10:44:06,2023-04-28T10:54:41.000,DPR,dead/dying tree,Planted More Than 2 Years Ago,11374.0,Closed,4.0,3.0,4.0,2.0,1.0073495370370371,2,6.0,0.1689
57434594,2023-04-27 10:44:44,2023-04-27T13:29:19.000,NYPD,encampment,Unknown,10036.0,Closed,4.0,3.0,4.0,2.0,0.1142939814814814,0,0.0,0.1689
57433136,2023-04-27 10:45:06,2023-04-29T19:12:46.000,HPD,heat/hot water,ENTIRE BUILDING,10026.0,Closed,7.0,3.0,4.0,2.0,2.352546296296296,4,10.0,0.4277
57434900,2023-04-27 10:45:29,2023-05-02T18:20:38.000,HPD,general,CABINET,11434.0,Closed,4.0,3.0,4.0,2.0,5.316076388888889,0,0.0,0.1689
57433442,2023-04-27 10:45:53,2023-04-27T10:58:11.000,NYPD,noise - park,Loud Music/Party,10007.0,Closed,3.0,1.0,3.0,2.0,0.0085416666666666,0,0.0,0.1283
57432760,2023-04-27 10:46:03,2023-04-27T12:22:48.000,DPR,maintenance or facility,Grass/Weeds,11427.0,Closed,4.0,3.0,4.0,2.0,0.0671875,0,0.0,0.1689
57434145,2023-04-27 10:47:00,2023-04-28T07:44:00.000,DEP,air quality,"Air: Odor/Fumes, Vehicle Idling (AD3)",11218.0,Closed,4.0,3.0,4.0,2.0,0.8729166666666667,1,3.0,0.1689
57433069,2023-04-27 10:47:20,2023-06-06T00:00:00.000,DOB,elevator,Elevator - Single Device On Property/No Alternate Service,10454.0,Closed,4.0,3.0,4.0,2.0,39.55046296296296,1,3.0,0.2357
57434553,2023-04-27 10:47:47,2023-04-27T12:32:22.000,NYPD,blocked driveway,No Access,11210.0,Closed,5.0,6.0,4.0,2.0,0.0726273148148148,1,3.0,0.2133
57434010,2023-04-27 10:48:21,2023-04-27T15:24:31.000,HPD,heat/hot water,ENTIRE BUILDING,10467.0,Closed,7.0,3.0,4.0,2.0,0.1917824074074074,11,10.0,0.35
57433204,2023-04-27 10:48:22,2023-05-01T12:35:01.000,DCWP,consumer complaint,Retail Store,11101.0,Closed,4.0,3.0,4.0,2.0,4.0740625,0,0.0,0.1689
57434408,2023-04-27 10:48:44,2023-04-27T17:04:47.000,NYPD,abandoned vehicle,With License Plate,10471.0,Closed,4.0,3.0,4.0,2.0,0.2611458333333333,0,0.0,0.1689
57434378,2023-04-27 10:50:38,2023-04-27T11:36:50.000,NYPD,abandoned vehicle,With License Plate,11207.0,Closed,4.0,3.0,4.0,2.0,0.0320833333333333,0,0.0,0.1689
57432978,2023-04-27 10:50:49,2023-04-27T12:47:51.000,DOHMH,rodent,Rat Sighting,10028.0,Closed,4.0,3.0,4.0,2.0,0.0812731481481481,4,10.0,0.1689
57433625,2023-04-27 10:51:09,2023-05-03T10:56:37.000,DSNY,missed collection,Trash,11210.0,Closed,4.0,3.0,4.0,2.0,6.003796296296296,1,3.0,0.1689
57433360,2023-04-27 10:51:42,2023-05-19T11:06:01.000,HPD,safety,WINDOW GUARD BROKEN/MISSING,11203.0,Closed,5.0,3.0,4.0,2.0,22.00994212962963,0,0.0,0.2138
57434428,2023-04-27 10:51:42,2023-05-19T11:06:02.000,HPD,paint/plaster,WALL,11203.0,Closed,4.0,3.0,4.0,2.0,22.009953703703705,0,0.0,0.1689
57433719,2023-04-27 10:51:56,2023-05-22T08:45:14.000,HPD,unsanitary condition,PESTS,10456.0,Closed,4.0,3.0,4.0,2.0,24.91201388888889,7,10.0,0.354
57433013,2023-04-27 10:53:01,2023-04-29T14:00:31.000,DSNY,street sweeping complaint,Street Not Swept,11237.0,Closed,4.0,3.0,4.0,2.0,2.130208333333333,0,0.0,0.1689
57433373,2023-04-27 10:53:01,2023-04-27T11:26:19.000,NYPD,illegal parking,Posted Parking Sign Violation,11236.0,Closed,5.0,5.0,4.0,2.0,0.023125,6,10.0,0.35
57433144,2023-04-27 10:53:28,2023-04-27T10:53:28.000,DOB,electrical,Electrical Wiring Defective/Exposed,10019.0,Closed,7.0,3.0,4.0,5.0,0.0,0,0.0,0.2099
57433689,2023-04-27 10:56:00,2023-04-28T07:59:00.000,DEP,noise,"Noise, Barking Dog (NR5)",10461.0,Closed,3.0,1.0,3.0,2.0,0.8770833333333333,1,3.0,0.1283
57433844,2023-04-27 10:56:00,2023-04-28T10:00:00.000,DEP,noise,Noise: Construction Equipment (NC1),10028.0,Closed,3.0,7.0,3.0,2.0,0.9611111111111112,2,6.0,0.1283
57435764,2023-04-27 10:56:02,2023-06-22T15:21:46.000,DPR,root/sewer/sidewalk condition,Trees and Sidewalks Program,10306.0,Closed,8.0,4.0,7.0,4.0,56.18453703703704,0,0.0,0.55
57435548,2023-04-27 10:56:29,2023-04-27T10:56:29.000,DOB,real time enforcement,Work Without A Permit - Occupied Multiple Dwelling,10128.0,Closed,4.0,3.0,4.0,2.0,0.0,0,0.0,0.1689
57434566,2023-04-27 10:56:32,2023-04-27T11:53:34.000,DSNY,missed collection,Bulky Trash,11411.0,Closed,4.0,3.0,4.0,2.0,0.0396064814814814,0,0.0,0.1689
57434060,2023-04-27 10:59:00,2023-04-28T10:46:00.000,DSNY,electronics waste appointment,Ewaste appointment,10303.0,Closed,5.0,2.0,5.0,4.0,0.9909722222222224,0,0.0,0.2208
57435494,2023-04-27 11:00:55,2023-04-27T12:53:05.000,NYPD,illegal parking,Blocked Sidewalk,10034.0,Closed,6.0,6.0,6.0,4.0,0.0778935185185185,3,8.0,0.4186
57435316,2023-04-27 11:01:16,2023-04-30T17:55:08.000,HPD,safety,WINDOW GUARD BROKEN/MISSING,10033.0,Closed,5.0,3.0,4.0,2.0,3.287407407407408,1,3.0,0.2138
57434842,2023-04-27 11:01:16,2023-05-01T16:31:46.000,HPD,paint/plaster,WALL,10033.0,Closed,4.0,3.0,4.0,2.0,4.229513888888889,0,0.0,0.1689
57435527,2023-04-27 11:01:16,2023-04-30T17:55:07.000,HPD,paint/plaster,WALL,10033.0,Closed,4.0,3.0,4.0,2.0,3.287395833333333,1,3.0,0.1689
57435421,2023-04-27 11:01:40,2023-04-27T11:50:37.000,NYPD,noise - residential,Banging/Pounding,11235.0,Closed,3.0,1.0,3.0,2.0,0.0339930555555555,3,8.0,0.1283
57434817,2023-04-27 11:02:00,2023-04-27T17:37:00.000,DEP,noise,Noise: Alarms (NR3),11366.0,Closed,3.0,1.0,3.0,2.0,0.2743055555555556,2,6.0,0.1283
57434416,2023-04-27 11:02:00,2023-04-28T13:30:00.000,DEP,water system,Dirty Water (WE),11368.0,Closed,4.0,3.0,4.0,2.0,1.102777777777778,0,0.0,0.1689
57433068,2023-04-27 11:02:15,2023-04-27T11:02:15.000,DOT,street condition,Pothole,10466.0,Closed,8.0,8.0,8.0,7.0,0.0,0,0.0,0.5798
57433528,2023-04-27 11:02:31,2023-04-27T11:06:54.000,NYPD,noise - residential,Loud Talking,11366.0,Closed,3.0,1.0,3.0,2.0,0.0030439814814814,4,10.0,0.1283
57433079,2023-04-27 11:03:22,2023-04-28T10:36:45.000,DCWP,consumer complaint,Car Wash,11234.0,Closed,4.0,3.0,4.0,2.0,0.9815162037037036,1,3.0,0.1689
57435495,2023-04-27 11:03:34,2023-04-27T13:36:17.000,NYPD,illegal parking,Posted Parking Sign Violation,11101.0,Closed,5.0,5.0,4.0,2.0,0.1060532407407407,29,10.0,0.35
57435891,2023-04-27 11:03:43,2023-05-05T14:19:14.000,DSNY,missed collection,Trash,11355.0,Closed,4.0,3.0,4.0,2.0,8.135775462962963,1,3.0,0.1689
57433536,2023-04-27 11:04:03,2023-04-27T11:49:15.000,NYPD,illegal parking,Commercial Overnight Parking,10017.0,Closed,5.0,5.0,4.0,2.0,0.0313888888888888,1,3.0,0.2208
57435536,2023-04-27 11:05:00,2023-05-05T00:00:00.000,DEP,noise,Noise: Construction Before/After Hours (NM1),10024.0,Closed,3.0,7.0,3.0,2.0,7.538194444444445,0,0.0,0.1283
57433595,2023-04-27 11:05:00,2023-04-21T11:05:00.000,DOT,street light condition,Lamppost Base Door/Cover Open,UNKNOWN,Pending,7.0,5.0,6.0,5.0,0.0,1,3.0,0.3721
57434169,2023-04-27 11:05:00,2023-04-28T10:15:00.000,DEP,sewer,Catch Basin Clogged/Flooding (Use Comments) (SC),11434.0,Closed,8.0,3.0,9.0,9.0,0.9652777777777778,0,0.0,0.5798
57435562,2023-04-27 11:05:38,2023-04-27T11:31:55.000,NYPD,illegal parking,Posted Parking Sign Violation,11379.0,Closed,5.0,5.0,4.0,2.0,0.0182523148148148,12,10.0,0.35
57433996,2023-04-27 11:06:24,,DPR,overgrown tree/branches,Hitting Building,11429.0,In Progress,4.0,3.0,4.0,2.0,1260.3271456180787,0,0.0,0.1689
57434725,2023-04-27 11:07:11,2023-06-02T12:46:22.000,DSNY,missed collection,Trash,10019.0,Closed,4.0,3.0,4.0,2.0,36.06887731481481,1,3.0,0.2357
57433241,2023-04-27 11:07:44,2023-04-27T14:11:07.000,NYPD,noise - residential,Banging/Pounding,10472.0,Closed,3.0,1.0,3.0,2.0,0.127349537037037,3,8.0,0.1283
57434980,2023-04-27 11:08:00,2023-04-27T13:55:00.000,DEP,sewer,Sewer Backup (Use Comments) (SA),10035.0,Closed,8.0,3.0,7.0,2.0,0.1159722222222222,0,0.0,0.55
57434845,2023-04-27 11:08:00,2023-04-21T11:07:00.000,DOT,street light condition,Lamppost Base Door/Cover Open,11232.0,Pending,7.0,5.0,6.0,5.0,0.0,1,3.0,0.3721
57434838,2023-04-27 11:08:00,2023-04-21T11:08:00.000,DOT,street light condition,Lamppost Base Door/Cover Open,11232.0,Pending,7.0,5.0,6.0,5.0,0.0,2,6.0,0.3721
57434103,2023-04-27 11:08:07,2023-04-27T11:39:27.000,DPR,violation of park rules,Biking/Rollerblading off Path,10038.0,Closed,4.0,3.0,4.0,2.0,0.0217592592592592,0,0.0,0.1689
57434023,2023-04-27 11:08:22,2023-05-31T15:50:11.000,EDC,noise - helicopter,Other,11414.0,Closed,3.0,1.0,3.0,2.0,34.19570601851852,11,10.0,0.3034
57434240,2023-04-27 11:08:26,2023-04-27T15:22:45.000,HPD,heat/hot water,ENTIRE BUILDING,10452.0,Closed,7.0,3.0,4.0,2.0,0.1766087962962963,8,10.0,0.35
57432879,2023-04-27 11:08:52,2023-04-27T11:54:10.000,NYPD,illegal parking,Parking Permit Improper Use,11222.0,Closed,5.0,5.0,4.0,2.0,0.0314583333333333,15,10.0,0.35
57435745,2023-04-27 11:08:56,2023-05-08T09:21:11.000,HPD,door/window,DOOR,11224.0,Closed,4.0,3.0,4.0,2.0,10.925173611111113,0,0.0,0.1689
57434339,2023-04-27 11:09:37,2023-04-27T11:16:13.000,NYPD,illegal parking,Blocked Sidewalk,11104.0,Closed,6.0,6.0,6.0,4.0,0.0045833333333333,10,10.0,0.469
57434839,2023-04-27 11:11:00,2023-04-21T11:11:00.000,DOT,street light condition,Lamppost Base Door/Cover Open,11231.0,Pending,7.0,5.0,6.0,5.0,0.0,0,0.0,0.3721
57434310,2023-04-27 11:11:55,2023-04-27T11:16:19.000,NYPD,illegal parking,Blocked Sidewalk,11104.0,Closed,6.0,6.0,6.0,4.0,0.0030555555555555,11,10.0,0.469
57434905,2023-04-27 11:14:57,2023-06-01T08:55:02.000,HPD,unsanitary condition,PESTS,10032.0,Closed,4.0,3.0,4.0,2.0,34.90283564814815,3,8.0,0.2609
57435091,2023-04-27 11:15:00,2023-04-27T18:28:40.000,HPD,heat/hot water,ENTIRE BUILDING,10462.0,Closed,7.0,3.0,4.0,2.0,0.3011574074074074,12,10.0,0.35
57434620,2023-04-27 11:15:21,2023-04-29T14:56:13.000,DSNY,missed collection,Trash,11216.0,Closed,4.0,3.0,4.0,2.0,2.153379629629629,1,3.0,0.1689
57434774,2023-04-27 11:15:22,2023-05-17T14:56:14.000,HPD,water leak,SLOW LEAK,11229.0,Closed,8.0,3.0,4.0,7.0,20.15337962962963,0,0.0,0.3491
57433768,2023-04-27 11:15:35,2023-04-28T11:49:18.000,HPD,general,COOKING GAS,11226.0,Closed,4.0,3.0,4.0,2.0,1.023414351851852,3,8.0,0.1689
57434108,2023-04-27 11:15:40,2023-05-04T11:55:47.000,HPD,general,CABINET,11224.0,Closed,4.0,3.0,4.0,2.0,7.027858796296297,0,0.0,0.1689
57434088,2023-04-27 11:18:00,2023-04-27T12:19:00.000,DSNY,derelict vehicles,Derelict Vehicles,11236.0,Closed,4.0,3.0,4.0,2.0,0.0423611111111111,1,3.0,0.1689
57435668,2023-04-27 11:18:13,2024-11-12T17:25:49.000,DPR,damaged tree,Tree Leaning/Uprooted,10314.0,Closed,4.0,3.0,4.0,2.0,565.2552777777778,0,0.0,0.1689
57433777,2023-04-27 11:19:04,2023-04-27T11:38:49.000,NYPD,blocked driveway,No Access,11232.0,Closed,5.0,6.0,4.0,2.0,0.0137152777777777,0,0.0,0.2133
57436009,2023-04-27 11:19:29,2023-04-27T12:07:49.000,NYPD,panhandling,Unknown,11231.0,Closed,4.0,3.0,4.0,2.0,0.0335648148148148,0,0.0,0.1689
57434204,2023-04-27 11:19:54,2023-04-27T11:49:41.000,NYPD,illegal parking,Posted Parking Sign Violation,11236.0,Closed,5.0,5.0,4.0,2.0,0.0206828703703703,7,10.0,0.35
57435264,2023-04-27 11:19:57,2023-04-27T11:19:57.000,DOHMH,rodent,Signs of Rodents,11206.0,Closed,4.0,3.0,4.0,2.0,0.0,0,0.0,0.1689
57433857,2023-04-27 11:21:39,2023-04-28T06:26:31.000,DSNY,dirty condition,Trash,10456.0,Closed,4.0,3.0,4.0,2.0,0.7950462962962963,0,0.0,0.1689
57434319,2023-04-27 11:22:48,2023-04-27T12:51:57.000,NYPD,noise - residential,Banging/Pounding,11103.0,Closed,3.0,1.0,3.0,2.0,0.0619097222222222,2,6.0,0.1283
57435892,2023-04-27 11:24:28,2023-04-27T11:57:27.000,NYPD,encampment,Unknown,10003.0,Closed,4.0,3.0,4.0,2.0,0.0229050925925925,0,0.0,0.1689
57434320,2023-04-27 11:24:32,2023-04-27T12:38:06.000,NYPD,illegal parking,Posted Parking Sign Violation,11239.0,Closed,5.0,5.0,4.0,2.0,0.0510879629629629,3,8.0,0.2588
57434407,2023-04-27 11:24:43,2023-04-27T13:58:09.000,NYPD,illegal parking,Blocked Sidewalk,11213.0,Closed,6.0,6.0,6.0,4.0,0.1065509259259259,2,6.0,0.3679
57434296,2023-04-27 11:24:50,2023-04-27T11:50:43.000,NYPD,illegal parking,Posted Parking Sign Violation,11236.0,Closed,5.0,5.0,4.0,2.0,0.017974537037037,8,10.0,0.35
57435067,2023-04-27 11:25:22,2023-04-27T12:07:10.000,NYPD,illegal parking,Blocked Hydrant,11222.0,Closed,6.0,6.0,4.0,2.0,0.0290277777777777,16,10.0,0.35
57434994,2023-04-27 11:26:00,2023-04-28T09:00:00.000,DEP,noise,Noise: Jack Hammering (NC2),10065.0,Closed,3.0,1.0,3.0,2.0,0.8986111111111111,2,6.0,0.1283
57433617,2023-04-27 11:26:00,2023-04-27T14:40:00.000,DOT,traffic signal condition,Pedestrian Signal,11218.0,Closed,9.0,10.0,8.0,2.0,0.1347222222222222,0,0.0,0.7209
57432801,2023-04-27 11:26:41,2023-04-27T12:04:31.000,NYPD,drug activity,Use Outside,11366.0,Closed,4.0,3.0,4.0,2.0,0.0262731481481481,27,10.0,0.1689
57432923,2023-04-27 11:27:56,2023-04-30T19:16:14.000,HPD,heat/hot water,ENTIRE BUILDING,10032.0,Closed,7.0,3.0,4.0,2.0,3.3252083333333333,5,10.0,0.4438
57434557,2023-04-27 11:28:04,2023-04-28T14:59:12.000,HPD,electric,POWER OUTAGE,10019.0,Closed,4.0,3.0,4.0,2.0,1.1466203703703703,0,0.0,0.1689
57434529,2023-04-27 11:29:15,2023-04-28T11:06:53.000,DCWP,consumer complaint,Tow Truck Company,10466.0,Closed,4.0,3.0,4.0,2.0,0.9844675925925926,0,0.0,0.1689
57435910,2023-04-27 11:30:43,2024-07-30T00:00:00.000,DOB,general construction/plumbing,Curb Cut/Driveway/Carport - Illegal,11379.0,Closed,4.0,7.0,6.0,4.0,459.52033564814815,0,0.0,0.3225
57435850,2023-04-27 11:30:47,2023-04-27T22:51:22.000,NYPD,blocked driveway,No Access,10457.0,Closed,5.0,6.0,4.0,2.0,0.4726273148148148,0,0.0,0.2133
57434612,2023-04-27 11:31:00,2023-04-17T11:26:00.000,DOT,street light condition,Street Light Out,11225.0,Pending,7.0,5.0,6.0,5.0,0.0,0,0.0,0.3721
57433476,2023-04-27 11:31:10,2023-04-27T11:54:48.000,HPD,plumbing,WATER SUPPLY,10458.0,Closed,4.0,3.0,9.0,2.0,0.016412037037037,2,6.0,0.1689
57435880,2023-04-27 11:31:11,2023-07-08T12:37:55.000,HPD,door/window,WINDOW FRAME,10032.0,Closed,4.0,3.0,4.0,2.0,72.0463425925926,1,3.0,0.2357
57435099,2023-04-27 11:31:23,2023-04-28T14:48:26.000,HPD,heat/hot water,ENTIRE BUILDING,10452.0,Closed,7.0,3.0,4.0,2.0,1.1368402777777775,9,10.0,0.35
57435650,2023-04-27 11:32:07,2023-04-27T11:56:03.000,NYPD,illegal parking,Posted Parking Sign Violation,11205.0,Closed,5.0,5.0,4.0,2.0,0.0166203703703703,16,10.0,0.35
57435073,2023-04-27 11:32:09,2023-04-28T08:41:58.000,DOHMH,rodent,Rat Sighting,10031.0,Closed,4.0,3.0,4.0,2.0,0.8818171296296297,1,3.0,0.1689
57435119,2023-04-27 11:33:31,2023-04-28T11:37:00.000,DCWP,consumer complaint,Street Fair Vendor,11214.0,Closed,4.0,3.0,4.0,2.0,1.0024189814814817,0,0.0,0.1689
57434591,2023-04-27 11:34:06,2023-04-28T15:49:02.000,HPD,heat/hot water,APARTMENT ONLY,11433.0,Closed,7.0,3.0,4.0,2.0,1.177037037037037,0,0.0,0.2099
57434832,2023-04-27 11:34:09,2023-05-07T02:02:34.000,HPD,door/window,DOOR FRAME,11212.0,Closed,4.0,3.0,4.0,2.0,9.603067129629627,1,3.0,0.1689
57433874,2023-04-27 11:34:32,2023-05-16T07:12:38.000,HPD,unsanitary condition,MOLD,10466.0,Closed,4.0,3.0,4.0,2.0,18.818125,4,10.0,0.2609
57432968,2023-04-27 11:35:51,2023-04-27T14:55:44.000,DOT,public toilet,Dirty/Graffiti,10029.0,Closed,5.0,3.0,4.0,2.0,0.1388078703703703,0,0.0,0.2138
57435986,2023-04-27 11:37:00,2023-04-28T09:35:00.000,DSNY,derelict vehicles,Derelict Vehicles,UNKNOWN,Closed,4.0,3.0,4.0,2.0,0.9152777777777776,6,10.0,0.1689
57434263,2023-04-27 11:37:49,2023-04-27T12:56:16.000,NYPD,illegal parking,Posted Parking Sign Violation,11105.0,Closed,5.0,5.0,4.0,2.0,0.0544791666666666,4,10.0,0.35
57434866,2023-04-27 11:37:50,2023-05-18T09:51:11.000,HPD,appliance,ELECTRIC/GAS RANGE,10456.0,Closed,4.0,3.0,4.0,2.0,20.9259375,0,0.0,0.1689
57433355,2023-04-27 11:38:40,2023-04-27T13:51:12.000,NYPD,illegal parking,Posted Parking Sign Violation,11223.0,Closed,5.0,5.0,4.0,2.0,0.092037037037037,9,10.0,0.35
57433354,2023-04-27 11:39:23,2023-04-27T13:29:03.000,NYPD,illegal parking,Blocked Sidewalk,11377.0,Closed,6.0,6.0,6.0,4.0,0.0761574074074074,7,10.0,0.469
57434235,2023-04-27 11:39:32,2023-05-02T14:25:05.000,DSNY,dead animal,Cat,11691.0,Closed,4.0,3.0,4.0,2.0,5.114965277777777,0,0.0,0.1689
57433820,2023-04-27 11:41:00,2023-04-28T15:45:00.000,DEP,noise,Noise: Construction Equipment (NC1),10044.0,Closed,3.0,7.0,3.0,2.0,1.1694444444444445,0,0.0,0.1283
57433367,2023-04-27 11:41:22,2023-04-27T15:02:42.000,DSNY,vendor enforcement,Food Vendor,11220.0,Closed,4.0,3.0,4.0,2.0,0.1398148148148148,1,3.0,0.1689
57434630,2023-04-27 11:43:18,2023-04-28T12:57:20.000,DSNY,missed collection,Bulky Trash,11422.0,Closed,4.0,3.0,4.0,2.0,1.051412037037037,1,3.0,0.1689
57435597,2023-04-27 11:43:33,2023-04-27T11:52:04.000,NYPD,abandoned vehicle,With License Plate,11234.0,Closed,4.0,3.0,4.0,2.0,0.0059143518518518,3,8.0,0.1689
57434810,2023-04-27 11:45:33,2023-04-27T14:28:04.000,NYPD,blocked driveway,No Access,10302.0,Closed,5.0,6.0,4.0,2.0,0.1128587962962962,0,0.0,0.2133
57433248,2023-04-27 11:45:45,2023-04-27T12:25:47.000,NYPD,abandoned vehicle,With License Plate,11236.0,Closed,4.0,3.0,4.0,2.0,0.0278009259259259,3,8.0,0.1689
57434705,2023-04-27 11:46:46,2023-05-06T11:16:37.000,DHS,homeless person assistance,Unknown,UNKNOWN,Closed,4.0,3.0,4.0,2.0,8.9790625,10,10.0,0.2569
57435454,2023-04-27 11:49:06,2023-04-27T13:38:06.000,NYPD,illegal parking,Blocked Sidewalk,11106.0,Closed,6.0,6.0,6.0,4.0,0.0756944444444444,1,3.0,0.3679
57435881,2023-04-27 11:49:36,2023-06-26T00:00:00.000,DOB,elevator,Elevator - Single Device On Property/No Alternate Service,11226.0,Closed,4.0,3.0,4.0,2.0,59.50722222222223,1,3.0,0.2357
57434219,2023-04-27 11:49:47,2023-05-09T09:15:57.000,HPD,appliance,REFRIGERATOR,10040.0,Closed,4.0,3.0,4.0,2.0,11.893171296296297,0,0.0,0.1689
57435032,2023-04-27 11:49:47,2023-05-09T09:15:58.000,HPD,unsanitary condition,MOLD,10040.0,Closed,4.0,3.0,4.0,2.0,11.89318287037037,0,0.0,0.1689
57433793,2023-04-27 11:50:55,2023-04-27T12:44:18.000,NYPD,blocked driveway,Partial Access,11219.0,Closed,5.0,6.0,4.0,2.0,0.0370717592592592,6,10.0,0.35
57434542,2023-04-27 11:50:57,2023-04-27T11:50:57.000,DOHMH,rodent,Rat Sighting,11216.0,Closed,4.0,3.0,4.0,2.0,0.0,3,8.0,0.1689
57434812,2023-04-27 11:51:39,2024-11-12T17:25:50.000,DPR,root/sewer/sidewalk condition,Trees and Sidewalks Program,11210.0,Closed,8.0,4.0,7.0,4.0,565.2320717592593,2,6.0,0.6357
57434154,2023-04-27 11:52:29,2023-05-10T14:23:20.000,DOT,sidewalk condition,Broken Sidewalk,11229.0,Closed,6.0,4.0,6.0,4.0,13.104756944444444,0,0.0,0.3679
57433340,2023-04-27 11:52:37,2023-04-27T11:52:37.000,DOB,building/use,No Certificate Of Occupancy/Illegal/Contrary To CO,10016.0,Closed,4.0,3.0,4.0,2.0,0.0,0,0.0,0.1689
57434305,2023-04-27 11:52:46,2023-04-28T19:53:32.000,HPD,heat/hot water,APARTMENT ONLY,10456.0,Closed,7.0,3.0,4.0,2.0,1.3338657407407408,8,10.0,0.35
57432888,2023-04-27 11:52:46,2023-04-27T13:44:08.000,NYPD,abandoned vehicle,With License Plate,10471.0,Closed,4.0,3.0,4.0,2.0,0.0773379629629629,1,3.0,0.1689
57432850,2023-04-27 11:53:04,2023-05-09T19:01:02.000,HPD,plumbing,TOILET,10044.0,Closed,4.0,3.0,4.0,2.0,12.297199074074074,0,0.0,0.1689
57433221,2023-04-27 11:53:04,2023-05-09T19:01:02.000,HPD,general,CABINET,10044.0,Closed,4.0,3.0,4.0,2.0,12.297199074074074,0,0.0,0.1689
57433669,2023-04-27 11:53:13,2023-05-02T14:27:15.000,DSNY,missed collection,Trash,11420.0,Closed,4.0,3.0,4.0,2.0,5.106967592592593,1,3.0,0.1689
57435709,2023-04-27 11:53:38,2023-04-27T13:03:32.000,NYPD,illegal parking,Posted Parking Sign Violation,11207.0,Closed,5.0,5.0,4.0,2.0,0.0485416666666666,6,10.0,0.35
57434656,2023-04-27 11:53:43,2023-04-27T12:56:32.000,NYPD,blocked driveway,Partial Access,11415.0,Closed,5.0,6.0,4.0,2.0,0.0436226851851851,1,3.0,0.2133
57434016,2023-04-27 11:54:19,2025-01-11T18:12:56.000,DOHMH,mobile food vendor,Smoke/Odor,10036.0,Closed,4.0,3.0,4.0,2.0,625.2629282407407,1,3.0,0.2357
57433709,2023-04-27 11:54:39,2023-04-27T12:29:11.000,NYPD,blocked driveway,No Access,11369.0,Closed,5.0,6.0,4.0,2.0,0.0239814814814814,1,3.0,0.2133
57433804,2023-04-27 11:56:32,2023-04-27T12:59:24.000,NYPD,blocked driveway,Partial Access,11218.0,Closed,5.0,6.0,4.0,2.0,0.0436574074074074,3,8.0,0.2616
57436021,2023-04-27 11:56:48,2024-06-04T00:16:16.000,DOHMH,food establishment,Rodents/Insects/Garbage,11217.0,Closed,5.0,2.0,5.0,4.0,403.51351851851854,0,0.0,0.35
57432890,2023-04-27 11:58:50,2023-04-27T11:58:50.000,DOHMH,rodent,Signs of Rodents,10473.0,Closed,4.0,3.0,4.0,2.0,0.0,0,0.0,0.1689
57435821,2023-04-27 11:59:07,2023-05-05T14:19:13.000,DSNY,missed collection,Trash,11356.0,Closed,4.0,3.0,4.0,2.0,8.097291666666667,1,3.0,0.1689
57435706,2023-04-27 11:59:09,2023-04-27T18:42:05.000,NYPD,blocked driveway,No Access,10456.0,Closed,5.0,6.0,4.0,2.0,0.2798148148148148,1,3.0,0.2133
57435930,2023-04-27 11:59:19,2023-06-27T07:00:03.000,HPD,water leak,HEAVY FLOW,10027.0,Closed,8.0,3.0,4.0,7.0,60.792175925925925,0,0.0,0.35
57435095,2023-04-27 11:59:44,2023-05-04T14:44:15.000,HPD,flooring/stairs,FLOOR,10036.0,Closed,4.0,3.0,4.0,2.0,7.114247685185185,0,0.0,0.1689
57435114,2023-04-27 11:59:48,2023-05-31T15:50:12.000,EDC,noise - helicopter,Other,11414.0,Closed,3.0,1.0,3.0,2.0,34.16,12,10.0,0.3034
57433504,2023-04-27 11:59:52,2023-05-01T07:02:44.000,DSNY,dead animal,Opossum,11412.0,Closed,4.0,3.0,4.0,2.0,3.793657407407408,0,0.0,0.1689
57434269,2023-04-27 12:01:46,2023-05-31T15:50:13.000,EDC,noise - helicopter,Other,10016.0,Closed,3.0,1.0,3.0,2.0,34.15864583333333,3,8.0,0.2199
57435775,2023-04-27 12:01:51,2023-05-09T15:48:36.000,DSNY,street sweeping complaint,Inadequate Sweeping,11214.0,Closed,4.0,3.0,4.0,2.0,12.157465277777778,1,3.0,0.1689
57434399,2023-04-27 12:02:39,2023-05-05T15:29:54.000,HPD,safety,CARBON MONOXIDE DETECTOR,11209.0,Closed,4.0,3.0,4.0,2.0,8.143923611111111,0,0.0,0.1689
57433848,2023-04-27 12:05:00,2023-04-27T17:45:00.000,DEP,sewer,Catch Basin Sunken/Damaged/Raised (SC1),11204.0,Closed,8.0,3.0,7.0,2.0,0.2361111111111111,0,0.0,0.55
57434638,2023-04-27 12:05:15,2024-01-16T14:41:16.000,DPR,damaged tree,Branch Cracked and Will Fall,11692.0,Closed,4.0,3.0,4.0,2.0,264.1083449074074,0,0.0,0.1689
57434882,2023-04-27 12:05:34,2023-05-01T14:35:56.000,DSNY,obstruction,Sign,10003.0,Closed,4.0,4.0,4.0,2.0,4.104421296296296,0,0.0,0.1689
57435328,2023-04-27 12:06:00,2023-04-21T12:05:00.000,DOT,street light condition,Street Light Cycling,11368.0,Pending,7.0,5.0,6.0,5.0,0.0,0,0.0,0.3721
57434492,2023-04-27 12:06:03,2023-05-09T11:46:52.000,DSNY,illegal dumping,Removal Request,10462.0,Closed,4.0,3.0,4.0,2.0,11.98667824074074,0,0.0,0.1689
57434912,2023-04-27 12:06:20,2025-05-13T16:38:29.000,DPR,new tree request,For One Address,10011.0,Closed,4.0,3.0,4.0,2.0,747.1889930555556,3,8.0,0.2609
57433267,2023-04-27 12:06:50,2023-04-27T13:02:16.000,NYPD,traffic,Congestion/Gridlock,10018.0,Closed,4.0,3.0,4.0,2.0,0.0384953703703703,0,0.0,0.1689
57432994,2023-04-27 12:06:55,2023-04-27T14:11:10.000,NYPD,abandoned vehicle,With License Plate,11228.0,Closed,4.0,3.0,4.0,2.0,0.0862847222222222,1,3.0,0.1689
57433813,2023-04-27 12:07:09,2023-04-27T14:14:54.000,NYPD,blocked driveway,No Access,11237.0,Closed,5.0,6.0,4.0,2.0,0.0887152777777777,0,0.0,0.2133
57434203,2023-04-27 12:07:20,2023-04-27T16:34:46.000,NYPD,illegal parking,Posted Parking Sign Violation,10033.0,Closed,5.0,5.0,4.0,2.0,0.1857175925925926,4,10.0,0.35
57432958,2023-04-27 12:07:39,2023-04-27T12:14:02.000,NYPD,abandoned vehicle,With License Plate,11385.0,Closed,4.0,3.0,4.0,2.0,0.0044328703703703,2,6.0,0.1689
57435003,2023-04-27 12:08:00,2023-04-28T14:00:00.000,DEP,noise,Noise: Construction Equipment (NC1),11427.0,Closed,3.0,7.0,3.0,2.0,1.0777777777777775,0,0.0,0.1283
57432932,2023-04-27 12:08:39,2023-05-13T18:16:43.000,HPD,paint/plaster,CEILING,10466.0,Closed,4.0,3.0,4.0,2.0,16.255601851851853,0,0.0,0.1689
57434166,2023-04-27 12:08:39,2023-05-13T18:16:43.000,HPD,flooring/stairs,FLOOR,10466.0,Closed,4.0,3.0,4.0,2.0,16.255601851851853,0,0.0,0.1689
57434878,2023-04-27 12:09:54,2023-05-03T12:42:29.000,DSNY,missed collection,Recycling - Paper/Metal/Glass/Rigid Plastic,11214.0,Closed,4.0,3.0,4.0,2.0,6.022627314814815,2,6.0,0.1689
57435927,2023-04-27 12:10:33,2023-04-27T12:54:16.000,NYPD,blocked driveway,No Access,11223.0,Closed,5.0,6.0,4.0,2.0,0.0303587962962962,3,8.0,0.2613
57433179,2023-04-27 12:10:57,2023-04-27T12:45:55.000,NYPD,encampment,Unknown,UNKNOWN,Closed,4.0,3.0,4.0,2.0,0.0242824074074074,6,10.0,0.1689
57433678,2023-04-27 12:11:20,2023-04-27T12:11:20.000,DOB,real time enforcement,Work Without A Permit - Occupied Multiple Dwelling,11201.0,Closed,4.0,3.0,4.0,2.0,0.0,0,0.0,0.1689
57434089,2023-04-27 12:11:41,2023-05-05T21:23:23.000,HPD,plumbing,WATER SUPPLY,10466.0,Closed,4.0,3.0,9.0,2.0,8.383125,0,0.0,0.1689
57432903,2023-04-27 12:11:43,2023-04-29T18:57:59.000,HPD,heat/hot water,ENTIRE BUILDING,10467.0,Closed,7.0,3.0,4.0,2.0,2.2821296296296296,12,10.0,0.4246
57434596,2023-04-27 12:12:46,2023-05-05T15:35:44.000,DPR,damaged tree,Branch Cracked and Will Fall,11215.0,Closed,4.0,3.0,4.0,2.0,8.140949074074074,1,3.0,0.1689
57432998,2023-04-27 12:14:49,2023-04-27T12:47:53.000,NYPD,noise - street/sidewalk,Loud Talking,11435.0,Closed,5.0,4.0,6.0,4.0,0.0229629629629629,0,0.0,0.2133
57433198,2023-04-27 12:15:12,2023-04-27T13:00:13.000,NYPD,illegal parking,Blocked Hydrant,11418.0,Closed,6.0,6.0,4.0,2.0,0.031261574074074,4,10.0,0.35
57435848,2023-04-27 12:15:19,2023-05-02T18:20:38.000,HPD,door/window,WINDOW FRAME,11434.0,Closed,4.0,3.0,4.0,2.0,5.25369212962963,0,0.0,0.1689
57433503,2023-04-27 12:15:19,2023-05-02T18:20:39.000,HPD,flooring/stairs,FLOOR,11434.0,Closed,4.0,3.0,4.0,2.0,5.253703703703704,0,0.0,0.1689
57433261,2023-04-27 12:16:08,2023-04-27T21:29:54.000,NYPD,illegal parking,Blocked Bike Lane,11101.0,Closed,6.0,6.0,4.0,2.0,0.3845601851851852,30,10.0,0.35
57434935,2023-04-27 12:17:52,2023-04-27T13:34:27.000,NYPD,blocked driveway,No Access,11103.0,Closed,5.0,6.0,4.0,2.0,0.0531828703703703,1,3.0,0.2133
57433520,2023-04-27 12:18:18,2023-05-05T02:04:28.000,HPD,plumbing,TOILET,11212.0,Closed,4.0,3.0,4.0,2.0,7.573726851851852,2,6.0,0.1689
57435229,2023-04-27 12:18:52,2023-04-27T16:10:06.000,NYPD,illegal parking,Blocked Hydrant,11209.0,Closed,6.0,6.0,4.0,2.0,0.1605787037037037,6,10.0,0.35
57435739,2023-04-27 12:19:18,2023-04-28T04:24:59.000,DSNY,dirty condition,Trash,11419.0,Closed,4.0,3.0,4.0,2.0,0.6706134259259259,0,0.0,0.1689
57432927,2023-04-27 12:20:03,2024-06-04T00:16:18.000,DOHMH,food establishment,Pet/Animal,10019.0,Closed,4.0,3.0,4.0,2.0,403.4973958333333,0,0.0,0.1689
57435747,2023-04-27 12:20:49,2023-04-27T12:59:54.000,NYPD,noise - residential,Loud Talking,11226.0,Closed,3.0,1.0,3.0,2.0,0.0271412037037037,5,10.0,0.1283
57435376,2023-04-27 12:20:55,2023-05-11T09:03:09.000,HPD,door/window,DOOR,10025.0,Closed,4.0,3.0,4.0,2.0,13.862662037037037,0,0.0,0.1689
57435330,2023-04-27 12:20:59,2023-05-17T13:00:34.000,HPD,water leak,DAMP SPOT,11373.0,Closed,8.0,3.0,4.0,7.0,20.027488425925927,0,0.0,0.3462
57434922,2023-04-27 12:20:59,2023-05-17T13:00:35.000,HPD,flooring/stairs,FLOOR,11373.0,Closed,4.0,3.0,4.0,2.0,20.0275,0,0.0,0.1689
57434142,2023-04-27 12:20:59,2023-05-17T13:00:35.000,HPD,general,CABINET,11373.0,Closed,4.0,3.0,4.0,2.0,20.0275,1,3.0,0.1689
57433450,2023-04-27 12:21:09,2023-05-21T09:18:33.000,HPD,plumbing,BASIN/SINK,10457.0,Closed,4.0,3.0,4.0,2.0,23.873194444444444,0,0.0,0.1689
57434195,2023-04-27 12:22:58,2023-04-27T14:00:58.000,NYPD,illegal parking,Parking Permit Improper Use,11436.0,Closed,5.0,5.0,4.0,2.0,0.0680555555555555,0,0.0,0.2208
57435459,2023-04-27 12:23:23,2023-04-27T12:23:23.000,DOB,real time enforcement,Work Without A Permit - Occupied Multiple Dwelling,11226.0,Closed,4.0,3.0,4.0,2.0,0.0,1,3.0,0.1689
57432953,2023-04-27 12:23:55,2023-05-01T18:51:57.000,HPD,plumbing,TOILET,11103.0,Closed,4.0,3.0,4.0,2.0,4.2694675925925925,1,3.0,0.1689
57432809,2023-04-27 12:24:00,2023-05-01T11:10:00.000,DSNY,electronics waste appointment,Ewaste appointment,10306.0,Closed,5.0,2.0,5.0,4.0,3.948611111111111,2,6.0,0.35
57434580,2023-04-27 12:25:57,2023-04-27T16:09:25.000,NYPD,illegal parking,Blocked Crosswalk,11209.0,Closed,6.0,6.0,4.0,2.0,0.1551851851851851,7,10.0,0.35
57435332,2023-04-27 12:27:05,2023-05-04T09:26:17.000,DPR,damaged tree,Branch or Limb Has Fallen Down,11230.0,Closed,4.0,3.0,4.0,2.0,6.874444444444444,1,3.0,0.1689
57434592,2023-04-27 12:27:09,2023-04-27T13:35:16.000,NYPD,blocked driveway,Partial Access,11210.0,Closed,5.0,6.0,4.0,2.0,0.0473032407407407,2,6.0,0.2133
57436037,2023-04-27 12:27:37,2024-06-04T00:16:20.000,DOHMH,food establishment,Rodents/Insects/Garbage,11418.0,Closed,5.0,2.0,5.0,4.0,403.49216435185184,0,0.0,0.35
57433831,2023-04-27 12:29:00,2023-04-27T12:38:00.000,DEP,water system,No Water (WNW),11429.0,Closed,7.0,3.0,9.0,2.0,0.00625,1,3.0,0.3859
57435144,2023-04-27 12:30:30,2023-09-20T11:32:53.000,HPD,unsanitary condition,GARBAGE/RECYCLING STORAGE,10453.0,Closed,5.0,2.0,5.0,4.0,145.95998842592593,1,3.0,0.4098
57434161,2023-04-27 12:30:37,2023-05-01T13:33:16.000,DSNY,illegal dumping,Chronic Dumping,10306.0,Closed,4.0,3.0,4.0,2.0,4.043506944444444,0,0.0,0.1689
57433860,2023-04-27 12:31:39,2024-06-04T00:16:21.000,DOHMH,food establishment,Bare Hands in Contact w/ Food,11220.0,Closed,4.0,3.0,4.0,2.0,403.489375,0,0.0,0.1689
57435549,2023-04-27 12:31:44,2023-04-27T13:00:53.000,NYPD,noise - residential,Banging/Pounding,11226.0,Closed,3.0,1.0,3.0,2.0,0.0202430555555555,6,10.0,0.1283
57435411,2023-04-27 12:31:48,2023-04-27T13:04:44.000,NYPD,noise - residential,Banging/Pounding,10031.0,Closed,3.0,1.0,3.0,2.0,0.0228703703703703,1,3.0,0.1283
57433583,2023-04-27 12:31:55,2025-05-13T16:38:30.000,DPR,new tree request,For One Address,11385.0,Closed,4.0,3.0,4.0,2.0,747.1712384259259,1,3.0,0.2357
57435615,2023-04-27 12:32:13,2023-04-27T13:00:05.000,NYPD,abandoned vehicle,With License Plate,11236.0,Closed,4.0,3.0,4.0,2.0,0.0193518518518518,4,10.0,0.1689
57432973,2023-04-27 12:33:13,2023-04-27T15:19:03.000,NYPD,abandoned vehicle,With License Plate,11204.0,Closed,4.0,3.0,4.0,2.0,0.115162037037037,2,6.0,0.1689
57433312,2023-04-27 12:34:32,2024-11-12T17:25:51.000,DPR,damaged tree,Tree Alive - in Poor Condition,11385.0,Closed,4.0,3.0,4.0,2.0,565.2023032407408,0,0.0,0.1689
57433122,2023-04-27 12:35:00,2023-04-27T16:30:00.000,DEP,industrial waste,Concrete In Catch Basin (IEA),10312.0,Closed,5.0,2.0,5.0,4.0,0.1631944444444444,0,0.0,0.2208
57434262,2023-04-27 12:35:48,2023-04-28T10:49:24.000,DOT,sidewalk condition,Defective Hardware,10012.0,Closed,5.0,4.0,6.0,4.0,0.9261111111111112,0,0.0,0.2133
57434297,2023-04-27 12:37:18,2023-04-27T14:01:58.000,NYPD,illegal parking,Posted Parking Sign Violation,11236.0,Closed,5.0,5.0,4.0,2.0,0.0587962962962963,9,10.0,0.35
57434583,2023-04-27 12:37:28,2023-06-22T09:20:23.000,HPD,appliance,ELECTRIC/GAS RANGE,11412.0,Closed,4.0,3.0,4.0,2.0,55.86313657407408,0,0.0,0.1689
57433950,2023-04-27 12:37:29,2023-05-03T14:51:53.000,DSNY,litter basket complaint,Overflowing,11221.0,Closed,4.0,2.0,5.0,2.0,6.093333333333334,0,0.0,0.1689
57434982,2023-04-27 12:37:44,2023-04-29T13:58:31.000,DSNY,litter basket request,New Basket,11201.0,Closed,4.0,2.0,5.0,2.0,2.056099537037037,1,3.0,0.1689
57433342,2023-04-27 12:38:05,2023-04-27T14:27:27.000,NYPD,illegal parking,Double Parked Blocking Traffic,10461.0,Closed,5.0,5.0,4.0,2.0,0.075949074074074,8,10.0,0.35
57434268,2023-04-27 12:38:13,2023-04-29T12:09:53.000,HPD,heat/hot water,ENTIRE BUILDING,11104.0,Closed,7.0,3.0,4.0,2.0,1.9803240740740744,0,0.0,0.2099
57432846,2023-04-27 12:38:31,2023-04-29T15:05:25.000,HPD,heat/hot water,ENTIRE BUILDING,11104.0,Closed,7.0,3.0,4.0,2.0,2.102013888888889,1,3.0,0.2723
57433350,2023-04-27 12:40:24,2023-04-27T13:51:01.000,NYPD,illegal parking,Posted Parking Sign Violation,10009.0,Closed,5.0,5.0,4.0,2.0,0.0490393518518518,2,6.0,0.2208
57432992,2023-04-27 12:40:35,2023-04-27T13:28:26.000,NYPD,abandoned vehicle,With License Plate,11357.0,Closed,4.0,3.0,4.0,2.0,0.0332291666666666,0,0.0,0.1689
57433128,2023-04-27 12:41:29,2023-05-03T21:13:41.000,HPD,door/window,DOOR,11374.0,Closed,4.0,3.0,4.0,2.0,6.3556944444444445,0,0.0,0.1689
57433806,2023-04-27 12:41:31,2023-04-27T15:29:49.000,NYPD,blocked driveway,No Access,11207.0,Closed,5.0,6.0,4.0,2.0,0.116875,2,6.0,0.2133
57435866,2023-04-27 12:41:37,2024-03-14T05:03:11.000,HPD,unsanitary condition,PESTS,11212.0,Closed,4.0,3.0,4.0,2.0,321.6816435185185,2,6.0,0.2583
57433602,2023-04-27 12:42:30,2023-04-27T15:03:41.000,DSNY,vendor enforcement,Non-Food Vendor,10003.0,Closed,4.0,3.0,4.0,2.0,0.0980439814814814,0,0.0,0.1689
57434289,2023-04-27 12:42:40,2024-06-04T00:16:24.000,DOHMH,food establishment,Food Contains Foreign Object,11373.0,Closed,4.0,3.0,4.0,2.0,403.48175925925926,1,3.0,0.2357
57433840,2023-04-27 12:43:06,2023-04-29T13:58:39.000,DSNY,litter basket request,New Basket,11201.0,Closed,4.0,2.0,5.0,2.0,2.052465277777778,2,6.0,0.1689
57433560,2023-04-27 12:43:47,2023-04-27T13:45:40.000,NYPD,blocked driveway,Partial Access,11373.0,Closed,5.0,6.0,4.0,2.0,0.042974537037037,3,8.0,0.2616
57432913,2023-04-27 12:44:32,2023-04-29T19:13:47.000,HPD,heat/hot water,ENTIRE BUILDING,10025.0,Closed,7.0,3.0,4.0,2.0,2.2703125,4,10.0,0.424
57434931,2023-04-27 12:44:56,2023-04-27T20:38:38.000,HPD,unsanitary condition,PESTS,10467.0,Closed,4.0,3.0,4.0,2.0,0.3289583333333333,1,3.0,0.1689
57436028,2023-04-27 12:45:01,2023-04-27T17:22:09.000,NYPD,blocked driveway,No Access,10462.0,Closed,5.0,6.0,4.0,2.0,0.1924537037037037,2,6.0,0.2133
57432881,2023-04-27 12:45:53,2023-04-27T13:34:43.000,NYPD,illegal parking,Blocked Hydrant,11211.0,Closed,6.0,6.0,4.0,2.0,0.033912037037037,7,10.0,0.35
57434629,2023-04-27 12:45:54,2023-05-10T14:55:58.000,DOT,sidewalk condition,Sidewalk Violation,10306.0,Closed,5.0,4.0,6.0,4.0,13.090324074074074,0,0.0,0.2533
57432996,2023-04-27 12:47:27,2023-04-27T13:19:12.000,NYPD,illegal parking,Blocked Sidewalk,11234.0,Closed,6.0,6.0,6.0,4.0,0.0220486111111111,3,8.0,0.412
57433158,2023-04-27 12:47:29,2023-05-24T00:00:00.000,DOB,building/use,Illegal Conversion Of Residential Building/Space,11214.0,Closed,4.0,3.0,4.0,2.0,26.46702546296296,1,3.0,0.2357
57433351,2023-04-27 12:50:04,2023-04-27T15:02:27.000,DSNY,vendor enforcement,Food Vendor,11211.0,Closed,4.0,3.0,4.0,2.0,0.0919328703703703,0,0.0,0.1689
57434432,2023-04-27 12:50:37,2023-04-28T13:07:54.000,HPD,heat/hot water,APARTMENT ONLY,11412.0,Closed,7.0,3.0,4.0,2.0,1.0120023148148147,1,3.0,0.2099
57435729,2023-04-27 12:51:51,2023-04-28T02:07:37.000,HPD,heat/hot water,ENTIRE BUILDING,10032.0,Closed,7.0,3.0,4.0,2.0,0.5526157407407407,6,10.0,0.35
57432844,2023-04-27 12:51:52,2023-09-20T11:35:26.000,HPD,unsanitary condition,GARBAGE/RECYCLING STORAGE,10453.0,Closed,5.0,2.0,5.0,4.0,145.9469212962963,2,6.0,0.4462
57433519,2023-04-27 12:51:57,2023-05-02T14:27:10.000,DSNY,missed collection,Trash,11417.0,Closed,4.0,3.0,4.0,2.0,5.066122685185185,2,6.0,0.1689
57433760,2023-04-27 12:52:11,2023-04-27T14:21:15.000,NYPD,noise - house of worship,Loud Talking,10035.0,Closed,3.0,1.0,3.0,2.0,0.0618518518518518,0,0.0,0.1283
57434911,2023-04-27 12:53:00,2023-04-28T12:00:00.000,DEP,noise,Noise: Jack Hammering (NC2),11412.0,Closed,3.0,1.0,3.0,2.0,0.9631944444444444,0,0.0,0.1283
57434976,2023-04-27 12:53:00,2023-04-27T13:05:00.000,DEP,water system,Leak (Use Comments) (WA2),10030.0,Closed,4.0,3.0,4.0,2.0,0.0083333333333333,0,0.0,0.1689
57433549,2023-04-27 12:53:21,2025-05-13T16:38:30.000,DPR,new tree request,For One Address,10014.0,Closed,4.0,3.0,4.0,2.0,747.1563541666667,0,0.0,0.1689
57434903,2023-04-27 12:53:34,2023-04-28T18:07:51.000,HPD,heat/hot water,ENTIRE BUILDING,11213.0,Closed,7.0,3.0,4.0,2.0,1.2182523148148148,1,3.0,0.2099
57435886,2023-04-27 12:53:38,2023-05-02T12:03:24.000,HPD,unsanitary condition,PESTS,10026.0,Closed,4.0,3.0,4.0,2.0,4.965115740740741,3,8.0,0.1735
57434896,2023-04-27 12:53:59,2023-06-24T18:37:17.000,HPD,general,JANITOR/SUPER,10468.0,Closed,4.0,3.0,4.0,2.0,58.23840277777778,0,0.0,0.1689
57433913,2023-04-27 12:54:00,2023-04-28T16:47:00.000,DOT,street light condition,Street Light Out,11435.0,Closed,7.0,5.0,6.0,5.0,1.1618055555555555,1,3.0,0.3721
57435365,2023-04-27 12:54:11,2023-04-27T17:31:52.000,NYPD,illegal parking,Posted Parking Sign Violation,11220.0,Closed,5.0,5.0,4.0,2.0,0.1928356481481481,2,6.0,0.2208
57434352,2023-04-27 12:56:00,2023-04-27T13:50:00.000,DEP,water system,Dirty Water (WE),10465.0,Closed,4.0,3.0,4.0,2.0,0.0375,0,0.0,0.1689
57434326,2023-04-27 12:56:19,,DOHMH,rodent,Condition Attracting Rodents,11103.0,In Progress,4.0,3.0,4.0,2.0,1260.2508075489352,0,0.0,0.1689
57435120,2023-04-27 12:56:57,2023-04-27T13:26:36.000,NYPD,illegal parking,Blocked Hydrant,11236.0,Closed,6.0,6.0,4.0,2.0,0.0205902777777777,10,10.0,0.35
57435101,2023-04-27 12:57:17,2023-05-09T09:41:22.000,HPD,door/window,WINDOW FRAME,10024.0,Closed,4.0,3.0,4.0,2.0,11.863946759259258,0,0.0,0.1689
57435164,2023-04-27 12:59:00,2023-04-27T17:20:00.000,DEP,water system,Hydrant Running (WC3),11105.0,Closed,4.0,3.0,4.0,2.0,0.18125,0,0.0,0.1689
57433960,2023-04-27 12:59:07,2023-04-29T11:52:27.000,DSNY,residential disposal complaint,Waste Set Out Too Early or Too Late,11691.0,Closed,5.0,2.0,5.0,4.0,1.953703703703704,0,0.0,0.2208
57434224,2023-04-27 12:59:07,2023-04-27T14:46:59.000,NYPD,noise - vehicle,Car/Truck Horn,11104.0,Closed,3.0,1.0,3.0,2.0,0.0749074074074074,0,0.0,0.1283
57434972,2023-04-27 12:59:17,2023-05-15T09:08:51.000,DPR,new tree request,For One Address,10128.0,Closed,4.0,3.0,4.0,2.0,17.83997685185185,1,3.0,0.1689
57434052,2023-04-27 13:00:26,2023-04-29T19:14:20.000,HPD,heat/hot water,ENTIRE BUILDING,10128.0,Closed,7.0,3.0,4.0,2.0,2.2596527777777777,2,6.0,0.3369
57432763,2023-04-27 13:01:01,2023-05-07T16:44:51.000,HPD,appliance,REFRIGERATOR,10457.0,Closed,4.0,3.0,4.0,2.0,10.155439814814814,2,6.0,0.1689
57434579,2023-04-27 13:01:40,2023-04-28T12:31:53.000,DSNY,obstruction,Weeds or Grass,11385.0,Closed,4.0,4.0,4.0,2.0,0.9793171296296296,0,0.0,0.1689
57433644,2023-04-27 13:01:52,2023-04-27T14:31:16.000,NYPD,blocked driveway,Partial Access,11223.0,Closed,5.0,6.0,4.0,2.0,0.0620833333333333,4,10.0,0.35
57433818,2023-04-27 13:03:08,2023-06-26T00:00:00.000,DOB,elevator,Elevator - Multiple Devices On Property,11224.0,Closed,4.0,3.0,4.0,2.0,59.45615740740741,0,0.0,0.1689
57433468,2023-04-27 13:06:26,2023-04-27T14:23:28.000,NYPD,blocked driveway,No Access,11373.0,Closed,5.0,6.0,4.0,2.0,0.0534953703703703,4,10.0,0.35
57434389,2023-04-27 13:07:06,2023-04-27T14:22:28.000,NYPD,illegal parking,Blocked Sidewalk,11231.0,Closed,6.0,6.0,6.0,4.0,0.0523379629629629,7,10.0,0.469
57434957,2023-04-27 13:07:38,2023-04-27T13:46:45.000,NYPD,noise - street/sidewalk,Loud Music/Party,10025.0,Closed,5.0,4.0,6.0,4.0,0.0271643518518518,3,8.0,0.3087
57435453,2023-04-27 13:08:29,2023-04-27T16:35:05.000,NYPD,noise - residential,Banging/Pounding,10033.0,Closed,3.0,1.0,3.0,2.0,0.1434722222222222,1,3.0,0.1283
57434187,2023-04-27 13:10:06,2023-04-27T14:22:43.000,NYPD,illegal parking,Blocked Sidewalk,11231.0,Closed,6.0,6.0,6.0,4.0,0.0504282407407407,8,10.0,0.469
57434709,2023-04-27 13:10:28,2023-05-04T13:45:00.000,DOT,street condition,Pothole,10462.0,Closed,8.0,8.0,8.0,7.0,7.023981481481481,0,0.0,0.5798
57435492,2023-04-27 13:10:40,2023-04-28T11:32:44.000,HPD,heat/hot water,APARTMENT ONLY,10462.0,Closed,7.0,3.0,4.0,2.0,0.9319907407407408,13,10.0,0.35
57435847,2023-04-27 13:10:41,2023-05-21T18:29:31.000,HPD,paint/plaster,WALL,11368.0,Closed,4.0,3.0,4.0,2.0,24.22141203703704,0,0.0,0.1689
57435382,2023-04-27 13:10:52,2023-04-27T14:12:02.000,NYPD,illegal parking,Blocked Sidewalk,11214.0,Closed,6.0,6.0,6.0,4.0,0.0424768518518518,8,10.0,0.469
57434834,2023-04-27 13:12:54,2023-04-29T14:48:43.000,DSNY,missed collection,Trash,11226.0,Closed,4.0,3.0,4.0,2.0,2.066539351851852,1,3.0,0.1689
57434329,2023-04-27 13:14:19,2023-04-27T14:16:02.000,NYPD,illegal parking,Blocked Hydrant,11207.0,Closed,6.0,6.0,4.0,2.0,0.0428587962962963,7,10.0,0.35
57434242,2023-04-27 13:15:18,2023-04-27T19:42:12.000,HPD,heat/hot water,APARTMENT ONLY,11210.0,Closed,7.0,3.0,4.0,2.0,0.2686805555555555,2,6.0,0.2099
57435598,2023-04-27 13:16:47,2023-04-29T14:02:37.000,HPD,electric,NO LIGHTING,11222.0,Closed,4.0,3.0,4.0,2.0,2.031828703703704,0,0.0,0.1689
57435578,2023-04-27 13:16:47,2023-04-29T14:02:38.000,HPD,plumbing,RADIATOR,11222.0,Closed,4.0,3.0,4.0,2.0,2.031840277777778,1,3.0,0.1689
57434934,2023-04-27 13:16:47,2023-04-29T14:02:37.000,HPD,paint/plaster,CEILING,11222.0,Closed,4.0,3.0,4.0,2.0,2.031828703703704,1,3.0,0.1689
57433894,2023-04-27 13:18:00,2023-04-27T22:15:00.000,DSNY,derelict vehicles,Derelict Vehicles,UNKNOWN,Closed,4.0,3.0,4.0,2.0,0.3729166666666667,7,10.0,0.1689
57434189,2023-04-27 13:19:39,2023-04-27T13:49:57.000,NYPD,illegal parking,Blocked Bike Lane,11217.0,Closed,6.0,6.0,4.0,2.0,0.0210416666666666,1,3.0,0.2208
57434626,2023-04-27 13:19:48,2023-05-01T13:55:35.000,HPD,paint/plaster,CEILING,10025.0,Closed,4.0,3.0,4.0,2.0,4.024849537037037,0,0.0,0.1689
57434846,2023-04-27 13:19:48,2023-05-01T13:55:35.000,HPD,water leak,SLOW LEAK,10025.0,Closed,8.0,3.0,4.0,7.0,4.024849537037037,0,0.0,0.2199
57435349,2023-04-27 13:19:50,2023-04-27T13:50:20.000,NYPD,illegal parking,Posted Parking Sign Violation,11216.0,Closed,5.0,5.0,4.0,2.0,0.0211805555555555,2,6.0,0.2208
57435496,2023-04-27 13:19:53,2023-04-27T14:15:30.000,NYPD,traffic,Congestion/Gridlock,11237.0,Closed,4.0,3.0,4.0,2.0,0.0386226851851851,0,0.0,0.1689
57434879,2023-04-27 13:20:20,2023-06-15T07:49:10.000,TLC,for hire vehicle complaint,Driver Complaint - Non Passenger,11217.0,Closed,4.0,3.0,4.0,2.0,48.77002314814815,0,0.0,0.1689
57433643,2023-04-27 13:20:28,2023-05-02T06:06:02.000,DSNY,missed collection,Recycling - Metal/Glass/Rigid Plastic,10454.0,Closed,4.0,3.0,4.0,2.0,4.698310185185186,0,0.0,0.1689
57433540,2023-04-27 13:21:00,2023-04-28T08:40:00.000,DOT,traffic signal condition,Controller,10314.0,Closed,9.0,10.0,8.0,2.0,0.8048611111111111,2,6.0,0.7209
57432892,2023-04-27 13:21:11,2023-04-28T08:21:02.000,DSNY,commercial disposal complaint,Waste Left in Front of Residence,11432.0,Closed,5.0,2.0,5.0,4.0,0.7915625,0,0.0,0.2208
57433150,2023-04-27 13:21:51,2023-04-28T00:00:00.000,DOB,general construction/plumbing,Sidewalk Shed/Pipe Scafford - Inadequate Defective/None,11220.0,Closed,5.0,7.0,6.0,4.0,0.4431597222222222,0,0.0,0.2208
57432817,2023-04-27 13:22:57,,DOHMH,mobile food vendor,Smoke/Odor,10019.0,In Progress,4.0,3.0,4.0,2.0,1260.2323268825116,2,6.0,0.2583
57432948,2023-04-27 13:23:10,2023-05-16T09:06:55.000,DOT,street sign - damaged,"No Parking, Standing, Stopping",10013.0,Closed,3.0,5.0,4.0,2.0,18.82204861111111,0,0.0,0.1283
57433881,2023-04-27 13:23:28,2023-05-10T14:36:32.000,DOT,sidewalk condition,Broken Sidewalk,11223.0,Closed,6.0,4.0,6.0,4.0,13.05074074074074,0,0.0,0.3679
57433529,2023-04-27 13:23:53,2023-05-11T15:36:49.000,DOHMH,rodent,Rat Sighting,11237.0,Closed,4.0,3.0,4.0,2.0,14.092314814814817,1,3.0,0.1689
57433839,2023-04-27 13:26:31,2023-05-15T09:08:56.000,DPR,new tree request,For One Address,11233.0,Closed,4.0,3.0,4.0,2.0,17.821122685185184,0,0.0,0.1689
57435763,2023-04-27 13:27:00,2023-04-27T17:25:00.000,DOT,traffic signal condition,Controller,UNKNOWN,Closed,9.0,10.0,8.0,2.0,0.1652777777777777,2,6.0,0.7209
57434958,2023-04-27 13:28:31,2023-05-08T10:28:30.000,TLC,for hire vehicle complaint,Driver Complaint - Passenger,10032.0,Closed,4.0,3.0,4.0,2.0,10.874988425925926,0,0.0,0.1689
57433712,2023-04-27 13:28:39,2023-05-02T14:30:20.000,DSNY,missed collection,Trash,11691.0,Closed,4.0,3.0,4.0,2.0,5.042835648148148,0,0.0,0.1689
57434951,2023-04-27 13:29:00,2023-04-28T10:56:00.000,DEP,lead,Lead Kit Request (Residential) (L10),11221.0,Closed,4.0,3.0,4.0,2.0,0.89375,0,0.0,0.1689
57435622,2023-04-27 13:30:07,2023-04-27T14:20:14.000,NYPD,illegal parking,Posted Parking Sign Violation,10030.0,Closed,5.0,5.0,4.0,2.0,0.0348032407407407,0,0.0,0.2208
57434803,2023-04-27 13:30:19,2023-04-28T13:14:13.000,DSNY,dirty condition,Trash,11223.0,Closed,4.0,3.0,4.0,2.0,0.9888194444444444,0,0.0,0.1689
57435534,2023-04-27 13:30:53,2023-04-27T13:30:53.000,DOHMH,rodent,Rat Sighting,10019.0,Closed,4.0,3.0,4.0,2.0,0.0,1,3.0,0.1689
57434624,2023-04-27 13:32:50,2023-04-29T14:47:10.000,DSNY,missed collection,Compost,11222.0,Closed,4.0,3.0,4.0,2.0,2.05162037037037,3,8.0,0.1689
57435340,2023-04-27 13:32:55,2023-04-27T16:55:57.000,NYPD,noise - vehicle,Car/Truck Music,11212.0,Closed,3.0,1.0,3.0,2.0,0.1409953703703703,0,0.0,0.1283
57433045,2023-04-27 13:34:06,2023-04-27T13:34:06.000,DOHMH,rodent,Condition Attracting Rodents,10451.0,Closed,4.0,3.0,4.0,2.0,0.0,1,3.0,0.1689
57435145,2023-04-27 13:35:00,2023-04-29T10:40:00.000,DEP,sewer,Catch Basin Clogged/Flooding (Use Comments) (SC),11214.0,Closed,8.0,3.0,9.0,9.0,1.8784722222222223,2,6.0,0.5798
57435139,2023-04-27 13:35:01,2023-06-29T20:21:51.000,HPD,general,CABINET,10458.0,Closed,4.0,3.0,4.0,2.0,63.28252314814815,0,0.0,0.1689
57432823,2023-04-27 13:35:10,2023-04-27T13:40:06.000,NYPD,abandoned vehicle,With License Plate,11106.0,Closed,4.0,3.0,4.0,2.0,0.0034259259259259,2,6.0,0.1689
57434225,2023-04-27 13:36:45,2023-05-03T11:32:57.000,DSNY,street sweeping complaint,Street Not Swept,11209.0,Closed,4.0,3.0,4.0,2.0,5.914027777777778,0,0.0,0.1689
57434685,2023-04-27 13:36:47,2023-04-27T16:21:40.000,NYPD,illegal parking,Paper License Plates,10472.0,Closed,5.0,5.0,4.0,2.0,0.1145023148148148,3,8.0,0.2606
57433756,2023-04-27 13:38:00,2023-04-28T09:20:00.000,DEP,sewer,Culvert Blocked/Needs Cleaning (SE),11435.0,Closed,9.0,4.0,7.0,2.0,0.8208333333333333,0,0.0,0.6399
57433205,2023-04-27 13:38:12,2023-04-27T19:51:03.000,HPD,heat/hot water,ENTIRE BUILDING,10024.0,Closed,7.0,3.0,4.0,2.0,0.2589236111111111,0,0.0,0.2099
57433912,2023-04-27 13:38:17,2023-09-15T06:45:19.000,HPD,general,CABINET,11226.0,Closed,4.0,3.0,4.0,2.0,140.7132175925926,4,10.0,0.354
57432824,2023-04-27 13:39:06,2023-04-27T14:05:36.000,NYPD,illegal parking,Blocked Bike Lane,10025.0,Closed,6.0,6.0,4.0,2.0,0.0184027777777777,5,10.0,0.35
57435296,2023-04-27 13:39:50,2023-05-03T11:09:31.000,DSNY,litter basket complaint,Overflowing,11229.0,Closed,4.0,2.0,5.0,2.0,5.895613425925926,0,0.0,0.1689
57434597,2023-04-27 13:41:04,2023-04-27T13:58:41.000,NYPD,blocked driveway,Partial Access,11373.0,Closed,5.0,6.0,4.0,2.0,0.0122337962962962,5,10.0,0.35
57434014,2023-04-27 13:41:13,2023-06-29T20:21:51.000,HPD,plumbing,BATHTUB/SHOWER,10458.0,Closed,4.0,3.0,4.0,2.0,63.27821759259259,3,8.0,0.2609
57435743,2023-04-27 13:41:37,2023-04-27T19:25:21.000,NYPD,abandoned vehicle,With License Plate,11379.0,Closed,4.0,3.0,4.0,2.0,0.2387037037037037,0,0.0,0.1689
57433696,2023-04-27 13:43:25,2023-04-28T15:33:04.000,DOT,outdoor dining,Site Setup Condition,10036.0,Closed,4.0,3.0,4.0,2.0,1.0761458333333334,0,0.0,0.1689
57435877,2023-04-27 13:43:55,2023-04-27T14:52:59.000,NYPD,illegal parking,Blocked Crosswalk,10301.0,Closed,6.0,6.0,4.0,2.0,0.0479629629629629,4,10.0,0.35
57433097,2023-04-27 13:44:00,2023-04-27T14:30:00.000,DEP,sewer,Sewer Backup (Use Comments) (SA),11435.0,Closed,8.0,3.0,7.0,2.0,0.0319444444444444,1,3.0,0.55
57435381,2023-04-27 13:44:17,2023-05-02T14:27:42.000,HPD,plumbing,STEAM PIPE/RISER,10030.0,Closed,4.0,3.0,4.0,2.0,5.030150462962963,1,3.0,0.1689
57434095,2023-04-27 13:47:15,2023-04-28T15:50:34.000,HPD,heat/hot water,APARTMENT ONLY,11417.0,Closed,7.0,3.0,4.0,2.0,1.085636574074074,0,0.0,0.2099
57433445,2023-04-27 13:47:47,,DPR,dead/dying tree,Planted More Than 2 Years Ago,11427.0,In Progress,4.0,3.0,4.0,2.0,1260.215074086875,0,0.0,0.1689
57434004,2023-04-27 13:47:50,2023-11-24T11:50:08.000,DPR,damaged tree,Tree Alive - in Poor Condition,10025.0,Closed,4.0,3.0,4.0,2.0,210.9182638888889,0,0.0,0.1689
57434012,2023-04-27 13:47:54,2023-04-27T14:49:55.000,NYPD,illegal parking,Blocked Hydrant,10468.0,Closed,6.0,6.0,4.0,2.0,0.0430671296296296,6,10.0,0.35
57434936,2023-04-27 13:47:55,2023-04-27T14:12:56.000,NYPD,non-emergency police matter,Other (complaint details),11418.0,Closed,5.0,3.0,4.0,2.0,0.0173726851851851,0,0.0,0.2138
57433314,2023-04-27 13:48:06,2025-01-11T05:03:34.000,DOHMH,mobile food vendor,Food Worker Activity,10016.0,Closed,4.0,3.0,4.0,2.0,624.6357407407407,0,0.0,0.1689
57433064,2023-04-27 13:50:00,2023-04-27T16:00:00.000,DEP,air quality,"Air: Odor/Fumes, Vehicle Idling (AD3)",10306.0,Closed,4.0,3.0,4.0,2.0,0.0902777777777777,0,0.0,0.1689
57434863,2023-04-27 13:50:17,2023-06-21T16:07:42.000,HPD,appliance,ELECTRIC/GAS RANGE,11213.0,Closed,4.0,3.0,4.0,2.0,55.09542824074074,0,0.0,0.1689
57434776,2023-04-27 13:51:01,2023-05-02T14:27:44.000,HPD,plumbing,STEAM PIPE/RISER,10030.0,Closed,4.0,3.0,4.0,2.0,5.025497685185186,2,6.0,0.1689
57434985,2023-04-27 13:51:08,2023-04-28T06:45:32.000,DPR,dead/dying tree,Planted More Than 2 Years Ago,10312.0,Closed,4.0,3.0,4.0,2.0,0.7044444444444444,0,0.0,0.1689
57433845,2023-04-27 13:51:24,2023-04-28T09:42:25.000,DSNY,dirty condition,Trash,10022.0,Closed,4.0,3.0,4.0,2.0,0.8270949074074074,1,3.0,0.1689
57433110,2023-04-27 13:51:24,2023-04-27T14:46:14.000,NYPD,abandoned vehicle,With License Plate,11355.0,Closed,4.0,3.0,4.0,2.0,0.0380787037037037,0,0.0,0.1689
57432930,2023-04-27 13:51:29,2023-04-27T17:58:17.000,NYPD,illegal parking,Blocked Bike Lane,10027.0,Closed,6.0,6.0,4.0,2.0,0.1713888888888889,2,6.0,0.2208
57435606,2023-04-27 13:52:05,2023-05-03T00:00:00.000,DSNY,graffiti,Graffiti,10031.0,Closed,5.0,3.0,4.0,2.0,5.422164351851852,0,0.0,0.2138
57435869,2023-04-27 13:53:00,2023-05-01T08:15:00.000,DEP,noise,"Noise, Ice Cream Truck (NR4)",11219.0,Closed,3.0,1.0,3.0,2.0,3.765277777777778,0,0.0,0.1283
57435272,2023-04-27 13:53:18,2023-05-01T08:38:49.000,HPD,heat/hot water,ENTIRE BUILDING,10031.0,Closed,7.0,3.0,4.0,2.0,3.781608796296296,3,8.0,0.3677
57432889,2023-04-27 13:53:20,2023-05-04T09:42:42.000,HPD,safety,FIRE ESCAPE,11103.0,Closed,9.0,3.0,4.0,2.0,6.8259490740740745,0,0.0,0.3005
57435230,2023-04-27 13:54:18,2023-04-28T06:48:33.000,DPR,overgrown tree/branches,Clear Street Light,10304.0,Closed,7.0,5.0,6.0,5.0,0.7043402777777777,1,3.0,0.3721
57434157,2023-04-27 13:56:00,2023-04-28T17:35:00.000,DEP,water system,Hydrant Running (WC3),11360.0,Closed,4.0,3.0,4.0,2.0,1.1520833333333331,0,0.0,0.1689
57435509,2023-04-27 13:58:25,2023-04-27T15:09:33.000,NYPD,non-emergency police matter,Trespassing,11206.0,Closed,5.0,3.0,4.0,2.0,0.0493981481481481,1,3.0,0.2138
57433487,2023-04-27 13:58:28,2023-05-08T13:29:37.000,DOT,street condition,Defective Hardware,11101.0,Closed,8.0,7.0,7.0,7.0,10.979965277777778,1,3.0,0.55
57436033,2023-04-27 14:00:09,2023-04-29T17:49:19.000,HPD,water leak,HEAVY FLOW,10468.0,Closed,8.0,3.0,4.0,7.0,2.1591435185185186,0,0.0,0.2199
57434609,2023-04-27 14:00:09,2023-04-29T17:49:19.000,HPD,general,BELL/BUZZER/INTERCOM,10468.0,Closed,4.0,3.0,4.0,2.0,2.1591435185185186,1,3.0,0.1689
57437386,2023-04-27 14:00:40,2023-04-27T15:02:52.000,DSNY,vendor enforcement,Food Vendor,11207.0,Closed,4.0,3.0,4.0,2.0,0.0431944444444444,0,0.0,0.1689
57435393,2023-04-27 14:01:24,2023-05-02T08:01:07.000,DOT,street sign - damaged,"No Parking, Standing, Stopping",10031.0,Closed,3.0,5.0,4.0,2.0,4.749803240740741,0,0.0,0.1283
57434481,2023-04-27 14:01:57,2023-04-27T14:48:58.000,NYPD,illegal parking,Posted Parking Sign Violation,10013.0,Closed,5.0,5.0,4.0,2.0,0.0326504629629629,2,6.0,0.2208
57435450,2023-04-27 14:02:31,2023-04-27T14:19:23.000,NYPD,illegal parking,Blocked Bike Lane,11101.0,Closed,6.0,6.0,4.0,2.0,0.0117129629629629,31,10.0,0.35
57433009,2023-04-27 14:02:32,2023-04-27T14:18:59.000,NYPD,illegal parking,Blocked Sidewalk,11101.0,Closed,6.0,6.0,6.0,4.0,0.0114236111111111,32,10.0,0.469
57434570,2023-04-27 14:02:34,2023-04-27T19:54:16.000,NYPD,illegal parking,Paper License Plates,11211.0,Closed,5.0,5.0,4.0,2.0,0.2442361111111111,8,10.0,0.35
57435448,2023-04-27 14:02:52,2023-04-28T19:50:58.000,HPD,heat/hot water,ENTIRE BUILDING,10459.0,Closed,7.0,3.0,4.0,2.0,1.2417361111111112,1,3.0,0.2099
57434504,2023-04-27 14:05:01,2023-04-27T15:11:30.000,NYPD,illegal parking,Posted Parking Sign Violation,11211.0,Closed,5.0,5.0,4.0,2.0,0.0461689814814814,9,10.0,0.35
57433871,2023-04-27 14:05:26,2024-05-08T06:08:48.000,DPR,new tree request,For One Address,11367.0,Closed,4.0,3.0,4.0,2.0,376.6690046296296,0,0.0,0.1689
57435791,2023-04-27 14:06:15,2023-05-01T13:09:00.000,DOT,street condition,Pothole,10466.0,Closed,8.0,8.0,8.0,7.0,3.960243055555555,1,3.0,0.5798
57433853,2023-04-27 14:06:23,2023-05-10T08:30:18.000,HPD,unsanitary condition,MOLD,11379.0,Closed,4.0,3.0,4.0,2.0,12.766608796296296,1,3.0,0.1689
57433388,2023-04-27 14:06:23,2023-05-10T08:30:19.000,HPD,paint/plaster,CEILING,11379.0,Closed,4.0,3.0,4.0,2.0,12.76662037037037,0,0.0,0.1689
57433725,2023-04-27 14:06:28,2023-04-27T15:03:25.000,NYPD,illegal parking,Double Parked Blocking Vehicle,11208.0,Closed,5.0,5.0,4.0,2.0,0.0395486111111111,7,10.0,0.35
57435865,2023-04-27 14:06:43,2023-05-08T13:27:25.000,DOT,street condition,Blocked - Construction,11433.0,Closed,9.0,8.0,7.0,7.0,10.972708333333332,1,3.0,0.6399
57435498,2023-04-27 14:09:16,2023-08-09T09:32:01.000,HPD,paint/plaster,WALL,11385.0,Closed,4.0,3.0,4.0,2.0,103.80746527777778,1,3.0,0.2357
57434933,2023-04-27 14:09:21,2023-05-07T02:02:51.000,HPD,unsanitary condition,PESTS,11204.0,Closed,4.0,3.0,4.0,2.0,9.495486111111113,0,0.0,0.1689
57435473,2023-04-27 14:10:34,2023-04-28T08:55:16.000,DSNY,illegal dumping,Removal Request,10457.0,Closed,4.0,3.0,4.0,2.0,0.7810416666666666,2,6.0,0.1689
57434364,2023-04-27 14:11:14,2023-04-27T15:20:50.000,NYPD,noise - residential,Banging/Pounding,11214.0,Closed,3.0,1.0,3.0,2.0,0.0483333333333333,0,0.0,0.1283
57433112,2023-04-27 14:12:24,2023-04-27T14:12:24.000,DOHMH,rodent,Condition Attracting Rodents,11203.0,Closed,4.0,3.0,4.0,2.0,0.0,0,0.0,0.1689
57435014,2023-04-27 14:12:43,2024-03-20T14:37:51.000,DPR,animal in a park,Dead Animal,11694.0,Closed,4.0,3.0,4.0,2.0,328.0174537037037,0,0.0,0.1689
57433211,2023-04-27 14:12:49,2023-05-01T13:19:32.000,HPD,heat/hot water,ENTIRE BUILDING,10463.0,Closed,7.0,3.0,4.0,2.0,3.962997685185185,3,8.0,0.3649
57435142,2023-04-27 14:13:50,2023-04-27T15:02:19.000,NYPD,noise - vehicle,Car/Truck Music,11208.0,Closed,3.0,1.0,3.0,2.0,0.0336689814814814,1,3.0,0.1283
57434536,2023-04-27 14:15:05,2023-04-27T14:45:52.000,NYPD,noise - residential,Loud Talking,11238.0,Closed,3.0,1.0,3.0,2.0,0.0213773148148148,1,3.0,0.1283
57434967,2023-04-27 14:17:00,2023-04-28T10:56:00.000,DEP,lead,Lead Kit Request (Residential) (L10),10456.0,Closed,4.0,3.0,4.0,2.0,0.8604166666666667,0,0.0,0.1689
57433052,2023-04-27 14:17:00,2023-04-27T23:12:00.000,DSNY,derelict vehicles,Derelict Vehicles,10466.0,Closed,4.0,3.0,4.0,2.0,0.3715277777777778,1,3.0,0.1689
57433053,2023-04-27 14:17:00,2023-04-28T15:00:00.000,DEP,air quality,"Air: Odor/Fumes, Vehicle Idling (AD3)",10306.0,Closed,4.0,3.0,4.0,2.0,1.0298611111111111,1,3.0,0.1689
57435035,2023-04-27 14:18:00,2023-04-28T10:05:00.000,DOT,traffic signal condition,In Post Base,11413.0,Closed,9.0,10.0,8.0,2.0,0.8243055555555555,0,0.0,0.7209
57434941,2023-04-27 14:20:00,2023-04-28T10:56:00.000,DEP,lead,Lead Kit Request (Residential) (L10),10456.0,Closed,4.0,3.0,4.0,2.0,0.8583333333333333,1,3.0,0.1689
57435135,2023-04-27 14:21:42,2023-04-27T19:41:58.000,HPD,heat/hot water,ENTIRE BUILDING,11211.0,Closed,7.0,3.0,4.0,2.0,0.2224074074074074,2,6.0,0.2099
57435084,2023-04-27 14:22:14,2023-04-27T16:12:35.000,NYPD,illegal parking,Blocked Hydrant,11220.0,Closed,6.0,6.0,4.0,2.0,0.0766319444444444,3,8.0,0.2595
57435721,2023-04-27 14:22:22,2023-05-31T00:00:00.000,DOB,elevator,Elevator - Single Device On Property/No Alternate Service,10453.0,Closed,4.0,3.0,4.0,2.0,33.40113425925926,0,0.0,0.1689
57432865,2023-04-27 14:22:55,2023-04-27T16:18:19.000,NYPD,illegal parking,Blocked Hydrant,11203.0,Closed,6.0,6.0,4.0,2.0,0.0801388888888888,2,6.0,0.2208
57435370,2023-04-27 14:23:15,2023-05-08T13:26:21.000,DOT,street condition,Cave-in,11379.0,Closed,8.0,7.0,7.0,7.0,10.960486111111113,0,0.0,0.55
57433562,2023-04-27 14:25:09,2023-04-27T14:52:49.000,HPD,electric,POWER OUTAGE,11203.0,Closed,4.0,3.0,4.0,2.0,0.0192129629629629,2,6.0,0.1689
57434632,2023-04-27 14:27:40,2023-04-27T14:27:40.000,DOHMH,rodent,Rat Sighting,10024.0,Closed,4.0,3.0,4.0,2.0,0.0,1,3.0,0.1689
57434714,2023-04-27 14:27:58,2023-06-02T11:38:14.000,DPR,maintenance or facility,Structure - Outdoors,10309.0,Closed,4.0,3.0,4.0,2.0,35.88212962962963,0,0.0,0.1689
57433791,2023-04-27 14:28:10,2023-04-28T06:19:48.000,NYPD,blocked driveway,No Access,10466.0,Closed,5.0,6.0,4.0,2.0,0.6608564814814815,3,8.0,0.2852
57434742,2023-04-27 14:28:14,2023-04-27T14:38:15.000,DPR,animal in a park,Injured Wildlife,11379.0,Closed,4.0,3.0,4.0,2.0,0.0069560185185185,1,3.0,0.1689
57433543,2023-04-27 14:28:43,2023-05-04T00:25:31.000,DHS,homeless person assistance,Unknown,UNKNOWN,Closed,4.0,3.0,4.0,2.0,6.414444444444444,11,10.0,0.2531
57434213,2023-04-27 14:29:09,2023-05-08T13:25:43.000,DOT,street condition,Failed Street Repair,11416.0,Closed,8.0,7.0,7.0,7.0,10.955949074074072,0,0.0,0.55
57434779,2023-04-27 14:29:18,2025-05-13T16:38:32.000,DPR,new tree request,For One Address,11105.0,Closed,4.0,3.0,4.0,2.0,747.0897453703703,0,0.0,0.1689
57435493,2023-04-27 14:29:23,2023-05-01T14:44:32.000,DSNY,illegal dumping,Removal Request,10003.0,Closed,4.0,3.0,4.0,2.0,4.0105208333333335,0,0.0,0.1689
57436030,2023-04-27 14:29:41,2023-04-27T18:18:40.000,NYPD,non-emergency police matter,Other (complaint details),10312.0,Closed,5.0,3.0,4.0,2.0,0.1590162037037037,0,0.0,0.2138
57435776,2023-04-27 14:30:39,2023-04-27T20:53:24.000,NYPD,illegal parking,Blocked Crosswalk,11418.0,Closed,6.0,6.0,4.0,2.0,0.2657986111111111,5,10.0,0.35
57433803,2023-04-27 14:30:41,2023-04-27T16:29:13.000,NYPD,illegal parking,Blocked Crosswalk,11201.0,Closed,6.0,6.0,4.0,2.0,0.0823148148148148,9,10.0,0.35
57434136,2023-04-27 14:30:43,2023-05-31T15:50:19.000,EDC,noise - helicopter,Other,11414.0,Closed,3.0,1.0,3.0,2.0,34.055277777777775,13,10.0,0.3034
57435653,2023-04-27 14:30:52,2023-04-27T16:39:12.000,NYPD,illegal parking,Posted Parking Sign Violation,11357.0,Closed,5.0,5.0,4.0,2.0,0.0891203703703703,5,10.0,0.35
57435779,2023-04-27 14:31:00,2023-04-28T07:58:00.000,DSNY,derelict vehicles,Derelict Vehicles,10462.0,Closed,4.0,3.0,4.0,2.0,0.7270833333333333,0,0.0,0.1689
57433320,2023-04-27 14:31:30,2023-05-02T10:13:25.000,DOHMH,drinking water,Illness Caused by Drinking Water,10456.0,Closed,4.0,3.0,4.0,2.0,4.820775462962963,0,0.0,0.1689
57435148,2023-04-27 14:32:21,2023-07-06T14:55:52.000,TLC,for hire vehicle complaint,Driver Complaint - Non Passenger,10011.0,Closed,4.0,3.0,4.0,2.0,70.01633101851851,0,0.0,0.1689
57434854,2023-04-27 14:32:50,2023-06-01T09:04:30.000,TLC,for hire vehicle complaint,Driver Complaint - Non Passenger,10023.0,Closed,4.0,3.0,4.0,2.0,34.77199074074074,0,0.0,0.1689
57433514,2023-04-27 14:33:23,2023-04-27T15:14:15.000,NYPD,illegal parking,Paper License Plates,10023.0,Closed,5.0,5.0,4.0,2.0,0.0283796296296296,0,0.0,0.2208
57435013,2023-04-27 14:34:33,2023-09-28T20:38:00.000,HPD,electric,OUTLET/SWITCH,10033.0,Closed,4.0,3.0,4.0,2.0,154.25239583333334,0,0.0,0.1689
57434763,2023-04-27 14:34:33,2023-09-28T20:38:00.000,HPD,plumbing,TOILET,10033.0,Closed,4.0,3.0,4.0,2.0,154.25239583333334,0,0.0,0.1689
57435971,2023-04-27 14:34:33,2023-09-28T20:38:00.000,HPD,plumbing,BASIN/SINK,10033.0,Closed,4.0,3.0,4.0,2.0,154.25239583333334,1,3.0,0.2357
57433250,2023-04-27 14:35:18,2023-04-28T14:29:27.000,DPR,maintenance or facility,Hours of Operation,10467.0,Closed,4.0,3.0,4.0,2.0,0.9959375,0,0.0,0.1689
57433098,2023-04-27 14:38:00,2023-04-27T15:15:00.000,DEP,water conservation,Water Meter Broken/Leaking - Other (CMO),11220.0,Closed,5.0,3.0,4.0,2.0,0.0256944444444444,0,0.0,0.2138
57434915,2023-04-27 14:39:18,2023-04-28T10:42:25.000,DSNY,dirty condition,Trash,11417.0,Closed,4.0,3.0,4.0,2.0,0.8354976851851852,0,0.0,0.1689
57433664,2023-04-27 14:40:20,2023-04-27T14:44:43.000,NYPD,blocked driveway,No Access,11234.0,Closed,5.0,6.0,4.0,2.0,0.0030439814814814,1,3.0,0.2133
57433015,2023-04-27 14:40:43,2023-04-27T19:24:43.000,HPD,heat/hot water,APARTMENT ONLY,11209.0,Closed,7.0,3.0,4.0,2.0,0.1972222222222222,3,8.0,0.2667
57432878,2023-04-27 14:40:54,2023-05-01T14:15:59.000,HPD,heat/hot water,APARTMENT ONLY,10458.0,Closed,7.0,3.0,4.0,2.0,3.9826967592592593,2,6.0,0.35
57434531,2023-04-27 14:41:00,2023-04-28T08:13:00.000,DSNY,derelict vehicles,Derelict Vehicles,10452.0,Closed,4.0,3.0,4.0,2.0,0.7305555555555555,0,0.0,0.1689
57434506,2023-04-27 14:43:16,2023-04-28T13:58:44.000,DOT,street sign - damaged,"No Parking, Standing, Stopping",11106.0,Closed,3.0,5.0,4.0,2.0,0.969074074074074,0,0.0,0.1283
57434826,2023-04-27 14:43:26,2024-07-18T00:00:00.000,DOB,building/use,No Certificate Of Occupancy/Illegal/Contrary To CO,11203.0,Closed,4.0,3.0,4.0,2.0,447.38650462962966,0,0.0,0.1689
57433757,2023-04-27 14:43:53,2023-05-08T08:51:26.000,HPD,plumbing,WATER SUPPLY,11209.0,Closed,4.0,3.0,9.0,2.0,10.755243055555557,1,3.0,0.1689
57434000,2023-04-27 14:44:07,2023-04-27T20:35:29.000,HPD,heat/hot water,ENTIRE BUILDING,11375.0,Closed,7.0,3.0,4.0,2.0,0.2440046296296296,4,10.0,0.35
57433189,2023-04-27 14:44:26,2023-06-09T14:55:03.000,HPD,safety,SMOKE DETECTOR,10457.0,Closed,4.0,3.0,4.0,2.0,43.00737268518518,0,0.0,0.1689
57434875,2023-04-27 14:45:00,2023-04-28T02:31:19.000,NYPD,noise - commercial,Car/Truck Music,10453.0,Closed,3.0,1.0,3.0,2.0,0.4904976851851851,0,0.0,0.1283
57432921,2023-04-27 14:45:22,2023-04-27T15:06:08.000,NYPD,drug activity,Use Outside,10029.0,Closed,4.0,3.0,4.0,2.0,0.0144212962962962,0,0.0,0.1689
57435906,2023-04-27 14:45:26,2023-05-03T10:59:37.000,DSNY,missed collection,Bulky Trash,11218.0,Closed,4.0,3.0,4.0,2.0,5.84318287037037,0,0.0,0.1689
57435025,2023-04-27 14:45:39,2024-11-12T17:25:54.000,DPR,dead/dying tree,Planted More Than 2 Years Ago,10302.0,Closed,4.0,3.0,4.0,2.0,565.1112847222222,0,0.0,0.1689
57434563,2023-04-27 14:46:27,2023-05-17T00:00:00.000,DOB,elevator,Elevator - Single Device On Property/No Alternate Service,10459.0,Closed,4.0,3.0,4.0,2.0,19.384409722222223,0,0.0,0.1689
57435690,2023-04-27 14:46:28,2023-04-27T14:46:28.000,DOB,building/use,Illegal Conversion Of Residential Building/Space,10032.0,Closed,4.0,3.0,4.0,2.0,0.0,0,0.0,0.1689
57435684,2023-04-27 14:46:35,2023-04-27T15:30:10.000,NYPD,blocked driveway,Partial Access,11208.0,Closed,5.0,6.0,4.0,2.0,0.0302662037037037,2,6.0,0.2133
57433690,2023-04-27 14:46:38,2023-04-29T14:11:35.000,DSNY,missed collection,Bulky Trash,11222.0,Closed,4.0,3.0,4.0,2.0,1.9756597222222223,4,10.0,0.2346
57434543,2023-04-27 14:49:24,2023-05-05T21:36:23.000,HPD,general,BELL/BUZZER/INTERCOM,10456.0,Closed,4.0,3.0,4.0,2.0,8.282627314814814,1,3.0,0.1689
57433173,2023-04-27 14:52:36,2025-01-13T00:00:00.000,DOB,building/use,Illegal Conversion Of Residential Building/Space,11420.0,Closed,4.0,3.0,4.0,2.0,626.3801388888888,0,0.0,0.1689
57434765,2023-04-27 14:52:41,2023-04-27T19:12:16.000,NYPD,blocked driveway,No Access,11235.0,Closed,5.0,6.0,4.0,2.0,0.1802662037037037,1,3.0,0.2133
57434888,2023-04-27 14:54:00,2023-04-27T17:00:00.000,DOT,traffic signal condition,Veh Signal Lamp,11432.0,Closed,9.0,10.0,8.0,2.0,0.0875,0,0.0,0.7209
57433086,2023-04-27 14:54:59,2023-05-09T11:46:33.000,DSNY,dead animal,Cat,10469.0,Closed,4.0,3.0,4.0,2.0,11.869143518518518,0,0.0,0.1689
57434493,2023-04-27 14:57:25,2023-05-09T09:57:49.000,DSNY,illegal dumping,Removal Request,10467.0,Closed,4.0,3.0,4.0,2.0,11.791944444444445,0,0.0,0.1689
57434272,2023-04-27 14:58:32,2023-05-03T13:57:38.000,DSNY,residential disposal complaint,Waste Left in Front of Other Residence,10467.0,Closed,5.0,2.0,5.0,4.0,5.957708333333334,0,0.0,0.2208
57432876,2023-04-27 14:59:10,2023-04-27T16:30:14.000,NYPD,illegal parking,Double Parked Blocking Traffic,10128.0,Closed,5.0,5.0,4.0,2.0,0.0632407407407407,2,6.0,0.2208
57434901,2023-04-27 14:59:19,2023-05-10T14:43:05.000,DOT,sidewalk condition,Broken Sidewalk,11215.0,Closed,6.0,4.0,6.0,4.0,12.988726851851853,2,6.0,0.4867
57433951,2023-04-27 14:59:27,2023-04-28T11:47:36.000,DSNY,residential disposal complaint,Waste Set Out Too Early or Too Late,10016.0,Closed,5.0,2.0,5.0,4.0,0.8667708333333334,0,0.0,0.2208
57435797,2023-04-27 14:59:48,2023-05-09T12:36:57.000,HPD,plumbing,TOILET,11373.0,Closed,4.0,3.0,4.0,2.0,11.900798611111112,2,6.0,0.1689
57435334,2023-04-27 15:00:07,2023-04-27T15:22:23.000,NYPD,illegal parking,Blocked Hydrant,11204.0,Closed,6.0,6.0,4.0,2.0,0.0154629629629629,10,10.0,0.35
57434051,2023-04-27 15:01:00,2023-05-01T11:00:00.000,DSNY,electronics waste appointment,Ewaste appointment,10306.0,Closed,5.0,2.0,5.0,4.0,3.832638888888889,3,8.0,0.3552
57433700,2023-04-27 15:01:48,2023-05-05T14:30:48.000,DSNY,illegal dumping,Removal Request,11367.0,Closed,4.0,3.0,4.0,2.0,7.978472222222222,0,0.0,0.1689
57433016,2023-04-27 15:02:54,2023-07-21T10:23:40.000,HPD,flooring/stairs,FLOOR,11213.0,Closed,4.0,3.0,4.0,2.0,84.80608796296296,0,0.0,0.1689
57434214,2023-04-27 15:03:30,2023-04-27T17:01:57.000,DSNY,vendor enforcement,Food Vendor,11218.0,Closed,4.0,3.0,4.0,2.0,0.0822569444444444,0,0.0,0.1689
57434019,2023-04-27 15:03:58,2023-04-27T16:10:30.000,NYPD,drug activity,Use Outside,11366.0,Closed,4.0,3.0,4.0,2.0,0.0462037037037037,28,10.0,0.1689
57434006,2023-04-27 15:04:11,2023-04-27T17:19:10.000,NYPD,illegal parking,Double Parked Blocking Traffic,11426.0,Closed,5.0,5.0,4.0,2.0,0.0937384259259259,1,3.0,0.2208
57435066,2023-04-27 15:05:12,2023-04-27T18:16:37.000,NYPD,illegal parking,Blocked Hydrant,11106.0,Closed,6.0,6.0,4.0,2.0,0.1329282407407407,2,6.0,0.2208
57435983,2023-04-27 15:05:29,2023-04-28T00:00:00.000,DOB,elevator,Elevator - Single Device On Property/No Alternate Service,11226.0,Closed,4.0,3.0,4.0,2.0,0.3711921296296296,2,6.0,0.1689
57433796,2023-04-27 15:05:43,2023-04-27T17:07:33.000,NYPD,illegal parking,Commercial Overnight Parking,11203.0,Closed,5.0,5.0,4.0,2.0,0.0846064814814814,3,8.0,0.2597
57435591,2023-04-27 15:05:48,2023-07-04T16:09:19.000,HPD,water leak,SLOW LEAK,11233.0,Closed,8.0,3.0,4.0,7.0,68.0441087962963,1,3.0,0.4094
57434111,2023-04-27 15:06:00,2023-04-27T22:35:00.000,DSNY,derelict vehicles,Derelict Vehicles,11364.0,Closed,4.0,3.0,4.0,2.0,0.3118055555555555,0,0.0,0.1689
57432912,2023-04-27 15:06:04,2023-04-28T05:56:09.000,DSNY,residential disposal complaint,Waste Set Out Too Early or Too Late,10023.0,Closed,5.0,2.0,5.0,4.0,0.6181134259259259,1,3.0,0.2264
57434475,2023-04-27 15:06:06,2023-07-21T10:23:40.000,HPD,paint/plaster,CEILING,11213.0,Closed,4.0,3.0,4.0,2.0,84.80386574074075,0,0.0,0.1689
57435501,2023-04-27 15:06:33,2023-04-27T15:18:10.000,DPR,animal in a park,Dog Off Leash,10314.0,Closed,4.0,3.0,4.0,2.0,0.0080671296296296,0,0.0,0.1689
57436004,2023-04-27 15:07:00,2023-06-28T18:25:00.000,DOT,street light condition,Multiple Street Lights Out,10305.0,Closed,7.0,5.0,6.0,5.0,62.1375,0,0.0,0.4713
57435750,2023-04-27 15:07:22,2023-05-19T09:57:05.000,DSNY,illegal dumping,Removal Request,10032.0,Closed,4.0,3.0,4.0,2.0,21.784525462962964,0,0.0,0.1689
57434150,2023-04-27 15:08:30,2023-05-26T00:00:00.000,DOB,general construction/plumbing,Fence - None/Inadequate,11215.0,Closed,4.0,7.0,4.0,2.0,28.369097222222223,2,6.0,0.4262
57435570,2023-04-27 15:09:36,2023-04-28T00:36:00.000,NYPD,noise - residential,Loud Music/Party,11222.0,Closed,3.0,1.0,3.0,2.0,0.3933333333333333,2,6.0,0.1283
57433901,2023-04-27 15:11:58,2023-04-27T17:38:54.000,NYPD,non-emergency police matter,Other (complaint details),10013.0,Closed,5.0,3.0,4.0,2.0,0.102037037037037,0,0.0,0.2138
57434368,2023-04-27 15:12:15,2023-04-27T20:32:32.000,NYPD,illegal parking,Posted Parking Sign Violation,11429.0,Closed,5.0,5.0,4.0,2.0,0.2224189814814814,0,0.0,0.2208
57435505,2023-04-27 15:14:37,2023-05-09T00:00:00.000,DOB,general construction/plumbing,Cons - Contrary/Beyond Approved Plans/Permits,10033.0,Closed,4.0,7.0,4.0,2.0,11.364849537037037,0,0.0,0.2236
57435479,2023-04-27 15:15:15,2023-04-27T18:07:35.000,NYPD,abandoned vehicle,With License Plate,10461.0,Closed,4.0,3.0,4.0,2.0,0.1196759259259259,3,8.0,0.1689
57433911,2023-04-27 15:15:45,2023-05-13T08:49:11.000,DSNY,illegal dumping,Removal Request,10014.0,Closed,4.0,3.0,4.0,2.0,15.731550925925928,1,3.0,0.1689
57434745,2023-04-27 15:16:01,2023-04-27T16:04:24.000,NYPD,noise - residential,Loud Talking,11216.0,Closed,3.0,1.0,3.0,2.0,0.033599537037037,5,10.0,0.1283
57434395,2023-04-27 15:16:42,2023-05-08T15:09:35.000,DOT,street condition,Cave-in,11375.0,Closed,8.0,7.0,7.0,7.0,10.99505787037037,2,6.0,0.5611
57435984,2023-04-27 15:16:51,2023-04-27T15:16:51.000,DOHMH,rodent,Rat Sighting,10024.0,Closed,4.0,3.0,4.0,2.0,0.0,2,6.0,0.1689
57433083,2023-04-27 15:17:00,2023-04-28T10:10:00.000,DEP,sewer,Catch Basin Clogged/Flooding (Use Comments) (SC),11209.0,Closed,8.0,3.0,9.0,9.0,0.7868055555555555,0,0.0,0.5798
57434772,2023-04-27 15:18:08,2023-05-03T10:35:20.000,HPD,unsanitary condition,MOLD,10031.0,Closed,4.0,3.0,4.0,2.0,5.803611111111112,3,8.0,0.1691
57432848,2023-04-27 15:18:09,2023-06-04T05:03:10.000,HPD,plumbing,BATHTUB/SHOWER,10039.0,Closed,4.0,3.0,4.0,2.0,37.57292824074074,3,8.0,0.2609
57435136,2023-04-27 15:18:28,2023-06-02T10:57:29.000,HPD,unsanitary condition,GARBAGE/RECYCLING STORAGE,10001.0,Closed,5.0,2.0,5.0,4.0,35.818761574074074,0,0.0,0.35
57433384,2023-04-27 15:19:55,2023-04-27T16:58:10.000,NYPD,illegal parking,Blocked Bike Lane,11201.0,Closed,6.0,6.0,4.0,2.0,0.0682291666666666,10,10.0,0.35
57435110,2023-04-27 15:20:40,2023-05-05T00:00:00.000,DOB,general construction/plumbing,Building Permit - None,10471.0,Closed,4.0,7.0,4.0,2.0,7.360648148148148,0,0.0,0.2236
57435895,2023-04-27 15:21:38,2023-05-25T10:10:55.000,HPD,unsanitary condition,PESTS,11423.0,Closed,4.0,3.0,4.0,2.0,27.78422453703704,0,0.0,0.1689
57433169,2023-04-27 15:23:41,2023-05-04T00:00:00.000,DOB,general construction/plumbing,Building Permit - None,11103.0,Closed,4.0,7.0,4.0,2.0,6.358553240740741,0,0.0,0.2236
57434578,2023-04-27 15:23:49,2023-04-27T20:25:01.000,NYPD,blocked driveway,No Access,11216.0,Closed,5.0,6.0,4.0,2.0,0.2091666666666666,0,0.0,0.2133
57433992,2023-04-27 15:24:23,2023-04-27T16:24:26.000,NYPD,illegal parking,Blocked Hydrant,10473.0,Closed,6.0,6.0,4.0,2.0,0.0417013888888888,1,3.0,0.2208
57432975,2023-04-27 15:24:36,2023-04-28T18:06:45.000,HPD,heat/hot water,ENTIRE BUILDING,11235.0,Closed,7.0,3.0,4.0,2.0,1.1126041666666666,4,10.0,0.35
57433776,2023-04-27 15:24:43,2023-08-01T17:59:24.000,HPD,general,BELL/BUZZER/INTERCOM,10456.0,Closed,4.0,3.0,4.0,2.0,96.10741898148147,2,6.0,0.2583
57435575,2023-04-27 15:25:06,2023-04-27T16:59:55.000,NYPD,noise - residential,Loud Music/Party,11217.0,Closed,3.0,1.0,3.0,2.0,0.0658449074074074,0,0.0,0.1283
57434124,2023-04-27 15:26:00,2023-04-28T04:50:00.000,DOT,traffic signal condition,Pedestrian Signal,11217.0,Closed,9.0,10.0,8.0,2.0,0.5583333333333333,0,0.0,0.7209
57435019,2023-04-27 15:26:00,2023-04-28T13:15:00.000,DEP,noise,Noise: Construction Before/After Hours (NM1),11415.0,Closed,3.0,7.0,3.0,2.0,0.9090277777777778,0,0.0,0.1283
57433368,2023-04-27 15:26:28,2023-05-03T00:00:00.000,DSNY,graffiti,Graffiti,10019.0,Closed,5.0,3.0,4.0,2.0,5.35662037037037,0,0.0,0.2138
57433846,2023-04-27 15:26:43,2023-05-16T00:00:00.000,DOB,elevator,Elevator - Multiple Devices On Property,10035.0,Closed,4.0,3.0,4.0,2.0,18.35644675925926,0,0.0,0.1689
57433563,2023-04-27 15:27:35,2023-04-27T18:27:07.000,NYPD,noise - street/sidewalk,Loud Music/Party,10036.0,Closed,5.0,4.0,6.0,4.0,0.1246759259259259,0,0.0,0.2133
57433159,2023-04-27 15:28:17,2023-10-02T14:30:00.000,HPD,door/window,WINDOW FRAME,11226.0,Closed,4.0,3.0,4.0,2.0,157.95952546296297,2,6.0,0.2583
57433160,2023-04-27 15:28:17,2024-09-23T12:03:51.000,HPD,general,CABINET,11226.0,Closed,4.0,3.0,4.0,2.0,514.8580324074074,5,10.0,0.354
57434496,2023-04-27 15:29:46,2023-05-01T11:44:37.000,DOT,street sign - dangling,Street Cleaning - ASP,10016.0,Closed,4.0,3.0,4.0,2.0,3.843645833333333,0,0.0,0.1689
57435634,2023-04-27 15:31:55,2023-05-08T16:06:32.000,HPD,safety,SMOKE DETECTOR,11221.0,Closed,4.0,3.0,4.0,2.0,11.024039351851853,1,3.0,0.1689
57433638,2023-04-27 15:32:00,2023-04-28T04:36:00.000,DSNY,derelict vehicles,Derelict Vehicles,11412.0,Closed,4.0,3.0,4.0,2.0,0.5444444444444444,0,0.0,0.1689
57433054,2023-04-27 15:32:00,2023-04-27T20:34:00.000,DEP,water system,Hydrant Knocked Over/Missing (WC),11421.0,Closed,4.0,3.0,4.0,2.0,0.2097222222222222,0,0.0,0.1689
57434821,2023-04-27 15:32:22,2023-05-15T09:58:47.000,DPR,damaged tree,Branch or Limb Has Fallen Down,11223.0,Closed,4.0,3.0,4.0,2.0,17.768344907407407,0,0.0,0.1689
57433885,2023-04-27 15:32:45,2023-05-18T19:31:13.000,HPD,plumbing,BATHTUB/SHOWER,10468.0,Closed,4.0,3.0,4.0,2.0,21.165601851851854,0,0.0,0.1689
57433220,2023-04-27 15:32:45,2023-05-18T19:31:14.000,HPD,plumbing,BATHTUB/SHOWER,10468.0,Closed,4.0,3.0,4.0,2.0,21.16561342592593,1,3.0,0.1689
57434215,2023-04-27 15:34:06,2023-04-27T18:08:56.000,NYPD,abandoned vehicle,With License Plate,10461.0,Closed,4.0,3.0,4.0,2.0,0.1075231481481481,4,10.0,0.1689
57434884,2023-04-27 15:34:38,2023-04-27T18:05:38.000,NYPD,blocked driveway,No Access,11375.0,Closed,5.0,6.0,4.0,2.0,0.1048611111111111,3,8.0,0.2634
57434783,2023-04-27 15:35:00,2023-04-27T17:37:00.000,DEP,noise,Noise: Alarms (NR3),11366.0,Closed,3.0,1.0,3.0,2.0,0.0847222222222222,3,8.0,0.1283
57436039,2023-04-27 15:35:15,2023-05-05T15:11:01.000,HPD,appliance,ELECTRIC/GAS RANGE,10032.0,Closed,4.0,3.0,4.0,2.0,7.983171296296296,1,3.0,0.1689
57435206,2023-04-27 15:35:32,2023-04-28T06:27:54.000,HPD,heat/hot water,ENTIRE BUILDING,11106.0,Closed,7.0,3.0,4.0,2.0,0.6196990740740741,4,10.0,0.35
57434025,2023-04-27 15:35:48,2023-05-31T15:50:25.000,EDC,noise - helicopter,Other,11417.0,Closed,3.0,1.0,3.0,2.0,34.01015046296296,2,6.0,0.2128
57435682,2023-04-27 15:36:47,2023-05-15T09:58:47.000,DPR,damaged tree,Branch Cracked and Will Fall,11223.0,Closed,4.0,3.0,4.0,2.0,17.76527777777778,1,3.0,0.1689
57435835,2023-04-27 15:36:54,2023-04-27T16:23:48.000,NYPD,blocked driveway,Partial Access,10473.0,Closed,5.0,6.0,4.0,2.0,0.0325694444444444,0,0.0,0.2133
57434732,2023-04-27 15:38:06,2023-04-27T16:24:13.000,NYPD,illegal parking,Paper License Plates,10473.0,Closed,5.0,5.0,4.0,2.0,0.0320254629629629,2,6.0,0.2208
57435941,2023-04-27 15:38:09,2023-04-28T12:31:02.000,DSNY,missed collection,Bulky Trash,11103.0,Closed,4.0,3.0,4.0,2.0,0.8700578703703704,1,3.0,0.1689
57433948,2023-04-27 15:38:11,2023-04-27T16:09:56.000,NYPD,drug activity,Use Outside,11366.0,Closed,4.0,3.0,4.0,2.0,0.0220486111111111,29,10.0,0.1689
57433994,2023-04-27 15:38:12,2023-05-03T08:58:14.000,DSNY,dead animal,Squirrel,11234.0,Closed,4.0,3.0,4.0,2.0,5.72224537037037,0,0.0,0.1689
57433980,2023-04-27 15:38:56,2023-04-29T19:12:46.000,HPD,heat/hot water,ENTIRE BUILDING,10027.0,Closed,7.0,3.0,4.0,2.0,2.1484953703703704,6,10.0,0.417
57435730,2023-04-27 15:39:15,2023-05-12T16:29:00.000,HPD,electric,NO LIGHTING,10463.0,Closed,4.0,3.0,4.0,2.0,15.034548611111113,1,3.0,0.1689
57433823,2023-04-27 15:39:27,2023-04-27T16:24:55.000,NYPD,blocked driveway,No Access,10473.0,Closed,5.0,6.0,4.0,2.0,0.031574074074074,1,3.0,0.2133
57433949,2023-04-27 15:39:43,2023-04-27T16:09:00.000,NYPD,drug activity,Use Outside,11366.0,Closed,4.0,3.0,4.0,2.0,0.0203356481481481,30,10.0,0.1689
57435180,2023-04-27 15:39:53,2023-05-15T17:26:29.000,HPD,plumbing,BATHTUB/SHOWER,11423.0,Closed,4.0,3.0,4.0,2.0,18.07402777777778,0,0.0,0.1689
57433095,2023-04-27 15:41:07,2023-05-31T15:50:26.000,EDC,noise - helicopter,Other,11417.0,Closed,3.0,1.0,3.0,2.0,34.00646990740741,3,8.0,0.2199
57434499,2023-04-27 15:42:06,2023-04-28T08:19:27.000,DSNY,illegal dumping,Removal Request,11210.0,Closed,4.0,3.0,4.0,2.0,0.6926041666666667,0,0.0,0.1689
57432961,2023-04-27 15:44:48,2023-04-27T21:55:02.000,NYPD,abandoned vehicle,With License Plate,10469.0,Closed,4.0,3.0,4.0,2.0,0.2571064814814814,2,6.0,0.1689
57433280,2023-04-27 15:45:00,2023-04-27T17:05:00.000,DOT,traffic signal condition,Controller,11432.0,Closed,9.0,10.0,8.0,2.0,0.0555555555555555,1,3.0,0.7209
57433296,2023-04-27 15:45:19,2023-04-27T17:17:00.000,NYPD,abandoned vehicle,With License Plate,11214.0,Closed,4.0,3.0,4.0,2.0,0.0636689814814814,0,0.0,0.1689
57435469,2023-04-27 15:46:56,2023-05-15T09:17:09.000,HPD,paint/plaster,WALL,10030.0,Closed,4.0,3.0,4.0,2.0,17.729317129629628,1,3.0,0.1689
57432813,2023-04-27 15:46:57,2023-04-27T18:39:53.000,NYPD,illegal parking,Blocked Hydrant,11235.0,Closed,6.0,6.0,4.0,2.0,0.1200925925925926,10,10.0,0.35
57434572,2023-04-27 15:47:28,2023-04-28T05:55:43.000,DSNY,lot condition,Trash,11233.0,Closed,4.0,3.0,4.0,2.0,0.5890625,1,3.0,0.1689
57433413,2023-04-27 15:48:37,2023-04-28T10:09:25.000,DPR,dead/dying tree,Planted More Than 2 Years Ago,10314.0,Closed,4.0,3.0,4.0,2.0,0.7644444444444445,0,0.0,0.1689
57434886,2023-04-27 15:50:00,2023-04-28T12:00:00.000,DOT,traffic signal condition,Pedestrian Signal,10019.0,Closed,9.0,10.0,8.0,2.0,0.8402777777777778,1,3.0,0.7209
57433792,2023-04-27 15:50:00,2023-04-27T16:40:00.000,DOT,traffic signal condition,LED Pedestrian Unit,10474.0,Closed,9.0,10.0,8.0,2.0,0.0347222222222222,0,0.0,0.7209
57433822,2023-04-27 15:50:37,2023-05-04T16:31:24.000,HPD,water leak,HEAVY FLOW,11226.0,Closed,8.0,3.0,4.0,7.0,7.028321759259259,1,3.0,0.2839
57433273,2023-04-27 15:51:55,2023-04-28T07:12:28.000,DSNY,street sweeping complaint,Street Not Swept,10451.0,Closed,4.0,3.0,4.0,2.0,0.6392708333333333,1,3.0,0.1689
57435121,2023-04-27 15:52:05,2023-05-31T15:50:28.000,EDC,noise - helicopter,Other,11414.0,Closed,3.0,1.0,3.0,2.0,33.99887731481481,14,10.0,0.3034
57433114,2023-04-27 15:54:08,2023-05-24T00:00:00.000,DOB,building/use,Illegal Conversion Of Residential Building/Space,11211.0,Closed,4.0,3.0,4.0,2.0,26.337407407407408,0,0.0,0.1689
57432802,2023-04-27 15:54:14,2023-05-31T15:50:29.000,EDC,noise - helicopter,Other,11414.0,Closed,3.0,1.0,3.0,2.0,33.997395833333336,15,10.0,0.3034
57435816,2023-04-27 15:56:27,2023-06-01T14:42:48.000,HPD,plumbing,WATER SUPPLY,10026.0,Closed,4.0,3.0,9.0,2.0,34.94885416666666,0,0.0,0.1689
57433739,2023-04-27 15:57:03,2023-05-04T16:31:24.000,HPD,door/window,DOOR,11226.0,Closed,4.0,3.0,4.0,2.0,7.023854166666666,3,8.0,0.1712
57433073,2023-04-27 15:57:10,2023-05-03T00:00:00.000,DOB,general construction/plumbing,Building Permit - None,11229.0,Closed,4.0,7.0,4.0,2.0,5.335300925925926,2,6.0,0.3225
57435046,2023-04-27 15:58:00,2023-05-31T15:50:30.000,EDC,noise - helicopter,Other,11414.0,Closed,3.0,1.0,3.0,2.0,33.994791666666664,16,10.0,0.3034
57434409,2023-04-27 15:59:00,2023-05-24T11:15:00.000,DEP,water system,Hydrant Leaking (WC1),11421.0,Closed,4.0,3.0,4.0,2.0,26.802777777777777,1,3.0,0.2357
57433258,2023-04-27 15:59:00,2023-04-27T17:37:00.000,DEP,air quality,"Air: Smoke, Vehicular (AA4)",11366.0,Closed,4.0,3.0,4.0,2.0,0.0680555555555555,5,10.0,0.1689
57433947,2023-04-27 15:59:00,2023-04-27T20:45:00.000,DOT,street light condition,Street Light Out,10016.0,Closed,7.0,5.0,6.0,5.0,0.1986111111111111,1,3.0,0.3721
57435020,2023-04-27 15:59:00,2023-04-28T10:45:00.000,DEP,water system,Leak (Use Comments) (WA2),10301.0,Closed,4.0,3.0,4.0,2.0,0.7819444444444444,1,3.0,0.1689
57435638,2023-04-27 15:59:31,2023-06-26T09:39:37.000,HPD,unsanitary condition,PESTS,10456.0,Closed,4.0,3.0,4.0,2.0,59.73618055555556,8,10.0,0.354
57433685,2023-04-27 15:59:38,2023-04-28T09:35:00.000,DOT,street condition,Pothole,10026.0,Closed,8.0,8.0,8.0,7.0,0.7328935185185185,0,0.0,0.5798
57433105,2023-04-27 16:00:09,2023-04-27T18:24:03.000,NYPD,illegal parking,Blocked Hydrant,10012.0,Closed,6.0,6.0,4.0,2.0,0.0999305555555555,4,10.0,0.35
57433914,2023-04-27 16:00:10,2023-05-31T15:50:32.000,EDC,noise - helicopter,Other,11238.0,Closed,3.0,1.0,3.0,2.0,33.99331018518519,20,10.0,0.3034
57433610,2023-04-27 16:00:40,2023-04-27T17:32:50.000,NYPD,blocked driveway,Partial Access,10016.0,Closed,5.0,6.0,4.0,2.0,0.0640046296296296,0,0.0,0.2133
57433833,2023-04-27 16:00:50,2023-05-02T13:26:07.000,DSNY,illegal posting,Poster or Sign,11417.0,Closed,4.0,3.0,4.0,2.0,4.8925578703703705,0,0.0,0.1689
57434959,2023-04-27 16:01:18,2023-04-27T19:20:54.000,NYPD,noise - street/sidewalk,Loud Music/Party,10031.0,Closed,5.0,4.0,6.0,4.0,0.1386111111111111,1,3.0,0.2133
57433106,2023-04-27 16:02:16,2023-04-27T17:14:24.000,NYPD,illegal parking,Parking Permit Improper Use,11238.0,Closed,5.0,5.0,4.0,2.0,0.0500925925925925,14,10.0,0.35
57435563,2023-04-27 16:02:31,2023-05-07T02:02:56.000,HPD,paint/plaster,WALL,11230.0,Closed,4.0,3.0,4.0,2.0,9.41695601851852,2,6.0,0.1689
57432995,2023-04-27 16:02:43,2023-08-14T09:53:44.000,HPD,door/window,WINDOW FRAME,10460.0,Closed,4.0,3.0,4.0,2.0,108.74376157407409,2,6.0,0.2583
57435189,2023-04-27 16:03:01,2023-04-27T16:29:00.000,NYPD,animal-abuse,Tortured,11101.0,Closed,4.0,3.0,4.0,2.0,0.0180439814814814,0,0.0,0.1689
57435363,2023-04-27 16:03:09,2023-04-27T18:27:29.000,NYPD,illegal parking,Parking Permit Improper Use,11229.0,Closed,5.0,5.0,4.0,2.0,0.1002314814814814,3,8.0,0.2602
57435200,2023-04-27 16:03:11,2023-05-25T11:27:25.000,DOT,outdoor dining,Sidewalk Zone Blocked,11355.0,Closed,6.0,5.0,6.0,4.0,27.80849537037037,0,0.0,0.469
57433232,2023-04-27 16:05:00,2023-05-02T14:00:00.000,DEP,air quality,"Air: Dust, Construction/Demolition (AE4)",11377.0,Closed,4.0,7.0,4.0,2.0,4.913194444444445,0,0.0,0.2236
57434348,2023-04-27 16:05:29,2023-09-22T10:28:49.000,HPD,door/window,WINDOW PANE,10305.0,Closed,4.0,3.0,4.0,2.0,147.7662037037037,0,0.0,0.1689
57434573,2023-04-27 16:05:31,2023-04-28T10:13:01.000,DPR,root/sewer/sidewalk condition,Trees and Sidewalks Program,11210.0,Closed,8.0,4.0,7.0,4.0,0.7552083333333334,3,8.0,0.55
57434600,2023-04-27 16:05:32,2023-05-31T05:03:01.000,HPD,plumbing,TOILET,11435.0,Closed,4.0,3.0,4.0,2.0,33.539918981481485,0,0.0,0.1689
57433570,2023-04-27 16:05:32,2023-05-31T05:03:02.000,HPD,door/window,WINDOW FRAME,11435.0,Closed,4.0,3.0,4.0,2.0,33.53993055555556,1,3.0,0.2357
57434188,2023-04-27 16:06:41,2023-04-27T22:48:05.000,NYPD,illegal parking,Posted Parking Sign Violation,10033.0,Closed,5.0,5.0,4.0,2.0,0.27875,5,10.0,0.35
57433527,2023-04-27 16:06:51,2023-04-27T16:37:08.000,NYPD,blocked driveway,No Access,10009.0,Closed,5.0,6.0,4.0,2.0,0.0210300925925925,0,0.0,0.2133
57434937,2023-04-27 16:08:48,2023-04-27T16:13:08.000,NYPD,blocked driveway,Partial Access,11211.0,Closed,5.0,6.0,4.0,2.0,0.0030092592592592,1,3.0,0.2133
57435713,2023-04-27 16:09:36,2023-05-05T16:24:52.000,HPD,safety,WINDOW GUARD BROKEN/MISSING,11377.0,Closed,5.0,3.0,4.0,2.0,8.010601851851852,0,0.0,0.2138
57433091,2023-04-27 16:09:37,2023-05-12T08:15:54.000,HPD,electric,POWER OUTAGE,11691.0,Closed,4.0,3.0,4.0,2.0,14.671030092592591,0,0.0,0.1689
57433767,2023-04-27 16:09:39,2023-05-08T20:20:58.000,HPD,water leak,HEAVY FLOW,10472.0,Closed,8.0,3.0,4.0,7.0,11.174525462962963,0,0.0,0.2474
57434730,2023-04-27 16:09:39,2023-05-08T20:20:57.000,HPD,paint/plaster,CEILING,10472.0,Closed,4.0,3.0,4.0,2.0,11.174513888888889,4,10.0,0.2609
57434831,2023-04-27 16:09:39,2023-05-08T20:20:58.000,HPD,paint/plaster,WALL,10472.0,Closed,4.0,3.0,4.0,2.0,11.174525462962963,5,10.0,0.2609
57435321,2023-04-27 16:09:39,2023-05-08T20:20:58.000,HPD,unsanitary condition,SEWAGE,10472.0,Closed,4.0,3.0,4.0,2.0,11.174525462962963,0,0.0,0.1689
57434654,2023-04-27 16:10:15,2023-04-27T19:13:17.000,NYPD,blocked driveway,Partial Access,11412.0,Closed,5.0,6.0,4.0,2.0,0.1271064814814815,1,3.0,0.2133
57435056,2023-04-27 16:10:28,2023-04-27T19:11:04.000,DSNY,obstruction,Cone,11419.0,Closed,4.0,4.0,4.0,2.0,0.1254166666666666,1,3.0,0.1689
57433890,2023-04-27 16:10:59,2023-04-27T18:02:18.000,DSNY,vendor enforcement,Non-Food Vendor,11229.0,Closed,4.0,3.0,4.0,2.0,0.0773032407407407,0,0.0,0.1689
57433084,2023-04-27 16:11:00,2023-07-10T14:38:00.000,DEP,water system,Hydrant Running (WC3),10468.0,Closed,4.0,3.0,4.0,2.0,73.93541666666667,1,3.0,0.2357
57435664,2023-04-27 16:11:01,2023-04-27T16:59:11.000,NYPD,illegal parking,Blocked Bike Lane,10025.0,Closed,6.0,6.0,4.0,2.0,0.033449074074074,6,10.0,0.35
57435487,2023-04-27 16:11:39,2023-04-27T18:07:30.000,NYPD,illegal parking,Blocked Sidewalk,11201.0,Closed,6.0,6.0,6.0,4.0,0.0804513888888888,11,10.0,0.469
57435963,2023-04-27 16:12:00,2023-04-28T14:14:00.000,DSNY,derelict vehicles,Derelict Vehicles,11216.0,Closed,4.0,3.0,4.0,2.0,0.9180555555555556,3,8.0,0.1689
57435859,2023-04-27 16:12:06,2023-05-02T11:48:10.000,DSNY,sanitation worker or vehicle complaint,Idling or Blocking Traffic,10467.0,Closed,5.0,2.0,5.0,4.0,4.816712962962963,0,0.0,0.2208
57432752,2023-04-27 16:12:07,2023-04-27T16:59:37.000,NYPD,illegal parking,Blocked Bike Lane,10025.0,Closed,6.0,6.0,4.0,2.0,0.0329861111111111,7,10.0,0.35
57435107,2023-04-27 16:12:37,2023-04-29T18:58:00.000,HPD,heat/hot water,ENTIRE BUILDING,10458.0,Closed,7.0,3.0,4.0,2.0,2.114849537037037,3,8.0,0.35
57434608,2023-04-27 16:12:42,2023-06-07T16:13:12.000,HPD,appliance,ELECTRIC/GAS RANGE,10458.0,Closed,4.0,3.0,4.0,2.0,41.000347222222224,0,0.0,0.1689
57435818,2023-04-27 16:12:42,2023-04-27T18:52:22.000,NYPD,blocked driveway,No Access,11435.0,Closed,5.0,6.0,4.0,2.0,0.1108796296296296,2,6.0,0.2133
57433195,2023-04-27 16:13:13,2023-04-27T18:23:57.000,NYPD,illegal parking,Posted Parking Sign Violation,11377.0,Closed,5.0,5.0,4.0,2.0,0.090787037037037,8,10.0,0.35
57433288,2023-04-27 16:14:17,2023-04-27T21:37:57.000,NYPD,illegal parking,Blocked Sidewalk,10461.0,Closed,6.0,6.0,6.0,4.0,0.2247685185185185,9,10.0,0.469
57435250,2023-04-27 16:14:53,2023-04-27T18:26:49.000,NYPD,noise - residential,Banging/Pounding,11375.0,Closed,3.0,1.0,3.0,2.0,0.0916203703703703,4,10.0,0.1283
57435009,2023-04-27 16:15:13,2023-04-28T12:57:50.000,DSNY,dirty condition,Trash,10466.0,Closed,4.0,3.0,4.0,2.0,0.8629282407407407,1,3.0,0.1689
57435201,2023-04-27 16:16:42,2023-04-27T18:21:59.000,NYPD,illegal parking,Blocked Hydrant,11230.0,Closed,6.0,6.0,4.0,2.0,0.0870023148148148,13,10.0,0.35
57435901,2023-04-27 16:18:32,2023-05-01T14:44:09.000,DOT,street sign - dangling,"No Parking, Standing, Stopping",11232.0,Closed,3.0,5.0,4.0,2.0,3.934456018518519,0,0.0,0.1283
57434760,2023-04-27 16:18:58,2023-04-28T01:58:29.000,NYPD,blocked driveway,No Access,11103.0,Closed,5.0,6.0,4.0,2.0,0.4024421296296296,2,6.0,0.2133
57435231,2023-04-27 16:20:00,2023-04-27T20:37:00.000,DEP,water system,Hydrant Knocked Over/Missing (WC),11365.0,Closed,4.0,3.0,4.0,2.0,0.1784722222222222,0,0.0,0.1689
57435408,2023-04-27 16:20:41,2023-04-27T22:57:53.000,NYPD,illegal parking,Posted Parking Sign Violation,10040.0,Closed,5.0,5.0,4.0,2.0,0.2758333333333333,4,10.0,0.35
57435902,2023-04-27 16:21:08,2023-04-27T18:48:15.000,NYPD,illegal parking,Blocked Crosswalk,11417.0,Closed,6.0,6.0,4.0,2.0,0.1021643518518518,3,8.0,0.2602
57432761,2023-04-27 16:21:30,2023-04-27T20:19:59.000,NYPD,panhandling,Unknown,11235.0,Closed,4.0,3.0,4.0,2.0,0.1656134259259259,0,0.0,0.1689
57435098,2023-04-27 16:21:42,2023-04-30T09:45:19.000,HPD,heat/hot water,ENTIRE BUILDING,11230.0,Closed,7.0,3.0,4.0,2.0,2.724733796296296,4,10.0,0.4401
57434146,2023-04-27 16:21:48,2023-05-31T15:50:38.000,EDC,noise - helicopter,Other,11414.0,Closed,3.0,1.0,3.0,2.0,33.978356481481484,17,10.0,0.3034
57433596,2023-04-27 16:22:40,2023-04-27T18:02:21.000,DSNY,vendor enforcement,Non-Food Vendor,10019.0,Closed,4.0,3.0,4.0,2.0,0.069224537037037,0,0.0,0.1689
57435994,2023-04-27 16:23:48,2024-11-12T17:25:57.000,DPR,root/sewer/sidewalk condition,Trees and Sidewalks Program,11429.0,Closed,8.0,4.0,7.0,4.0,565.0431597222222,0,0.0,0.55
57432765,2023-04-27 16:24:14,2023-04-28T00:00:00.000,DOB,building/use,Illegal Conversion Of Residential Building/Space,11416.0,Closed,4.0,3.0,4.0,2.0,0.3165046296296296,0,0.0,0.1689
57433896,2023-04-27 16:24:38,2023-07-26T00:00:00.000,DOB,building/use,Illegal Conversion Of Residential Building/Space,10470.0,Closed,4.0,3.0,4.0,2.0,89.31622685185185,0,0.0,0.1689
57435662,2023-04-27 16:25:44,2023-04-27T17:09:19.000,NYPD,illegal parking,Blocked Sidewalk,11217.0,Closed,6.0,6.0,6.0,4.0,0.0302662037037037,2,6.0,0.3679
57435157,2023-04-27 16:26:12,2023-04-27T19:18:15.000,NYPD,illegal parking,Blocked Hydrant,11235.0,Closed,6.0,6.0,4.0,2.0,0.1194791666666666,11,10.0,0.35
57433852,2023-04-27 16:27:38,2023-05-09T00:00:00.000,DOB,general construction/plumbing,"Building - Vacant, Open And Unguarded",10001.0,Closed,4.0,7.0,4.0,2.0,11.314143518518518,0,0.0,0.2236
57435247,2023-04-27 16:28:22,2023-05-01T13:52:46.000,DSNY,dirty condition,Dog Waste,11106.0,Closed,5.0,2.0,5.0,4.0,3.891944444444445,2,6.0,0.35
57433797,2023-04-27 16:30:57,2023-04-28T05:51:47.000,DSNY,illegal dumping,Chronic Dumping,11203.0,Closed,4.0,3.0,4.0,2.0,0.5561342592592593,0,0.0,0.1689
57434401,2023-04-27 16:31:35,2023-04-27T20:15:28.000,NYPD,noise - residential,Loud Music/Party,11233.0,Closed,3.0,1.0,3.0,2.0,0.155474537037037,3,8.0,0.1283
57433964,2023-04-27 16:32:18,2023-04-28T06:39:52.000,DSNY,residential disposal complaint,Waste Set Out Too Early or Too Late,10025.0,Closed,5.0,2.0,5.0,4.0,0.588587962962963,0,0.0,0.2208
57434008,2023-04-27 16:33:24,2023-04-27T17:27:39.000,NYPD,drug activity,Use Outside,11366.0,Closed,4.0,3.0,4.0,2.0,0.0376736111111111,31,10.0,0.1689
57433499,2023-04-27 16:33:39,2023-04-27T17:55:35.000,NYPD,blocked driveway,No Access,11355.0,Closed,5.0,6.0,4.0,2.0,0.0568981481481481,2,6.0,0.2133
57433449,2023-04-27 16:34:28,2023-05-01T17:15:36.000,HPD,heat/hot water,APARTMENT ONLY,10454.0,Closed,7.0,3.0,4.0,2.0,4.028564814814815,0,0.0,0.2099
57434402,2023-04-27 16:34:35,2023-04-27T19:04:22.000,NYPD,noise - street/sidewalk,Loud Talking,11213.0,Closed,5.0,4.0,6.0,4.0,0.1040162037037037,0,0.0,0.2133
57435126,2023-04-27 16:36:25,2023-04-28T12:54:41.000,DSNY,dirty condition,Dog Waste,10466.0,Closed,5.0,2.0,5.0,4.0,0.8460185185185185,2,6.0,0.2634
57435331,2023-04-27 16:37:32,2023-05-24T19:24:36.000,HPD,safety,CARBON MONOXIDE DETECTOR,11229.0,Closed,4.0,3.0,4.0,2.0,27.11601851851852,0,0.0,0.1689
57433399,2023-04-27 16:40:56,2023-04-27T18:33:24.000,NYPD,illegal parking,Blocked Sidewalk,11104.0,Closed,6.0,6.0,6.0,4.0,0.0781018518518518,12,10.0,0.469
57434829,2023-04-27 16:42:47,2023-06-09T00:00:00.000,DOB,general construction/plumbing,Vent/Exhaust - Illegal/Improper,10010.0,Closed,4.0,7.0,4.0,2.0,42.30362268518518,0,0.0,0.3225
57434178,2023-04-27 16:43:06,2023-04-27T19:05:24.000,NYPD,illegal parking,Double Parked Blocking Traffic,11201.0,Closed,5.0,5.0,4.0,2.0,0.0988194444444444,12,10.0,0.35
57433827,2023-04-27 16:44:00,2023-04-27T19:50:00.000,DEP,water system,Leak (Use Comments) (WA2),11435.0,Closed,4.0,3.0,4.0,2.0,0.1291666666666666,0,0.0,0.1689
57433279,2023-04-27 16:44:37,2023-04-27T20:45:16.000,NYPD,abandoned vehicle,With License Plate,11212.0,Closed,4.0,3.0,4.0,2.0,0.1671180555555555,0,0.0,0.1689
57435913,2023-04-27 16:45:00,2023-04-28T11:55:00.000,DSNY,derelict vehicles,Derelict Vehicles,11206.0,Closed,4.0,3.0,4.0,2.0,0.7986111111111112,1,3.0,0.1689
57433630,2023-04-27 16:46:00,2023-04-27T21:38:44.000,NYPD,illegal parking,Paper License Plates,10467.0,Closed,5.0,5.0,4.0,2.0,0.203287037037037,10,10.0,0.35
57435059,2023-04-27 16:46:22,2023-04-27T19:08:56.000,NYPD,illegal parking,Parking Permit Improper Use,11364.0,Closed,5.0,5.0,4.0,2.0,0.0990046296296296,3,8.0,0.2602
57435970,2023-04-27 16:46:32,2023-04-27T17:13:20.000,NYPD,blocked driveway,Partial Access,11218.0,Closed,5.0,6.0,4.0,2.0,0.0186111111111111,4,10.0,0.35
57433247,2023-04-27 16:47:00,2023-05-03T14:20:00.000,DEP,water system,Dirty Water (WE),11413.0,Closed,4.0,3.0,4.0,2.0,5.897916666666666,1,3.0,0.1689
57435677,2023-04-27 16:48:48,2023-04-27T16:48:48.000,DOB,electrical,Electrical Wiring Defective/Exposed,11358.0,Open,7.0,3.0,4.0,5.0,0.0,0,0.0,0.2099
57434925,2023-04-27 16:49:22,2023-04-27T21:45:16.000,NYPD,noise - street/sidewalk,Loud Music/Party,11221.0,Closed,5.0,4.0,6.0,4.0,0.2054861111111111,1,3.0,0.2133
57435666,2023-04-27 16:49:49,2023-06-15T15:56:26.000,HPD,appliance,ELECTRIC/GAS RANGE,11225.0,Closed,4.0,3.0,4.0,2.0,48.96292824074074,2,6.0,0.2583
57435825,2023-04-27 16:49:58,2023-04-30T11:55:44.000,HPD,heat/hot water,APARTMENT ONLY,10034.0,Closed,7.0,3.0,4.0,2.0,2.7956712962962964,2,6.0,0.35
57434229,2023-04-27 16:50:00,2023-04-28T14:19:00.000,DOT,street light condition,Street Light Out,10451.0,Closed,7.0,5.0,6.0,5.0,0.8951388888888889,0,0.0,0.3721
57434497,2023-04-27 16:51:07,2023-04-27T19:47:56.000,NYPD,illegal parking,Posted Parking Sign Violation,11378.0,Closed,5.0,5.0,4.0,2.0,0.1227893518518518,7,10.0,0.35
57433206,2023-04-27 16:51:11,2023-04-27T20:54:22.000,NYPD,illegal parking,Posted Parking Sign Violation,10467.0,Closed,5.0,5.0,4.0,2.0,0.1688773148148148,11,10.0,0.35
57433377,2023-04-27 16:51:51,2023-04-29T14:07:40.000,DSNY,illegal dumping,Removal Request,11233.0,Closed,4.0,3.0,4.0,2.0,1.885983796296296,0,0.0,0.1689
57435466,2023-04-27 16:54:32,2023-04-27T21:28:14.000,NYPD,illegal parking,Posted Parking Sign Violation,11427.0,Closed,5.0,5.0,4.0,2.0,0.1900694444444444,1,3.0,0.2208
57435007,2023-04-27 16:54:52,2025-05-13T16:38:34.000,DPR,new tree request,For One Address,11209.0,Closed,4.0,3.0,4.0,2.0,746.9886805555556,3,8.0,0.2609
57433707,2023-04-27 16:55:09,2023-04-28T12:30:42.000,DSNY,illegal dumping,Removal Request,11385.0,Closed,4.0,3.0,4.0,2.0,0.8163541666666667,1,3.0,0.1689
57434040,2023-04-27 16:55:32,2023-04-27T18:19:12.000,NYPD,illegal parking,Parking Permit Improper Use,11217.0,Closed,5.0,5.0,4.0,2.0,0.0581018518518518,3,8.0,0.259
57434390,2023-04-27 16:56:00,2023-04-28T08:21:00.000,DEP,water conservation,Water Meter Broken/Leaking - Other (CMO),10011.0,Closed,5.0,3.0,4.0,2.0,0.6423611111111112,0,0.0,0.2138
57434897,2023-04-27 16:57:37,2023-05-01T13:34:04.000,DSNY,illegal dumping,Removal Request,10312.0,Closed,4.0,3.0,4.0,2.0,3.8586458333333336,2,6.0,0.1689
57433454,2023-04-27 16:58:10,2023-04-27T20:35:02.000,NYPD,illegal parking,Blocked Crosswalk,11415.0,Closed,6.0,6.0,4.0,2.0,0.1506018518518518,2,6.0,0.2208
57434301,2023-04-27 16:58:52,2023-04-28T18:07:52.000,HPD,heat/hot water,ENTIRE BUILDING,11221.0,Closed,7.0,3.0,4.0,2.0,1.0479166666666666,3,8.0,0.3107
57434149,2023-04-27 16:58:55,2023-07-03T20:27:34.000,HPD,plumbing,BASIN/SINK,11233.0,Closed,4.0,3.0,4.0,2.0,67.14489583333334,2,6.0,0.2583
57433357,2023-04-27 16:58:55,2023-07-03T20:27:35.000,HPD,plumbing,TOILET,11233.0,Closed,4.0,3.0,4.0,2.0,67.1449074074074,3,8.0,0.2609
57435976,2023-04-27 16:59:00,2023-04-28T08:04:00.000,DEP,noise,"Noise, Barking Dog (NR5)",10466.0,Closed,3.0,1.0,3.0,2.0,0.6284722222222222,0,0.0,0.1283
57433216,2023-04-27 16:59:16,2023-04-28T15:52:05.000,HPD,heat/hot water,ENTIRE BUILDING,11104.0,Closed,7.0,3.0,4.0,2.0,0.9533449074074074,2,6.0,0.2133
57433995,2023-04-27 17:01:53,2023-04-27T22:22:49.000,NYPD,illegal parking,Blocked Hydrant,11235.0,Closed,6.0,6.0,4.0,2.0,0.2228703703703703,12,10.0,0.35
57433942,2023-04-27 17:01:57,2023-07-24T10:23:34.000,HPD,appliance,REFRIGERATOR,11103.0,Closed,4.0,3.0,4.0,2.0,87.72334490740741,0,0.0,0.1689
57434054,2023-04-27 17:02:09,2023-04-27T20:21:24.000,NYPD,noise - residential,Banging/Pounding,11225.0,Closed,3.0,1.0,3.0,2.0,0.1383680555555555,2,6.0,0.1283
57433517,2023-04-27 17:02:30,2023-04-27T17:33:54.000,NYPD,noise - park,Loud Music/Party,10028.0,Closed,3.0,1.0,3.0,2.0,0.0218055555555555,0,0.0,0.1283
57433405,2023-04-27 17:04:06,2023-04-27T17:27:11.000,NYPD,illegal parking,Blocked Sidewalk,10314.0,Closed,6.0,6.0,6.0,4.0,0.0160300925925925,0,0.0,0.3679
57435442,2023-04-27 17:05:13,2024-11-12T17:25:57.000,DPR,damaged tree,Tree Alive - in Poor Condition,10453.0,Closed,4.0,3.0,4.0,2.0,565.0143981481482,0,0.0,0.1689
57435827,2023-04-27 17:05:16,2023-05-06T03:42:08.000,DHS,homeless person assistance,Unknown,UNKNOWN,Closed,4.0,3.0,4.0,2.0,8.44226851851852,12,10.0,0.2557
57433047,2023-04-27 17:06:04,2023-04-27T17:58:03.000,NYPD,illegal parking,Blocked Bike Lane,11238.0,Closed,6.0,6.0,4.0,2.0,0.036099537037037,15,10.0,0.35
57435335,2023-04-27 17:07:20,2023-04-28T02:44:04.000,NYPD,abandoned vehicle,With License Plate,11416.0,Closed,4.0,3.0,4.0,2.0,0.4005092592592592,0,0.0,0.1689
57435431,2023-04-27 17:08:05,2023-04-27T18:48:44.000,NYPD,illegal parking,Posted Parking Sign Violation,11101.0,Closed,5.0,5.0,4.0,2.0,0.0698958333333333,33,10.0,0.35
57434238,2023-04-27 17:08:08,2023-04-27T23:57:27.000,NYPD,abandoned vehicle,With License Plate,11229.0,Closed,4.0,3.0,4.0,2.0,0.2842476851851852,0,0.0,0.1689
57433865,2023-04-27 17:09:00,2023-04-28T13:11:15.000,NYPD,illegal parking,Commercial Overnight Parking,11414.0,Closed,5.0,5.0,4.0,2.0,0.8348958333333333,0,0.0,0.2208
57434680,2023-04-27 17:09:39,2023-04-27T21:56:28.000,NYPD,blocked driveway,No Access,10467.0,Closed,5.0,6.0,4.0,2.0,0.1991782407407407,3,8.0,0.2663
57433319,2023-04-27 17:12:56,2023-05-10T14:26:09.000,DOT,curb condition,Defacement,10473.0,Closed,4.0,4.0,6.0,4.0,12.88417824074074,0,0.0,0.2464
57434197,2023-04-27 17:13:44,2023-05-03T09:39:45.000,DSNY,illegal dumping,Removal Request,11219.0,Closed,4.0,3.0,4.0,2.0,5.684733796296296,2,6.0,0.1689
57435267,2023-04-27 17:16:05,2023-04-27T20:36:27.000,NYPD,illegal parking,Double Parked Blocking Traffic,10023.0,Closed,5.0,5.0,4.0,2.0,0.1391435185185185,1,3.0,0.2208
57433772,2023-04-27 17:16:14,2023-04-28T11:50:20.000,DSNY,dirty condition,Trash,11385.0,Closed,4.0,3.0,4.0,2.0,0.7736805555555556,0,0.0,0.1689
57434113,2023-04-27 17:17:00,2023-04-28T03:30:00.000,DSNY,derelict vehicles,Derelict Vehicles,11231.0,Closed,4.0,3.0,4.0,2.0,0.4256944444444444,0,0.0,0.1689
57433683,2023-04-27 17:17:36,2023-04-27T20:32:39.000,NYPD,blocked driveway,No Access,11103.0,Closed,5.0,6.0,4.0,2.0,0.1354513888888888,3,8.0,0.2643
57436010,2023-04-27 17:18:02,2023-04-27T18:31:38.000,NYPD,illegal parking,Blocked Crosswalk,11209.0,Closed,6.0,6.0,4.0,2.0,0.0511111111111111,8,10.0,0.35
57432924,2023-04-27 17:22:00,2023-04-28T11:27:00.000,DSNY,derelict vehicles,Derelict Vehicles,11433.0,Closed,4.0,3.0,4.0,2.0,0.7534722222222222,1,3.0,0.1689
57435876,2023-04-27 17:22:13,2023-05-03T11:01:16.000,DSNY,missed collection,Compost,11231.0,Closed,4.0,3.0,4.0,2.0,5.7354513888888885,1,3.0,0.1689
57433386,2023-04-27 17:23:24,2023-07-27T10:19:18.000,HPD,safety,SMOKE DETECTOR,11206.0,Closed,4.0,3.0,4.0,2.0,90.70548611111111,2,6.0,0.2583
57433577,2023-04-27 17:23:42,2023-04-27T19:42:02.000,NYPD,blocked driveway,No Access,11203.0,Closed,5.0,6.0,4.0,2.0,0.0960648148148148,3,8.0,0.2631
57435768,2023-04-27 17:24:09,2023-04-27T19:28:44.000,NYPD,blocked driveway,No Access,10469.0,Closed,5.0,6.0,4.0,2.0,0.0865162037037037,0,0.0,0.2133
57433325,2023-04-27 17:25:50,2023-04-28T02:59:03.000,DHS,homeless person assistance,Unknown,10014.0,Closed,4.0,3.0,4.0,2.0,0.3980671296296296,2,6.0,0.1689
57433004,2023-04-27 17:25:52,2023-04-27T18:54:11.000,NYPD,noise - residential,Banging/Pounding,11203.0,Closed,3.0,1.0,3.0,2.0,0.0613310185185185,1,3.0,0.1283
57433983,2023-04-27 17:26:55,2023-04-27T18:22:51.000,NYPD,illegal parking,Blocked Hydrant,11419.0,Closed,6.0,6.0,4.0,2.0,0.0388425925925925,1,3.0,0.2208
57434973,2023-04-27 17:27:50,2023-04-28T02:57:53.000,DHS,homeless person assistance,Unknown,11434.0,Closed,4.0,3.0,4.0,2.0,0.3958680555555555,0,0.0,0.1689
57435317,2023-04-27 17:31:43,2023-04-27T20:01:47.000,NYPD,illegal parking,Blocked Sidewalk,11222.0,Closed,6.0,6.0,6.0,4.0,0.1042129629629629,17,10.0,0.469
57435652,2023-04-27 17:32:21,2023-06-12T10:59:35.000,HPD,paint/plaster,WALL,11233.0,Closed,4.0,3.0,4.0,2.0,45.72724537037037,3,8.0,0.2609
57434158,2023-04-27 17:32:21,2023-06-12T10:59:36.000,HPD,flooring/stairs,FLOOR,11233.0,Closed,4.0,3.0,4.0,2.0,45.72725694444444,0,0.0,0.1689
57433734,2023-04-27 17:32:34,2023-05-02T16:16:24.000,HPD,electric,POWER OUTAGE,10453.0,Closed,4.0,3.0,4.0,2.0,4.947106481481481,1,3.0,0.1689
57434756,2023-04-27 17:32:36,2023-05-03T07:04:39.000,HPD,water leak,HEAVY FLOW,11238.0,Closed,8.0,3.0,4.0,7.0,5.563923611111111,1,3.0,0.289
57434695,2023-04-27 17:32:42,2023-05-07T12:31:10.000,HPD,general,CABINET,10027.0,Closed,4.0,3.0,4.0,2.0,9.790601851851852,1,3.0,0.1689
57432845,2023-04-27 17:32:42,2023-05-07T12:31:09.000,HPD,plumbing,BASIN/SINK,10027.0,Closed,4.0,3.0,4.0,2.0,9.790590277777778,1,3.0,0.1689
57434575,2023-04-27 17:33:17,2023-04-27T17:46:20.000,NYPD,illegal parking,Commercial Overnight Parking,11228.0,Closed,5.0,5.0,4.0,2.0,0.0090625,4,10.0,0.35
57434466,2023-04-27 17:34:33,2023-04-27T21:28:37.000,NYPD,noise - residential,Banging/Pounding,11423.0,Closed,3.0,1.0,3.0,2.0,0.1625462962962963,1,3.0,0.1283
57434013,2023-04-27 17:34:44,2023-04-29T01:58:12.000,NYPD,noise - residential,Loud Music/Party,10457.0,Closed,3.0,1.0,3.0,2.0,1.3496296296296295,2,6.0,0.1283
57434071,2023-04-27 17:35:47,2023-04-27T19:22:35.000,NYPD,abandoned vehicle,With License Plate,11385.0,Closed,4.0,3.0,4.0,2.0,0.0741666666666666,3,8.0,0.1689
57435586,2023-04-27 17:36:18,2023-04-27T19:42:12.000,HPD,heat/hot water,ENTIRE BUILDING,11210.0,Closed,7.0,3.0,4.0,2.0,0.0874305555555555,3,8.0,0.2633
57433007,2023-04-27 17:36:18,2023-04-27T19:42:12.000,HPD,heat/hot water,ENTIRE BUILDING,11210.0,Closed,7.0,3.0,4.0,2.0,0.0874305555555555,4,10.0,0.35
57432920,2023-04-27 17:36:37,2023-04-27T17:51:53.000,NYPD,non-emergency police matter,Trespassing,10031.0,Closed,5.0,3.0,4.0,2.0,0.0106018518518518,1,3.0,0.2138
57432952,2023-04-27 17:38:01,2023-04-27T17:51:01.000,DHS,homeless person assistance,Unknown,10013.0,Closed,4.0,3.0,4.0,2.0,0.0090277777777777,1,3.0,0.1689
57435183,2023-04-27 17:38:22,2023-04-29T11:36:33.000,HPD,heat/hot water,APARTMENT ONLY,11229.0,Closed,7.0,3.0,4.0,2.0,1.748738425925926,2,6.0,0.2571
57435152,2023-04-27 17:38:27,2023-05-03T07:43:33.000,DOT,street sign - dangling,Other/Unknown,10471.0,Closed,4.0,3.0,4.0,2.0,5.586875,0,0.0,0.1689
57435867,2023-04-27 17:40:40,2023-04-28T10:30:00.000,DOT,street condition,Pothole,11207.0,Closed,8.0,8.0,8.0,7.0,0.700925925925926,0,0.0,0.5798
57434435,2023-04-27 17:42:08,2023-04-27T19:09:45.000,NYPD,illegal parking,Blocked Bike Lane,11101.0,Closed,6.0,6.0,4.0,2.0,0.0608449074074074,34,10.0,0.35
57434576,2023-04-27 17:43:50,2023-05-05T14:53:06.000,DSNY,missed collection,Bulky Trash,11362.0,Closed,4.0,3.0,4.0,2.0,7.881435185185185,0,0.0,0.1689
57433132,2023-04-27 17:44:00,2023-04-28T05:59:00.000,DEP,air quality,"Air: Odor/Fumes, Vehicle Idling (AD3)",10036.0,Closed,4.0,3.0,4.0,2.0,0.5104166666666666,0,0.0,0.1689
57432870,2023-04-27 17:44:04,2023-04-27T19:06:24.000,NYPD,illegal parking,Blocked Sidewalk,10011.0,Closed,6.0,6.0,6.0,4.0,0.0571759259259259,3,8.0,0.4161
57432944,2023-04-27 17:44:05,2023-04-28T02:57:19.000,NYPD,non-emergency police matter,Other (complaint details),11421.0,Closed,5.0,3.0,4.0,2.0,0.3841898148148148,1,3.0,0.2138
57434663,2023-04-27 17:44:27,2023-04-28T18:07:52.000,HPD,heat/hot water,ENTIRE BUILDING,11221.0,Closed,7.0,3.0,4.0,2.0,1.016261574074074,4,10.0,0.35
57436014,2023-04-27 17:44:31,2023-04-28T06:55:00.000,DPR,uprooted stump,Remove Stump,10458.0,Closed,4.0,3.0,4.0,2.0,0.5489467592592593,0,0.0,0.1689
57433427,2023-04-27 17:44:40,2023-04-27T19:11:14.000,NYPD,blocked driveway,No Access,11221.0,Closed,5.0,6.0,4.0,2.0,0.0601157407407407,2,6.0,0.2133
57433941,2023-04-27 17:45:00,2023-09-07T16:30:00.000,DOT,street light condition,Street Light Out,10027.0,Closed,7.0,5.0,6.0,5.0,132.94791666666666,0,0.0,0.4713
57435441,2023-04-27 17:46:21,2023-04-27T21:28:00.000,NYPD,illegal parking,Blocked Bike Lane,10019.0,Closed,6.0,6.0,4.0,2.0,0.1539236111111111,4,10.0,0.35
57434365,2023-04-27 17:48:50,2023-04-27T19:21:36.000,NYPD,illegal parking,Posted Parking Sign Violation,10022.0,Closed,5.0,5.0,4.0,2.0,0.0644212962962963,0,0.0,0.2208
57434119,2023-04-27 17:50:17,2023-05-10T00:00:00.000,DOB,general construction/plumbing,Fence - None/Inadequate,11204.0,Closed,4.0,7.0,4.0,2.0,12.256747685185186,1,3.0,0.3225
57435890,2023-04-27 17:50:30,2024-02-02T15:57:22.000,HPD,plumbing,BASIN/SINK,11211.0,Closed,4.0,3.0,4.0,2.0,280.9214351851852,1,3.0,0.2357
57434048,2023-04-27 17:50:53,2023-04-27T18:41:37.000,NYPD,drug activity,Use Outside,11372.0,Closed,4.0,3.0,4.0,2.0,0.0352314814814814,0,0.0,0.1689
57433344,2023-04-27 17:51:21,2023-04-28T11:37:00.000,DCWP,consumer complaint,Retail Store,11356.0,Closed,4.0,3.0,4.0,2.0,0.7400347222222222,0,0.0,0.1689
57432811,2023-04-27 17:52:01,2023-05-10T16:24:42.000,TLC,taxi complaint,Driver Complaint - Passenger,10023.0,Closed,4.0,3.0,4.0,2.0,12.939363425925926,0,0.0,0.1689
57434710,2023-04-27 17:53:00,2023-04-28T12:46:00.000,DSNY,derelict vehicles,Derelict Vehicles,10475.0,Closed,4.0,3.0,4.0,2.0,0.7868055555555555,1,3.0,0.1689
57433301,2023-04-27 17:56:16,2023-04-27T19:35:46.000,NYPD,abandoned vehicle,With License Plate,10466.0,Closed,4.0,3.0,4.0,2.0,0.0690972222222222,1,3.0,0.1689
57434653,2023-04-27 17:56:29,2023-04-27T18:47:56.000,NYPD,blocked driveway,No Access,11429.0,Closed,5.0,6.0,4.0,2.0,0.0357291666666666,1,3.0,0.2133
57435161,2023-04-27 17:56:33,2023-04-28T20:42:09.000,HPD,heat/hot water,APARTMENT ONLY,10473.0,Closed,7.0,3.0,4.0,2.0,1.115,2,6.0,0.2184
57434666,2023-04-27 17:56:48,2023-05-03T10:56:51.000,DSNY,missed collection,Trash,11232.0,Closed,4.0,3.0,4.0,2.0,5.708368055555556,1,3.0,0.1689
57432766,2023-04-27 17:56:50,2023-05-10T00:00:00.000,DOB,general construction/plumbing,Building Permit - None,11379.0,Closed,4.0,7.0,4.0,2.0,12.252199074074074,1,3.0,0.3225
57433961,2023-04-27 18:01:30,2023-04-27T20:47:22.000,NYPD,illegal parking,Double Parked Blocking Traffic,11201.0,Closed,5.0,5.0,4.0,2.0,0.1151851851851851,13,10.0,0.35
57435863,2023-04-27 18:04:56,2023-04-27T19:56:42.000,NYPD,blocked driveway,Partial Access,11435.0,Closed,5.0,6.0,4.0,2.0,0.0776157407407407,3,8.0,0.2626
57435372,2023-04-27 18:05:56,2023-04-27T18:51:32.000,NYPD,urinating in public,Unknown,10314.0,Closed,4.0,3.0,4.0,2.0,0.0316666666666666,0,0.0,0.1689
57435177,2023-04-27 18:06:04,2023-04-27T21:14:30.000,NYPD,illegal parking,Blocked Hydrant,10026.0,Closed,6.0,6.0,4.0,2.0,0.1308564814814815,2,6.0,0.2208
57433286,2023-04-27 18:07:30,2023-04-27T18:47:21.000,NYPD,noise - residential,Banging/Pounding,11230.0,Closed,3.0,1.0,3.0,2.0,0.0276736111111111,6,10.0,0.1283
57434577,2023-04-27 18:07:59,2023-04-28T11:37:00.000,DCWP,consumer complaint,Retail Store,11216.0,Closed,4.0,3.0,4.0,2.0,0.7284837962962963,0,0.0,0.1689
57435882,2023-04-27 18:08:00,2023-04-28T08:07:00.000,DEP,noise,"Noise, Barking Dog (NR5)",11237.0,Closed,3.0,1.0,3.0,2.0,0.5826388888888889,0,0.0,0.1283
57434721,2023-04-27 18:08:45,2023-04-27T20:59:44.000,NYPD,noise - street/sidewalk,Loud Music/Party,11220.0,Closed,5.0,4.0,6.0,4.0,0.1187384259259259,2,6.0,0.218
57435637,2023-04-27 18:09:14,2023-05-05T00:00:00.000,DOB,elevator,Elevator - Single Device On Property/No Alternate Service,10460.0,Closed,4.0,3.0,4.0,2.0,7.243587962962963,0,0.0,0.1689
57435257,2023-04-27 18:09:14,2023-05-04T00:00:00.000,DOB,building/use,Illegal Conversion Of Residential Building/Space,10030.0,Closed,4.0,3.0,4.0,2.0,6.243587962962963,0,0.0,0.1689
57435115,2023-04-27 18:09:50,2023-04-28T08:43:31.000,TLC,lost property,Electronics/Phones,10065.0,Closed,4.0,3.0,4.0,2.0,0.606724537037037,0,0.0,0.1689
57436000,2023-04-27 18:09:52,2023-05-12T12:30:34.000,DOT,curb condition,Broken Curb,11412.0,Closed,5.0,4.0,6.0,4.0,14.764375,0,0.0,0.2603
57433713,2023-04-27 18:09:58,2023-04-27T18:09:58.000,DOHMH,rodent,Rat Sighting,10456.0,Closed,4.0,3.0,4.0,2.0,0.0,0,0.0,0.1689
57433065,2023-04-27 18:10:00,2023-04-27T23:41:00.000,DSNY,derelict vehicles,Derelict Vehicles,11417.0,Closed,4.0,3.0,4.0,2.0,0.2298611111111111,0,0.0,0.1689
57435627,2023-04-27 18:10:22,2023-04-27T22:15:04.000,NYPD,blocked driveway,No Access,11235.0,Closed,5.0,6.0,4.0,2.0,0.1699305555555555,2,6.0,0.2133
57434495,2023-04-27 18:10:31,2023-04-27T18:26:05.000,NYPD,illegal parking,Blocked Sidewalk,11211.0,Closed,6.0,6.0,6.0,4.0,0.0108101851851851,10,10.0,0.469
57434101,2023-04-27 18:13:22,2023-04-27T18:47:30.000,NYPD,noise - vehicle,Car/Truck Horn,11372.0,Closed,3.0,1.0,3.0,2.0,0.0237037037037037,1,3.0,0.1283
57434342,2023-04-27 18:13:25,2023-04-27T19:27:55.000,DPR,animal in a park,Dog Off Leash,11222.0,Closed,4.0,3.0,4.0,2.0,0.0517361111111111,1,3.0,0.1689
57434722,2023-04-27 18:13:26,2023-04-28T02:07:37.000,HPD,heat/hot water,ENTIRE BUILDING,10032.0,Closed,7.0,3.0,4.0,2.0,0.3292939814814815,7,10.0,0.35
57435117,2023-04-27 18:14:10,2023-05-01T07:15:20.000,DSNY,sanitation worker or vehicle complaint,Unsafe Driving,11238.0,Closed,5.0,2.0,5.0,4.0,3.542476851851852,0,0.0,0.2208
57435957,2023-04-27 18:15:54,2023-04-28T02:35:34.000,NYPD,illegal parking,Blocked Sidewalk,10457.0,Closed,6.0,6.0,6.0,4.0,0.3469907407407407,6,10.0,0.469
57435079,2023-04-27 18:16:47,2023-05-06T09:15:14.000,HPD,unsanitary condition,PESTS,10016.0,Closed,4.0,3.0,4.0,2.0,8.623923611111111,0,0.0,0.1689
57434196,2023-04-27 18:18:13,2023-04-28T12:40:29.000,HPD,heat/hot water,ENTIRE BUILDING,10462.0,Closed,7.0,3.0,4.0,2.0,0.765462962962963,14,10.0,0.35
57435811,2023-04-27 18:18:14,2023-05-03T20:46:00.000,HPD,door/window,WINDOW FRAME,10303.0,Closed,4.0,3.0,4.0,2.0,6.102615740740741,0,0.0,0.1689
57432877,2023-04-27 18:19:58,2024-11-12T17:25:57.000,DPR,overgrown tree/branches,Hitting Building,10461.0,Closed,4.0,3.0,4.0,2.0,564.9624884259259,0,0.0,0.1689
57434667,2023-04-27 18:20:07,2023-05-01T14:13:50.000,DOT,street condition,Defective Hardware,11210.0,Closed,8.0,7.0,7.0,7.0,3.8289699074074073,0,0.0,0.55
57433512,2023-04-27 18:20:44,2025-05-13T16:38:35.000,DPR,new tree request,For One Address,10306.0,Closed,4.0,3.0,4.0,2.0,746.9290625,0,0.0,0.1689
57435639,2023-04-27 18:21:14,2023-04-27T18:52:02.000,NYPD,noise - residential,Banging/Pounding,11208.0,Closed,3.0,1.0,3.0,2.0,0.0213888888888888,2,6.0,0.1283
57434559,2023-04-27 18:21:16,2023-05-01T17:28:12.000,HPD,heat/hot water,APARTMENT ONLY,10451.0,Closed,7.0,3.0,4.0,2.0,3.963148148148148,2,6.0,0.35
57433178,2023-04-27 18:21:28,2023-05-01T13:05:37.000,HPD,heat/hot water,APARTMENT ONLY,11226.0,Closed,7.0,3.0,4.0,2.0,3.780659722222222,10,10.0,0.4413
57435249,2023-04-27 18:22:10,2023-05-11T19:51:38.000,HPD,water leak,DAMP SPOT,11232.0,Closed,8.0,3.0,4.0,7.0,14.062129629629627,1,3.0,0.35
57434686,2023-04-27 18:22:10,2023-05-03T10:22:41.000,HPD,unsanitary condition,MOLD,11232.0,Closed,4.0,3.0,4.0,2.0,5.667025462962963,0,0.0,0.1689
57435748,2023-04-27 18:22:13,2023-04-27T21:48:44.000,NYPD,blocked driveway,No Access,10304.0,Closed,5.0,6.0,4.0,2.0,0.1434143518518518,0,0.0,0.2133
57435759,2023-04-27 18:23:47,2023-04-27T20:36:41.000,NYPD,illegal parking,Blocked Crosswalk,10023.0,Closed,6.0,6.0,4.0,2.0,0.0922916666666666,2,6.0,0.2208
57435793,2023-04-27 18:23:51,2023-04-27T20:27:46.000,NYPD,blocked driveway,No Access,11208.0,Closed,5.0,6.0,4.0,2.0,0.0860532407407407,3,8.0,0.2628
57434279,2023-04-27 18:25:07,2023-04-27T19:14:08.000,NYPD,noise - commercial,Loud Music/Party,11233.0,Closed,3.0,1.0,3.0,2.0,0.0340393518518518,0,0.0,0.1283
57434261,2023-04-27 18:25:44,2023-04-27T20:57:01.000,NYPD,noise - residential,Loud Music/Party,10035.0,Closed,3.0,1.0,3.0,2.0,0.1050578703703703,2,6.0,0.1283
57433496,2023-04-27 18:28:23,2023-05-04T16:16:45.000,HPD,unsanitary condition,MOLD,10034.0,Closed,4.0,3.0,4.0,2.0,6.908587962962963,0,0.0,0.1689
57433648,2023-04-27 18:28:23,2023-05-04T16:16:44.000,HPD,electric,OUTLET/SWITCH,10034.0,Closed,4.0,3.0,4.0,2.0,6.908576388888889,0,0.0,0.1689
57435238,2023-04-27 18:28:23,2023-05-04T16:16:45.000,HPD,door/window,DOOR,10034.0,Closed,4.0,3.0,4.0,2.0,6.908587962962963,1,3.0,0.1689
57435812,2023-04-27 18:28:24,2023-05-04T16:16:45.000,HPD,electric,NO LIGHTING,10034.0,Closed,4.0,3.0,4.0,2.0,6.908576388888889,1,3.0,0.1689
57433249,2023-04-27 18:29:00,2023-04-29T12:50:00.000,DEP,water system,Dirty Water (WE),11413.0,Closed,4.0,3.0,4.0,2.0,1.7645833333333334,2,6.0,0.1689
57433639,2023-04-27 18:29:00,2023-04-28T05:21:00.000,DSNY,derelict vehicles,Derelict Vehicles,10467.0,Closed,4.0,3.0,4.0,2.0,0.4527777777777778,1,3.0,0.1689
57433278,2023-04-27 18:29:35,2023-05-08T10:30:42.000,DOT,street condition,Failed Street Repair,11413.0,Closed,8.0,7.0,7.0,7.0,10.66744212962963,1,3.0,0.55
57435165,2023-04-27 18:31:46,2023-05-09T11:21:22.000,DOT,sidewalk condition,Sidewalk Violation,11368.0,Closed,5.0,4.0,6.0,4.0,11.70111111111111,0,0.0,0.241
57434789,2023-04-27 18:32:01,2023-04-27T21:39:50.000,NYPD,illegal parking,Unauthorized Bus Layover,11223.0,Closed,5.0,5.0,4.0,2.0,0.1304282407407407,10,10.0,0.35
57435415,2023-04-27 18:32:05,2023-04-27T20:42:29.000,NYPD,abandoned vehicle,With License Plate,10473.0,Closed,4.0,3.0,4.0,2.0,0.0905555555555555,0,0.0,0.1689
57435010,2023-04-27 18:32:40,2023-06-15T08:15:04.000,TLC,for hire vehicle complaint,Driver Complaint - Non Passenger,10003.0,Closed,4.0,3.0,4.0,2.0,48.57111111111111,2,6.0,0.2583
57433645,2023-04-27 18:33:38,2023-04-27T18:39:03.000,NYPD,illegal parking,Commercial Overnight Parking,10314.0,Closed,5.0,5.0,4.0,2.0,0.003761574074074,1,3.0,0.2208
57434691,2023-04-27 18:34:18,2023-04-27T19:02:26.000,NYPD,blocked driveway,No Access,10312.0,Closed,5.0,6.0,4.0,2.0,0.019537037037037,0,0.0,0.2133
57434647,2023-04-27 18:35:21,2023-04-27T18:35:21.000,DOHMH,rodent,Mouse Sighting,11221.0,Closed,4.0,3.0,4.0,2.0,0.0,0,0.0,0.1689
57433428,2023-04-27 18:37:40,2023-04-28T10:02:36.000,DSNY,dirty condition,Trash,11412.0,Closed,4.0,3.0,4.0,2.0,0.6423148148148148,2,6.0,0.1689
57434403,2023-04-27 18:38:53,2023-04-27T19:36:41.000,NYPD,noise - residential,Banging/Pounding,11218.0,Closed,3.0,1.0,3.0,2.0,0.0401388888888888,1,3.0,0.1283
57434290,2023-04-27 18:40:31,2023-06-27T18:46:13.000,HPD,safety,FIRE ESCAPE,11221.0,Closed,9.0,3.0,4.0,2.0,61.00395833333334,2,6.0,0.5127
57435805,2023-04-27 18:45:18,2023-04-27T19:54:06.000,NYPD,illegal parking,Blocked Crosswalk,11215.0,Closed,6.0,6.0,4.0,2.0,0.0477777777777777,10,10.0,0.35
57434152,2023-04-27 18:46:31,2023-05-31T15:50:47.000,EDC,noise - helicopter,Other,11417.0,Closed,3.0,1.0,3.0,2.0,33.87796296296296,4,10.0,0.3034
57435280,2023-04-27 18:47:00,2023-04-28T05:59:00.000,DEP,air quality,"Air: Odor/Fumes, Vehicle Idling (AD3)",10036.0,Closed,4.0,3.0,4.0,2.0,0.4666666666666667,1,3.0,0.1689
57433943,2023-04-27 18:47:09,2023-04-28T02:07:11.000,NYPD,illegal parking,Blocked Hydrant,11105.0,Closed,6.0,6.0,4.0,2.0,0.3055787037037037,5,10.0,0.35
57435698,2023-04-27 18:47:47,2023-04-27T21:26:39.000,NYPD,noise - residential,Loud Talking,11225.0,Closed,3.0,1.0,3.0,2.0,0.110324074074074,3,8.0,0.1283
57434163,2023-04-27 18:49:35,2023-04-27T23:58:35.000,NYPD,illegal parking,Double Parked Blocking Traffic,11229.0,Closed,5.0,5.0,4.0,2.0,0.2145833333333333,4,10.0,0.35
57435922,2023-04-27 18:50:00,2023-04-27T19:00:00.000,DEP,sewer,Sewer Odor (SA2),11217.0,Closed,8.0,3.0,7.0,2.0,0.0069444444444444,0,0.0,0.55
57435525,2023-04-27 18:50:13,2023-04-27T21:47:47.000,NYPD,noise - residential,Loud Music/Party,10040.0,Closed,3.0,1.0,3.0,2.0,0.1233101851851851,1,3.0,0.1283
57433842,2023-04-27 18:54:08,2023-12-06T10:32:08.000,DPR,new tree request,For One Address,11433.0,Closed,4.0,3.0,4.0,2.0,222.6513888888889,0,0.0,0.1689
57433121,2023-04-27 18:56:00,2023-04-28T05:59:00.000,DEP,air quality,"Air: Odor/Fumes, Vehicle Idling (AD3)",10013.0,Closed,4.0,3.0,4.0,2.0,0.4604166666666666,0,0.0,0.1689
57435259,2023-04-27 18:56:05,2023-05-31T15:50:49.000,EDC,noise - helicopter,Other,11414.0,Closed,3.0,1.0,3.0,2.0,33.87134259259259,18,10.0,0.3034
57433748,2023-04-27 18:56:09,2023-04-29T11:26:23.000,HPD,heat/hot water,APARTMENT ONLY,11420.0,Closed,7.0,3.0,4.0,2.0,1.687662037037037,1,3.0,0.2354
57433897,2023-04-27 18:57:35,2023-05-10T00:00:00.000,DOB,general construction/plumbing,Fence - None/Inadequate,10462.0,Closed,4.0,7.0,4.0,2.0,12.210011574074072,1,3.0,0.3225
57433266,2023-04-27 18:58:35,2023-04-28T03:43:29.000,NYPD,blocked driveway,Partial Access,10462.0,Closed,5.0,6.0,4.0,2.0,0.3645138888888889,3,8.0,0.2721
57435021,2023-04-27 18:59:16,2023-05-15T12:02:05.000,DPR,new tree request,For One Address,11411.0,Closed,4.0,3.0,4.0,2.0,17.710289351851852,0,0.0,0.1689
57435518,2023-04-27 18:59:29,2023-04-27T19:55:41.000,NYPD,noise - residential,Banging/Pounding,11235.0,Closed,3.0,1.0,3.0,2.0,0.0390277777777777,4,10.0,0.1283
57434172,2023-04-27 18:59:56,2023-04-27T20:42:31.000,NYPD,noise - residential,Loud Music/Party,11415.0,Closed,3.0,1.0,3.0,2.0,0.0712384259259259,1,3.0,0.1283
57432786,2023-04-27 19:00:15,2023-04-27T19:54:42.000,NYPD,noise - residential,Loud Music/Party,10472.0,Closed,3.0,1.0,3.0,2.0,0.0378125,4,10.0,0.1283
57434097,2023-04-27 19:01:33,2023-04-27T19:14:03.000,NYPD,noise - residential,Loud Music/Party,10009.0,Closed,3.0,1.0,3.0,2.0,0.0086805555555555,3,8.0,0.1283
57435868,2023-04-27 19:02:00,2023-04-28T13:07:00.000,DSNY,derelict vehicles,Derelict Vehicles,UNKNOWN,Closed,4.0,3.0,4.0,2.0,0.7534722222222222,8,10.0,0.1689
57435057,2023-04-27 19:02:03,2023-04-28T17:50:42.000,NYPD,blocked driveway,No Access,10457.0,Closed,5.0,6.0,4.0,2.0,0.9504513888888888,1,3.0,0.2133
57434899,2023-04-27 19:02:20,2023-05-02T20:20:46.000,HPD,unsanitary condition,MOLD,10030.0,Closed,4.0,3.0,4.0,2.0,5.054467592592593,2,6.0,0.1689
57433539,2023-04-27 19:02:20,2023-05-02T20:20:46.000,HPD,plumbing,BATHTUB/SHOWER,10030.0,Closed,4.0,3.0,4.0,2.0,5.054467592592593,3,8.0,0.1727
57433196,2023-04-27 19:02:21,2023-05-05T09:12:35.000,HPD,appliance,ELECTRIC/GAS RANGE,10030.0,Closed,4.0,3.0,4.0,2.0,7.590439814814815,0,0.0,0.1689
57434127,2023-04-27 19:02:52,2023-04-27T19:02:52.000,DOT,street condition,Pothole,10301.0,Closed,8.0,8.0,8.0,7.0,0.0,0,0.0,0.5798
57434752,2023-04-27 19:03:04,2023-04-28T05:23:38.000,NYPD,illegal parking,Blocked Hydrant,10475.0,Closed,6.0,6.0,4.0,2.0,0.430949074074074,0,0.0,0.2208
57433451,2023-04-27 19:03:38,2023-04-30T00:00:00.000,DOB,emergency response team (ert),After Hours Work - Illegal,10458.0,Closed,5.0,3.0,4.0,2.0,2.205810185185185,0,0.0,0.2138
57434671,2023-04-27 19:03:38,2023-08-24T00:00:00.000,DOB,special projects inspection team (spit),Illegal Hotel Rooms In Residential Building,10465.0,Closed,4.0,3.0,4.0,2.0,118.2058101851852,0,0.0,0.1689
57433430,2023-04-27 19:03:51,2023-04-29T12:31:26.000,DSNY,dirty condition,Trash,11412.0,Closed,4.0,3.0,4.0,2.0,1.727488425925926,3,8.0,0.1689
57434668,2023-04-27 19:04:45,2023-04-27T23:14:05.000,NYPD,illegal parking,Paper License Plates,10301.0,Closed,5.0,5.0,4.0,2.0,0.1731481481481481,5,10.0,0.35
57434825,2023-04-27 19:05:00,2023-05-31T21:45:00.000,DEP,noise,Noise: air condition/ventilation equipment (NV1),11374.0,Closed,3.0,1.0,3.0,2.0,34.111111111111114,0,0.0,0.1283
57434513,2023-04-27 19:05:43,2023-05-03T14:02:41.000,HPD,door/window,WINDOW FRAME,10463.0,Closed,4.0,3.0,4.0,2.0,5.789560185185185,0,0.0,0.1689
57435837,2023-04-27 19:05:43,2023-05-03T14:02:41.000,HPD,plumbing,BASIN/SINK,10463.0,Closed,4.0,3.0,4.0,2.0,5.789560185185185,0,0.0,0.1689
57434551,2023-04-27 19:06:27,2023-04-28T05:17:27.000,DSNY,dirty condition,Trash,10458.0,Closed,4.0,3.0,4.0,2.0,0.4243055555555555,0,0.0,0.1689
57434555,2023-04-27 19:07:00,2023-04-28T05:48:00.000,DSNY,derelict vehicles,Derelict Vehicles,11219.0,Closed,4.0,3.0,4.0,2.0,0.4451388888888888,0,0.0,0.1689
57435026,2023-04-27 19:08:00,2023-04-28T10:20:00.000,DEP,asbestos,Asbestos Complaint (B1),10475.0,Closed,4.0,3.0,4.0,2.0,0.6333333333333333,0,0.0,0.1689
57435660,2023-04-27 19:08:24,2023-04-29T12:07:12.000,HPD,heat/hot water,APARTMENT ONLY,11369.0,Closed,7.0,3.0,4.0,2.0,1.7075,0,0.0,0.2099
57433306,2023-04-27 19:08:37,2023-04-27T20:02:40.000,NYPD,noise - residential,Banging/Pounding,11206.0,Closed,3.0,1.0,3.0,2.0,0.0375347222222222,2,6.0,0.1283
57433735,2023-04-27 19:08:39,2023-04-28T02:23:55.000,NYPD,noise - residential,Loud Television,10457.0,Closed,3.0,1.0,3.0,2.0,0.3022685185185185,3,8.0,0.1283
57433292,2023-04-27 19:11:00,2023-04-28T02:40:00.000,DEP,water system,Dirty Water (WE),11207.0,Closed,4.0,3.0,4.0,2.0,0.3118055555555555,0,0.0,0.1689
57433861,2023-04-27 19:12:22,2023-05-03T16:06:45.000,HPD,unsanitary condition,PESTS,10455.0,Closed,4.0,3.0,4.0,2.0,5.871099537037037,0,0.0,0.1689
57434861,2023-04-27 19:12:23,2023-05-05T12:40:23.000,HPD,appliance,ELECTRIC/GAS RANGE,10455.0,Closed,4.0,3.0,4.0,2.0,7.727777777777778,0,0.0,0.1689
57435197,2023-04-27 19:13:09,2023-05-01T00:00:00.000,DOB,building/use,Illegal. Commercial Use In Resident Zone,10040.0,Closed,4.0,3.0,4.0,2.0,3.199201388888889,0,0.0,0.1689
57433050,2023-04-27 19:13:13,2023-04-27T20:20:20.000,NYPD,illegal parking,Posted Parking Sign Violation,11205.0,Closed,5.0,5.0,4.0,2.0,0.0466087962962962,17,10.0,0.35
57432886,2023-04-27 19:14:49,2023-04-27T22:39:47.000,NYPD,noise - residential,Loud Music/Party,10467.0,Closed,3.0,1.0,3.0,2.0,0.1423379629629629,7,10.0,0.1283
57435497,2023-04-27 19:16:31,2023-04-27T23:06:11.000,NYPD,noise - residential,Loud Music/Party,11366.0,Closed,3.0,1.0,3.0,2.0,0.1594907407407407,5,10.0,0.1283
57434500,2023-04-27 19:16:38,2023-04-27T21:40:34.000,NYPD,blocked driveway,Partial Access,11229.0,Closed,5.0,6.0,4.0,2.0,0.0999537037037037,2,6.0,0.2133
57435589,2023-04-27 19:18:03,2023-04-28T11:04:45.000,HPD,paint/plaster,WALL,10458.0,Closed,4.0,3.0,4.0,2.0,0.6574305555555555,5,10.0,0.1689
57433244,2023-04-27 19:18:03,2023-04-28T11:04:45.000,HPD,paint/plaster,CEILING,10458.0,Closed,4.0,3.0,4.0,2.0,0.6574305555555555,6,10.0,0.1689
57435052,2023-04-27 19:18:15,2023-05-05T18:14:59.000,HPD,unsanitary condition,MOLD,10029.0,Closed,4.0,3.0,4.0,2.0,7.956064814814815,1,3.0,0.1689
57434033,2023-04-27 19:19:06,2023-04-27T19:47:07.000,NYPD,noise - residential,Banging/Pounding,11373.0,Closed,3.0,1.0,3.0,2.0,0.0194560185185185,5,10.0,0.1283
57434679,2023-04-27 19:20:07,2023-04-27T20:19:25.000,NYPD,blocked driveway,No Access,11224.0,Closed,5.0,6.0,4.0,2.0,0.0411805555555555,0,0.0,0.2133
57435694,2023-04-27 19:21:16,2023-05-01T07:59:08.000,HPD,heat/hot water,APARTMENT ONLY,10303.0,Closed,7.0,3.0,4.0,2.0,3.5262962962962963,0,0.0,0.2099
57433870,2023-04-27 19:23:39,2023-04-27T20:18:33.000,NYPD,illegal parking,Blocked Hydrant,11214.0,Closed,6.0,6.0,4.0,2.0,0.038125,9,10.0,0.35
57434021,2023-04-27 19:23:54,2023-04-27T23:10:16.000,NYPD,noise - residential,Banging/Pounding,10453.0,Closed,3.0,1.0,3.0,2.0,0.157199074074074,5,10.0,0.1283
57433932,2023-04-27 19:25:10,2024-09-27T00:00:00.000,DOB,plumbing,Failure To Retain Water/Improper Drainage- (LL103/89),11691.0,Closed,8.0,3.0,7.0,9.0,518.1908564814814,0,0.0,0.55
57434739,2023-04-27 19:25:35,2023-04-27T19:33:54.000,NYPD,noise - commercial,Loud Music/Party,10002.0,Closed,3.0,1.0,3.0,2.0,0.0057754629629629,6,10.0,0.1283
57434424,2023-04-27 19:26:00,2023-05-03T00:00:00.000,DEP,noise,Noise: Construction Before/After Hours (NM1),10038.0,Closed,3.0,7.0,3.0,2.0,5.190277777777778,0,0.0,0.1283
57434144,2023-04-27 19:27:09,2023-04-28T12:07:06.000,DCWP,consumer complaint,Retail Store,11237.0,Closed,4.0,3.0,4.0,2.0,0.6944097222222222,0,0.0,0.1689
57435651,2023-04-27 19:27:46,2023-04-27T20:41:25.000,NYPD,noise - residential,Loud Talking,11218.0,Closed,3.0,1.0,3.0,2.0,0.0511458333333333,2,6.0,0.1283
57434491,2023-04-27 19:27:53,2023-04-30T18:17:56.000,HPD,heat/hot water,APARTMENT ONLY,10469.0,Closed,7.0,3.0,4.0,2.0,2.951423611111111,5,10.0,0.4449
57435128,2023-04-27 19:28:23,2023-05-22T08:49:56.000,TLC,taxi complaint,Driver Complaint - Non Passenger,11106.0,Closed,4.0,3.0,4.0,2.0,24.556631944444444,0,0.0,0.1689
57433789,2023-04-27 19:28:28,2023-04-29T14:00:09.000,DSNY,illegal dumping,Removal Request,11238.0,Closed,4.0,3.0,4.0,2.0,1.7720023148148147,0,0.0,0.1689
57433116,2023-04-27 19:28:55,2023-05-31T15:50:55.000,EDC,noise - helicopter,Other,11414.0,Closed,3.0,1.0,3.0,2.0,33.84861111111111,19,10.0,0.3034
57435896,2023-04-27 19:29:33,2023-04-28T02:56:12.000,DHS,homeless person assistance,Unknown,11104.0,Closed,4.0,3.0,4.0,2.0,0.3101736111111111,1,3.0,0.1689
57433066,2023-04-27 19:30:59,2023-04-29T15:06:38.000,HPD,heat/hot water,ENTIRE BUILDING,11377.0,Closed,7.0,3.0,4.0,2.0,1.8164236111111112,1,3.0,0.2472
57435654,2023-04-27 19:32:05,2023-04-27T20:22:49.000,NYPD,illegal parking,Blocked Sidewalk,11436.0,Closed,6.0,6.0,6.0,4.0,0.0352314814814814,1,3.0,0.3679
57434794,2023-04-27 19:35:00,2023-04-28T20:00:00.000,DEP,noise,"Noise, Ice Cream Truck (NR4)",11414.0,Closed,3.0,1.0,3.0,2.0,1.0173611111111112,0,0.0,0.1283
57434036,2023-04-27 19:36:13,2023-04-27T21:57:52.000,NYPD,noise - commercial,Loud Music/Party,11385.0,Closed,3.0,1.0,3.0,2.0,0.0983680555555555,2,6.0,0.1283
57435168,2023-04-27 19:36:58,2023-05-03T14:55:17.000,DPR,maintenance or facility,Unsecured Facility,11229.0,Closed,4.0,3.0,4.0,2.0,5.804386574074074,0,0.0,0.1689
57434518,2023-04-27 19:39:32,2023-06-06T12:54:07.000,DPR,illegal tree damage,Trunk Damaged,10014.0,Closed,4.0,3.0,4.0,2.0,39.71846064814815,0,0.0,0.1689
57435097,2023-04-27 19:40:16,2023-04-30T12:26:09.000,HPD,heat/hot water,ENTIRE BUILDING,11432.0,Closed,7.0,3.0,4.0,2.0,2.698530092592593,0,0.0,0.2099
57435751,2023-04-27 19:41:25,2023-04-27T20:22:50.000,NYPD,illegal parking,Blocked Sidewalk,11436.0,Closed,6.0,6.0,6.0,4.0,0.028761574074074,2,6.0,0.3679
57432954,2023-04-27 19:41:34,2023-04-27T20:16:54.000,NYPD,illegal parking,Blocked Hydrant,11375.0,Closed,6.0,6.0,4.0,2.0,0.024537037037037,1,3.0,0.2208
57434162,2023-04-27 19:42:04,2023-05-31T15:50:58.000,EDC,noise - helicopter,Other,10023.0,Closed,3.0,1.0,3.0,2.0,33.83951388888889,24,10.0,0.3034
57435023,2023-04-27 19:43:08,2023-05-31T15:51:04.000,EDC,noise - helicopter,Other,10023.0,Closed,3.0,1.0,3.0,2.0,33.83884259259259,25,10.0,0.3034
57435990,2023-04-27 19:44:17,2023-04-27T23:32:33.000,NYPD,illegal parking,Overnight Commercial Storage,11224.0,Closed,5.0,5.0,4.0,2.0,0.1585185185185185,9,10.0,0.35
57435387,2023-04-27 19:44:45,2023-05-31T15:51:10.000,EDC,noise - helicopter,Other,10023.0,Closed,3.0,1.0,3.0,2.0,33.83778935185185,26,10.0,0.3034
57435311,2023-04-27 19:44:58,2023-05-31T15:51:11.000,EDC,noise - helicopter,Other,10023.0,Closed,3.0,1.0,3.0,2.0,33.83765046296296,27,10.0,0.3034
57433927,2023-04-27 19:45:37,2023-05-31T15:51:15.000,EDC,noise - helicopter,Other,10023.0,Closed,3.0,1.0,3.0,2.0,33.83724537037037,28,10.0,0.3034
57435324,2023-04-27 19:47:02,2023-05-31T15:51:18.000,EDC,noise - helicopter,Other,10023.0,Closed,3.0,1.0,3.0,2.0,33.8362962962963,29,10.0,0.3034
57433438,2023-04-27 19:47:53,2023-04-27T20:16:25.000,NYPD,blocked driveway,No Access,11211.0,Closed,5.0,6.0,4.0,2.0,0.0198148148148148,2,6.0,0.2133
57435268,2023-04-27 19:48:59,2023-04-27T20:20:05.000,NYPD,illegal parking,Blocked Hydrant,11205.0,Closed,6.0,6.0,4.0,2.0,0.0215972222222222,18,10.0,0.35
57435969,2023-04-27 19:49:14,2023-05-17T17:03:38.000,HPD,electric,OUTLET/SWITCH,10310.0,Closed,4.0,3.0,4.0,2.0,19.885,0,0.0,0.1689
57433929,2023-04-27 19:49:14,2023-04-27T19:51:03.000,HPD,heat/hot water,ENTIRE BUILDING,10024.0,Closed,7.0,3.0,4.0,2.0,0.001261574074074,1,3.0,0.2099
57433037,2023-04-27 19:51:14,2023-04-27T19:57:27.000,NYPD,noise - residential,Loud Music/Party,11204.0,Closed,3.0,1.0,3.0,2.0,0.0043171296296296,1,3.0,0.1283
57433111,2023-04-27 19:52:04,2023-04-27T21:55:01.000,NYPD,abandoned vehicle,With License Plate,11378.0,Closed,4.0,3.0,4.0,2.0,0.0853819444444444,0,0.0,0.1689
57434622,2023-04-27 19:52:33,2023-04-27T22:23:44.000,NYPD,illegal parking,Blocked Crosswalk,11228.0,Closed,6.0,6.0,4.0,2.0,0.1049884259259259,5,10.0,0.35
57433782,2023-04-27 19:53:00,2023-04-28T07:06:00.000,DEP,water system,Dirty Water (WE),11364.0,Closed,4.0,3.0,4.0,2.0,0.4673611111111111,0,0.0,0.1689
57433769,2023-04-27 19:54:20,2023-12-20T11:07:09.000,DSNY,graffiti,Graffiti,11214.0,Closed,5.0,3.0,4.0,2.0,236.63390046296297,0,0.0,0.2138
57435909,2023-04-27 19:55:37,2023-04-27T19:55:37.000,DOHMH,unleashed dog,Unleashed Dog in Public,11105.0,Closed,4.0,3.0,4.0,2.0,0.0,0,0.0,0.1689
57433337,2023-04-27 19:55:39,2024-02-20T10:25:21.000,HPD,safety,CARBON MONOXIDE DETECTOR,11226.0,Closed,4.0,3.0,4.0,2.0,298.6039583333333,1,3.0,0.2357
57434876,2023-04-27 19:55:45,2023-04-28T18:08:15.000,HPD,paint/plaster,WALL,11219.0,Closed,4.0,3.0,4.0,2.0,0.9253472222222222,0,0.0,0.1689
57434820,2023-04-27 19:57:09,2023-06-06T12:39:02.000,DPR,illegal tree damage,Trunk Damaged,11216.0,Closed,4.0,3.0,4.0,2.0,39.69575231481482,0,0.0,0.1689
57435022,2023-04-27 19:58:10,2023-06-15T08:18:36.000,TLC,for hire vehicle complaint,Driver Complaint - Non Passenger,10003.0,Closed,4.0,3.0,4.0,2.0,48.51418981481481,3,8.0,0.2609
57434983,2023-04-27 19:59:20,2023-04-28T01:07:20.000,NYPD,noise - street/sidewalk,Loud Music/Party,10040.0,Closed,5.0,4.0,6.0,4.0,0.2138888888888888,2,6.0,0.2222
57433928,2023-04-27 20:00:58,2023-05-31T15:51:29.000,EDC,noise - helicopter,Other,10023.0,Closed,3.0,1.0,3.0,2.0,33.82674768518518,30,10.0,0.3034
57434701,2023-04-27 20:01:00,2023-04-28T14:11:00.000,DSNY,derelict vehicles,Derelict Vehicles,11216.0,Closed,4.0,3.0,4.0,2.0,0.7569444444444444,4,10.0,0.1689
57435929,2023-04-27 20:01:23,2023-04-27T22:10:33.000,NYPD,illegal parking,Commercial Overnight Parking,11370.0,Closed,5.0,5.0,4.0,2.0,0.089699074074074,2,6.0,0.2208
57434277,2023-04-27 20:01:25,2023-04-27T20:24:14.000,NYPD,illegal parking,Blocked Hydrant,11209.0,Closed,6.0,6.0,4.0,2.0,0.0158449074074074,9,10.0,0.35
57433834,2023-04-27 20:01:31,2023-06-26T06:09:12.000,DPR,new tree request,For One Address,11432.0,Closed,4.0,3.0,4.0,2.0,59.42200231481481,1,3.0,0.2357
57434444,2023-04-27 20:02:52,2023-04-27T21:09:42.000,NYPD,illegal parking,Posted Parking Sign Violation,11357.0,Closed,5.0,5.0,4.0,2.0,0.046412037037037,6,10.0,0.35
57435287,2023-04-27 20:03:57,2023-05-31T15:51:35.000,EDC,noise - helicopter,Other,10023.0,Closed,3.0,1.0,3.0,2.0,33.82474537037037,31,10.0,0.3034
57434546,2023-04-27 20:04:17,2023-04-27T20:15:24.000,NYPD,illegal parking,Paper License Plates,11208.0,Closed,5.0,5.0,4.0,2.0,0.0077199074074074,8,10.0,0.35
57435251,2023-04-27 20:05:18,2023-05-31T15:51:37.000,EDC,noise - helicopter,Other,10023.0,Closed,3.0,1.0,3.0,2.0,33.82383101851852,32,10.0,0.3034
57435147,2023-04-27 20:06:32,2023-05-31T15:51:40.000,EDC,noise - helicopter,Other,10023.0,Closed,3.0,1.0,3.0,2.0,33.82300925925926,33,10.0,0.3034
57434393,2023-04-27 20:06:51,2023-04-27T20:31:35.000,NYPD,noise - residential,Loud Music/Party,11206.0,Closed,3.0,1.0,3.0,2.0,0.0171759259259259,3,8.0,0.1283
57434328,2023-04-27 20:10:30,2023-04-27T20:23:05.000,NYPD,noise - street/sidewalk,Loud Talking,10017.0,Closed,5.0,4.0,6.0,4.0,0.0087384259259259,1,3.0,0.2133
57435752,2023-04-27 20:11:39,2023-04-28T00:06:36.000,NYPD,illegal parking,Posted Parking Sign Violation,11229.0,Closed,5.0,5.0,4.0,2.0,0.1631597222222222,5,10.0,0.35
57435502,2023-04-27 20:13:23,2023-04-27T20:25:06.000,NYPD,abandoned vehicle,With License Plate,11228.0,Closed,4.0,3.0,4.0,2.0,0.008136574074074,2,6.0,0.1689
57433828,2023-04-27 20:14:00,2023-04-27T22:00:00.000,DEP,sewer,Sewer Backup (Use Comments) (SA),10314.0,Closed,8.0,3.0,7.0,2.0,0.0736111111111111,0,0.0,0.55
57433131,2023-04-27 20:14:26,2023-04-27T23:02:20.000,NYPD,illegal parking,Double Parked Blocking Traffic,10009.0,Closed,5.0,5.0,4.0,2.0,0.1165972222222222,3,8.0,0.2607
57434194,2023-04-27 20:15:45,2023-05-15T17:38:53.000,HPD,plumbing,WATER SUPPLY,11374.0,Closed,4.0,3.0,9.0,2.0,17.891064814814815,0,0.0,0.1689
57432816,2023-04-27 20:16:51,2023-04-27T21:57:29.000,NYPD,illegal parking,Blocked Hydrant,11385.0,Closed,6.0,6.0,4.0,2.0,0.0698842592592592,11,10.0,0.35
57435803,2023-04-27 20:17:51,2023-04-27T21:44:33.000,NYPD,blocked driveway,No Access,11234.0,Closed,5.0,6.0,4.0,2.0,0.0602083333333333,2,6.0,0.2133
57433115,2023-04-27 20:18:31,2023-05-31T15:51:45.000,EDC,noise - helicopter,Other,11414.0,Closed,3.0,1.0,3.0,2.0,33.81474537037037,20,10.0,0.3034
57435374,2023-04-27 20:19:24,2023-04-27T20:59:45.000,NYPD,noise - vehicle,Engine Idling,10458.0,Closed,3.0,1.0,3.0,2.0,0.0280208333333333,1,3.0,0.1283
57434852,2023-04-27 20:21:04,2023-04-27T20:29:34.000,DPR,violation of park rules,Obstructing Public Use,11385.0,Closed,4.0,3.0,4.0,2.0,0.0059027777777777,0,0.0,0.1689
57434704,2023-04-27 20:21:08,2023-04-27T21:10:58.000,NYPD,noise - street/sidewalk,Loud Music/Party,11212.0,Closed,5.0,4.0,6.0,4.0,0.0346064814814814,0,0.0,0.2133
57435483,2023-04-27 20:21:25,2023-04-27T23:32:29.000,NYPD,noise - residential,Loud Music/Party,10039.0,Closed,3.0,1.0,3.0,2.0,0.1326851851851851,3,8.0,0.1283
57433235,2023-04-27 20:25:43,2023-04-28T19:33:41.000,NYPD,blocked driveway,Partial Access,10456.0,Closed,5.0,6.0,4.0,2.0,0.9638657407407408,2,6.0,0.2133
57435783,2023-04-27 20:25:55,2023-04-27T21:09:50.000,NYPD,blocked driveway,No Access,11373.0,Closed,5.0,6.0,4.0,2.0,0.0304976851851851,6,10.0,0.35
57434948,2023-04-27 20:26:55,2023-04-27T22:08:56.000,NYPD,noise - street/sidewalk,Loud Music/Party,11238.0,Closed,5.0,4.0,6.0,4.0,0.0708449074074074,0,0.0,0.2133
57434631,2023-04-27 20:26:55,2023-04-27T21:23:58.000,NYPD,blocked driveway,Partial Access,11691.0,Closed,5.0,6.0,4.0,2.0,0.0396180555555555,0,0.0,0.2133
57433271,2023-04-27 20:27:52,2023-04-28T01:59:59.000,NYPD,abandoned vehicle,With License Plate,11235.0,Closed,4.0,3.0,4.0,2.0,0.230636574074074,1,3.0,0.1689
57434050,2023-04-27 20:28:02,2023-04-27T20:55:41.000,NYPD,noise - residential,Banging/Pounding,10468.0,Closed,3.0,1.0,3.0,2.0,0.0192013888888888,7,10.0,0.1283
57435325,2023-04-27 20:28:17,2023-04-27T23:42:07.000,NYPD,illegal parking,Blocked Hydrant,11385.0,Closed,6.0,6.0,4.0,2.0,0.1346064814814815,12,10.0,0.35
57434711,2023-04-27 20:29:00,2023-04-29T11:05:00.000,DSNY,derelict vehicles,Derelict Vehicles,11235.0,Closed,4.0,3.0,4.0,2.0,1.6083333333333334,1,3.0,0.1689
57435314,2023-04-27 20:29:43,2023-04-28T19:34:28.000,NYPD,illegal parking,Double Parked Blocking Vehicle,10451.0,Closed,5.0,5.0,4.0,2.0,0.9616319444444444,1,3.0,0.2208
57435968,2023-04-27 20:30:08,2023-05-16T11:08:41.000,HPD,unsanitary condition,PESTS,11228.0,Closed,4.0,3.0,4.0,2.0,18.610104166666662,0,0.0,0.1689
57435515,2023-04-27 20:30:26,2024-06-04T00:16:35.000,DOHMH,food establishment,Rodents/Insects/Garbage,11369.0,Closed,5.0,2.0,5.0,4.0,403.1570486111111,0,0.0,0.35
57435741,2023-04-27 20:30:58,2023-04-27T20:31:44.000,NYPD,noise - residential,Loud Music/Party,11206.0,Closed,3.0,1.0,3.0,2.0,0.0005324074074074,4,10.0,0.1283
57432798,2023-04-27 20:31:29,2023-04-27T22:04:14.000,DOT,street condition,Plate Condition - Noisy,10014.0,Closed,8.0,7.0,7.0,7.0,0.0644097222222222,0,0.0,0.55
57434808,2023-04-27 20:31:58,2023-04-27T23:33:20.000,NYPD,blocked driveway,Partial Access,11419.0,Closed,5.0,6.0,4.0,2.0,0.125949074074074,0,0.0,0.2133
57434433,2023-04-27 20:32:53,2023-04-27T20:44:49.000,NYPD,noise - residential,Banging/Pounding,11692.0,Closed,3.0,1.0,3.0,2.0,0.008287037037037,0,0.0,0.1283
57435063,2023-04-27 20:33:01,2023-04-28T21:46:59.000,HPD,heat/hot water,ENTIRE BUILDING,10028.0,Closed,7.0,3.0,4.0,2.0,1.0513657407407409,1,3.0,0.2099
57435219,2023-04-27 20:33:05,,TLC,found property,Clothing/Glasses,11369.0,In Progress,4.0,3.0,4.0,2.0,1259.9336182331251,0,0.0,0.1689
57435242,2023-04-27 20:33:06,2023-04-30T10:26:51.000,HPD,paint/plaster,CEILING,10460.0,Closed,4.0,3.0,4.0,2.0,2.578993055555556,0,0.0,0.1689
57433365,2023-04-27 20:33:06,2023-04-30T10:26:51.000,HPD,door/window,DOOR,10460.0,Closed,4.0,3.0,4.0,2.0,2.578993055555556,3,8.0,0.1689
57433358,2023-04-27 20:34:36,2023-04-27T22:33:47.000,NYPD,noise - residential,Loud Music/Party,10027.0,Closed,3.0,1.0,3.0,2.0,0.0827662037037037,19,10.0,0.1283
57435916,2023-04-27 20:35:19,2023-05-08T10:35:00.000,DOT,street condition,Pothole,10301.0,Closed,8.0,8.0,8.0,7.0,10.583113425925928,1,3.0,0.5798
57433096,2023-04-27 20:35:23,2023-04-27T21:43:28.000,NYPD,illegal parking,Blocked Hydrant,11204.0,Closed,6.0,6.0,4.0,2.0,0.0472800925925925,11,10.0,0.35
57432803,2023-04-27 20:35:47,2023-04-27T21:04:44.000,NYPD,noise - residential,Loud Music/Party,11416.0,Closed,3.0,1.0,3.0,2.0,0.0201041666666666,0,0.0,0.1283
57434833,2023-04-27 20:35:54,2023-04-27T22:02:38.000,NYPD,blocked driveway,Partial Access,11206.0,Closed,5.0,6.0,4.0,2.0,0.0602314814814814,2,6.0,0.2133
57435169,2023-04-27 20:36:12,2023-04-27T22:02:18.000,NYPD,illegal parking,Blocked Hydrant,11204.0,Closed,6.0,6.0,4.0,2.0,0.0597916666666666,12,10.0,0.35
57435286,2023-04-27 20:36:37,2023-08-03T11:00:42.000,TLC,taxi complaint,Driver Complaint - Passenger,10001.0,Closed,4.0,3.0,4.0,2.0,97.60005787037036,0,0.0,0.1689
57434904,2023-04-27 20:38:00,2023-04-27T21:40:00.000,DOT,traffic signal condition,Controller,10029.0,Closed,9.0,10.0,8.0,2.0,0.0430555555555555,0,0.0,0.7209
57433733,2023-04-27 20:38:44,2023-04-28T00:18:52.000,NYPD,blocked driveway,No Access,11385.0,Closed,5.0,6.0,4.0,2.0,0.1528703703703703,1,3.0,0.2133
57434814,2023-04-27 20:38:49,2023-04-27T23:06:10.000,NYPD,noise - commercial,Car/Truck Horn,11435.0,Closed,3.0,1.0,3.0,2.0,0.1023263888888888,0,0.0,0.1283
57432749,2023-04-27 20:39:22,2023-05-01T16:08:29.000,HPD,unsanitary condition,GARBAGE/RECYCLING STORAGE,11216.0,Closed,5.0,2.0,5.0,4.0,3.811886574074074,0,0.0,0.2208
57435092,2023-04-27 20:39:45,2023-04-30T14:49:33.000,HPD,heat/hot water,ENTIRE BUILDING,11435.0,Closed,7.0,3.0,4.0,2.0,2.756805555555556,2,6.0,0.35
57434724,2023-04-27 20:40:00,2023-05-08T13:40:00.000,DOT,street condition,Pothole,10305.0,Closed,8.0,8.0,8.0,7.0,10.708333333333334,1,3.0,0.5798
57432784,2023-04-27 20:40:40,2023-04-27T22:02:45.000,NYPD,illegal parking,Blocked Hydrant,10462.0,Closed,6.0,6.0,4.0,2.0,0.0570023148148148,3,8.0,0.2589
57433270,2023-04-27 20:41:04,2023-04-27T21:27:08.000,NYPD,noise - residential,Loud Music/Party,10025.0,Closed,3.0,1.0,3.0,2.0,0.0319907407407407,7,10.0,0.1283
57433255,2023-04-27 20:43:00,2023-04-27T21:11:58.000,NYPD,encampment,Unknown,10002.0,Closed,4.0,3.0,4.0,2.0,0.0201157407407407,2,6.0,0.1689
57435427,2023-04-27 20:43:22,2023-04-27T21:12:03.000,NYPD,noise - residential,Loud Music/Party,11103.0,Closed,3.0,1.0,3.0,2.0,0.0199189814814814,3,8.0,0.1283
57435089,2023-04-27 20:43:44,2023-04-27T22:32:28.000,NYPD,illegal parking,Blocked Hydrant,11109.0,Closed,6.0,6.0,4.0,2.0,0.0755092592592592,3,8.0,0.2595
57433058,2023-04-27 20:43:55,2023-05-31T15:51:47.000,EDC,noise - helicopter,Other,10016.0,Closed,3.0,1.0,3.0,2.0,33.79712962962963,4,10.0,0.3034
57434636,2023-04-27 20:44:57,2023-04-27T23:47:31.000,NYPD,noise - commercial,Banging/Pounding,10003.0,Closed,3.0,1.0,3.0,2.0,0.1267824074074074,2,6.0,0.1283
57433635,2023-04-27 20:45:30,2023-04-27T21:43:44.000,NYPD,illegal parking,Commercial Overnight Parking,10314.0,Closed,5.0,5.0,4.0,2.0,0.0404398148148148,2,6.0,0.2208
57435553,2023-04-27 20:46:21,2023-04-28T18:07:52.000,HPD,heat/hot water,ENTIRE BUILDING,11221.0,Closed,7.0,3.0,4.0,2.0,0.8899421296296296,5,10.0,0.35
57435252,2023-04-27 20:49:06,2023-05-31T15:51:50.000,EDC,noise - helicopter,Other,10023.0,Closed,3.0,1.0,3.0,2.0,33.793564814814815,34,10.0,0.3034
57435445,2023-04-27 20:49:24,2023-05-01T09:38:46.000,HPD,heat/hot water,APARTMENT ONLY,11225.0,Closed,7.0,3.0,4.0,2.0,3.5342824074074075,1,3.0,0.2868
57435649,2023-04-27 20:49:33,2023-04-27T21:00:24.000,NYPD,illegal parking,Posted Parking Sign Violation,11205.0,Closed,5.0,5.0,4.0,2.0,0.0075347222222222,19,10.0,0.35
57433135,2023-04-27 20:49:56,2023-05-31T15:51:52.000,EDC,noise - helicopter,Other,10023.0,Closed,3.0,1.0,3.0,2.0,33.79300925925926,35,10.0,0.3034
57434308,2023-04-27 20:50:29,2023-05-31T15:51:54.000,EDC,noise - helicopter,Other,10023.0,Closed,3.0,1.0,3.0,2.0,33.79265046296296,36,10.0,0.3034
57434072,2023-04-27 20:50:32,2023-05-03T14:54:12.000,DPR,maintenance or facility,Rodent Sighting,11235.0,Closed,4.0,3.0,4.0,2.0,5.7525462962962965,1,3.0,0.1689
57433923,2023-04-27 20:50:44,2023-05-31T15:51:55.000,EDC,noise - helicopter,Other,10023.0,Closed,3.0,1.0,3.0,2.0,33.792488425925924,37,10.0,0.3034
57434192,2023-04-27 20:51:27,2023-05-31T15:51:56.000,EDC,noise - helicopter,Other,10023.0,Closed,3.0,1.0,3.0,2.0,33.792002314814816,38,10.0,0.3034
57433935,2023-04-27 20:51:42,2023-05-31T15:51:57.000,EDC,noise - helicopter,Other,10023.0,Closed,3.0,1.0,3.0,2.0,33.79184027777778,39,10.0,0.3034
57435071,2023-04-27 20:52:50,2023-04-27T22:41:40.000,NYPD,drug activity,Use Outside,10459.0,Closed,4.0,3.0,4.0,2.0,0.0755787037037037,0,0.0,0.1689
57435855,2023-04-27 20:52:52,2023-04-30T09:47:19.000,HPD,electric,POWER OUTAGE,11208.0,Closed,4.0,3.0,4.0,2.0,2.5378125,0,0.0,0.1689
57434167,2023-04-27 20:53:20,2023-05-31T15:52:01.000,EDC,noise - helicopter,Other,10023.0,Closed,3.0,1.0,3.0,2.0,33.79075231481482,40,10.0,0.3034
57435111,2023-04-27 20:54:00,2023-04-28T16:52:00.000,DOT,street light condition,Street Light Out,11368.0,Closed,7.0,5.0,6.0,5.0,0.8319444444444445,1,3.0,0.3721
57433151,2023-04-27 20:54:16,2023-04-27T21:51:54.000,NYPD,illegal parking,Blocked Hydrant,11226.0,Closed,6.0,6.0,4.0,2.0,0.0400231481481481,4,10.0,0.35
57434140,2023-04-27 20:55:07,2023-05-31T15:52:05.000,EDC,noise - helicopter,Other,10023.0,Closed,3.0,1.0,3.0,2.0,33.78956018518519,41,10.0,0.3034
57434217,2023-04-27 20:55:58,2023-08-10T16:39:50.000,HPD,plumbing,WATER SUPPLY,11237.0,Closed,4.0,3.0,9.0,2.0,104.82212962962964,4,10.0,0.354
57434874,2023-04-27 20:57:34,2023-04-27T21:56:38.000,NYPD,blocked driveway,Partial Access,11203.0,Closed,5.0,6.0,4.0,2.0,0.0410185185185185,4,10.0,0.35
57434341,2023-04-27 20:58:38,2023-04-28T00:12:35.000,NYPD,abandoned vehicle,With License Plate,11223.0,Closed,4.0,3.0,4.0,2.0,0.1346875,0,0.0,0.1689
57435726,2023-04-27 20:58:54,2023-04-28T09:49:32.000,HPD,heat/hot water,APARTMENT ONLY,11220.0,Closed,7.0,3.0,4.0,2.0,0.535162037037037,1,3.0,0.2099
57435624,2023-04-27 20:58:56,2023-04-30T11:27:48.000,HPD,heat/hot water,APARTMENT ONLY,11213.0,Closed,7.0,3.0,4.0,2.0,2.6033796296296297,2,6.0,0.35
57435375,2023-04-27 21:00:11,2023-04-27T22:01:38.000,NYPD,noise - residential,Banging/Pounding,11692.0,Closed,3.0,1.0,3.0,2.0,0.0426736111111111,1,3.0,0.1283
57433318,2023-04-27 21:00:23,2023-04-27T21:57:04.000,NYPD,illegal parking,Blocked Hydrant,11203.0,Closed,6.0,6.0,4.0,2.0,0.0393634259259259,4,10.0,0.35
57436031,2023-04-27 21:01:09,2023-04-28T02:17:54.000,NYPD,illegal parking,Blocked Hydrant,11385.0,Closed,6.0,6.0,4.0,2.0,0.2199652777777777,13,10.0,0.35
57435154,2023-04-27 21:02:05,2023-04-29T18:55:14.000,HPD,heat/hot water,ENTIRE BUILDING,11215.0,Closed,7.0,3.0,4.0,2.0,1.9119097222222223,2,6.0,0.2746
57434177,2023-04-27 21:02:58,2023-04-27T22:44:37.000,NYPD,illegal parking,Double Parked Blocking Traffic,11369.0,Closed,5.0,5.0,4.0,2.0,0.0705902777777777,1,3.0,0.2208
57435017,2023-04-27 21:04:10,2023-04-27T21:04:10.000,DOHMH,rodent,Rat Sighting,11229.0,Closed,4.0,3.0,4.0,2.0,0.0,0,0.0,0.1689
57435692,2023-04-27 21:04:18,2023-04-28T15:25:56.000,DOT,street condition,Blocked - Construction,11218.0,Closed,9.0,8.0,7.0,7.0,0.7650231481481482,1,3.0,0.6399
57434782,2023-04-27 21:04:36,2023-04-27T21:48:29.000,NYPD,illegal parking,Commercial Overnight Parking,10018.0,Closed,5.0,5.0,4.0,2.0,0.030474537037037,1,3.0,0.2208
57434147,2023-04-27 21:04:48,2023-04-27T23:26:38.000,NYPD,illegal parking,Blocked Hydrant,11205.0,Closed,6.0,6.0,4.0,2.0,0.0984953703703703,20,10.0,0.35
57435552,2023-04-27 21:05:00,2023-05-02T21:45:00.000,DEP,noise,Noise: Construction Before/After Hours (NM1),11217.0,Closed,3.0,7.0,3.0,2.0,5.027777777777778,0,0.0,0.1283
57435132,2023-04-27 21:05:27,2023-05-25T10:10:40.000,HPD,plumbing,WATER SUPPLY,11225.0,Closed,4.0,3.0,9.0,2.0,27.545289351851853,1,3.0,0.2357
57433238,2023-04-27 21:05:44,2023-04-27T22:06:52.000,NYPD,illegal parking,Posted Parking Sign Violation,11226.0,Closed,5.0,5.0,4.0,2.0,0.0424537037037037,5,10.0,0.35
57434349,2023-04-27 21:07:32,2023-04-27T22:48:53.000,NYPD,illegal parking,Blocked Sidewalk,10302.0,Closed,6.0,6.0,6.0,4.0,0.0703819444444444,3,8.0,0.4177
57434148,2023-04-27 21:07:43,2023-04-27T21:24:09.000,NYPD,illegal parking,Blocked Hydrant,11205.0,Closed,6.0,6.0,4.0,2.0,0.011412037037037,21,10.0,0.35
57435673,2023-04-27 21:07:45,2023-04-27T21:28:12.000,NYPD,abandoned vehicle,With License Plate,11239.0,Closed,4.0,3.0,4.0,2.0,0.0142013888888888,7,10.0,0.1689
57433328,2023-04-27 21:08:48,2023-04-27T21:28:27.000,NYPD,abandoned vehicle,With License Plate,11239.0,Closed,4.0,3.0,4.0,2.0,0.0136458333333333,8,10.0,0.1689
57433415,2023-04-27 21:09:03,2023-04-28T12:31:41.000,DSNY,dirty condition,Trash,10306.0,Closed,4.0,3.0,4.0,2.0,0.6407175925925926,0,0.0,0.1689
57435699,2023-04-27 21:10:58,2023-04-28T14:17:18.000,NYPD,noise - street/sidewalk,Loud Music/Party,10452.0,Closed,5.0,4.0,6.0,4.0,0.7127314814814815,2,6.0,0.2534
57432849,2023-04-27 21:11:31,2023-05-26T13:27:19.000,HPD,unsanitary condition,GARBAGE/RECYCLING STORAGE,10472.0,Closed,5.0,2.0,5.0,4.0,28.67763888888889,1,3.0,0.4098
57435484,2023-04-27 21:11:34,2023-04-27T23:59:30.000,NYPD,illegal parking,Blocked Sidewalk,11229.0,Closed,6.0,6.0,6.0,4.0,0.1166203703703703,6,10.0,0.469
57433721,2023-04-27 21:11:52,2023-04-29T17:58:51.000,HPD,heat/hot water,ENTIRE BUILDING,10459.0,Closed,7.0,3.0,4.0,2.0,1.865960648148148,2,6.0,0.2691
57435475,2023-04-27 21:11:58,2023-04-27T22:09:52.000,NYPD,noise - residential,Loud Music/Party,10014.0,Closed,3.0,1.0,3.0,2.0,0.0402083333333333,1,3.0,0.1283
57435975,2023-04-27 21:13:48,2023-04-27T23:05:06.000,NYPD,illegal parking,Commercial Overnight Parking,11423.0,Closed,5.0,5.0,4.0,2.0,0.0772916666666666,1,3.0,0.2208
57435225,2023-04-27 21:14:34,2023-04-27T21:19:18.000,NYPD,illegal parking,Posted Parking Sign Violation,11211.0,Closed,5.0,5.0,4.0,2.0,0.003287037037037,11,10.0,0.35
57433315,2023-04-27 21:15:23,2023-04-27T22:12:20.000,NYPD,illegal parking,Posted Parking Sign Violation,11238.0,Closed,5.0,5.0,4.0,2.0,0.0395486111111111,16,10.0,0.35
57434627,2023-04-27 21:16:48,2023-04-29T06:54:27.000,DHS,encampment,Unknown,11373.0,Closed,4.0,3.0,4.0,2.0,1.401145833333333,1,3.0,0.1689
57433895,2023-04-27 21:17:00,2023-04-27T23:31:00.000,DSNY,derelict vehicles,Derelict Vehicles,11369.0,Closed,4.0,3.0,4.0,2.0,0.0930555555555555,0,0.0,0.1689
57433019,2023-04-27 21:17:42,2023-04-27T23:06:32.000,NYPD,illegal parking,Posted Parking Sign Violation,10040.0,Closed,5.0,5.0,4.0,2.0,0.0755787037037037,5,10.0,0.35
57433323,2023-04-27 21:19:05,2023-04-27T22:57:02.000,NYPD,noise - residential,Loud Music/Party,10459.0,Closed,3.0,1.0,3.0,2.0,0.0680208333333333,1,3.0,0.1283
57435878,2023-04-27 21:19:48,2023-04-28T13:23:28.000,DOT,street condition,Blocked - Construction,10014.0,Closed,9.0,8.0,7.0,7.0,0.669212962962963,1,3.0,0.6399
57432919,2023-04-27 21:20:02,2023-04-27T21:22:23.000,NYPD,drug activity,Use Outside,11375.0,Closed,4.0,3.0,4.0,2.0,0.0016319444444444,0,0.0,0.1689
57434953,2023-04-27 21:21:02,2023-04-27T21:22:34.000,NYPD,noise - street/sidewalk,Loud Music/Party,11212.0,Closed,5.0,4.0,6.0,4.0,0.0010648148148148,1,3.0,0.2133
57435353,2023-04-27 21:22:49,2023-04-27T23:42:14.000,NYPD,noise - residential,Loud Music/Party,10030.0,Closed,3.0,1.0,3.0,2.0,0.0968171296296296,1,3.0,0.1283
57433462,2023-04-27 21:23:45,2023-04-28T10:06:37.000,DCWP,consumer complaint,Stoop Line,11226.0,Closed,4.0,3.0,4.0,2.0,0.5297685185185185,0,0.0,0.1689
57433420,2023-04-27 21:24:23,2023-04-27T22:46:37.000,NYPD,blocked driveway,Partial Access,11214.0,Closed,5.0,6.0,4.0,2.0,0.0571064814814814,7,10.0,0.35
57433571,2023-04-27 21:24:45,2023-05-14T18:18:38.000,HPD,unsanitary condition,PESTS,10031.0,Closed,4.0,3.0,4.0,2.0,16.870752314814816,4,10.0,0.2609
57434637,2023-04-27 21:25:38,2023-04-28T03:05:26.000,NYPD,noise - street/sidewalk,Loud Music/Party,10458.0,Closed,5.0,4.0,6.0,4.0,0.2359722222222222,0,0.0,0.2133
57433652,2023-04-27 21:28:28,2023-04-27T23:09:55.000,NYPD,blocked driveway,No Access,11104.0,Closed,5.0,6.0,4.0,2.0,0.0704513888888888,2,6.0,0.2133
57434743,2023-04-27 21:28:47,2023-04-27T23:06:35.000,NYPD,blocked driveway,No Access,11373.0,Closed,5.0,6.0,4.0,2.0,0.0679166666666666,7,10.0,0.35
57435853,2023-04-27 21:29:03,2023-04-27T22:27:42.000,NYPD,noise - residential,Loud Talking,11204.0,Closed,3.0,1.0,3.0,2.0,0.0407291666666666,2,6.0,0.1283
57435658,2023-04-27 21:29:58,2023-04-27T22:08:37.000,NYPD,noise - residential,Loud Music/Party,11206.0,Closed,3.0,1.0,3.0,2.0,0.0268402777777777,5,10.0,0.1283
57435053,2023-04-27 21:32:51,2023-04-27T23:53:54.000,NYPD,noise - street/sidewalk,Loud Music/Party,11207.0,Closed,5.0,4.0,6.0,4.0,0.0979513888888889,1,3.0,0.2133
57435674,2023-04-27 21:33:42,2023-04-27T21:51:29.000,NYPD,noise - residential,Banging/Pounding,11224.0,Closed,3.0,1.0,3.0,2.0,0.012349537037037,0,0.0,0.1283
57434374,2023-04-27 21:36:56,2023-04-29T18:54:59.000,HPD,heat/hot water,APARTMENT ONLY,11226.0,Closed,7.0,3.0,4.0,2.0,1.8875347222222223,11,10.0,0.3984
57435173,2023-04-27 21:37:34,2023-04-29T15:08:39.000,DSNY,litter basket complaint,Overflowing,11205.0,Closed,4.0,2.0,5.0,2.0,1.7299189814814817,1,3.0,0.1689
57434988,2023-04-27 21:39:46,2023-04-28T03:21:09.000,NYPD,illegal parking,Blocked Hydrant,10034.0,Closed,6.0,6.0,4.0,2.0,0.2370717592592592,4,10.0,0.35
57434286,2023-04-27 21:40:03,2023-04-27T22:27:26.000,NYPD,noise - residential,Loud Music/Party,11238.0,Closed,3.0,1.0,3.0,2.0,0.0329050925925925,2,6.0,0.1283
57435291,2023-04-27 21:40:38,2023-04-27T22:58:58.000,NYPD,illegal parking,Blocked Hydrant,11105.0,Closed,6.0,6.0,4.0,2.0,0.0543981481481481,6,10.0,0.35
57434652,2023-04-27 21:41:21,2023-04-28T04:34:27.000,NYPD,illegal parking,Commercial Overnight Parking,11378.0,Closed,5.0,5.0,4.0,2.0,0.286875,8,10.0,0.35
57434606,2023-04-27 21:43:02,2023-04-28T04:10:59.000,NYPD,illegal parking,Commercial Overnight Parking,10461.0,Closed,5.0,5.0,4.0,2.0,0.2694097222222222,10,10.0,0.35
57435712,2023-04-27 21:45:00,2023-04-28T13:17:00.000,DSNY,derelict vehicles,Derelict Vehicles,11223.0,Closed,4.0,3.0,4.0,2.0,0.6472222222222223,0,0.0,0.1689
57435516,2023-04-27 21:45:29,2023-04-27T22:38:15.000,NYPD,noise - residential,Banging/Pounding,11226.0,Closed,3.0,1.0,3.0,2.0,0.0366435185185185,7,10.0,0.1283
57435568,2023-04-27 21:45:56,2023-04-30T18:42:47.000,HPD,heat/hot water,ENTIRE BUILDING,10040.0,Closed,7.0,3.0,4.0,2.0,2.8728125,2,6.0,0.35
57433825,2023-04-27 21:46:17,2023-04-27T22:03:42.000,NYPD,noise - street/sidewalk,Loud Music/Party,10011.0,Closed,5.0,4.0,6.0,4.0,0.0120949074074074,0,0.0,0.2133
57434950,2023-04-27 21:46:21,2023-04-27T22:32:49.000,NYPD,noise - street/sidewalk,Loud Music/Party,10462.0,Closed,5.0,4.0,6.0,4.0,0.0322685185185185,0,0.0,0.2133
57435465,2023-04-27 21:50:00,2023-05-01T22:00:00.000,DEP,noise,Noise: Construction Before/After Hours (NM1),11211.0,Closed,3.0,7.0,3.0,2.0,4.006944444444445,1,3.0,0.1283
57433900,2023-04-27 21:50:42,2023-04-28T19:40:25.000,NYPD,illegal parking,Blocked Sidewalk,10456.0,Closed,6.0,6.0,6.0,4.0,0.909525462962963,2,6.0,0.3679
57436002,2023-04-27 21:52:51,2025-05-13T16:38:36.000,DPR,new tree request,For One Address,10014.0,Closed,4.0,3.0,4.0,2.0,746.7817708333333,1,3.0,0.2357
57432987,2023-04-27 21:52:56,2023-04-27T22:50:38.000,NYPD,drinking,Underage - Licensed Est,10003.0,Closed,4.0,3.0,4.0,2.0,0.0400694444444444,0,0.0,0.1689
57433809,2023-04-27 21:54:05,2023-04-28T02:39:21.000,NYPD,illegal parking,Blocked Hydrant,10453.0,Closed,6.0,6.0,4.0,2.0,0.1981018518518518,3,8.0,0.2632
57433257,2023-04-27 21:54:25,2023-04-27T23:10:07.000,NYPD,noise - residential,Loud Music/Party,11230.0,Closed,3.0,1.0,3.0,2.0,0.0525694444444444,7,10.0,0.1283
57434077,2023-04-27 21:55:24,2023-04-28T18:14:03.000,HPD,heat/hot water,ENTIRE BUILDING,10029.0,Closed,7.0,3.0,4.0,2.0,0.8462847222222222,5,10.0,0.35
57435186,2023-04-27 21:56:40,2023-04-28T01:41:59.000,NYPD,illegal parking,Blocked Hydrant,11223.0,Closed,6.0,6.0,4.0,2.0,0.1564699074074074,11,10.0,0.35
57435977,2023-04-27 21:56:42,2023-04-28T21:42:50.000,NYPD,noise - street/sidewalk,Loud Music/Party,10451.0,Closed,5.0,4.0,6.0,4.0,0.9903703703703703,1,3.0,0.2686
57434702,2023-04-27 21:57:00,2023-04-29T04:50:00.000,DSNY,derelict vehicles,Derelict Vehicles,11209.0,Closed,4.0,3.0,4.0,2.0,1.2868055555555555,0,0.0,0.1689
57434644,2023-04-27 21:57:28,2023-04-27T22:57:59.000,NYPD,noise - residential,Loud Talking,11221.0,Closed,3.0,1.0,3.0,2.0,0.0420254629629629,5,10.0,0.1283
57432753,2023-04-27 21:58:35,2023-04-27T23:40:18.000,NYPD,noise - commercial,Loud Talking,11237.0,Closed,3.0,1.0,3.0,2.0,0.070636574074074,1,3.0,0.1283
57435542,2023-04-27 21:58:51,2023-05-03T09:28:24.000,DSNY,dead animal,Cat,11230.0,Closed,4.0,3.0,4.0,2.0,5.478854166666666,0,0.0,0.1689
57434141,2023-04-27 21:59:47,2023-04-28T05:40:40.000,NYPD,illegal parking,Posted Parking Sign Violation,11421.0,Closed,5.0,5.0,4.0,2.0,0.3200578703703703,4,10.0,0.35
57433632,2023-04-27 22:00:00,2023-04-27T22:15:00.000,DOT,traffic signal condition,Pedestrian Signal,10462.0,Closed,9.0,10.0,8.0,2.0,0.0104166666666666,1,3.0,0.7209
57435786,2023-04-27 22:00:31,2023-04-27T22:57:34.000,NYPD,noise - residential,Loud Talking,11221.0,Closed,3.0,1.0,3.0,2.0,0.0396180555555555,6,10.0,0.1283
57434100,2023-04-27 22:01:29,2023-05-01T09:42:35.000,DOHMH,rodent,Signs of Rodents,11237.0,Closed,4.0,3.0,4.0,2.0,3.486875,2,6.0,0.1689
57434092,2023-04-27 22:02:03,2023-04-27T22:44:37.000,NYPD,noise - residential,Loud Music/Party,11212.0,Closed,3.0,1.0,3.0,2.0,0.0295601851851851,4,10.0,0.1283
57434067,2023-04-27 22:02:52,2023-04-27T22:10:57.000,NYPD,noise - residential,Loud Music/Party,11206.0,Closed,3.0,1.0,3.0,2.0,0.0056134259259259,6,10.0,0.1283
57432791,2023-04-27 22:03:00,2023-05-01T11:06:00.000,DSNY,electronics waste appointment,Ewaste appointment,10314.0,Closed,5.0,2.0,5.0,4.0,3.54375,3,8.0,0.3581
57434035,2023-04-27 22:04:15,2023-04-27T22:42:08.000,NYPD,noise - residential,Loud Music/Party,10019.0,Closed,3.0,1.0,3.0,2.0,0.0263078703703703,2,6.0,0.1283
57435277,2023-04-27 22:04:28,2023-04-27T23:10:53.000,NYPD,illegal parking,Blocked Hydrant,10453.0,Closed,6.0,6.0,4.0,2.0,0.0461226851851851,4,10.0,0.35
57435210,2023-04-27 22:05:23,2023-05-04T10:23:12.000,DSNY,illegal dumping,Removal Request,11370.0,Closed,4.0,3.0,4.0,2.0,6.512372685185185,0,0.0,0.1689
57432940,2023-04-27 22:06:34,2023-04-27T23:04:53.000,NYPD,noise - residential,Banging/Pounding,10029.0,Closed,3.0,1.0,3.0,2.0,0.0404976851851851,2,6.0,0.1283
57433410,2023-04-27 22:06:46,2023-05-06T11:18:24.000,DHS,homeless person assistance,Unknown,UNKNOWN,Closed,4.0,3.0,4.0,2.0,8.54974537037037,13,10.0,0.2559
57433156,2023-04-27 22:07:29,2024-11-12T17:25:58.000,DPR,damaged tree,Tree Alive - in Poor Condition,10305.0,Closed,4.0,3.0,4.0,2.0,564.8045023148148,0,0.0,0.1689
57434182,2023-04-27 22:07:36,2023-04-28T22:33:00.000,NYPD,noise - residential,Loud Music/Party,10452.0,Closed,3.0,1.0,3.0,2.0,1.017638888888889,2,6.0,0.1283
57435104,2023-04-27 22:07:59,2023-05-01T14:13:27.000,HPD,heat/hot water,ENTIRE BUILDING,11365.0,Closed,7.0,3.0,4.0,2.0,3.670462962962963,0,0.0,0.2099
57434658,2023-04-27 22:08:09,2023-05-10T13:02:35.000,DOT,ferry complaint,General Complaint,UNKNOWN,Closed,4.0,3.0,4.0,2.0,12.62113425925926,0,0.0,0.1689
57435555,2023-04-27 22:10:00,2023-04-28T00:30:00.000,DOT,traffic signal condition,Underground,10011.0,Closed,9.0,10.0,8.0,2.0,0.0972222222222222,0,0.0,0.7209
57434646,2023-04-27 22:10:18,2023-04-28T00:37:45.000,NYPD,noise - residential,Loud Talking,11223.0,Closed,3.0,1.0,3.0,2.0,0.1023958333333333,0,0.0,0.1283
57434549,2023-04-27 22:10:48,2023-04-27T22:28:21.000,NYPD,illegal parking,Commercial Overnight Parking,11368.0,Closed,5.0,5.0,4.0,2.0,0.0121875,6,10.0,0.35
57435820,2023-04-27 22:11:47,2023-04-28T04:28:13.000,NYPD,illegal parking,Blocked Hydrant,11385.0,Closed,6.0,6.0,4.0,2.0,0.261412037037037,14,10.0,0.35
57435675,2023-04-27 22:12:54,2023-04-27T22:54:03.000,NYPD,noise - residential,Loud Music/Party,10031.0,Closed,3.0,1.0,3.0,2.0,0.0285763888888888,2,6.0,0.1283
57433440,2023-04-27 22:13:03,2023-04-27T23:14:00.000,NYPD,blocked driveway,No Access,10023.0,Closed,5.0,6.0,4.0,2.0,0.0423263888888888,0,0.0,0.2133
57433738,2023-04-27 22:14:02,2023-05-10T10:19:19.000,HPD,unsanitary condition,PESTS,10458.0,Closed,4.0,3.0,4.0,2.0,12.503668981481482,3,8.0,0.2609
57433008,2023-04-27 22:14:02,2023-05-10T06:13:33.000,HPD,general,CABINET,10458.0,Closed,4.0,3.0,4.0,2.0,12.332997685185186,1,3.0,0.1689
57433281,2023-04-27 22:15:14,2023-04-27T23:08:02.000,NYPD,noise - residential,Loud Music/Party,11222.0,Closed,3.0,1.0,3.0,2.0,0.0366666666666666,3,8.0,0.1283
57433429,2023-04-27 22:15:20,2023-04-28T02:16:33.000,NYPD,illegal parking,Commercial Overnight Parking,11235.0,Closed,5.0,5.0,4.0,2.0,0.167511574074074,13,10.0,0.35
57434068,2023-04-27 22:16:27,2023-04-27T22:46:13.000,NYPD,noise - residential,Loud Music/Party,10463.0,Closed,3.0,1.0,3.0,2.0,0.0206712962962962,3,8.0,0.1283
57433800,2023-04-27 22:17:49,2023-04-27T22:45:11.000,NYPD,noise - commercial,Banging/Pounding,11212.0,Closed,3.0,1.0,3.0,2.0,0.0190046296296296,1,3.0,0.1283
57435305,2023-04-27 22:18:57,2023-04-27T22:43:38.000,NYPD,noise - residential,Banging/Pounding,11206.0,Closed,3.0,1.0,3.0,2.0,0.0171412037037037,7,10.0,0.1283
57432922,2023-04-27 22:19:06,2023-04-27T22:23:31.000,NYPD,drug activity,Use Outside,11375.0,Closed,4.0,3.0,4.0,2.0,0.0030671296296296,1,3.0,0.1689
57435685,2023-04-27 22:19:54,2023-04-27T23:10:02.000,NYPD,noise - residential,Banging/Pounding,11214.0,Closed,3.0,1.0,3.0,2.0,0.0348148148148148,1,3.0,0.1283
57433237,2023-04-27 22:20:00,2023-05-01T21:00:00.000,DEP,noise,Noise: Construction Before/After Hours (NM1),10475.0,Closed,3.0,7.0,3.0,2.0,3.9444444444444446,0,0.0,0.1283
57434114,2023-04-27 22:20:42,2023-04-29T09:31:53.000,HPD,heat/hot water,ENTIRE BUILDING,11214.0,Closed,7.0,3.0,4.0,2.0,1.466099537037037,1,3.0,0.2204
57434418,2023-04-27 22:22:12,2023-04-28T00:11:03.000,NYPD,noise - vehicle,Car/Truck Horn,11364.0,Closed,3.0,1.0,3.0,2.0,0.0755902777777777,0,0.0,0.1283
57434109,2023-04-27 22:24:15,2023-04-27T23:43:54.000,NYPD,noise - street/sidewalk,Loud Talking,11226.0,Closed,5.0,4.0,6.0,4.0,0.0553125,1,3.0,0.2133
57434151,2023-04-27 22:25:10,2023-04-28T06:37:22.000,DSNY,illegal dumping,Removal Request,11224.0,Unspecified,4.0,3.0,4.0,2.0,0.3418055555555555,1,3.0,0.1689
57434396,2023-04-27 22:26:00,2023-04-28T04:00:00.000,DEP,noise,Noise: Construction Before/After Hours (NM1),11208.0,Closed,3.0,7.0,3.0,2.0,0.2319444444444444,0,0.0,0.1283
57435096,2023-04-27 22:26:10,2023-04-27T22:26:10.000,DOHMH,rodent,Rat Sighting,11206.0,Closed,4.0,3.0,4.0,2.0,0.0,1,3.0,0.1689
57432746,2023-04-27 22:26:14,2023-04-29T15:47:52.000,HPD,heat/hot water,ENTIRE BUILDING,10469.0,Closed,7.0,3.0,4.0,2.0,1.7233564814814817,6,10.0,0.3842
57433740,2023-04-27 22:26:17,2023-04-28T16:33:11.000,HPD,water leak,HEAVY FLOW,10458.0,Closed,8.0,3.0,4.0,7.0,0.7547916666666666,1,3.0,0.2824
57434806,2023-04-27 22:26:17,2023-04-28T16:33:12.000,HPD,unsanitary condition,PESTS,10458.0,Closed,4.0,3.0,4.0,2.0,0.7548032407407408,4,10.0,0.1689
57434822,2023-04-27 22:26:17,2023-04-28T16:33:11.000,HPD,unsanitary condition,PESTS,10458.0,Closed,4.0,3.0,4.0,2.0,0.7547916666666666,5,10.0,0.1689
57433042,2023-04-27 22:26:27,2023-05-11T16:28:28.000,HPD,flooring/stairs,FLOOR,10469.0,Closed,4.0,3.0,4.0,2.0,13.751400462962962,0,0.0,0.1689
57433184,2023-04-27 22:26:27,2023-04-29T15:47:55.000,HPD,heat/hot water,APARTMENT ONLY,10469.0,Closed,7.0,3.0,4.0,2.0,1.7232407407407409,7,10.0,0.3842
57433371,2023-04-27 22:26:44,2023-04-28T00:44:17.000,NYPD,illegal parking,Commercial Overnight Parking,10462.0,Closed,5.0,5.0,4.0,2.0,0.0955208333333333,4,10.0,0.35
57435275,2023-04-27 22:26:52,2023-04-27T23:10:35.000,NYPD,illegal parking,Blocked Hydrant,11104.0,Closed,6.0,6.0,4.0,2.0,0.0303587962962962,13,10.0,0.35
57433582,2023-04-27 22:27:06,2023-04-27T23:12:07.000,NYPD,illegal parking,Commercial Overnight Parking,11225.0,Closed,5.0,5.0,4.0,2.0,0.031261574074074,5,10.0,0.35
57435679,2023-04-27 22:30:13,2023-04-27T23:11:14.000,NYPD,blocked driveway,No Access,11204.0,Closed,5.0,6.0,4.0,2.0,0.0284837962962962,2,6.0,0.2133
57435544,2023-04-27 22:30:16,2023-04-27T23:09:05.000,NYPD,noise - residential,Loud Music/Party,11367.0,Closed,3.0,1.0,3.0,2.0,0.0269560185185185,1,3.0,0.1283
57435530,2023-04-27 22:32:00,2023-04-27T23:07:19.000,NYPD,noise - vehicle,Car/Truck Horn,11366.0,Closed,3.0,1.0,3.0,2.0,0.0245254629629629,6,10.0,0.1283
57433336,2023-04-27 22:32:17,2023-04-28T10:52:46.000,HPD,heat/hot water,ENTIRE BUILDING,10024.0,Closed,7.0,3.0,4.0,2.0,0.5142245370370371,2,6.0,0.2099
57435985,2023-04-27 22:33:28,2023-04-27T22:57:41.000,NYPD,noise - residential,Loud Talking,10456.0,Closed,3.0,1.0,3.0,2.0,0.0168171296296296,5,10.0,0.1283
57435129,2023-04-27 22:34:36,2023-05-02T08:17:02.000,DOHMH,rodent,Signs of Rodents,10014.0,Closed,4.0,3.0,4.0,2.0,4.404467592592592,1,3.0,0.1689
57433979,2023-04-27 22:34:41,2023-04-27T22:41:08.000,NYPD,illegal parking,Blocked Hydrant,10472.0,Closed,6.0,6.0,4.0,2.0,0.0044791666666666,4,10.0,0.35
57433837,2023-04-27 22:35:09,2023-06-23T11:31:52.000,TLC,for hire vehicle complaint,Driver Complaint - Non Passenger,11201.0,Closed,4.0,3.0,4.0,2.0,56.53938657407407,1,3.0,0.2357
57435545,2023-04-27 22:37:12,2023-04-28T01:58:31.000,NYPD,illegal parking,Posted Parking Sign Violation,11201.0,Closed,5.0,5.0,4.0,2.0,0.1398032407407407,14,10.0,0.35
57434741,2023-04-27 22:37:26,2023-05-03T13:49:59.000,DOHMH,rodent,Mouse Sighting,11216.0,Closed,4.0,3.0,4.0,2.0,5.633715277777778,4,10.0,0.2531
57433023,2023-04-27 22:38:14,2023-04-27T23:22:36.000,NYPD,noise - residential,Loud Music/Party,11238.0,Closed,3.0,1.0,3.0,2.0,0.0308101851851851,3,8.0,0.1283
57433775,2023-04-27 22:39:03,2023-05-22T08:45:45.000,HPD,paint/plaster,WALL,11207.0,Closed,4.0,3.0,4.0,2.0,24.42131944444445,1,3.0,0.2351
57434805,2023-04-27 22:39:14,2023-04-27T23:13:39.000,NYPD,blocked driveway,No Access,11237.0,Closed,5.0,6.0,4.0,2.0,0.0239004629629629,1,3.0,0.2133
57432947,2023-04-27 22:41:00,2023-04-29T07:33:00.000,DSNY,derelict vehicles,Derelict Vehicles,10454.0,Closed,4.0,3.0,4.0,2.0,1.3694444444444445,0,0.0,0.1689
57434588,2023-04-27 22:41:08,2023-04-28T02:28:45.000,NYPD,non-emergency police matter,Trespassing,11212.0,Closed,5.0,3.0,4.0,2.0,0.1580671296296296,5,10.0,0.2138
57435885,2023-04-27 22:41:37,2023-04-27T23:11:56.000,NYPD,blocked driveway,No Access,11218.0,Closed,5.0,6.0,4.0,2.0,0.0210532407407407,5,10.0,0.35
57433611,2023-04-27 22:42:00,2023-04-29T07:30:00.000,DSNY,derelict vehicles,Derelict Vehicles,11216.0,Closed,4.0,3.0,4.0,2.0,1.3666666666666667,5,10.0,0.1689
57432759,2023-04-27 22:42:02,2023-04-27T22:54:00.000,NYPD,blocked driveway,No Access,11237.0,Closed,5.0,6.0,4.0,2.0,0.0083101851851851,2,6.0,0.2133
57434664,2023-04-27 22:43:03,2023-04-28T00:20:28.000,NYPD,blocked driveway,No Access,11226.0,Closed,5.0,6.0,4.0,2.0,0.0676504629629629,1,3.0,0.2133
57434084,2023-04-27 22:43:21,2023-04-28T00:41:31.000,NYPD,noise - residential,Banging/Pounding,11216.0,Closed,3.0,1.0,3.0,2.0,0.0820601851851851,6,10.0,0.1283
57434674,2023-04-27 22:43:55,2023-04-28T05:09:58.000,NYPD,illegal parking,Blocked Hydrant,10461.0,Closed,6.0,6.0,4.0,2.0,0.2680902777777778,11,10.0,0.35
57433322,2023-04-27 22:43:55,2023-04-27T23:12:11.000,NYPD,illegal parking,Double Parked Blocking Traffic,10031.0,Closed,5.0,5.0,4.0,2.0,0.0196296296296296,2,6.0,0.2208
57433295,2023-04-27 22:47:00,2023-04-28T10:38:37.000,TLC,lost property,Electronics/Phones,10016.0,Closed,4.0,3.0,4.0,2.0,0.4941782407407407,0,0.0,0.1689
57433926,2023-04-27 22:47:33,2023-04-27T23:08:21.000,NYPD,illegal parking,Blocked Hydrant,11222.0,Closed,6.0,6.0,4.0,2.0,0.0144444444444444,18,10.0,0.35
57435734,2023-04-27 22:48:27,2023-04-27T23:46:41.000,NYPD,noise - commercial,Loud Music/Party,10009.0,Closed,3.0,1.0,3.0,2.0,0.0404398148148148,2,6.0,0.1283
57435054,2023-04-27 22:49:36,2023-04-27T23:11:52.000,NYPD,illegal parking,Blocked Hydrant,11214.0,Closed,6.0,6.0,4.0,2.0,0.0154629629629629,10,10.0,0.35
57434457,2023-04-27 22:50:00,2023-05-03T01:00:00.000,DEP,noise,Noise: Construction Before/After Hours (NM1),10016.0,Closed,3.0,7.0,3.0,2.0,5.090277777777778,0,0.0,0.1283
57433965,2023-04-27 22:50:38,2023-04-28T00:18:19.000,NYPD,illegal parking,Blocked Sidewalk,10312.0,Closed,6.0,6.0,6.0,4.0,0.0608912037037037,2,6.0,0.3679
57433228,2023-04-27 22:51:00,2023-04-28T00:55:00.000,DOT,traffic signal condition,Ped Lamp,11377.0,Closed,9.0,10.0,8.0,2.0,0.0861111111111111,0,0.0,0.7209
57433274,2023-04-27 22:53:00,2023-05-01T19:30:00.000,DEP,noise,Noise: Construction Before/After Hours (NM1),10475.0,Closed,3.0,7.0,3.0,2.0,3.859027777777778,1,3.0,0.1283
57434283,2023-04-27 22:53:10,2023-04-28T01:41:47.000,NYPD,noise - residential,Loud Music/Party,10451.0,Closed,3.0,1.0,3.0,2.0,0.1170949074074074,4,10.0,0.1283
57434992,2023-04-27 22:53:23,2023-05-01T14:23:44.000,DPR,damaged tree,Branch or Limb Has Fallen Down,10025.0,Closed,4.0,3.0,4.0,2.0,3.646076388888889,1,3.0,0.1689
57433987,2023-04-27 22:55:31,2023-04-27T23:27:47.000,NYPD,noise - vehicle,Car/Truck Music,10013.0,Closed,3.0,1.0,3.0,2.0,0.0224074074074074,0,0.0,0.1283
57434460,2023-04-27 22:56:21,2023-04-28T01:23:51.000,NYPD,illegal parking,Posted Parking Sign Violation,10471.0,Closed,5.0,5.0,4.0,2.0,0.1024305555555555,5,10.0,0.35
57433780,2023-04-27 22:57:32,2023-04-28T03:53:32.000,NYPD,blocked driveway,No Access,11204.0,Closed,5.0,6.0,4.0,2.0,0.2055555555555555,3,8.0,0.2665
57433843,2023-04-27 22:58:35,2023-04-28T04:49:15.000,NYPD,illegal parking,Blocked Hydrant,11378.0,Closed,6.0,6.0,4.0,2.0,0.2435185185185185,9,10.0,0.35
57435380,2023-04-27 22:59:22,2023-05-01T13:29:17.000,DSNY,illegal dumping,Removal Request,10301.0,Closed,4.0,3.0,4.0,2.0,3.604108796296296,0,0.0,0.1689
57434243,2023-04-27 23:00:00,2023-04-28T00:55:00.000,DOT,traffic signal condition,Pedestrian Signal,11377.0,Closed,9.0,10.0,8.0,2.0,0.0798611111111111,1,3.0,0.7209
57434062,2023-04-27 23:01:15,2023-04-28T00:21:27.000,NYPD,non-emergency police matter,Trespassing,11225.0,Closed,5.0,3.0,4.0,2.0,0.0556944444444444,0,0.0,0.2138
57435329,2023-04-27 23:01:27,2023-04-28T00:09:51.000,NYPD,noise - residential,Loud Music/Party,10019.0,Closed,3.0,1.0,3.0,2.0,0.0475,3,8.0,0.1283
57434827,2023-04-27 23:02:00,2023-04-28T20:13:00.000,DEP,noise,Noise: air condition/ventilation equipment (NV1),10011.0,Closed,3.0,1.0,3.0,2.0,0.8826388888888889,0,0.0,0.1283
57433359,2023-04-27 23:02:17,2023-04-28T02:55:12.000,DHS,homeless person assistance,Unknown,10312.0,Closed,4.0,3.0,4.0,2.0,0.1617476851851851,0,0.0,0.1689
57433018,2023-04-27 23:02:36,2023-04-27T23:13:48.000,NYPD,noise - commercial,Loud Music/Party,10021.0,Closed,3.0,1.0,3.0,2.0,0.0077777777777777,0,0.0,0.1283
57434918,2023-04-27 23:07:17,2023-04-28T00:54:08.000,NYPD,noise - street/sidewalk,Loud Music/Party,10003.0,Closed,5.0,4.0,6.0,4.0,0.0742013888888888,2,6.0,0.2162
57435802,2023-04-27 23:07:43,2023-04-27T23:52:04.000,NYPD,illegal parking,Blocked Crosswalk,11205.0,Closed,6.0,6.0,4.0,2.0,0.0307986111111111,22,10.0,0.35
57434221,2023-04-27 23:07:57,2023-04-27T23:19:41.000,NYPD,noise - street/sidewalk,Loud Talking,10026.0,Closed,5.0,4.0,6.0,4.0,0.0081481481481481,2,6.0,0.2136
57433729,2023-04-27 23:08:53,2023-05-01T14:17:35.000,HPD,heat/hot water,ENTIRE BUILDING,10458.0,Closed,7.0,3.0,4.0,2.0,3.6310416666666665,4,10.0,0.4421
57433891,2023-04-27 23:08:55,2023-05-01T09:40:35.000,HPD,heat/hot water,ENTIRE BUILDING,11221.0,Closed,7.0,3.0,4.0,2.0,3.4386574074074074,6,10.0,0.4432
57435064,2023-04-27 23:10:52,2023-04-27T23:27:06.000,NYPD,illegal parking,Blocked Hydrant,11205.0,Closed,6.0,6.0,4.0,2.0,0.0112731481481481,23,10.0,0.35
57434397,2023-04-27 23:11:00,2023-05-02T23:00:00.000,DEP,air quality,"Air: Dust, Construction/Demolition (AE4)",11211.0,Closed,4.0,7.0,4.0,2.0,4.992361111111111,0,0.0,0.2236
57434458,2023-04-27 23:11:00,2023-04-28T18:28:00.000,DEP,noise,Noise: Construction Before/After Hours (NM1),10016.0,Closed,3.0,7.0,3.0,2.0,0.8034722222222223,1,3.0,0.1283
57433670,2023-04-27 23:11:40,2023-04-28T02:10:39.000,NYPD,noise - vehicle,Car/Truck Music,11432.0,Closed,3.0,1.0,3.0,2.0,0.1242939814814814,0,0.0,0.1283
57432941,2023-04-27 23:11:58,2023-04-28T00:42:33.000,NYPD,noise - residential,Loud Music/Party,11210.0,Closed,3.0,1.0,3.0,2.0,0.0629050925925926,3,8.0,0.1283
57432756,2023-04-27 23:13:46,2023-04-28T00:38:58.000,NYPD,urinating in public,Unknown,11222.0,Closed,4.0,3.0,4.0,2.0,0.0591666666666666,0,0.0,0.1689
57435564,2023-04-27 23:13:49,2023-04-27T23:20:44.000,NYPD,noise - street/sidewalk,Loud Talking,10002.0,Closed,5.0,4.0,6.0,4.0,0.0048032407407407,0,0.0,0.2133
57432917,2023-04-27 23:14:00,2023-04-28T02:08:10.000,NYPD,noise - vehicle,Car/Truck Music,11230.0,Closed,3.0,1.0,3.0,2.0,0.120949074074074,0,0.0,0.1283
57432783,2023-04-27 23:14:09,2023-04-28T00:53:03.000,NYPD,noise - commercial,Loud Music/Party,10003.0,Closed,3.0,1.0,3.0,2.0,0.0686805555555555,3,8.0,0.1283
57432795,2023-04-27 23:14:12,2023-04-28T02:29:13.000,NYPD,noise - residential,Loud Talking,11212.0,Closed,3.0,1.0,3.0,2.0,0.1354282407407407,5,10.0,0.1283
57435571,2023-04-27 23:14:56,2023-04-27T23:27:35.000,NYPD,noise - residential,Loud Music/Party,11221.0,Closed,3.0,1.0,3.0,2.0,0.0087847222222222,7,10.0,0.1283
57435216,2023-04-27 23:14:56,2023-04-29T14:50:45.000,HPD,heat/hot water,ENTIRE BUILDING,11374.0,Closed,7.0,3.0,4.0,2.0,1.6498726851851853,5,10.0,0.3771
57435774,2023-04-27 23:19:18,2023-04-28T01:10:42.000,NYPD,noise - park,Loud Music/Party,11222.0,Closed,3.0,1.0,3.0,2.0,0.0773611111111111,0,0.0,0.1283
57432838,2023-04-27 23:20:57,2023-04-28T14:08:14.000,HPD,heat/hot water,ENTIRE BUILDING,10467.0,Closed,7.0,3.0,4.0,2.0,0.6161689814814815,13,10.0,0.35
57432764,2023-04-27 23:22:38,2023-04-27T23:28:04.000,NYPD,illegal parking,Blocked Bike Lane,10007.0,Closed,6.0,6.0,4.0,2.0,0.0037731481481481,4,10.0,0.35
57433011,2023-04-27 23:22:42,2023-04-28T00:44:37.000,NYPD,noise - residential,Loud Music/Party,10462.0,Closed,3.0,1.0,3.0,2.0,0.056886574074074,4,10.0,0.1283
57433656,2023-04-27 23:23:13,2023-04-28T02:41:54.000,NYPD,noise - vehicle,Car/Truck Music,10452.0,Closed,3.0,1.0,3.0,2.0,0.137974537037037,0,0.0,0.1283
57435088,2023-04-27 23:25:07,2023-04-28T00:03:23.000,NYPD,illegal parking,Blocked Hydrant,11236.0,Closed,6.0,6.0,4.0,2.0,0.026574074074074,11,10.0,0.35
57433153,2023-04-27 23:26:36,2023-04-28T00:07:32.000,NYPD,noise - vehicle,Car/Truck Music,11385.0,Closed,3.0,1.0,3.0,2.0,0.0284259259259259,0,0.0,0.1283
57435547,2023-04-27 23:27:08,2023-04-28T01:36:25.000,NYPD,noise - street/sidewalk,Loud Talking,10455.0,Closed,5.0,4.0,6.0,4.0,0.0897800925925925,2,6.0,0.2168
57433500,2023-04-27 23:27:37,2023-04-28T02:26:58.000,NYPD,noise - street/sidewalk,Loud Music/Party,11372.0,Closed,5.0,4.0,6.0,4.0,0.1245486111111111,2,6.0,0.2183
57433774,2023-04-27 23:28:00,2023-04-28T00:33:02.000,NYPD,noise - commercial,Loud Music/Party,11105.0,Closed,3.0,1.0,3.0,2.0,0.045162037037037,0,0.0,0.1283
57435467,2023-04-27 23:29:00,2023-05-02T20:00:00.000,DEP,noise,Noise: Construction Before/After Hours (NM1),10004.0,Closed,3.0,7.0,3.0,2.0,4.854861111111111,0,0.0,0.1283
57433092,2023-04-27 23:29:00,2023-04-28T05:59:00.000,DEP,noise,Noise: Alarms (NR3),11103.0,Closed,3.0,1.0,3.0,2.0,0.2708333333333333,0,0.0,0.1283
57435283,2023-04-27 23:29:00,2023-04-28T09:35:00.000,DEP,water system,Hydrant Running (WC3),10469.0,Closed,4.0,3.0,4.0,2.0,0.4208333333333333,1,3.0,0.1689
57433575,2023-04-27 23:29:38,2023-04-28T00:11:52.000,NYPD,blocked driveway,No Access,11219.0,Closed,5.0,6.0,4.0,2.0,0.0293287037037037,7,10.0,0.35
57434011,2023-04-27 23:29:41,2023-07-27T08:54:14.000,TLC,taxi complaint,Driver Complaint - Passenger,11430.0,Closed,4.0,3.0,4.0,2.0,90.39204861111112,0,0.0,0.1689
57434744,2023-04-27 23:30:59,2023-04-28T01:25:33.000,NYPD,blocked driveway,No Access,11373.0,Closed,5.0,6.0,4.0,2.0,0.0795601851851851,8,10.0,0.35
57434233,2023-04-27 23:31:06,2023-04-28T04:27:01.000,NYPD,blocked driveway,Partial Access,11226.0,Closed,5.0,6.0,4.0,2.0,0.2054976851851851,2,6.0,0.2133
57435531,2023-04-27 23:32:35,2023-04-28T04:59:54.000,NYPD,noise - residential,Banging/Pounding,10461.0,Closed,3.0,1.0,3.0,2.0,0.2273032407407407,4,10.0,0.1283
57432979,2023-04-27 23:32:36,2023-04-28T02:26:35.000,NYPD,noise - residential,Banging/Pounding,10453.0,Closed,3.0,1.0,3.0,2.0,0.1208217592592592,6,10.0,0.1283
57433886,2023-04-27 23:33:26,2023-04-28T02:32:05.000,NYPD,illegal parking,Posted Parking Sign Violation,11385.0,Closed,5.0,5.0,4.0,2.0,0.1240625,15,10.0,0.35
57433763,2023-04-27 23:34:35,2023-05-25T09:50:22.000,DHS,encampment,Unknown,10009.0,Closed,4.0,3.0,4.0,2.0,27.427627314814814,1,3.0,0.2357
57433715,2023-04-27 23:36:05,2023-04-28T16:47:12.000,HPD,heat/hot water,ENTIRE BUILDING,10463.0,Closed,7.0,3.0,4.0,2.0,0.7160532407407407,4,10.0,0.35
57433014,2023-04-27 23:36:08,2023-04-28T01:11:56.000,NYPD,illegal parking,Posted Parking Sign Violation,10312.0,Closed,5.0,5.0,4.0,2.0,0.0665277777777777,3,8.0,0.2592
57434376,2023-04-27 23:36:54,2023-04-28T00:31:21.000,NYPD,abandoned vehicle,With License Plate,11205.0,Closed,4.0,3.0,4.0,2.0,0.0378125,3,8.0,0.1689
57433361,2023-04-27 23:37:24,2023-05-03T10:50:00.000,DSNY,missed collection,Trash,11230.0,Closed,4.0,3.0,4.0,2.0,5.467083333333333,3,8.0,0.1701
57435315,2023-04-27 23:37:49,2023-04-28T02:44:16.000,DHS,homeless person assistance,Unknown,10016.0,Closed,4.0,3.0,4.0,2.0,0.1294791666666666,0,0.0,0.1689
57435894,2023-04-27 23:39:13,2023-04-28T02:03:41.000,NYPD,illegal parking,Commercial Overnight Parking,11411.0,Closed,5.0,5.0,4.0,2.0,0.100324074074074,1,3.0,0.2208
57432957,2023-04-27 23:39:19,2023-04-28T06:43:28.000,DSNY,obstruction,Trash or Recycling,10027.0,Closed,4.0,4.0,4.0,2.0,0.2945486111111111,0,0.0,0.1689
57433038,2023-04-27 23:39:28,2023-05-05T21:04:19.000,HPD,door/window,DOOR,10467.0,Closed,4.0,3.0,4.0,2.0,7.892256944444444,2,6.0,0.1689
57435828,2023-04-27 23:39:29,2023-04-29T19:11:45.000,HPD,heat/hot water,APARTMENT ONLY,10030.0,Closed,7.0,3.0,4.0,2.0,1.8140740740740744,0,0.0,0.2099
57435625,2023-04-27 23:41:31,2023-04-29T18:16:47.000,HPD,heat/hot water,APARTMENT ONLY,11106.0,Closed,7.0,3.0,4.0,2.0,1.7744907407407406,5,10.0,0.3888
57434708,2023-04-27 23:42:17,2023-04-28T01:28:57.000,NYPD,blocked driveway,No Access,11221.0,Closed,5.0,6.0,4.0,2.0,0.074074074074074,3,8.0,0.2625
57435354,2023-04-27 23:42:55,2023-04-28T01:26:52.000,NYPD,noise - residential,Banging/Pounding,10463.0,Closed,3.0,1.0,3.0,2.0,0.0721875,4,10.0,0.1283
57433634,2023-04-27 23:43:14,2023-04-28T00:12:04.000,NYPD,illegal parking,Commercial Overnight Parking,11236.0,Closed,5.0,5.0,4.0,2.0,0.0200231481481481,12,10.0,0.35
57435209,2023-04-27 23:45:30,2023-04-28T03:14:02.000,NYPD,abandoned vehicle,With License Plate,10037.0,Closed,4.0,3.0,4.0,2.0,0.1448148148148148,0,0.0,0.1689
57435804,2023-04-27 23:49:16,2023-04-28T00:59:11.000,NYPD,noise - residential,Loud Talking,10031.0,Closed,3.0,1.0,3.0,2.0,0.0485532407407407,3,8.0,0.1283
57435655,2023-04-27 23:50:00,2023-05-01T21:30:00.000,DEP,noise,Noise: Construction Before/After Hours (NM1),11216.0,Closed,3.0,7.0,3.0,2.0,3.9027777777777777,0,0.0,0.1283
57433534,2023-04-27 23:50:03,2023-04-28T00:16:37.000,NYPD,noise - residential,Loud Talking,10001.0,Closed,3.0,1.0,3.0,2.0,0.018449074074074,1,3.0,0.1283
57433618,2023-04-27 23:51:41,2023-04-28T02:31:01.000,NYPD,illegal parking,Blocked Bike Lane,11238.0,Closed,6.0,6.0,4.0,2.0,0.1106481481481481,17,10.0,0.35
57435931,2023-04-27 23:52:27,2023-04-28T00:49:45.000,NYPD,illegal parking,Commercial Overnight Parking,11361.0,Closed,5.0,5.0,4.0,2.0,0.0397916666666666,2,6.0,0.2208
57434323,2023-04-27 23:54:33,2023-04-30T11:38:28.000,HPD,heat/hot water,APARTMENT ONLY,10040.0,Closed,7.0,3.0,4.0,2.0,2.4888310185185185,3,8.0,0.35
57435724,2023-04-27 23:54:38,2023-05-10T12:28:17.000,DOT,street condition,"Rough, Pitted or Cracked Roads",10471.0,Closed,8.0,7.0,7.0,7.0,12.523368055555556,1,3.0,0.55
57435167,2023-04-27 23:56:52,2023-04-28T00:16:19.000,NYPD,noise - vehicle,Car/Truck Music,10035.0,Closed,3.0,1.0,3.0,2.0,0.0135069444444444,0,0.0,0.1283
57435360,2023-04-27 23:59:31,2023-04-28T01:09:48.000,NYPD,noise - residential,Loud Music/Party,11355.0,Closed,3.0,1.0,3.0,2.0,0.0488078703703703,1,3.0,0.1283
57433383,2023-04-28 00:02:22,2023-04-28T00:57:45.000,NYPD,noise - residential,Banging/Pounding,11233.0,Closed,3.0,1.0,3.0,2.0,0.0384606481481481,4,10.0,0.1283
57434564,2023-04-28 00:02:40,2023-04-28T00:56:12.000,NYPD,blocked driveway,No Access,11218.0,Closed,5.0,6.0,4.0,2.0,0.0371759259259259,6,10.0,0.35
57434607,2023-04-28 00:02:48,2023-04-28T00:02:48.000,DOHMH,rodent,Rat Sighting,10468.0,Closed,4.0,3.0,4.0,2.0,0.0,0,0.0,0.1689
57434516,2023-04-28 00:04:00,2023-04-28T02:06:16.000,NYPD,blocked driveway,No Access,11204.0,Closed,5.0,6.0,4.0,2.0,0.0849074074074074,4,10.0,0.35
57433887,2023-04-28 00:06:00,2023-05-01T12:51:00.000,DOT,street light condition,Street Light Out,11428.0,Closed,7.0,5.0,6.0,5.0,3.53125,0,0.0,0.3721
57435253,2023-04-28 00:06:29,2023-04-28T00:42:41.000,NYPD,illegal parking,Blocked Hydrant,11210.0,Closed,6.0,6.0,4.0,2.0,0.0251388888888888,5,10.0,0.35
57434735,2023-04-28 00:07:31,2023-04-28T02:03:45.000,NYPD,noise - street/sidewalk,Loud Music/Party,11435.0,Closed,5.0,4.0,6.0,4.0,0.0807175925925925,1,3.0,0.2133
57435171,2023-04-28 00:08:28,2023-04-28T03:27:08.000,NYPD,noise - residential,Loud Music/Party,11216.0,Closed,3.0,1.0,3.0,2.0,0.1379629629629629,7,10.0,0.1283
57432935,2023-04-28 00:09:12,2023-04-28T11:37:53.000,NYPD,noise - residential,Loud Music/Party,10467.0,Closed,3.0,1.0,3.0,2.0,0.4782523148148148,8,10.0,0.1283
57435772,2023-04-28 00:15:38,2023-04-28T06:05:28.000,NYPD,animal-abuse,Other (complaint details),11385.0,Closed,4.0,3.0,4.0,2.0,0.2429398148148148,0,0.0,0.1689
57433246,2023-04-28 00:16:12,2023-04-28T00:35:01.000,NYPD,noise - vehicle,Car/Truck Horn,10016.0,Closed,3.0,1.0,3.0,2.0,0.0130671296296296,4,10.0,0.1283
57435998,2023-04-28 00:17:25,2023-04-28T02:05:14.000,NYPD,noise - street/sidewalk,Loud Music/Party,11433.0,Closed,5.0,4.0,6.0,4.0,0.0748726851851851,1,3.0,0.2133
57435815,2023-04-28 00:17:32,2023-04-28T00:22:45.000,NYPD,blocked driveway,No Access,11226.0,Closed,5.0,6.0,4.0,2.0,0.0036226851851851,3,8.0,0.2605
57434615,2023-04-28 00:17:58,2023-04-28T03:21:03.000,NYPD,noise - street/sidewalk,Loud Music/Party,11435.0,Closed,5.0,4.0,6.0,4.0,0.1271412037037037,2,6.0,0.2184
57435955,2023-04-28 00:17:59,2023-04-28T00:54:38.000,NYPD,noise - street/sidewalk,Loud Music/Party,11385.0,Closed,5.0,4.0,6.0,4.0,0.0254513888888888,1,3.0,0.2133
57433239,2023-04-28 00:18:29,2023-04-28T00:38:12.000,NYPD,noise - vehicle,Car/Truck Horn,10016.0,Closed,3.0,1.0,3.0,2.0,0.0136921296296296,5,10.0,0.1283
57432833,2023-04-28 00:19:14,2023-04-28T00:42:08.000,NYPD,noise - residential,Loud Music/Party,11203.0,Closed,3.0,1.0,3.0,2.0,0.0159027777777777,2,6.0,0.1283
57432796,2023-04-28 00:20:21,2023-04-28T01:54:58.000,NYPD,noise - commercial,Loud Music/Party,10463.0,Closed,3.0,1.0,3.0,2.0,0.0657060185185185,0,0.0,0.1283
57434081,2023-04-28 00:22:47,2023-04-28T01:35:56.000,NYPD,illegal parking,Blocked Hydrant,11223.0,Closed,6.0,6.0,4.0,2.0,0.0507986111111111,12,10.0,0.35
57432834,2023-04-28 00:23:27,2023-04-28T00:33:07.000,NYPD,noise - vehicle,Car/Truck Horn,10016.0,Closed,3.0,1.0,3.0,2.0,0.0067129629629629,6,10.0,0.1283
57434539,2023-04-28 00:24:23,2023-04-28T15:20:08.000,DOT,street condition,"Rough, Pitted or Cracked Roads",11370.0,Closed,8.0,7.0,7.0,7.0,0.6220486111111111,0,0.0,0.55
57435361,2023-04-28 00:24:30,2023-04-28T01:02:03.000,NYPD,noise - residential,Loud Music/Party,10033.0,Closed,3.0,1.0,3.0,2.0,0.0260763888888888,2,6.0,0.1283
57435708,2023-04-28 00:25:05,2023-04-28T01:01:16.000,NYPD,noise - residential,Loud Music/Party,11207.0,Closed,3.0,1.0,3.0,2.0,0.0251273148148148,1,3.0,0.1283
57432758,2023-04-28 00:25:35,2023-04-28T00:55:00.000,NYPD,noise - commercial,Banging/Pounding,11374.0,Closed,3.0,1.0,3.0,2.0,0.0204282407407407,0,0.0,0.1283
57432925,2023-04-28 00:26:00,2023-04-28T23:37:00.000,DSNY,derelict vehicles,Derelict Vehicles,10468.0,Closed,4.0,3.0,4.0,2.0,0.9659722222222222,1,3.0,0.1689
57434059,2023-04-28 00:26:15,2023-04-28T01:44:13.000,NYPD,noise - residential,Loud Music/Party,11365.0,Closed,3.0,1.0,3.0,2.0,0.0541435185185185,0,0.0,0.1283
57433407,2023-04-28 00:28:35,2023-04-28T01:30:58.000,NYPD,illegal parking,Unauthorized Bus Layover,11236.0,Closed,5.0,5.0,4.0,2.0,0.0433217592592592,13,10.0,0.35
57434171,2023-04-28 00:28:47,2023-04-28T00:42:10.000,NYPD,noise - residential,Loud Music/Party,10469.0,Closed,3.0,1.0,3.0,2.0,0.0092939814814814,1,3.0,0.1283
57435248,2023-04-28 00:30:53,2023-04-28T01:28:49.000,NYPD,noise - residential,Loud Music/Party,11208.0,Closed,3.0,1.0,3.0,2.0,0.0402314814814814,3,8.0,0.1283
57433036,2023-04-28 00:34:13,2023-04-28T01:04:47.000,NYPD,noise - residential,Loud Music/Party,10466.0,Closed,3.0,1.0,3.0,2.0,0.0212268518518518,4,10.0,0.1283
57435705,2023-04-28 00:34:14,2023-04-28T00:53:33.000,NYPD,noise - commercial,Loud Music/Party,11385.0,Closed,3.0,1.0,3.0,2.0,0.0134143518518518,3,8.0,0.1283
57433637,2023-04-28 00:35:00,2023-04-28T05:20:00.000,DSNY,derelict vehicles,Derelict Vehicles,10467.0,Closed,4.0,3.0,4.0,2.0,0.1979166666666666,2,6.0,0.1689
57433877,2023-04-28 00:38:16,2023-04-28T01:04:25.000,NYPD,noise - street/sidewalk,Loud Music/Party,10034.0,Closed,5.0,4.0,6.0,4.0,0.0181597222222222,2,6.0,0.214
57433916,2023-04-28 00:40:10,2023-04-28T05:33:58.000,NYPD,non-emergency police matter,Other (complaint details),11421.0,Closed,5.0,3.0,4.0,2.0,0.2040277777777777,2,6.0,0.2138
57433433,2023-04-28 00:43:53,2023-04-28T02:38:50.000,NYPD,blocked driveway,No Access,10466.0,Closed,5.0,6.0,4.0,2.0,0.0798263888888888,4,10.0,0.35
57435018,2023-04-28 00:45:07,2023-05-04T08:45:38.000,DOT,street sign - missing,Street Cleaning - ASP,10454.0,Closed,4.0,3.0,4.0,2.0,6.33369212962963,0,0.0,0.1689
57434677,2023-04-28 00:46:18,2023-04-28T02:25:55.000,NYPD,noise - vehicle,Car/Truck Music,11368.0,Closed,3.0,1.0,3.0,2.0,0.0691782407407407,0,0.0,0.1283
57434514,2023-04-28 00:47:00,2023-04-28T12:28:00.000,DSNY,derelict vehicles,Derelict Vehicles,UNKNOWN,Closed,4.0,3.0,4.0,2.0,0.4868055555555555,9,10.0,0.1689
57433028,2023-04-28 00:47:14,2023-04-28T01:43:31.000,NYPD,noise - residential,Loud Music/Party,11365.0,Closed,3.0,1.0,3.0,2.0,0.0390856481481481,1,3.0,0.1283
57432785,2023-04-28 00:50:48,2023-04-28T01:22:18.000,NYPD,illegal parking,Blocked Hydrant,11210.0,Closed,6.0,6.0,4.0,2.0,0.021875,6,10.0,0.35
57434256,2023-04-28 00:51:04,2023-04-28T01:29:51.000,NYPD,noise - commercial,Loud Music/Party,10002.0,Closed,3.0,1.0,3.0,2.0,0.0269328703703703,7,10.0,0.1283
57432866,2023-04-28 00:52:39,2023-04-28T01:23:34.000,NYPD,noise - residential,Banging/Pounding,10473.0,Closed,3.0,1.0,3.0,2.0,0.0214699074074074,4,10.0,0.1283
57433490,2023-04-28 00:56:22,2023-04-28T01:44:16.000,NYPD,noise - commercial,Loud Music/Party,10014.0,Closed,3.0,1.0,3.0,2.0,0.0332638888888888,2,6.0,0.1283
57434517,2023-04-28 00:56:33,2023-04-28T22:50:02.000,NYPD,noise - street/sidewalk,Loud Music/Party,10452.0,Closed,5.0,4.0,6.0,4.0,0.9121412037037036,3,8.0,0.35
57434485,2023-04-28 01:02:53,2023-04-28T01:38:17.000,NYPD,noise - residential,Loud Music/Party,10013.0,Closed,3.0,1.0,3.0,2.0,0.0245833333333333,0,0.0,0.1283
57435326,2023-04-28 01:03:39,2023-04-28T01:09:24.000,NYPD,noise - residential,Loud Music/Party,10003.0,Closed,3.0,1.0,3.0,2.0,0.0039930555555555,1,3.0,0.1283
57434082,2023-04-28 01:04:47,2023-04-28T03:18:51.000,NYPD,noise - residential,Loud Music/Party,11370.0,Closed,3.0,1.0,3.0,2.0,0.0931018518518518,0,0.0,0.1283
57434075,2023-04-28 01:05:53,2023-04-28T01:19:58.000,NYPD,illegal parking,Posted Parking Sign Violation,11205.0,Closed,5.0,5.0,4.0,2.0,0.0097800925925925,24,10.0,0.35
57434582,2023-04-28 01:11:32,2023-04-28T01:57:16.000,NYPD,noise - commercial,Loud Music/Party,10458.0,Closed,3.0,1.0,3.0,2.0,0.0317592592592592,1,3.0,0.1283
57435728,2023-04-28 01:15:42,2023-04-28T03:24:04.000,NYPD,noise - street/sidewalk,Loud Talking,10040.0,Closed,5.0,4.0,6.0,4.0,0.0891435185185185,3,8.0,0.314
57433937,2023-04-28 01:21:53,2023-04-28T06:42:17.000,NYPD,illegal parking,Double Parked Blocking Vehicle,10462.0,Closed,5.0,5.0,4.0,2.0,0.2225,5,10.0,0.35
57434017,2023-04-28 01:21:56,2023-04-28T02:25:59.000,NYPD,noise - residential,Loud Music/Party,10457.0,Closed,3.0,1.0,3.0,2.0,0.0444791666666666,4,10.0,0.1283
57432928,2023-04-28 01:27:28,2023-04-28T19:24:16.000,NYPD,illegal parking,Double Parked Blocking Vehicle,10452.0,Closed,5.0,5.0,4.0,2.0,0.7477777777777778,2,6.0,0.2208
57433502,2023-04-28 01:34:08,2023-04-28T03:03:12.000,NYPD,noise - street/sidewalk,Loud Music/Party,10016.0,Closed,5.0,4.0,6.0,4.0,0.0618518518518518,0,0.0,0.2133
57434137,2023-04-28 01:34:34,2023-04-28T03:58:41.000,NYPD,abandoned vehicle,With License Plate,11365.0,Closed,4.0,3.0,4.0,2.0,0.1000810185185185,0,0.0,0.1689
57434237,2023-04-28 01:39:23,2023-04-28T02:25:58.000,NYPD,noise - vehicle,Car/Truck Horn,11356.0,Closed,3.0,1.0,3.0,2.0,0.032349537037037,0,0.0,0.1283
57434490,2023-04-28 01:40:05,2023-05-22T00:00:00.000,DSNY,graffiti,Graffiti,10009.0,Closed,5.0,3.0,4.0,2.0,23.930497685185184,2,6.0,0.3094
57433868,2023-04-28 01:41:35,2024-06-04T00:16:45.000,DOHMH,food establishment,Food Spoiled,11209.0,Closed,4.0,3.0,4.0,2.0,402.94108796296297,1,3.0,0.2357
57435647,2023-04-28 01:42:39,2023-04-28T02:11:40.000,NYPD,noise - street/sidewalk,Loud Music/Party,11230.0,Closed,5.0,4.0,6.0,4.0,0.0201504629629629,0,0.0,0.2133
57435952,2023-04-28 01:44:55,2023-05-08T00:00:00.000,DSNY,graffiti,Graffiti,10009.0,Closed,5.0,3.0,4.0,2.0,9.927141203703703,3,8.0,0.2874
57434505,2023-04-28 01:46:02,2023-04-28T02:17:26.000,NYPD,noise - commercial,Loud Music/Party,11233.0,Closed,3.0,1.0,3.0,2.0,0.0218055555555555,1,3.0,0.1283
57434519,2023-04-28 01:48:11,2023-05-08T00:00:00.000,DSNY,graffiti,Graffiti,10009.0,Closed,5.0,3.0,4.0,2.0,9.924872685185186,4,10.0,0.3094
57433759,2023-04-28 01:48:53,2023-12-20T11:07:09.000,DSNY,graffiti,Graffiti,10009.0,Closed,5.0,3.0,4.0,2.0,236.3876851851852,5,10.0,0.4044
57435162,2023-04-28 01:48:59,2023-04-28T14:02:09.000,DSNY,illegal dumping,Chronic Dumping,11101.0,Closed,4.0,3.0,4.0,2.0,0.5091435185185185,0,0.0,0.1689
57434058,2023-04-28 01:53:03,2023-04-28T02:03:13.000,NYPD,noise - commercial,Loud Talking,10023.0,Closed,3.0,1.0,3.0,2.0,0.0070601851851851,0,0.0,0.1283
57433033,2023-04-28 01:54:15,2023-04-28T02:25:32.000,NYPD,noise - residential,Loud Music/Party,10031.0,Closed,3.0,1.0,3.0,2.0,0.021724537037037,4,10.0,0.1283
57434883,2023-04-28 02:08:48,2023-04-28T02:23:25.000,NYPD,illegal parking,Blocked Hydrant,11236.0,Closed,6.0,6.0,4.0,2.0,0.0101504629629629,14,10.0,0.35
57446453,2023-04-28 09:47:45,2023-05-13T09:11:49.000,DSNY,litter basket request,New Basket,10014.0,Closed,4.0,2.0,5.0,2.0,14.975046296296297,0,0.0,0.1689
57443728,2023-04-28 10:50:33,2023-05-09T23:42:57.000,DHS,homeless person assistance,Unknown,UNKNOWN,Closed,4.0,3.0,4.0,2.0,11.536388888888888,14,10.0,0.2609
57447822,2023-04-28 14:17:03,2023-04-30T00:45:54.000,DHS,homeless person assistance,Unknown,UNKNOWN,Closed,4.0,3.0,4.0,2.0,1.4367013888888889,15,10.0,0.1734
57449484,2023-04-28 16:33:00,2023-05-01T11:10:00.000,DSNY,electronics waste appointment,Ewaste appointment,10306.0,Closed,5.0,2.0,5.0,4.0,2.7756944444444445,4,10.0,0.4446
57442048,2023-04-28 17:32:16,2023-05-03T14:50:37.000,DSNY,illegal dumping,Removal Request,11207.0,Closed,4.0,3.0,4.0,2.0,4.887743055555555,2,6.0,0.1689
57448585,2023-04-28 17:56:00,,DEP,sewer,Manhole Overflow (Use Comments) (SA1),11235.0,Open,8.0,3.0,7.0,2.0,1259.0427307487153,0,0.0,0.55
57450109,2023-04-28 23:55:47,2023-04-29T08:36:11.000,DHS,homeless person assistance,Unknown,UNKNOWN,Closed,4.0,3.0,4.0,2.0,0.3613888888888888,16,10.0,0.1689
57453907,2023-04-29 05:49:41,2023-05-07T04:59:55.000,DOT,highway condition,Pothole - Highway,UNKNOWN,Closed,8.0,8.0,8.0,7.0,7.965439814814815,2,6.0,0.5798
57455368,2023-04-29 05:51:36,,DOHMH,standing water,Swimming Pool - Unmaintained,10465.0,In Progress,4.0,3.0,4.0,2.0,1258.5457909843865,0,0.0,0.1689
57455225,2023-04-29 10:46:05,,DPR,dead/dying tree,Planted More Than 2 Years Ago,10462.0,In Progress,4.0,3.0,4.0,2.0,1258.3412757615392,0,0.0,0.1689
57453653,2023-04-29 13:16:57,2023-05-01T19:52:25.000,HPD,heat/hot water,ENTIRE BUILDING,11230.0,Closed,7.0,3.0,4.0,2.0,2.27462962962963,5,10.0,0.4242
57455213,2023-04-29 18:45:46,2024-10-17T09:46:36.000,DPR,new tree request,For One Address,11206.0,Closed,4.0,3.0,4.0,2.0,536.6255787037037,3,8.0,0.2609
57451752,2023-04-29 22:55:58,2023-05-01T13:18:17.000,DSNY,obstruction,Cone,11208.0,Closed,4.0,4.0,4.0,2.0,1.5988310185185186,0,0.0,0.1689
57455855,2023-04-29 23:57:56,2023-05-04T12:22:18.000,DHS,homeless person assistance,Unknown,UNKNOWN,Closed,4.0,3.0,4.0,2.0,4.516921296296296,17,10.0,0.255
57464543,2023-04-30 02:48:00,2023-04-30T14:20:00.000,DOT,traffic signal condition,Controller,UNKNOWN,Closed,9.0,10.0,8.0,2.0,0.4805555555555555,3,8.0,0.7209
57467529,2023-04-30 15:43:21,2023-04-30T15:43:21.000,DOT,street condition,Pothole,11210.0,Closed,8.0,8.0,8.0,7.0,0.0,1,3.0,0.5798
57467349,2023-04-30 16:33:58,2023-04-30T16:33:58.000,DOT,street condition,Pothole,11210.0,Closed,8.0,8.0,8.0,7.0,0.0,2,6.0,0.5798
57462043,2023-04-30 18:58:39,2023-04-30T18:58:39.000,DOT,street condition,Pothole,11210.0,Closed,8.0,8.0,8.0,7.0,0.0,3,8.0,0.5798
57465150,2023-04-30 18:58:49,2023-04-30T18:58:49.000,DOT,street condition,Pothole,11210.0,Closed,8.0,8.0,8.0,7.0,0.0,4,10.0,0.6356
57466298,2023-04-30 19:11:17,2023-04-30T19:11:17.000,DOT,street condition,Pothole,11210.0,Closed,8.0,8.0,8.0,7.0,0.0,5,10.0,0.6356
57464216,2023-04-30 19:35:19,2023-04-30T19:35:19.000,DOT,street condition,Pothole,11210.0,Closed,8.0,8.0,8.0,7.0,0.0,6,10.0,0.6356
57463153,2023-04-30 20:41:04,2023-04-30T20:41:04.000,DOT,street condition,Pothole,11210.0,Closed,8.0,8.0,8.0,7.0,0.0,7,10.0,0.6356
57464883,2023-05-01 00:07:48,2023-05-03T12:55:40.000,DSNY,missed collection,Trash,11219.0,Closed,4.0,3.0,4.0,2.0,2.533240740740741,5,10.0,0.2528
57472185,2023-05-01 06:37:48,2023-05-02T13:46:59.000,DOT,sidewalk condition,Broken Sidewalk,10310.0,Closed,6.0,4.0,6.0,4.0,1.2980439814814817,0,0.0,0.3679
57470306,2023-05-01 07:29:30,2023-05-01T08:32:25.000,NYPD,illegal parking,Posted Parking Sign Violation,11420.0,Closed,5.0,5.0,4.0,2.0,0.0436921296296296,1,3.0,0.2208
57472395,2023-05-01 07:39:07,2023-05-01T07:39:07.000,DOT,street condition,Pothole,11210.0,Closed,8.0,8.0,8.0,7.0,0.0,8,10.0,0.6356
57474271,2023-05-01 08:06:25,2023-05-01T09:09:22.000,NYPD,abandoned vehicle,With License Plate,10306.0,Closed,4.0,3.0,4.0,2.0,0.0437152777777777,0,0.0,0.1689
57468790,2023-05-01 09:13:33,,EDC,noise - helicopter,Other,11238.0,In Progress,3.0,1.0,3.0,2.0,1256.4055445484953,21,10.0,0.3034
57473510,2023-05-01 10:08:00,2023-05-01T11:05:00.000,DEP,water system,Possible Water Main Break (Use Comments) (WA1),11203.0,Closed,9.0,8.0,9.0,7.0,0.0395833333333333,0,0.0,0.7432
57473896,2023-05-01 10:24:50,2023-05-03T09:08:59.000,DSNY,illegal dumping,Removal Request,11412.0,Closed,4.0,3.0,4.0,2.0,1.947326388888889,0,0.0,0.1689
57473531,2023-05-01 10:59:08,2023-05-01T11:02:47.000,NYPD,drug activity,Use Outside,11366.0,Closed,4.0,3.0,4.0,2.0,0.0025347222222222,32,10.0,0.1689
57471711,2023-05-01 11:58:00,2023-04-28T11:58:00.000,DOT,street light condition,Street Light Out,UNKNOWN,Pending,7.0,5.0,6.0,5.0,0.0,2,6.0,0.3721
57473100,2023-05-01 12:11:02,2023-05-01T12:22:11.000,NYPD,illegal parking,Blocked Sidewalk,11377.0,Closed,6.0,6.0,6.0,4.0,0.0077430555555555,9,10.0,0.469
57475041,2023-05-01 12:38:33,2023-05-01T13:58:50.000,NYPD,blocked driveway,No Access,10454.0,Closed,5.0,6.0,4.0,2.0,0.0557523148148148,5,10.0,0.35
57471083,2023-05-01 13:24:57,2023-05-02T11:05:46.000,DSNY,dirty condition,Trash,11223.0,Closed,4.0,3.0,4.0,2.0,0.9033449074074074,1,3.0,0.1689
57472742,2023-05-01 14:58:54,2023-05-04T07:45:00.000,HPD,heat/hot water,ENTIRE BUILDING,10019.0,Closed,7.0,3.0,4.0,2.0,2.698680555555556,1,3.0,0.2801
57476777,2023-05-01 15:33:07,2023-05-18T10:08:38.000,TLC,for hire vehicle complaint,Driver Complaint - Non Passenger,11218.0,Closed,4.0,3.0,4.0,2.0,16.77466435185185,0,0.0,0.1689
57473078,2023-05-01 16:08:00,2023-05-01T17:05:00.000,DOT,traffic signal condition,Controller,UNKNOWN,Closed,9.0,10.0,8.0,2.0,0.0395833333333333,4,10.0,0.7209
57476563,2023-05-01 16:31:09,2023-05-07T09:27:33.000,HPD,unsanitary condition,MOLD,10019.0,Closed,4.0,3.0,4.0,2.0,5.7058333333333335,0,0.0,0.1689
57473802,2023-05-01 16:34:12,2025-05-13T16:39:09.000,DPR,new tree request,For One Address,11213.0,Closed,4.0,3.0,4.0,2.0,743.0034375,0,0.0,0.1689
57476948,2023-05-01 16:58:04,2023-05-01T18:50:40.000,NYPD,noise - residential,Loud Music/Party,10468.0,Closed,3.0,1.0,3.0,2.0,0.0781944444444444,8,10.0,0.1283
57472684,2023-05-01 17:13:07,2023-05-05T13:58:06.000,DSNY,dirty condition,Debris from Car Accident,11356.0,Closed,4.0,3.0,4.0,2.0,3.864571759259259,0,0.0,0.1689
57474780,2023-05-01 17:43:03,2023-05-01T19:26:52.000,NYPD,blocked driveway,Partial Access,11223.0,Closed,5.0,6.0,4.0,2.0,0.0720949074074074,5,10.0,0.35
57469493,2023-05-01 21:35:00,2023-05-02T11:59:00.000,DEP,noise,"Noise, Barking Dog (NR5)",11374.0,Closed,3.0,1.0,3.0,2.0,0.6,1,3.0,0.1283
57469941,2023-05-02 01:27:10,2023-05-02T02:04:29.000,NYPD,noise - residential,Loud Music/Party,10454.0,Closed,3.0,1.0,3.0,2.0,0.0259143518518518,2,6.0,0.1283
57472154,2023-05-02 01:31:03,2023-05-02T02:03:26.000,NYPD,blocked driveway,No Access,11374.0,Closed,5.0,6.0,4.0,2.0,0.0224884259259259,0,0.0,0.2133
58023134,2023-06-27 02:06:03,2023-11-16T00:00:00.000,DOB,general construction/plumbing,Building Permit - None,11235.0,Closed,4.0,7.0,4.0,2.0,141.91246527777778,0,0.0,0.3225
58024620,2023-06-27 06:29:26,,DPR,overgrown tree/branches,Blocking Street,11355.0,In Progress,4.0,3.0,4.0,2.0,1199.51949672294,0,0.0,0.1689
58023411,2023-06-27 07:59:00,2023-06-23T07:58:00.000,DOT,street light condition,Fixture/Luminaire Door Open,UNKNOWN,Pending,7.0,5.0,6.0,5.0,0.0,0,0.0,0.3721
58028770,2023-06-27 12:38:51,2023-11-01T11:40:18.000,DPR,damaged tree,Branch or Limb Has Fallen Down,11367.0,Closed,4.0,3.0,4.0,2.0,126.95934027777778,0,0.0,0.1689
58026662,2023-06-27 14:48:31,2023-06-28T15:08:02.000,DSNY,residential disposal complaint,Waste Set Out Too Early or Too Late,11206.0,Closed,5.0,2.0,5.0,4.0,1.0135532407407408,0,0.0,0.2208
58031005,2023-06-27 19:32:55,2023-06-27T20:10:39.000,NYPD,non-emergency police matter,Other (complaint details),10032.0,Closed,5.0,3.0,4.0,2.0,0.0262037037037037,0,0.0,0.2138
58023049,2023-06-27 20:04:28,2023-08-01T08:06:57.000,HPD,door/window,WINDOW FRAME,10312.0,Closed,4.0,3.0,4.0,2.0,34.501724537037035,0,0.0,0.1689
58029625,2023-06-27 21:23:21,2023-06-27T21:54:46.000,NYPD,noise - residential,Banging/Pounding,10018.0,Closed,3.0,1.0,3.0,2.0,0.0218171296296296,0,0.0,0.1283
58029558,2023-06-27 21:40:32,2023-06-27T21:59:17.000,NYPD,noise - commercial,Loud Music/Party,10452.0,Closed,3.0,1.0,3.0,2.0,0.0130208333333333,0,0.0,0.1283
58024137,2023-06-27 21:51:14,2023-06-27T21:58:00.000,NYPD,illegal fireworks,Unknown,10027.0,Closed,9.0,3.0,4.0,2.0,0.004699074074074,0,0.0,0.3005
58030794,2023-06-27 23:02:00,2023-06-28T06:00:00.000,DEP,water system,LOW WATER PRESSURE - WLWP,10014.0,Closed,4.0,3.0,4.0,2.0,0.2902777777777778,0,0.0,0.1689
58028190,2023-06-27 23:56:17,2023-06-28T00:18:15.000,NYPD,noise - street/sidewalk,Loud Talking,10032.0,Closed,5.0,4.0,6.0,4.0,0.0152546296296296,0,0.0,0.2133
58024051,2023-06-28 00:46:31,2023-06-28T05:24:55.000,NYPD,illegal parking,Blocked Crosswalk,10461.0,Closed,6.0,6.0,4.0,2.0,0.1933333333333333,0,0.0,0.2208
58031637,2023-06-29 00:57:49,2023-06-29T01:11:51.000,NYPD,noise - residential,Loud Television,10003.0,Closed,3.0,1.0,3.0,2.0,0.0097453703703703,0,0.0,0.1283
58047229,2023-06-29 08:44:34,2023-06-30T12:59:58.000,DSNY,dead animal,Opossum,11229.0,Closed,4.0,3.0,4.0,2.0,1.177361111111111,0,0.0,0.1689
58046089,2023-06-29 11:48:28,2023-06-30T05:19:48.000,DSNY,residential disposal complaint,Waste Set Out Too Early or Too Late,11229.0,Closed,5.0,2.0,5.0,4.0,0.7300925925925926,0,0.0,0.2208
58042190,2023-06-29 18:40:07,2023-06-29T18:51:40.000,NYPD,illegal parking,Double Parked Blocking Traffic,10002.0,Closed,5.0,5.0,4.0,2.0,0.0080208333333333,0,0.0,0.2208
58061137,2023-06-30 12:10:56,2023-07-01T10:05:03.000,DSNY,dirty condition,Trash,10304.0,Closed,4.0,3.0,4.0,2.0,0.9125810185185184,0,0.0,0.1689
58058750,2023-06-30 19:40:05,2023-06-30T21:34:04.000,NYPD,noise - residential,Loud Music/Party,10452.0,Closed,3.0,1.0,3.0,2.0,0.0791550925925926,0,0.0,0.1283
58060858,2023-06-30 23:33:31,2023-07-01T02:21:14.000,NYPD,noise - residential,Loud Music/Party,10452.0,Closed,3.0,1.0,3.0,2.0,0.1164699074074074,1,3.0,0.1283
58065841,2023-07-01 07:28:14,2023-07-07T15:21:32.000,HPD,paint/plaster,CEILING,10455.0,Closed,4.0,3.0,4.0,2.0,6.328680555555556,0,0.0,0.1689
58066190,2023-07-01 10:51:49,2023-07-01T11:55:39.000,NYPD,illegal parking,Posted Parking Sign Violation,11102.0,Closed,5.0,5.0,4.0,2.0,0.0443287037037037,0,0.0,0.2208
58065222,2023-07-01 11:19:45,2023-08-03T07:55:06.000,DSNY,missed collection,Trash,10009.0,Closed,4.0,3.0,4.0,2.0,32.85788194444444,0,0.0,0.1689
58066062,2023-07-01 16:54:27,2023-08-11T14:39:58.000,DPR,maintenance or facility,Structure - Outdoors,10451.0,Closed,4.0,3.0,4.0,2.0,40.9066087962963,0,0.0,0.1689
58064526,2023-07-01 18:42:29,2023-07-01T19:29:15.000,NYPD,noise - residential,Loud Music/Party,10466.0,Closed,3.0,1.0,3.0,2.0,0.0324768518518518,0,0.0,0.1283
58062761,2023-07-01 21:39:03,2023-07-06T08:10:16.000,HPD,heat/hot water,APARTMENT ONLY,11106.0,Closed,7.0,3.0,4.0,2.0,4.438344907407408,0,0.0,0.2099
58062182,2023-07-01 21:50:26,2023-07-02T01:01:54.000,NYPD,illegal parking,Blocked Hydrant,11378.0,Closed,6.0,6.0,4.0,2.0,0.1329629629629629,0,0.0,0.2208
59371679,2023-11-08 05:57:08,2023-11-08T07:04:31.000,NYPD,illegal parking,Blocked Hydrant,11369.0,Closed,6.0,6.0,4.0,2.0,0.0467939814814814,0,0.0,0.2208
59372825,2023-11-08 11:30:35,2023-11-08T14:27:04.000,NYPD,encampment,Unknown,10467.0,Closed,4.0,3.0,4.0,2.0,0.1225578703703703,0,0.0,0.1689
59373233,2023-11-08 14:25:01,2023-11-16T00:00:00.000,DSNY,graffiti,Graffiti,11101.0,Closed,5.0,3.0,4.0,2.0,7.399293981481481,0,0.0,0.2138
59373275,2023-11-08 17:18:48,2023-11-09T00:49:22.000,NYPD,blocked driveway,No Access,11432.0,Closed,5.0,6.0,4.0,2.0,0.3128935185185185,0,0.0,0.2133
59378320,2023-11-09 03:18:50,2023-11-09T05:01:57.000,NYPD,illegal parking,Blocked Hydrant,11421.0,Closed,6.0,6.0,4.0,2.0,0.0716087962962963,0,0.0,0.2208
59382204,2023-11-09 04:57:16,2023-11-09T07:59:08.000,NYPD,illegal parking,Blocked Hydrant,11356.0,Closed,6.0,6.0,4.0,2.0,0.1262962962962963,0,0.0,0.2208
59380923,2023-11-09 05:32:53,2023-11-09T06:18:18.000,NYPD,illegal parking,Blocked Hydrant,11207.0,Closed,6.0,6.0,4.0,2.0,0.0315393518518518,0,0.0,0.2208
59375817,2023-11-09 07:31:41,2023-11-09T08:10:46.000,NYPD,illegal parking,Blocked Hydrant,11214.0,Closed,6.0,6.0,4.0,2.0,0.0271412037037037,0,0.0,0.2208
59375263,2023-11-09 08:28:13,2023-11-09T10:18:48.000,NYPD,abandoned vehicle,With License Plate,10314.0,Closed,4.0,3.0,4.0,2.0,0.0767939814814814,0,0.0,0.1689
59379500,2023-11-09 08:44:36,2023-11-09T09:03:11.000,NYPD,illegal parking,License Plate Obscured,11235.0,Closed,5.0,5.0,4.0,2.0,0.0129050925925925,0,0.0,0.2208
59374464,2023-11-09 09:20:30,2023-11-09T09:36:55.000,NYPD,illegal parking,Blocked Hydrant,11361.0,Closed,6.0,6.0,4.0,2.0,0.0114004629629629,0,0.0,0.2208
59383587,2023-11-09 12:51:24,2023-11-09T13:03:46.000,NYPD,illegal parking,Posted Parking Sign Violation,11219.0,Closed,5.0,5.0,4.0,2.0,0.0085879629629629,0,0.0,0.2208
59377493,2023-11-09 13:52:34,2023-11-09T14:41:03.000,NYPD,non-emergency police matter,Other (complaint details),10011.0,Closed,5.0,3.0,4.0,2.0,0.0336689814814814,0,0.0,0.2138
59382305,2023-11-09 15:40:53,2023-11-09T20:28:50.000,NYPD,illegal parking,Posted Parking Sign Violation,11418.0,Closed,5.0,5.0,4.0,2.0,0.1999652777777777,0,0.0,0.2208
59383681,2023-11-09 19:25:58,2023-11-09T19:48:47.000,NYPD,blocked driveway,No Access,11225.0,Closed,5.0,6.0,4.0,2.0,0.0158449074074074,0,0.0,0.2133
59376183,2023-11-09 19:55:00,2023-11-09T20:20:00.000,DOT,traffic signal condition,LED Lense,10023.0,Closed,9.0,10.0,8.0,2.0,0.0173611111111111,0,0.0,0.7209
59380671,2023-11-09 20:20:40,2023-11-14T06:51:54.000,DSNY,illegal dumping,Removal Request,11694.0,Closed,4.0,3.0,4.0,2.0,4.438356481481481,0,0.0,0.1689
