unique_key,created_date,closed_date,agency,complaint_type,descriptor,incident_zip,status
57435479,2023-04-27T15:15:15.000,2023-04-27T18:07:35.000,NYPD,Abandoned Vehicle,With License Plate,10461,Closed
57430834,2023-04-26T18:46:43.000,2023-05-20T02:06:41.000,HPD,ELECTRIC,POWER OUTAGE,11226,Closed
57429953,2023-04-26T22:25:44.000,2023-04-28T19:14:40.000,HPD,HEAT/HOT WATER,ENTIRE BUILDING,11217,Closed
57434763,2023-04-27T14:34:33.000,2023-09-28T20:38:00.000,HPD,PLUMBING,TOILET,10033,Closed
57424264,2023-04-26T16:13:31.000,2023-04-27T01:46:10.000,NYPD,Abandoned Vehicle,With License Plate,11369,Closed
57431694,2023-04-26T09:19:57.000,2023-04-26T11:06:35.000,NYPD,Illegal Parking,Blocked Sidewalk,11226,Closed
57421779,2023-04-25T10:30:00.000,2023-04-25T13:03:00.000,DOT,Street Light Condition,Street Light Out,11103,Closed
57429872,2023-04-26T08:36:48.000,2023-04-28T10:34:15.000,HPD,HEAT/HOT WATER,ENTIRE BUILDING,10451,Closed
57431908,2023-04-26T06:50:58.000,2023-04-26T12:19:02.000,NYPD,Abandoned Vehicle,With License Plate,11420,Closed
57434204,2023-04-27T11:19:54.000,2023-04-27T11:49:41.000,NYPD,Illegal Parking,Posted Parking Sign Violation,11236,Closed
57429567,2023-04-26T17:32:47.000,2023-04-28T13:52:25.000,DSNY,Sanitation Worker or Vehicle Complaint,Unsafe Driving,10314,Closed
57428337,2023-04-26T01:11:00.000,2023-05-04T14:59:00.000,DEP,Noise,Noise: Construction Before/After Hours (NM1),10023,Closed
57435803,2023-04-27T20:17:51.000,2023-04-27T21:44:33.000,NYPD,Blocked Driveway,No Access,11234,Closed
57430990,2023-04-26T06:32:51.000,2023-04-26T18:23:11.000,HPD,HEAT/HOT WATER,ENTIRE BUILDING,11230,Closed
57430300,2023-04-26T20:17:48.000,2023-04-26T22:57:38.000,NYPD,Drug Activity,Use Outside,11366,Closed
57433715,2023-04-27T23:36:05.000,2023-04-28T16:47:12.000,HPD,HEAT/HOT WATER,ENTIRE BUILDING,10463,Closed
57435238,2023-04-27T18:28:23.000,2023-05-04T16:16:45.000,HPD,DOOR/WINDOW,DOOR,10034,Closed
57432649,2023-04-27T00:30:31.000,2023-04-27T08:51:12.000,DOHMH,Rodent,Rat Sighting,10001,Closed
57428437,2023-04-26T09:36:10.000,2023-04-26T18:45:39.000,DHS,Encampment,N/A,10019,Closed
57428063,2023-04-26T23:00:16.000,2023-04-27T00:14:29.000,NYPD,Noise - Commercial,Loud Music/Party,10003,Closed
57428591,2023-04-26T17:08:00.000,2023-04-27T12:18:00.000,DSNY,Derelict Vehicles,Derelict Vehicles,11216,Closed
57427696,2023-04-26T11:31:49.000,2023-04-26T11:59:58.000,NYPD,Illegal Parking,Double Parked Blocking Vehicle,10029,Closed
57419350,2023-04-25T14:35:04.000,2023-04-25T15:23:34.000,NYPD,Illegal Parking,Detached Trailer,11228,Closed
57433942,2023-04-27T17:01:57.000,2023-07-24T10:23:34.000,HPD,APPLIANCE,REFRIGERATOR,11103,Closed
57431987,2023-04-26T22:58:48.000,2023-04-26T23:01:05.000,NYPD,Noise - Residential,Banging/Pounding,11373,Closed
57434557,2023-04-27T11:28:04.000,2023-04-28T14:59:12.000,HPD,ELECTRIC,POWER OUTAGE,10019,Closed
57433941,2023-04-27T17:45:00.000,2023-09-07T16:30:00.000,DOT,Street Light Condition,Street Light Out,10027,Closed
57429082,2023-04-26T16:55:00.000,2023-04-28T10:35:00.000,DSNY,Electronics Waste Appointment,Ewaste appointment,10306,Closed
57431851,2023-04-26T14:58:01.000,2023-04-26T15:16:27.000,NYPD,Noise - Vehicle,Car/Truck Music,10016,Closed
57434705,2023-04-27T11:46:46.000,2023-05-06T11:16:37.000,DHS,Homeless Person Assistance,,,Closed
57435110,2023-04-27T15:20:40.000,2023-05-05T00:00:00.000,DOB,General Construction/Plumbing,Building Permit - None,10471,Closed
57434050,2023-04-27T20:28:02.000,2023-04-27T20:55:41.000,NYPD,Noise - Residential,Banging/Pounding,10468,Closed
57433553,2023-04-27T07:47:36.000,2023-05-01T09:29:32.000,HPD,HEAT/HOT WATER,APARTMENT ONLY,10451,Closed
57433057,2023-04-27T06:20:37.000,2023-04-27T06:25:26.000,NYPD,Illegal Parking,Posted Parking Sign Violation,11206,Closed
57430014,2023-04-26T21:14:54.000,2023-04-26T21:44:21.000,NYPD,Illegal Parking,Blocked Bike Lane,11222,Closed
57435901,2023-04-27T16:18:32.000,2023-05-01T14:44:09.000,DOT,Street Sign - Dangling,"No Parking, Standing, Stopping",11232,Closed
57430731,2023-04-26T03:16:48.000,2023-04-26T03:30:11.000,NYPD,Noise - Street/Sidewalk,Loud Talking,11208,Closed
57428092,2023-04-26T08:17:17.000,2023-04-27T09:48:17.000,DOE,School Maintenance,Rodents/Mice,10461,Closed
57429904,2023-04-26T11:49:30.000,2023-05-04T13:07:53.000,HPD,PAINT/PLASTER,CEILING,10030,Closed
57434177,2023-04-27T21:02:58.000,2023-04-27T22:44:37.000,NYPD,Illegal Parking,Double Parked Blocking Traffic,11369,Closed
57435147,2023-04-27T20:06:32.000,2023-05-31T15:51:40.000,EDC,Noise - Helicopter,Other,10023,Closed
57435789,2023-04-27T07:35:37.000,2023-04-27T09:24:23.000,NYPD,Illegal Parking,Blocked Crosswalk,10467,Closed
57434597,2023-04-27T13:41:04.000,2023-04-27T13:58:41.000,NYPD,Blocked Driveway,Partial Access,11373,Closed
57433521,2023-04-27T06:56:29.000,2023-04-29T11:26:23.000,HPD,HEAT/HOT WATER,APARTMENT ONLY,11420,Closed
57424360,2023-04-26T15:03:26.000,2023-04-27T00:00:00.000,DOB,Real Time Enforcement,Work Without A Permit - Occupied Multiple Dwelling,10028,Closed
57432549,2023-04-26T09:11:00.000,2023-04-26T10:00:00.000,DEP,Water System,Possible Water Main Break (Use Comments) (WA1),11222,Closed
57433571,2023-04-27T21:24:45.000,2023-05-14T18:18:38.000,HPD,UNSANITARY CONDITION,PESTS,10031,Closed
57434502,2023-04-27T07:13:20.000,2023-04-27T07:25:55.000,NYPD,Illegal Parking,Commercial Overnight Parking,10025,Closed
57428325,2023-04-26T16:49:01.000,2023-05-02T14:08:05.000,DSNY,Missed Collection,Trash,10306,Closed
57433179,2023-04-27T12:10:57.000,2023-04-27T12:45:55.000,NYPD,Encampment,N/A,,Closed
57430052,2023-04-26T23:48:35.000,2023-04-27T01:39:15.000,NYPD,Abandoned Vehicle,With License Plate,11364,Closed
57435998,2023-04-28T00:17:25.000,2023-04-28T02:05:14.000,NYPD,Noise - Street/Sidewalk,Loud Music/Party,11433,Closed
57429257,2023-04-26T03:57:00.000,2023-04-26T04:50:00.000,DOT,Traffic Signal Condition,Controller,10308,Closed
57435208,2023-04-27T08:31:13.000,2023-04-27T10:14:50.000,NYPD,Illegal Parking,Blocked Hydrant,11211,Closed
57430881,2023-04-26T20:43:32.000,2023-04-26T21:01:43.000,DPR,Animal in a Park,Injured Wildlife,10025,Closed
57431228,2023-04-26T18:46:18.000,2023-04-27T17:41:35.000,HPD,HEAT/HOT WATER,ENTIRE BUILDING,11230,Closed
57429592,2023-04-26T10:34:08.000,2023-05-10T14:29:32.000,DSNY,Missed Collection,Recycling - Paper,10014,Closed
57427820,2023-04-26T09:56:20.000,2023-04-26T10:10:50.000,NYPD,Noise - Residential,Banging/Pounding,10456,Closed
59380671,2023-11-09T20:20:40.000,2023-11-14T06:51:54.000,DSNY,Illegal Dumping,Removal Request,11694,Closed
57431586,2023-04-26T09:19:28.000,2023-04-26T09:44:42.000,NYPD,Blocked Driveway,No Access,11233,Closed
57429464,2023-04-26T14:48:55.000,2023-04-26T14:54:53.000,NYPD,Illegal Parking,Blocked Bike Lane,11205,Closed
57426917,2023-04-26T11:28:50.000,2023-05-05T21:05:58.000,HPD,PAINT/PLASTER,CEILING,11207,Closed
57431923,2023-04-26T09:24:25.000,2023-04-26T10:55:32.000,NYPD,Abandoned Vehicle,With License Plate,10307,Closed
57435332,2023-04-27T12:27:05.000,2023-05-04T09:26:17.000,DPR,Damaged Tree,Branch or Limb Has Fallen Down,11230,Closed
57430340,2023-04-26T18:08:21.000,2023-04-27T10:07:59.000,DCWP,Consumer Complaint,Electronics Repair Store,11005,Closed
57427743,2023-04-26T07:32:58.000,2023-04-26T23:44:20.000,HPD,WATER LEAK,HEAVY FLOW,10467,Closed
57433046,2023-04-27T09:55:08.000,2023-04-30T09:46:37.000,HPD,PLUMBING,BASIN/SINK,10030,Closed
57428451,2023-04-26T14:08:50.000,2025-05-13T16:38:20.000,DPR,New Tree Request,For One Address,11206,Closed
57433562,2023-04-27T14:25:09.000,2023-04-27T14:52:49.000,HPD,ELECTRIC,POWER OUTAGE,11203,Closed
57434876,2023-04-27T19:55:45.000,2023-04-28T18:08:15.000,HPD,PAINT/PLASTER,WALL,11219,Closed
57428381,2023-04-26T12:39:01.000,2023-04-26T16:40:21.000,HPD,HEAT/HOT WATER,ENTIRE BUILDING,11219,Closed
57432189,2023-04-26T09:36:02.000,2023-05-05T13:57:56.000,DSNY,Missed Collection,Bulky Recycling,11358,Closed
57434976,2023-04-27T12:53:00.000,2023-04-27T13:05:00.000,DEP,Water System,Leak (Use Comments) (WA2),10030,Closed
57432760,2023-04-27T10:46:03.000,2023-04-27T12:22:48.000,DPR,Maintenance or Facility,Grass/Weeds,11427,Closed
57434583,2023-04-27T12:37:28.000,2023-06-22T09:20:23.000,HPD,APPLIANCE,ELECTRIC/GAS RANGE,11412,Closed
57435664,2023-04-27T16:11:01.000,2023-04-27T16:59:11.000,NYPD,Illegal Parking,Blocked Bike Lane,10025,Closed
57431763,2023-04-26T21:22:03.000,2023-04-29T13:50:14.000,DSNY,Missed Collection,Trash,11207,Closed
57430905,2023-04-26T13:19:17.000,2023-04-27T00:31:25.000,NYPD,Abandoned Vehicle,With License Plate,10463,Closed
57427759,2023-04-26T09:31:24.000,2023-05-04T14:36:17.000,DOT,Sidewalk Condition,Broken Sidewalk,10025,Closed
57433797,2023-04-27T16:30:57.000,2023-04-28T05:51:47.000,DSNY,Illegal Dumping,Chronic Dumping,11203,Closed
57423215,2023-04-26T09:47:47.000,2023-04-26T16:46:45.000,NYPD,Abandoned Vehicle,With License Plate,11426,Closed
57435092,2023-04-27T20:39:45.000,2023-04-30T14:49:33.000,HPD,HEAT/HOT WATER,ENTIRE BUILDING,11435,Closed
57428535,2023-04-26T07:22:00.000,2023-04-26T12:30:00.000,DOT,Traffic Signal Condition,Controller Cabinet,10065,Closed
57428152,2023-04-27T00:06:29.000,2023-04-27T00:09:06.000,NYPD,Illegal Parking,Blocked Bike Lane,10065,Closed
57431531,2023-04-26T21:46:35.000,2023-04-26T21:47:33.000,NYPD,Noise - Street/Sidewalk,Loud Music/Party,10456,Closed
57434154,2023-04-27T11:52:29.000,2023-05-10T14:23:20.000,DOT,Sidewalk Condition,Broken Sidewalk,11229,Closed
57431191,2023-04-26T17:32:41.000,2023-04-27T08:17:43.000,DPR,Dead/Dying Tree,Planted More Than 2 Years Ago,11364,Closed
57434071,2023-04-27T17:35:47.000,2023-04-27T19:22:35.000,NYPD,Abandoned Vehicle,With License Plate,11385,Closed
57432582,2023-04-26T05:42:46.000,2023-04-27T16:24:17.000,HPD,HEAT/HOT WATER,ENTIRE BUILDING,11374,Closed
57428401,2023-04-26T19:14:13.000,2025-05-13T16:38:24.000,DPR,New Tree Request,For One Address,11207,Closed
57428487,2023-04-26T11:12:56.000,2023-05-13T13:20:53.000,HPD,PAINT/PLASTER,WALL,11212,Closed
57429487,2023-04-26T12:01:38.000,2023-06-20T09:34:10.000,HPD,PLUMBING,BATHTUB/SHOWER,10460,Closed
57423738,2023-04-26T15:36:52.000,2023-05-01T11:40:00.000,DOT,Street Condition,Pothole,10306,Closed
57435006,2023-04-27T02:04:43.000,2023-04-27T02:33:16.000,NYPD,Noise - Street/Sidewalk,Loud Music/Party,11235,Closed
57432303,2023-04-26T14:14:02.000,2023-04-26T14:18:45.000,NYPD,Animal-Abuse,Tortured,10458,Closed
57429763,2023-04-26T19:46:42.000,2023-04-26T21:21:48.000,NYPD,Blocked Driveway,Partial Access,10465,Closed
57430576,2023-04-26T08:08:59.000,2023-05-16T07:35:27.000,DOT,Bus Stop Shelter Complaint,Broken Glass,10002,Closed
57431723,2023-04-26T08:18:01.000,2023-04-26T11:00:28.000,NYPD,Illegal Parking,Blocked Hydrant,11238,Closed
57425455,2023-04-26T03:29:23.000,2023-05-31T15:44:51.000,EDC,Noise - Helicopter,Other,10028,Closed
57424377,2023-04-26T16:21:52.000,2023-04-29T15:06:35.000,DSNY,Street Sweeping Complaint,Inadequate Sweeping,11211,Closed
57429937,2023-04-26T12:19:00.000,2023-04-26T12:19:00.000,DOT,Street Light Condition,Street Light Out,,Closed
57430004,2023-04-26T11:22:27.000,2023-04-26T11:24:27.000,NYPD,Drug Activity,Use Outside,11366,Closed
57433148,2023-04-27T01:26:00.000,2023-04-27T22:12:00.000,DEP,Noise,Noise: Construction Before/After Hours (NM1),10003,Closed
57428895,2023-04-26T18:39:24.000,2023-05-17T07:46:30.000,DOT,Street Sign - Dangling,Other/Unknown,11230,Closed
57432761,2023-04-27T16:21:30.000,2023-04-27T20:19:59.000,NYPD,Panhandling,N/A,11235,Closed
57435910,2023-04-27T11:30:43.000,2024-07-30T00:00:00.000,DOB,General Construction/Plumbing,Curb Cut/Driveway/Carport - Illegal,11379,Closed
57428719,2023-04-26T10:06:00.000,2023-04-26T10:06:00.000,DOB,Real Time Enforcement,Work Without A Permit - Occupied Multiple Dwelling,11368,Closed
57434965,2023-04-27T09:15:17.000,2023-06-14T15:21:41.000,HPD,UNSANITARY CONDITION,MOLD,10304,Closed
57429026,2023-04-26T21:27:12.000,2023-04-26T21:56:35.000,NYPD,Illegal Parking,Blocked Hydrant,10034,Closed
57427716,2023-04-26T17:10:17.000,2023-05-03T20:38:44.000,HPD,GENERAL,JANITOR/SUPER,11211,Closed
57432570,2023-04-26T14:15:06.000,2023-04-27T20:36:09.000,HPD,HEAT/HOT WATER,APARTMENT ONLY,10467,Closed
57428724,2023-04-26T21:27:19.000,2023-04-26T21:33:40.000,NYPD,Illegal Parking,Commercial Overnight Parking,11365,Closed
57425694,2023-04-26T18:28:55.000,2023-04-26T19:17:29.000,NYPD,Blocked Driveway,No Access,11214,Closed
57432924,2023-04-27T17:22:00.000,2023-04-28T11:27:00.000,DSNY,Derelict Vehicles,Derelict Vehicles,11433,Closed
57430212,2023-04-26T07:39:23.000,2023-04-26T09:14:15.000,NYPD,Blocked Driveway,Partial Access,11229,Closed
57434543,2023-04-27T14:49:24.000,2023-05-05T21:36:23.000,HPD,GENERAL,BELL/BUZZER/INTERCOM,10456,Closed
57431474,2023-04-26T17:51:50.000,2023-05-03T20:38:44.000,HPD,UNSANITARY CONDITION,MOLD,11211,Closed
57428108,2023-04-26T13:02:02.000,2023-04-26T19:50:56.000,HPD,HEAT/HOT WATER,APARTMENT ONLY,11203,Closed
57434336,2023-04-27T02:26:00.000,2023-04-27T12:26:00.000,DEP,Noise,"Noise, Barking Dog (NR5)",10460,Closed
57429268,2023-04-27T01:12:08.000,2023-04-27T22:56:20.000,NYPD,Illegal Parking,Paper License Plates,10461,Closed
57434136,2023-04-27T14:30:43.000,2023-05-31T15:50:19.000,EDC,Noise - Helicopter,Other,11414,Closed
57427933,2023-04-26T09:51:19.000,,DPR,Dead/Dying Tree,Planted More Than 2 Years Ago,11367,In Progress
57430716,2023-04-26T16:18:03.000,2023-04-26T17:18:00.000,NYPD,Illegal Parking,Blocked Bike Lane,10024,Closed
57433844,2023-04-27T10:56:00.000,2023-04-28T10:00:00.000,DEP,Noise,Noise: Construction Equipment (NC1),10028,Closed
57435291,2023-04-27T21:40:38.000,2023-04-27T22:58:58.000,NYPD,Illegal Parking,Blocked Hydrant,11105,Closed
57435886,2023-04-27T12:53:38.000,2023-05-02T12:03:24.000,HPD,UNSANITARY CONDITION,PESTS,10026,Closed
57431354,2023-04-26T07:42:50.000,2023-04-27T12:14:48.000,DSNY,Dirty Condition,Trash,10312,Closed
57429528,2023-04-26T12:08:25.000,2023-05-08T09:06:44.000,DOT,Sidewalk Condition,Sidewalk Violation,10465,Closed
57432770,2023-04-27T08:48:14.000,2023-04-27T20:35:29.000,HPD,HEAT/HOT WATER,ENTIRE BUILDING,11375,Closed
57428396,2023-04-26T09:01:12.000,2023-05-03T10:43:08.000,DOHMH,Building Drinking Water Tank,Unsanitary Condition,11204,Closed
57435493,2023-04-27T14:29:23.000,2023-05-01T14:44:32.000,DSNY,Illegal Dumping,Removal Request,10003,Closed
57429150,2023-04-26T17:03:33.000,2023-04-27T08:59:47.000,DOT,Broken Parking Meter,Coin or Card Did Not Register,10037,Closed
57435305,2023-04-27T22:18:57.000,2023-04-27T22:43:38.000,NYPD,Noise - Residential,Banging/Pounding,11206,Closed
57435747,2023-04-27T12:20:49.000,2023-04-27T12:59:54.000,NYPD,Noise - Residential,Loud Talking,11226,Closed
57431372,2023-04-26T13:28:47.000,2023-05-30T07:29:20.000,TLC,For Hire Vehicle Complaint,Driver Complaint - Non Passenger,10281,Closed
57432322,2023-04-26T19:51:24.000,2023-04-27T09:01:01.000,HPD,HEAT/HOT WATER,ENTIRE BUILDING,10456,Closed
57435959,2023-04-27T09:13:00.000,2023-04-28T12:53:00.000,DSNY,Derelict Vehicles,Derelict Vehicles,11213,Closed
57435152,2023-04-27T17:38:27.000,2023-05-03T07:43:33.000,DOT,Street Sign - Dangling,Other/Unknown,10471,Closed
57435876,2023-04-27T17:22:13.000,2023-05-03T11:01:16.000,DSNY,Missed Collection,Compost,11231,Closed
57433958,2023-04-27T08:19:33.000,2023-04-28T14:48:26.000,HPD,HEAT/HOT WATER,ENTIRE BUILDING,10452,Closed
57432630,2023-04-26T09:20:21.000,2023-04-28T00:00:00.000,DOB,Investigations and Discipline (IAD),Investigative Inspection,10306,Closed
57425223,2023-04-26T19:29:29.000,2023-06-29T18:31:12.000,HPD,GENERAL,COOKING GAS,10457,Closed
57434811,2023-04-27T09:50:03.000,2023-04-27T10:22:03.000,NYPD,Blocked Driveway,No Access,11356,Closed
57434826,2023-04-27T14:43:26.000,2024-07-18T00:00:00.000,DOB,Building/Use,No Certificate Of Occupancy/Illegal/Contrary To CO,11203,Closed
57433763,2023-04-27T23:34:35.000,2023-05-25T09:50:22.000,DHS,Encampment,N/A,10009,Closed
57430071,2023-04-26T06:35:00.000,2023-05-01T07:00:00.000,DEP,Noise,Noise:  lawn care equipment (NCL),10462,Closed
57435097,2023-04-27T19:40:16.000,2023-04-30T12:26:09.000,HPD,HEAT/HOT WATER,ENTIRE BUILDING,11432,Closed
57422433,2023-04-25T10:12:42.000,2023-05-03T11:06:32.000,DSNY,Illegal Dumping,Removal Request,11224,Closed
57429411,2023-04-26T06:40:05.000,2023-04-27T08:31:23.000,HPD,HEAT/HOT WATER,ENTIRE BUILDING,11375,Closed
57428120,2023-04-26T06:46:35.000,2023-04-26T07:54:16.000,NYPD,Noise - Vehicle,Car/Truck Horn,11366,Closed
57433762,2023-04-27T02:02:50.000,2023-04-27T04:30:44.000,NYPD,Blocked Driveway,No Access,10468,Closed
57434321,2023-04-27T10:38:36.000,2023-04-27T10:45:20.000,NYPD,Illegal Parking,Blocked Sidewalk,11104,Closed
57433064,2023-04-27T13:50:00.000,2023-04-27T16:00:00.000,DEP,Air Quality,"Air: Odor/Fumes, Vehicle Idling (AD3)",10306,Closed
57427782,2023-04-26T16:46:48.000,2023-04-26T17:13:53.000,NYPD,Blocked Driveway,No Access,11219,Closed
57432604,2023-04-27T00:10:13.000,2023-04-27T02:58:21.000,NYPD,Illegal Parking,Blocked Hydrant,11226,Closed
57432114,2023-04-26T14:26:58.000,2023-05-03T11:46:23.000,DOT,Sidewalk Condition,Broken Sidewalk,11367,Closed
57419256,2023-04-25T11:11:28.000,2023-06-16T10:38:04.000,HPD,PAINT/PLASTER,WALL,10452,Closed
57428284,2023-04-26T09:36:34.000,2023-04-26T10:39:13.000,DSNY,Street Sweeping Complaint,Inadequate Sweeping,11236,Closed
57429155,2023-04-26T10:27:04.000,2025-01-13T08:59:49.000,DPR,Overgrown Tree/Branches,Blocking Street,11229,Closed
57430228,2023-04-26T21:59:12.000,2023-04-27T02:33:25.000,NYPD,Noise - Residential,Banging/Pounding,10451,Closed
57428531,2023-04-26T23:50:00.000,2023-04-27T16:12:00.000,DEP,Noise,Noise: Construction Before/After Hours (NM1),10027,Closed
57427880,2023-04-26T17:28:42.000,2023-04-26T22:49:45.000,NYPD,Blocked Driveway,Partial Access,11417,Closed
57435673,2023-04-27T21:07:45.000,2023-04-27T21:28:12.000,NYPD,Abandoned Vehicle,With License Plate,11239,Closed
57432872,2023-04-27T09:13:35.000,2023-04-27T10:49:54.000,NYPD,Bike/Roller/Skate Chronic,N/A,10468,Closed
57431919,2023-04-26T07:38:35.000,2023-04-26T12:56:33.000,NYPD,Illegal Parking,Posted Parking Sign Violation,10037,Closed
57421511,2023-04-25T16:45:37.000,2023-04-25T19:27:46.000,NYPD,Noise - Street/Sidewalk,Loud Music/Party,11385,Closed
57435121,2023-04-27T15:52:05.000,2023-05-31T15:50:28.000,EDC,Noise - Helicopter,Other,11414,Closed
57430113,2023-04-26T15:22:47.000,2023-05-09T12:48:01.000,DSNY,Litter Basket Request,Replacement Basket,11226,Closed
57433916,2023-04-28T00:40:10.000,2023-04-28T05:33:58.000,NYPD,Non-Emergency Police Matter,Other (complaint details),11421,Closed
57428850,2023-04-26T10:38:00.000,2023-06-21T08:28:00.000,DEP,Air Quality,"Air: Dust, Construction/Demolition (AE4)",10455,Closed
57433961,2023-04-27T18:01:30.000,2023-04-27T20:47:22.000,NYPD,Illegal Parking,Double Parked Blocking Traffic,11201,Closed
57427916,2023-04-26T17:35:43.000,2023-04-27T05:34:01.000,NYPD,Noise - Residential,Banging/Pounding,10466,Closed
57426079,2023-04-26T22:35:00.000,2023-04-27T22:23:00.000,DEP,Noise,Noise: Construction Before/After Hours (NM1),10001,Closed
57433590,2023-04-27T07:39:53.000,2023-06-16T12:02:23.000,DPR,Maintenance or Facility,Garbage or Litter,10016,Closed
57427679,2023-04-26T08:12:50.000,2023-04-26T08:32:32.000,NYPD,Noise - Street/Sidewalk,Loud Music/Party,10029,Closed
57427733,2023-04-26T11:31:46.000,2023-04-27T10:07:00.000,DOT,Street Condition,Pothole,11215,Closed
57422348,2023-04-25T10:33:06.000,2023-04-25T11:17:13.000,NYPD,Illegal Parking,Posted Parking Sign Violation,10025,Closed
57435317,2023-04-27T17:31:43.000,2023-04-27T20:01:47.000,NYPD,Illegal Parking,Blocked Sidewalk,11222,Closed
57434209,2023-04-27T02:09:21.000,2023-04-29T19:12:46.000,HPD,HEAT/HOT WATER,ENTIRE BUILDING,10026,Closed
57433206,2023-04-27T16:51:11.000,2023-04-27T20:54:22.000,NYPD,Illegal Parking,Posted Parking Sign Violation,10467,Closed
57432566,2023-04-26T19:30:23.000,2023-04-29T01:55:17.000,DHS,Homeless Person Assistance,,,Closed
57433018,2023-04-27T23:02:36.000,2023-04-27T23:13:48.000,NYPD,Noise - Commercial,Loud Music/Party,10021,Closed
57430427,2023-04-26T12:44:40.000,2023-06-27T08:10:06.000,TLC,For Hire Vehicle Complaint,Driver Complaint - Non Passenger,10017,Closed
57431356,2023-04-26T07:50:54.000,2023-04-26T21:39:59.000,NYPD,Illegal Parking,Parking Permit Improper Use,10453,Closed
57433622,2023-04-27T10:42:01.000,2023-05-05T16:54:01.000,HPD,UNSANITARY CONDITION,PESTS,10462,Closed
57434735,2023-04-28T00:07:31.000,2023-04-28T02:03:45.000,NYPD,Noise - Street/Sidewalk,Loud Music/Party,11435,Closed
57428600,2023-04-26T09:02:27.000,2023-08-31T09:46:15.000,HPD,GENERAL,CABINET,10452,Closed
57434107,2023-04-27T02:21:50.000,2023-04-29T18:54:59.000,HPD,HEAT/HOT WATER,ENTIRE BUILDING,11226,Closed
57435759,2023-04-27T18:23:47.000,2023-04-27T20:36:41.000,NYPD,Illegal Parking,Blocked Crosswalk,10023,Closed
57431545,2023-04-26T18:55:26.000,2023-12-20T11:07:09.000,DSNY,Graffiti,Graffiti,11232,Closed
57435751,2023-04-27T19:41:25.000,2023-04-27T20:22:50.000,NYPD,Illegal Parking,Blocked Sidewalk,11436,Closed
57428921,2023-04-26T14:29:55.000,2023-05-03T15:58:28.000,DOT,Curb Condition,Broken Curb,11201,Closed
57428529,2023-04-26T15:48:01.000,2023-05-18T16:05:33.000,DOT,Outdoor Dining,Sidewalk Zone Blocked,10013,Closed
57425392,2023-04-26T23:26:18.000,2023-04-27T00:17:42.000,NYPD,Illegal Parking,Blocked Bike Lane,11217,Closed
57428950,2023-04-26T12:12:16.000,2023-04-27T00:00:00.000,DOB,General Construction/Plumbing,Debris - Excessive,11222,Closed
57421320,2023-04-25T12:55:22.000,2023-04-26T14:13:58.000,DOT,Sidewalk Condition,Pedestrian Ramp Defective,10475,Closed
57430770,2023-04-26T08:27:34.000,2023-05-05T14:36:03.000,DSNY,Missed Collection,Bulky Trash,11366,Closed
57432932,2023-04-27T12:08:39.000,2023-05-13T18:16:43.000,HPD,PAINT/PLASTER,CEILING,10466,Closed
57424804,2023-04-26T20:17:00.000,2023-04-27T20:55:00.000,DEP,Water System,Dirty Water (WE),11692,Closed
57431551,2023-04-26T22:09:46.000,2023-04-26T22:35:32.000,NYPD,Noise - Commercial,Loud Music/Party,11235,Closed
57434930,2023-04-27T05:37:42.000,2023-04-27T07:12:52.000,NYPD,Non-Emergency Police Matter,Other (complaint details),10467,Closed
57430007,2023-04-26T16:04:46.000,2023-07-14T20:52:03.000,HPD,UNSANITARY CONDITION,PESTS,10461,Closed
57428579,2023-04-26T17:58:40.000,2023-04-26T21:39:07.000,NYPD,Illegal Parking,Blocked Sidewalk,11223,Closed
57433371,2023-04-27T22:26:44.000,2023-04-28T00:44:17.000,NYPD,Illegal Parking,Commercial Overnight Parking,10462,Closed
57435903,2023-04-27T07:59:15.000,2023-04-27T08:10:36.000,NYPD,Traffic,Truck Route Violation,11223,Closed
57430162,2023-04-26T17:36:34.000,2023-04-27T00:00:00.000,DOB,General Construction/Plumbing,Adjacent Buildings Not Protected,11237,Closed
57435864,2023-04-27T09:19:13.000,2023-05-01T09:24:26.000,DOT,Street Condition,"Rough, Pitted or Cracked Roads",11219,Closed
58023134,2023-06-27T02:06:03.000,2023-11-16T00:00:00.000,DOB,General Construction/Plumbing,Building Permit - None,11235,Closed
57427572,2023-04-26T11:57:25.000,2023-04-26T13:35:26.000,NYPD,Noise - Street/Sidewalk,Loud Music/Party,10025,Closed
57423681,2023-04-26T08:05:55.000,2023-04-26T22:07:18.000,HPD,HEAT/HOT WATER,APARTMENT ONLY,10021,Closed
57430746,2023-04-27T00:09:05.000,2023-04-27T00:51:01.000,NYPD,Illegal Parking,Blocked Bike Lane,10035,Closed
57475041,2023-05-01T12:38:33.000,2023-05-01T13:58:50.000,NYPD,Blocked Driveway,No Access,10454,Closed
57433066,2023-04-27T19:30:59.000,2023-04-29T15:06:38.000,HPD,HEAT/HOT WATER,ENTIRE BUILDING,11377,Closed
55328351,2022-09-07T01:19:12.000,2022-09-07T01:36:05.000,NYPD,Illegal Parking,Blocked Hydrant,11374,Closed
57428681,2023-04-26T21:51:14.000,2023-04-26T22:21:47.000,NYPD,Noise - Residential,Loud Music/Party,10463,Closed
57432239,2023-04-26T20:43:01.000,2023-04-27T02:54:24.000,NYPD,Noise - Residential,Loud Music/Party,10465,Closed
57432199,2023-04-26T02:47:42.000,2023-04-26T02:53:12.000,NYPD,Noise - Residential,Loud Music/Party,11204,Closed
57432369,2023-04-26T17:38:36.000,2023-05-31T15:48:43.000,EDC,Noise - Helicopter,Other,10023,Closed
57431329,2023-04-26T17:51:50.000,2023-05-03T20:38:44.000,HPD,WATER LEAK,HEAVY FLOW,11211,Closed
57433266,2023-04-27T18:58:35.000,2023-04-28T03:43:29.000,NYPD,Blocked Driveway,Partial Access,10462,Closed
57433351,2023-04-27T12:50:04.000,2023-04-27T15:02:27.000,DSNY,Vendor Enforcement,Food Vendor,11211,Closed
57427553,2023-04-26T10:42:43.000,2023-05-15T20:54:18.000,HPD,PAINT/PLASTER,DOOR/FRAME,10461,Closed
57435252,2023-04-27T20:49:06.000,2023-05-31T15:51:50.000,EDC,Noise - Helicopter,Other,10023,Closed
57431046,2023-04-26T19:32:19.000,2023-04-28T00:00:00.000,DOB,Boilers,Boiler - Defective/Inoperative/No Permit,11208,Closed
57430917,2023-04-26T16:05:12.000,2023-04-29T14:04:56.000,DSNY,Dumpster Complaint,Blocking Sidewalk or Street,11221,Closed
57431461,2023-04-26T09:42:32.000,2023-07-11T14:12:37.000,DOT,Street Sign - Dangling,"No Parking, Standing, Stopping",10314,Closed
57428903,2023-04-26T19:47:00.000,2023-04-26T22:27:00.000,DEP,Water System,LOW WATER PRESSURE - WLWP,11423,Closed
57432181,2023-04-26T09:03:46.000,2023-05-02T08:17:46.000,DSNY,Illegal Dumping,Removal Request,10472,Closed
57432913,2023-04-27T12:44:32.000,2023-04-29T19:13:47.000,HPD,HEAT/HOT WATER,ENTIRE BUILDING,10025,Closed
57423456,2023-04-26T09:45:24.000,2023-05-31T10:28:52.000,HPD,DOOR/WINDOW,DOOR,10467,Closed
57431092,2023-04-26T15:13:51.000,2023-06-18T18:14:27.000,HPD,UNSANITARY CONDITION,GARBAGE/RECYCLING STORAGE,11372,Closed
57433855,2023-04-27T03:41:14.000,2023-04-30T01:22:26.000,DHS,Homeless Person Assistance,,,Closed
57419486,2023-04-25T07:48:50.000,2023-04-25T08:18:27.000,NYPD,Illegal Parking,Posted Parking Sign Violation,10002,Closed
57427983,2023-04-26T10:14:33.000,2023-12-20T11:07:10.000,DSNY,Graffiti,Graffiti,,Closed
57431336,2023-04-26T08:57:30.000,2023-04-27T10:38:07.000,DCWP,Consumer Complaint,Retail Store,11235,Closed
57435825,2023-04-27T16:49:58.000,2023-04-30T11:55:44.000,HPD,HEAT/HOT WATER,APARTMENT ONLY,10034,Closed
57430522,2023-04-26T09:12:57.000,2023-05-02T11:31:50.000,DSNY,Dirty Condition,Trash,11214,Closed
57429552,2023-04-26T09:19:54.000,2023-04-26T12:56:52.000,NYPD,Illegal Parking,Posted Parking Sign Violation,10037,Closed
57434927,2023-04-27T09:04:18.000,2023-05-12T10:57:44.000,DPR,New Tree Request,For One Address,11230,Closed
57434318,2023-04-27T10:23:34.000,2023-04-27T12:25:06.000,NYPD,Noise - Residential,Loud Music/Party,10037,Closed
57429533,2023-04-26T18:01:43.000,2023-05-02T07:31:47.000,DOT,Street Sign - Damaged,"No Parking, Standing, Stopping",10306,Closed
57429593,2023-04-26T12:20:19.000,2023-05-31T15:47:32.000,EDC,Noise - Helicopter,Other,11217,Closed
57428166,2023-04-26T14:50:11.000,2023-05-12T10:07:34.000,DPR,New Tree Request,For One Address,11364,Closed
57427787,2023-04-26T13:11:32.000,2023-04-27T20:37:46.000,HPD,DOOR/WINDOW,WINDOW FRAME,10452,Closed
57428729,2023-04-26T16:29:28.000,2023-05-31T15:48:22.000,EDC,Noise - Helicopter,Other,11414,Closed
57434668,2023-04-27T19:04:45.000,2023-04-27T23:14:05.000,NYPD,Illegal Parking,Paper License Plates,10301,Closed
57422856,2023-04-25T13:09:08.000,2023-05-03T11:17:23.000,DOT,Sidewalk Condition,Broken Sidewalk,11694,Closed
57422851,2023-04-25T05:33:59.000,,HPD,PLUMBING,WATER SUPPLY,11204,Open
57430774,2023-04-26T09:12:54.000,2023-04-26T09:43:15.000,NYPD,Illegal Parking,Blocked Bike Lane,11101,Closed
57431299,2023-04-26T21:49:26.000,2023-06-04T18:13:50.000,HPD,UNSANITARY CONDITION,PESTS,10037,Closed
57435349,2023-04-27T13:19:50.000,2023-04-27T13:50:20.000,NYPD,Illegal Parking,Posted Parking Sign Violation,11216,Closed
57428301,2023-04-26T18:31:46.000,2023-04-28T00:00:00.000,DOB,General Construction/Plumbing,Curb Cut/Driveway/Carport - Illegal,11211,Closed
57429635,2023-04-26T11:02:00.000,2023-04-26T12:40:00.000,DEP,Sewer,Sewer Backup (Use Comments) (SA),10303,Closed
57434277,2023-04-27T20:01:25.000,2023-04-27T20:24:14.000,NYPD,Illegal Parking,Blocked Hydrant,11209,Closed
57428716,2023-04-26T19:29:31.000,2023-04-28T10:00:35.000,HPD,HEAT/HOT WATER,ENTIRE BUILDING,11355,Closed
57430219,2023-04-26T04:38:13.000,2023-04-26T05:19:08.000,NYPD,Encampment,N/A,10030,Closed
57429999,2023-04-26T07:31:40.000,2023-04-26T07:31:40.000,DOHMH,Rodent,Rat Sighting,10451,Closed
57435816,2023-04-27T15:56:27.000,2023-06-01T14:42:48.000,HPD,PLUMBING,WATER SUPPLY,10026,Closed
57427195,2023-04-26T09:36:10.000,2023-05-15T12:47:13.000,HPD,FLOORING/STAIRS,FLOOR,10002,Closed
57428054,2023-04-26T08:43:48.000,2023-04-29T14:58:08.000,DSNY,Missed Collection,Trash,11203,Closed
57435114,2023-04-27T11:59:48.000,2023-05-31T15:50:12.000,EDC,Noise - Helicopter,Other,11414,Closed
57432902,2023-04-27T10:02:08.000,2023-04-27T12:44:35.000,NYPD,Encampment,N/A,10011,Closed
57419442,2023-04-25T12:45:52.000,2023-04-25T12:59:12.000,DPR,Animal in a Park,Dog Off Leash,11216,Closed
57433947,2023-04-27T15:59:00.000,2023-04-27T20:45:00.000,DOT,Street Light Condition,Street Light Out,10016,Closed
57428970,2023-04-26T12:54:36.000,2023-07-03T09:16:09.000,TLC,For Hire Vehicle Complaint,Driver Complaint - Non Passenger,10014,Closed
57429484,2023-04-26T09:21:21.000,2023-04-29T14:57:08.000,DSNY,Missed Collection,Trash,11203,Closed
57433368,2023-04-27T15:26:28.000,2023-05-03T00:00:00.000,DSNY,Graffiti,Graffiti,10019,Closed
57429844,2023-04-26T14:51:17.000,2023-05-26T00:00:00.000,DOB,General Construction/Plumbing,Cons - Contrary/Beyond Approved Plans/Permits,11102,Closed
57429154,2023-04-26T10:12:29.000,2024-11-12T17:25:32.000,DPR,Damaged Tree,Tree Trunk Split,11691,Closed
57434615,2023-04-28T00:17:58.000,2023-04-28T03:21:03.000,NYPD,Noise - Street/Sidewalk,Loud Music/Party,11435,Closed
57433255,2023-04-27T20:43:00.000,2023-04-27T21:11:58.000,NYPD,Encampment,N/A,10002,Closed
57433250,2023-04-27T14:35:18.000,2023-04-28T14:29:27.000,DPR,Maintenance or Facility,Hours of Operation,10467,Closed
57435601,2023-04-27T08:13:15.000,2023-04-27T23:35:23.000,NYPD,Abandoned Vehicle,With License Plate,11420,Closed
57432139,2023-04-26T10:12:10.000,2023-09-23T18:16:32.000,HPD,OUTSIDE BUILDING,ROOFING,10467,Closed
57429570,2023-04-26T23:23:44.000,2023-04-27T01:27:23.000,NYPD,Drug Activity,Use Outside,11366,Closed
57431401,2023-04-26T21:06:32.000,2024-02-05T09:59:50.000,DPR,New Tree Request,For One Address,11209,Closed
57434492,2023-04-27T12:06:03.000,2023-05-09T11:46:52.000,DSNY,Illegal Dumping,Removal Request,10462,Closed
57426175,2023-04-26T13:38:47.000,2023-04-26T14:56:11.000,NYPD,Illegal Parking,Blocked Hydrant,10465,Closed
57430088,2023-04-26T07:47:44.000,2023-04-27T03:05:46.000,DOHMH,Rodent,Rat Sighting,11205,Closed
57430125,2023-04-26T21:04:03.000,2023-05-01T08:00:47.000,HPD,HEAT/HOT WATER,APARTMENT ONLY,10032,Closed
57429897,2023-04-26T22:13:37.000,2023-05-01T14:08:09.000,HPD,PLUMBING,WATER SUPPLY,11224,Closed
57433857,2023-04-27T11:21:39.000,2023-04-28T06:26:31.000,DSNY,Dirty Condition,Trash,10456,Closed
57431413,2023-04-26T08:36:27.000,2023-04-26T09:16:34.000,NYPD,Illegal Parking,Blocked Sidewalk,11377,Closed
57430858,2023-04-26T10:01:04.000,2025-05-13T16:38:15.000,DPR,New Tree Request,For One Address,11211,Closed
57432894,2023-04-27T07:10:46.000,2023-04-27T08:54:35.000,NYPD,Illegal Parking,Blocked Hydrant,11370,Closed
57435025,2023-04-27T14:45:39.000,2024-11-12T17:25:54.000,DPR,Dead/Dying Tree,Planted More Than 2 Years Ago,10302,Closed
58023049,2023-06-27T20:04:28.000,2023-08-01T08:06:57.000,HPD,DOOR/WINDOW,WINDOW FRAME,10312,Closed
57434679,2023-04-27T19:20:07.000,2023-04-27T20:19:25.000,NYPD,Blocked Driveway,No Access,11224,Closed
57431380,2023-04-26T11:34:31.000,2023-04-26T14:20:04.000,NYPD,Blocked Driveway,No Access,11106,Closed
57434637,2023-04-27T21:25:38.000,2023-04-28T03:05:26.000,NYPD,Noise - Street/Sidewalk,Loud Music/Party,10458,Closed
57435237,2023-04-27T09:12:23.000,2023-04-27T14:33:56.000,HPD,HEAT/HOT WATER,ENTIRE BUILDING,10462,Closed
57435142,2023-04-27T14:13:50.000,2023-04-27T15:02:19.000,NYPD,Noise - Vehicle,Car/Truck Music,11208,Closed
57429610,2023-04-26T20:28:05.000,2023-04-26T22:04:03.000,NYPD,Blocked Driveway,No Access,10001,Closed
57433837,2023-04-27T22:35:09.000,2023-06-23T11:31:52.000,TLC,For Hire Vehicle Complaint,Driver Complaint - Non Passenger,11201,Closed
57432311,2023-04-26T18:11:21.000,2023-04-26T18:57:51.000,NYPD,Illegal Parking,Parking Permit Improper Use,10019,Closed
57430685,2023-04-26T16:49:40.000,2023-05-01T06:52:35.000,DSNY,Illegal Dumping,Removal Request,11216,Closed
57430997,2023-04-26T19:57:04.000,2023-04-26T20:08:02.000,DHS,Homeless Person Assistance,,10014,Closed
57432049,2023-04-26T12:37:44.000,2023-05-15T09:09:04.000,DOT,Outdoor Dining,Site Setup Condition,10013,Closed
57434622,2023-04-27T19:52:33.000,2023-04-27T22:23:44.000,NYPD,Illegal Parking,Blocked Crosswalk,11228,Closed
57434832,2023-04-27T11:34:09.000,2023-05-07T02:02:34.000,HPD,DOOR/WINDOW,DOOR FRAME,11212,Closed
57434919,2023-04-27T08:06:03.000,2023-07-26T11:07:53.000,TLC,For Hire Vehicle Complaint,Driver Complaint - Non Passenger,10001,Closed
57434972,2023-04-27T12:59:17.000,2023-05-15T09:08:51.000,DPR,New Tree Request,For One Address,10128,Closed
57434556,2023-04-27T08:05:37.000,2023-05-05T15:08:49.000,DSNY,Missed Collection,Trash,11426,Closed
57434033,2023-04-27T19:19:06.000,2023-04-27T19:47:07.000,NYPD,Noise - Residential,Banging/Pounding,11373,Closed
57434355,2023-04-27T02:29:22.000,2023-04-27T03:24:35.000,NYPD,Noise - Residential,Banging/Pounding,11226,Closed
57429629,2023-04-26T17:33:08.000,2023-04-26T18:36:40.000,NYPD,Illegal Parking,Blocked Bike Lane,10012,Closed
57427921,2023-04-26T06:52:25.000,2023-04-26T09:27:54.000,NYPD,Illegal Parking,Blocked Hydrant,11377,Closed
57431617,2023-04-26T07:02:17.000,2023-04-26T07:14:21.000,NYPD,Illegal Parking,Blocked Hydrant,11364,Closed
57434578,2023-04-27T15:23:49.000,2023-04-27T20:25:01.000,NYPD,Blocked Driveway,No Access,11216,Closed
57429465,2023-04-26T13:14:14.000,2023-04-27T12:11:56.000,HPD,HEAT/HOT WATER,ENTIRE BUILDING,11385,Closed
57434671,2023-04-27T19:03:38.000,2023-08-24T00:00:00.000,DOB,Special Projects Inspection Team (SPIT),Illegal Hotel Rooms In Residential Building,10465,Closed
57433473,2023-04-27T09:06:33.000,2023-05-10T11:47:49.000,HPD,UNSANITARY CONDITION,MOLD,10468,Closed
57429176,2023-04-26T12:04:11.000,2023-05-22T14:17:56.000,HPD,PAINT/PLASTER,CEILING,11236,Closed
57431316,2023-04-26T10:00:04.000,2023-04-26T11:19:32.000,NYPD,Noise - Street/Sidewalk,Loud Music/Party,10031,Closed
57426469,2023-04-26T15:35:53.000,2023-04-26T18:50:50.000,NYPD,Noise - Street/Sidewalk,Loud Music/Party,10017,Closed
57427672,2023-04-26T22:45:10.000,2023-04-26T22:50:52.000,NYPD,Noise - Street/Sidewalk,Loud Music/Party,10025,Closed
57432711,2023-04-26T13:29:00.000,2023-04-28T10:55:00.000,DEP,Lead,Lead Kit Request (Residential) (L10),11427,Closed
57427720,2023-04-26T11:06:07.000,2023-04-26T12:58:10.000,DSNY,Vendor Enforcement,Non-Food Vendor,11372,Closed
57430073,2023-04-26T16:43:53.000,2024-06-04T00:15:51.000,DOHMH,Food Establishment,Letter Grading,11209,Closed
57427978,2023-04-26T05:25:00.000,2023-04-26T06:52:50.000,NYPD,Noise - Commercial,Loud Music/Party,10039,Closed
57424470,2023-04-26T16:42:00.000,2024-02-06T17:10:00.000,DOT,Street Light Condition,Street Light Out,10036,Closed
55328354,2022-09-07T08:27:09.000,2022-09-07T09:13:07.000,NYPD,Illegal Parking,Blocked Hydrant,11232,Closed
57431915,2023-04-26T16:50:04.000,2023-04-26T17:24:33.000,NYPD,Abandoned Vehicle,With License Plate,11228,Closed
57435115,2023-04-27T18:09:50.000,2023-04-28T08:43:31.000,TLC,Lost Property,Electronics/Phones,10065,Closed
57433860,2023-04-27T12:31:39.000,2024-06-04T00:16:21.000,DOHMH,Food Establishment,Bare Hands in Contact w/ Food,11220,Closed
57430461,2023-04-26T14:57:46.000,2023-04-26T23:11:22.000,NYPD,Illegal Parking,Posted Parking Sign Violation,11239,Closed
57431326,2023-04-26T14:49:25.000,2023-05-01T09:29:32.000,HPD,UNSANITARY CONDITION,GARBAGE/RECYCLING STORAGE,10023,Closed
57429315,2023-04-26T13:27:02.000,2023-05-31T15:47:46.000,EDC,Noise - Helicopter,Other,10028,Closed
57420375,2023-04-25T23:28:55.000,2023-04-27T15:12:48.000,HPD,HEAT/HOT WATER,ENTIRE BUILDING,10031,Closed
57427646,2023-04-26T11:31:23.000,2023-04-26T12:40:25.000,NYPD,Illegal Parking,Unauthorized Bus Layover,10019,Closed
57430214,2023-04-26T12:22:00.000,2023-04-26T12:22:00.000,DOT,Street Light Condition,Street Light Out,11373,Closed
57429833,2023-04-26T15:45:16.000,2023-05-26T15:13:28.000,HPD,ELEVATOR,MAINTENANCE,11374,Closed
57428736,2023-04-26T22:48:00.000,2023-04-29T14:20:00.000,DOT,Street Light Condition,Street Light Out,10460,Closed
57432926,2023-04-27T09:46:45.000,2023-04-27T10:38:08.000,NYPD,Illegal Parking,Blocked Sidewalk,11104,Closed
57429279,2023-04-26T05:47:34.000,2023-05-31T15:11:47.000,EDC,Noise - Helicopter,Other,10011,Closed
57435804,2023-04-27T23:49:16.000,2023-04-28T00:59:11.000,NYPD,Noise - Residential,Loud Talking,10031,Closed
57428671,2023-04-26T19:25:17.000,2023-04-26T19:27:22.000,NYPD,Noise - Residential,Loud Music/Party,10461,Closed
57429568,2023-04-27T00:41:13.000,2023-04-27T01:42:49.000,NYPD,Noise - Residential,Banging/Pounding,11206,Closed
57433648,2023-04-27T18:28:23.000,2023-05-04T16:16:44.000,HPD,ELECTRIC,OUTLET/SWITCH,10034,Closed
57430483,2023-04-26T12:42:43.000,2023-04-26T12:42:43.000,DOT,Street Condition,Pothole,11219,Closed
57426257,2023-04-27T00:21:09.000,2023-04-27T01:20:08.000,NYPD,Drug Activity,Use Outside,11432,Closed
57419591,2023-04-25T02:10:12.000,2023-04-25T05:19:29.000,NYPD,Illegal Parking,Blocked Hydrant,10455,Closed
57434010,2023-04-27T10:48:21.000,2023-04-27T15:24:31.000,HPD,HEAT/HOT WATER,ENTIRE BUILDING,10467,Closed
57434233,2023-04-27T23:31:06.000,2023-04-28T04:27:01.000,NYPD,Blocked Driveway,Partial Access,11226,Closed
57427635,2023-04-26T23:14:05.000,2023-04-26T23:57:55.000,NYPD,Noise - Street/Sidewalk,Loud Music/Party,11235,Closed
57430568,2023-04-26T00:11:00.000,2023-04-27T01:15:00.000,DEP,Noise,Noise: Construction Before/After Hours (NM1),11435,Closed
57433271,2023-04-27T20:27:52.000,2023-04-28T01:59:59.000,NYPD,Abandoned Vehicle,With License Plate,11235,Closed
57434235,2023-04-27T11:39:32.000,2023-05-02T14:25:05.000,DSNY,Dead Animal,Cat,11691,Closed
57428880,2023-04-27T01:11:17.000,2023-04-27T06:45:30.000,NYPD,Blocked Driveway,No Access,11106,Closed
57430870,2023-04-26T21:14:48.000,2023-06-03T17:53:30.000,HPD,UNSANITARY CONDITION,PESTS,10470,Closed
57431715,2023-04-26T09:24:26.000,2023-04-26T11:50:39.000,NYPD,Illegal Parking,Blocked Sidewalk,11218,Closed
57431950,2023-04-27T00:24:13.000,2023-04-27T01:19:29.000,NYPD,Drug Activity,Use Outside,11366,Closed
57429431,2023-04-26T22:17:00.000,2023-04-28T22:12:00.000,DEP,Noise,Noise: Construction Before/After Hours (NM1),10010,Closed
57432054,2023-04-26T22:01:19.000,2023-05-09T14:27:09.000,HPD,PAINT/PLASTER,WALL,11216,Closed
57428789,2023-04-26T20:28:59.000,2023-04-26T22:59:40.000,NYPD,Illegal Parking,Blocked Hydrant,10455,Closed
57428398,2023-04-26T06:13:24.000,2024-07-29T16:24:29.000,DPR,Maintenance or Facility,Structure - Outdoors,11361,Closed
57435442,2023-04-27T17:05:13.000,2024-11-12T17:25:57.000,DPR,Damaged Tree,Tree Alive - in Poor Condition,10453,Closed
57421045,2023-04-25T11:58:02.000,2023-04-25T12:28:07.000,NYPD,Noise - Residential,Banging/Pounding,11220,Closed
57432408,2023-04-26T10:12:38.000,2023-05-07T15:53:59.000,HPD,UNSANITARY CONDITION,MOLD,10463,Closed
57433117,2023-04-27T09:48:26.000,2023-06-26T14:18:46.000,TLC,For Hire Vehicle Complaint,Driver Complaint - Non Passenger,11101,Closed
57427971,2023-04-26T09:11:02.000,2023-04-26T09:29:40.000,NYPD,Illegal Parking,Parking Permit Improper Use,11211,Closed
57431374,2023-04-26T16:37:10.000,2023-04-28T12:33:07.000,DSNY,Abandoned Bike,Chained to Public Property,11369,Closed
57428264,2023-04-26T20:39:00.000,2023-04-26T22:49:35.000,NYPD,Illegal Parking,Blocked Hydrant,11427,Closed
57427750,2023-04-26T19:33:45.000,2023-04-26T20:02:34.000,NYPD,Noise - Commercial,Loud Music/Party,10462,Closed
57428519,2023-04-26T10:02:58.000,2023-05-05T00:00:00.000,DOB,General Construction/Plumbing,Building Permit - None,11373,Closed
57430934,2023-04-26T12:20:19.000,2023-04-26T15:10:52.000,NYPD,Abandoned Vehicle,With License Plate,10461,Closed
57431635,2023-04-26T15:12:46.000,2023-04-26T18:08:17.000,NYPD,Noise - Vehicle,Car/Truck Music,11220,Closed
57430865,2023-04-26T14:29:43.000,2023-05-31T15:48:18.000,EDC,Noise - Helicopter,Other,11231,Closed
57429750,2023-04-26T23:31:00.000,2023-04-27T12:27:41.000,DSNY,Dirty Condition,Trash,11106,Closed
57428151,2023-04-26T18:21:35.000,2023-04-26T21:33:23.000,NYPD,Noise - Residential,Banging/Pounding,10036,Closed
57433273,2023-04-27T15:51:55.000,2023-04-28T07:12:28.000,DSNY,Street Sweeping Complaint,Street Not Swept,10451,Closed
57434732,2023-04-27T15:38:06.000,2023-04-27T16:24:13.000,NYPD,Illegal Parking,Paper License Plates,10473,Closed
57431877,2023-04-26T23:35:09.000,2023-04-27T00:56:48.000,NYPD,Illegal Parking,Blocked Hydrant,11225,Closed
57432229,2023-04-26T11:10:18.000,2023-06-08T10:16:40.000,HPD,FLOORING/STAIRS,FLOOR,11224,Closed
57426902,2023-04-26T07:30:00.000,2023-04-26T13:50:00.000,DEP,Water System,Dirty Water (WE),11238,Closed
57426538,2023-04-26T09:20:00.000,2023-04-26T11:30:00.000,DEP,Sewer,Sewer Backup (Use Comments) (SA),11385,Closed
57435726,2023-04-27T20:58:54.000,2023-04-28T09:49:32.000,HPD,HEAT/HOT WATER,APARTMENT ONLY,11220,Closed
57431242,2023-04-26T14:21:29.000,2023-06-11T14:31:01.000,HPD,APPLIANCE,REFRIGERATOR,10032,Closed
57430417,2023-04-26T14:39:19.000,2023-04-26T15:16:58.000,NYPD,Noise - Residential,Banging/Pounding,10456,Closed
57432062,2023-04-26T16:31:18.000,2023-04-26T18:03:47.000,NYPD,Abandoned Vehicle,With License Plate,11226,Closed
57422556,2023-04-25T16:19:39.000,2023-04-26T13:20:08.000,HPD,HEAT/HOT WATER,APARTMENT ONLY,11419,Closed
57434067,2023-04-27T22:02:52.000,2023-04-27T22:10:57.000,NYPD,Noise - Residential,Loud Music/Party,11206,Closed
57427722,2023-04-27T00:10:44.000,2023-04-27T06:48:01.000,NYPD,Noise - Residential,Loud Television,10455,Closed
57435708,2023-04-28T00:25:05.000,2023-04-28T01:01:16.000,NYPD,Noise - Residential,Loud Music/Party,11207,Closed
57435071,2023-04-27T20:52:50.000,2023-04-27T22:41:40.000,NYPD,Drug Activity,Use Outside,10459,Closed
57429595,2023-04-26T10:40:26.000,2023-04-26T16:32:03.000,NYPD,Non-Emergency Police Matter,Trespassing,11206,Closed
57431696,2023-04-26T22:41:22.000,2023-04-27T17:10:11.000,HPD,DOOR/WINDOW,DOOR,11207,Closed
57426568,2023-04-26T20:14:15.000,2023-05-31T15:48:56.000,EDC,Noise - Helicopter,Other,11238,Closed
57428051,2023-04-26T12:07:07.000,2023-04-26T12:14:19.000,NYPD,Abandoned Vehicle,With License Plate,11106,Closed
57430287,2023-04-26T07:12:42.000,2023-04-26T20:59:15.000,HPD,HEAT/HOT WATER,APARTMENT ONLY,10470,Closed
57427407,2023-04-26T19:15:47.000,2023-05-08T09:21:26.000,DPR,Overgrown Tree/Branches,Dead Branches in Tree,11364,Closed
57430569,2023-04-26T19:14:00.000,2023-04-27T21:15:00.000,DEP,Water System,Dirty Water (WE),10301,Closed
57428191,2023-04-26T13:46:58.000,2023-05-31T15:47:51.000,EDC,Noise - Helicopter,Other,11357,Closed
57429042,2023-04-26T20:51:41.000,2023-04-27T00:53:53.000,NYPD,Noise - Residential,Loud Music/Party,11222,Closed
57428516,2023-04-26T13:05:00.000,2023-05-02T09:00:00.000,DEP,Water System,Hydrant Defective (WC2),10022,Closed
57433543,2023-04-27T14:28:43.000,2023-05-04T00:25:31.000,DHS,Homeless Person Assistance,,,Closed
57432660,2023-04-26T09:14:51.000,2023-05-22T08:45:13.000,HPD,PLUMBING,WATER SUPPLY,10462,Closed
57419521,2023-04-25T07:36:44.000,2023-04-26T13:20:45.000,DSNY,Commercial Disposal Complaint,Waste Left in Front of Residence,10014,Closed
57432172,2023-04-26T15:40:03.000,2023-05-05T14:20:04.000,DSNY,Illegal Dumping,Removal Request,11354,Closed
57435877,2023-04-27T13:43:55.000,2023-04-27T14:52:59.000,NYPD,Illegal Parking,Blocked Crosswalk,10301,Closed
57430192,2023-04-26T21:58:31.000,2023-04-26T22:27:14.000,NYPD,Illegal Parking,Commercial Overnight Parking,11209,Closed
57428958,2023-04-26T05:39:50.000,2023-04-27T12:39:06.000,HPD,ELECTRIC,POWER OUTAGE,10469,Closed
57428767,2023-04-26T16:30:14.000,2023-04-26T17:31:33.000,NYPD,Illegal Parking,Blocked Sidewalk,11232,Closed
57435668,2023-04-27T11:18:13.000,2024-11-12T17:25:49.000,DPR,Damaged Tree,Tree Leaning/Uprooted,10314,Closed
57433315,2023-04-27T21:15:23.000,2023-04-27T22:12:20.000,NYPD,Illegal Parking,Posted Parking Sign Violation,11238,Closed
57428932,2023-04-26T10:30:25.000,2024-02-15T08:31:16.000,DPR,New Tree Request,For One Address,10013,Closed
57433118,2023-04-27T09:59:54.000,2023-04-27T10:46:15.000,NYPD,Illegal Parking,Parking Permit Improper Use,10007,Closed
57434937,2023-04-27T16:08:48.000,2023-04-27T16:13:08.000,NYPD,Blocked Driveway,Partial Access,11211,Closed
57428231,2023-04-26T20:58:09.000,2023-04-26T21:46:06.000,NYPD,Illegal Parking,Parking Permit Improper Use,10002,Closed
57434620,2023-04-27T11:15:21.000,2023-04-29T14:56:13.000,DSNY,Missed Collection,Trash,11216,Closed
57428280,2023-04-26T04:13:08.000,2023-05-31T15:45:01.000,EDC,Noise - Helicopter,Other,10025,Closed
57434710,2023-04-27T17:53:00.000,2023-04-28T12:46:00.000,DSNY,Derelict Vehicles,Derelict Vehicles,10475,Closed
57428847,2023-04-26T11:08:54.000,2023-04-26T11:25:37.000,NYPD,Illegal Parking,Posted Parking Sign Violation,11366,Closed
57430927,2023-04-26T22:26:06.000,2023-04-27T01:27:43.000,NYPD,Noise - Residential,Loud Music/Party,10024,Closed
57432424,2023-04-26T17:47:50.000,2023-04-26T18:44:49.000,NYPD,Illegal Parking,Posted Parking Sign Violation,10002,Closed
57427806,2023-04-26T11:16:11.000,2023-04-27T04:55:59.000,DSNY,Dirty Condition,Trash,11230,Closed
57428276,2023-04-26T16:01:45.000,2023-04-27T17:10:10.000,HPD,HEAT/HOT WATER,APARTMENT ONLY,11208,Closed
57426450,2023-04-26T12:10:51.000,2023-04-26T12:56:43.000,DSNY,Vendor Enforcement,Food Vendor,10005,Closed
57433775,2023-04-27T22:39:03.000,2023-05-22T08:45:45.000,HPD,PAINT/PLASTER,WALL,11207,Closed
57433896,2023-04-27T16:24:38.000,2023-07-26T00:00:00.000,DOB,Building/Use,Illegal Conversion Of Residential Building/Space,10470,Closed
57419787,2023-04-25T07:32:05.000,2023-04-25T10:09:43.000,NYPD,Illegal Parking,Posted Parking Sign Violation,10004,Closed
57430717,2023-04-26T20:37:39.000,2023-05-07T10:08:47.000,HPD,PAINT/PLASTER,WALL,11233,Closed
57431587,2023-04-26T09:40:40.000,2023-04-26T19:22:25.000,NYPD,Blocked Driveway,No Access,10467,Closed
57431515,2023-04-26T22:28:15.000,2023-04-26T22:45:21.000,NYPD,Noise - Residential,Loud Music/Party,11210,Closed
57429687,2023-04-26T17:07:34.000,2023-04-26T21:41:06.000,NYPD,Noise - Residential,Banging/Pounding,10027,Closed
57433509,2023-04-27T08:45:59.000,2023-05-31T15:49:43.000,EDC,Noise - Helicopter,News Gathering,10011,Closed
57431730,2023-04-26T13:38:55.000,2023-04-26T13:38:55.000,DOHMH,Standing Water,Puddle on Sidewalk,11101,Closed
57431101,2023-04-26T09:55:57.000,2023-04-26T10:10:10.000,NYPD,Noise - Residential,Banging/Pounding,11201,Closed
57433520,2023-04-27T12:18:18.000,2023-05-05T02:04:28.000,HPD,PLUMBING,TOILET,11212,Closed
57429848,2023-04-26T18:31:47.000,2023-04-26T18:31:47.000,DOB,Real Time Enforcement,Work Without A Permit - Occupied Multiple Dwelling,11206,Closed
57432037,2023-04-26T19:29:29.000,2023-04-27T15:30:06.000,HPD,HEAT/HOT WATER,APARTMENT ONLY,11415,Closed
57434439,2023-04-27T07:44:40.000,2023-04-27T10:35:33.000,NYPD,Abandoned Vehicle,With License Plate,10308,Closed
57434782,2023-04-27T21:04:36.000,2023-04-27T21:48:29.000,NYPD,Illegal Parking,Commercial Overnight Parking,10018,Closed
57428374,2023-04-26T15:51:18.000,2023-04-27T21:54:31.000,HPD,HEAT/HOT WATER,ENTIRE BUILDING,11209,Closed
57435638,2023-04-27T15:59:31.000,2023-06-26T09:39:37.000,HPD,UNSANITARY CONDITION,PESTS,10456,Closed
57432324,2023-04-26T15:19:22.000,2023-04-26T16:50:51.000,NYPD,Panhandling,N/A,10019,Closed
57428549,2023-04-26T08:22:38.000,2023-06-08T00:00:00.000,DOB,General Construction/Plumbing,Fence - None/Inadequate,11106,Closed
57424573,2023-04-26T22:14:36.000,2023-04-26T23:25:14.000,NYPD,Noise - Residential,Loud Music/Party,10459,Closed
57429820,2023-04-26T11:12:34.000,2023-05-10T14:53:43.000,DSNY,Litter Basket Request,Replacement Basket,11217,Closed
57432350,2023-04-26T09:35:00.000,2023-05-01T17:52:00.000,DEP,Noise,Noise: air condition/ventilation equipment (NV1),10005,Closed
57430148,2023-04-26T08:15:48.000,2023-04-26T14:46:25.000,HPD,HEAT/HOT WATER,ENTIRE BUILDING,10459,Closed
57429932,2023-04-26T09:46:42.000,2023-04-26T12:00:25.000,NYPD,Illegal Parking,Blocked Sidewalk,11221,Closed
57431307,2023-04-26T08:53:32.000,2023-04-26T20:04:12.000,NYPD,Illegal Parking,Posted Parking Sign Violation,11379,Closed
57432729,2023-04-26T08:44:00.000,2023-04-27T12:05:00.000,DEP,Noise,Noise: Construction Equipment (NC1),11228,Closed
57430513,2023-04-26T12:16:29.000,2023-04-28T18:07:51.000,HPD,DOOR/WINDOW,DOOR,11221,Closed
57429453,2023-04-26T17:38:54.000,2023-04-26T18:48:48.000,NYPD,Illegal Parking,Posted Parking Sign Violation,11366,Closed
57430411,2023-04-26T16:31:19.000,2023-05-02T13:48:46.000,DSNY,Illegal Posting,Poster or Sign,11207,Closed
57419274,2023-04-25T08:28:39.000,2024-06-04T00:14:39.000,DOHMH,Food Establishment,Pet/Animal,10013,Closed
57428119,2023-04-26T09:37:37.000,2023-04-26T11:23:01.000,DHS,Homeless Person Assistance,,10002,Closed
57432453,2023-04-26T19:17:34.000,2023-04-28T20:18:48.000,HPD,UNSANITARY CONDITION,MOLD,10026,Closed
57426399,2023-04-26T17:23:58.000,2023-04-26T21:10:24.000,DSNY,Obstruction,Cone,11420,Closed
57435758,2023-04-27T08:26:08.000,2023-06-06T13:29:12.000,DPR,Overgrown Tree/Branches,Dead Branches in Tree,10027,Closed
57426999,2023-04-26T13:01:22.000,2023-05-03T12:43:49.000,DSNY,Missed Collection,Bulky Trash,11214,Closed
59380923,2023-11-09T05:32:53.000,2023-11-09T06:18:18.000,NYPD,Illegal Parking,Blocked Hydrant,11207,Closed
57429033,2023-04-26T23:08:08.000,2023-04-26T23:10:51.000,NYPD,Noise - Residential,Banging/Pounding,11209,Closed
57435376,2023-04-27T12:20:55.000,2023-05-11T09:03:09.000,HPD,DOOR/WINDOW,DOOR,10025,Closed
57430603,2023-04-26T09:31:51.000,2023-04-26T09:59:43.000,NYPD,Illegal Parking,Blocked Hydrant,11235,Closed
57428057,2023-04-26T23:44:26.000,2023-04-27T00:18:43.000,NYPD,Noise - Street/Sidewalk,Loud Music/Party,11216,Closed
57433235,2023-04-27T20:25:43.000,2023-04-28T19:33:41.000,NYPD,Blocked Driveway,Partial Access,10456,Closed
57431549,2023-04-26T04:46:55.000,2023-04-26T06:35:08.000,NYPD,Noise - Residential,Banging/Pounding,10467,Closed
57430001,2023-04-26T09:53:35.000,2023-04-26T09:53:35.000,DOB,Real Time Enforcement,Work Without A Permit - Occupied Multiple Dwelling,11233,Closed
57435549,2023-04-27T12:31:44.000,2023-04-27T13:00:53.000,NYPD,Noise - Residential,Banging/Pounding,11226,Closed
57429727,2023-04-26T08:35:00.000,2023-05-04T10:54:23.000,TLC,For Hire Vehicle Complaint,Driver Complaint - Non Passenger,10128,Closed
57428115,2023-04-26T11:58:50.000,2023-04-26T13:54:17.000,NYPD,Blocked Driveway,Partial Access,11219,Closed
57435768,2023-04-27T17:24:09.000,2023-04-27T19:28:44.000,NYPD,Blocked Driveway,No Access,10469,Closed
57431058,2023-04-26T13:11:19.000,2023-05-03T09:02:55.000,HPD,PAINT/PLASTER,WALL,11374,Closed
57432859,2023-04-27T08:53:06.000,2023-05-31T15:49:45.000,EDC,Noise - Helicopter,Other,11238,Closed
57435977,2023-04-27T21:56:42.000,2023-04-28T21:42:50.000,NYPD,Noise - Street/Sidewalk,Loud Music/Party,10451,Closed
57427705,2023-04-26T10:36:59.000,2023-04-28T12:48:04.000,DSNY,Dirty Condition,Trash,10463,Closed
57425430,2023-04-26T04:53:18.000,2023-05-31T15:45:10.000,EDC,Noise - Helicopter,Other,11238,Closed
57433794,2023-04-27T10:13:53.000,2023-04-28T10:21:09.000,HPD,PAINT/PLASTER,WALL,10027,Closed
57434846,2023-04-27T13:19:48.000,2023-05-01T13:55:35.000,HPD,WATER LEAK,SLOW LEAK,10025,Closed
57428934,2023-04-26T22:55:44.000,2023-04-27T02:30:08.000,NYPD,Illegal Parking,Blocked Hydrant,11369,Closed
57429203,2023-04-26T12:51:01.000,2023-05-03T21:13:40.000,HPD,APPLIANCE,ELECTRIC/GAS RANGE,11374,Closed
57427988,2023-04-26T17:02:17.000,2023-04-28T13:49:44.000,DOT,Street Sign - Missing,One Way,11432,Closed
57434218,2023-04-27T06:59:13.000,2023-04-27T09:27:54.000,NYPD,Illegal Parking,Blocked Hydrant,11377,Closed
57434310,2023-04-27T11:11:55.000,2023-04-27T11:16:19.000,NYPD,Illegal Parking,Blocked Sidewalk,11104,Closed
57430929,2023-04-26T21:07:46.000,2023-07-26T10:58:25.000,TLC,For Hire Vehicle Complaint,Driver Complaint - Passenger,10017,Closed
57422017,2023-04-26T00:15:12.000,2023-04-26T00:38:09.000,NYPD,Non-Emergency Police Matter,Trespassing,11212,Closed
57431129,2023-04-26T19:11:05.000,2023-04-26T20:32:53.000,NYPD,Non-Emergency Police Matter,Other (complaint details),11204,Closed
57432537,2023-04-26T11:35:11.000,2023-04-26T14:17:47.000,NYPD,Blocked Driveway,No Access,11218,Closed
57419982,2023-04-25T11:40:00.000,2023-04-10T11:40:00.000,DOT,Street Light Condition,Street Light Out,11694,Pending
57433738,2023-04-27T22:14:02.000,2023-05-10T10:19:19.000,HPD,UNSANITARY CONDITION,PESTS,10458,Closed
57433342,2023-04-27T12:38:05.000,2023-04-27T14:27:27.000,NYPD,Illegal Parking,Double Parked Blocking Traffic,10461,Closed
57431077,2023-04-26T14:46:50.000,2023-04-26T15:28:41.000,NYPD,Illegal Parking,Blocked Bike Lane,11238,Closed
57427846,2023-04-26T04:02:14.000,2023-04-26T04:18:32.000,NYPD,Noise - Street/Sidewalk,Loud Talking,10030,Closed
57428756,2023-04-26T13:55:39.000,2023-05-25T19:56:31.000,HPD,APPLIANCE,ELECTRIC/GAS RANGE,10027,Closed
57419134,2023-04-25T11:11:53.000,2023-04-25T11:32:34.000,NYPD,Abandoned Vehicle,With License Plate,11368,Closed
57430003,2023-04-26T23:35:01.000,2023-04-27T00:19:24.000,NYPD,Noise - Residential,Loud Television,11230,Closed
57432171,2023-04-26T08:27:24.000,2023-04-26T09:04:03.000,NYPD,Illegal Parking,Posted Parking Sign Violation,11224,Closed
57430323,2023-04-26T15:58:20.000,2023-06-26T17:10:59.000,HPD,SAFETY,CARBON MONOXIDE DETECTOR,10453,Closed
57432874,2023-04-27T07:14:16.000,2023-04-27T08:40:13.000,NYPD,Illegal Parking,Blocked Hydrant,11105,Closed
57424568,2023-04-26T08:06:25.000,2023-04-26T08:30:15.000,NYPD,Illegal Parking,Blocked Sidewalk,11210,Closed
57430199,2023-04-26T03:13:53.000,2023-04-26T03:30:41.000,NYPD,Noise - Commercial,Banging/Pounding,10016,Closed
57429224,2023-04-26T16:51:17.000,2023-04-26T17:06:58.000,NYPD,Illegal Parking,Blocked Sidewalk,11232,Closed
57432828,2023-04-27T08:24:15.000,2023-05-01T14:35:33.000,DOT,Street Condition,Line/Marking - Faded,11433,Closed
57432554,2023-04-26T17:06:00.000,2023-04-27T12:18:00.000,DSNY,Derelict Vehicles,Derelict Vehicles,11236,Closed
57430045,2023-04-26T13:52:29.000,2023-05-04T08:28:59.000,HPD,GENERAL,MAILBOX,11225,Closed
57434779,2023-04-27T14:29:18.000,2025-05-13T16:38:32.000,DPR,New Tree Request,For One Address,11105,Closed
57428631,2023-04-26T10:49:31.000,,DPR,Overgrown Tree/Branches,Hitting Building,11369,In Progress
57432084,2023-04-26T16:10:20.000,2023-05-25T15:11:33.000,DOT,Sidewalk Condition,Broken Sidewalk,11203,Closed
57430465,2023-04-26T14:12:00.000,2023-04-26T22:55:00.000,DSNY,Derelict Vehicles,Derelict Vehicles,11358,Closed
57434827,2023-04-27T23:02:00.000,2023-04-28T20:13:00.000,DEP,Noise,Noise: air condition/ventilation equipment (NV1),10011,Closed
57430176,2023-04-26T19:23:17.000,2023-05-07T17:54:36.000,HPD,ELECTRIC,OUTLET/SWITCH,10468,Closed
59374464,2023-11-09T09:20:30.000,2023-11-09T09:36:55.000,NYPD,Illegal Parking,Blocked Hydrant,11361,Closed
57430137,2023-04-26T14:42:13.000,2023-04-27T08:01:28.000,HPD,WATER LEAK,DAMP SPOT,11209,Closed
57436000,2023-04-27T18:09:52.000,2023-05-12T12:30:34.000,DOT,Curb Condition,Broken Curb,11412,Closed
57434592,2023-04-27T12:27:09.000,2023-04-27T13:35:16.000,NYPD,Blocked Driveway,Partial Access,11210,Closed
57432223,2023-04-26T18:37:03.000,2025-05-13T16:38:23.000,DPR,New Tree Request,For One Address,11229,Closed
57433540,2023-04-27T13:21:00.000,2023-04-28T08:40:00.000,DOT,Traffic Signal Condition,Controller,10314,Closed
57422733,2023-04-25T19:04:31.000,2023-04-26T13:50:36.000,HPD,FLOORING/STAIRS,STAIRS,11211,Closed
57429810,2023-04-26T23:18:15.000,2023-04-27T00:23:57.000,NYPD,Noise - Street/Sidewalk,Loud Music/Party,11433,Closed
57428801,2023-04-26T16:07:50.000,2023-05-03T19:28:41.000,HPD,PAINT/PLASTER,WALL,11385,Closed
57432188,2023-04-26T19:45:21.000,2023-04-26T20:08:07.000,NYPD,Non-Emergency Police Matter,Other (complaint details),11354,Closed
57429160,2023-04-26T19:53:41.000,2023-04-26T20:26:34.000,NYPD,Illegal Parking,Blocked Sidewalk,11204,Closed
57432015,2023-04-26T12:49:06.000,2023-05-05T00:00:00.000,DOB,Building/Use,Zoning - Non-Conforming/Illegal Vehicle Storage,11236,Closed
57433386,2023-04-27T17:23:24.000,2023-07-27T10:19:18.000,HPD,SAFETY,SMOKE DETECTOR,11206,Closed
57435743,2023-04-27T13:41:37.000,2023-04-27T19:25:21.000,NYPD,Abandoned Vehicle,With License Plate,11379,Closed
57432979,2023-04-27T23:32:36.000,2023-04-28T02:26:35.000,NYPD,Noise - Residential,Banging/Pounding,10453,Closed
57433058,2023-04-27T20:43:55.000,2023-05-31T15:51:47.000,EDC,Noise - Helicopter,Other,10016,Closed
57434963,2023-04-26T18:30:00.000,2023-04-27T11:40:00.000,DOT,Traffic Signal Condition,Flashing Hazard,10459,Closed
57432221,2023-04-26T08:15:00.000,2023-04-26T12:02:00.000,DOT,Street Light Condition,Street Light Dayburning,11216,Closed
57431909,2023-04-26T02:46:19.000,2023-04-26T13:01:59.000,DSNY,Vendor Enforcement,Non-Food Vendor,10036,Closed
57429809,2023-04-26T09:36:02.000,2023-05-02T12:15:09.000,DOT,Sidewalk Condition,Sidewalk Violation,11203,Closed
57427726,2023-04-26T10:08:00.000,2023-06-07T13:30:00.000,DEP,Water System,Hydrant Defective (WC2),10469,Closed
57434694,2023-04-27T09:09:00.000,2023-04-27T09:09:00.000,DOT,Street Light Condition,Street Light Out,11697,Closed
57427610,2023-04-26T21:12:33.000,2025-05-13T16:38:24.000,DPR,New Tree Request,For One Address,11209,Closed
57429974,2023-04-26T18:38:28.000,2023-04-26T18:57:59.000,NYPD,Illegal Parking,Posted Parking Sign Violation,11205,Closed
57427611,2023-04-26T11:08:01.000,2023-04-27T00:00:00.000,DOB,General Construction/Plumbing,Building Shaking/Vibrating/Structural Stability,11420,Closed
57434037,2023-04-27T10:18:59.000,2023-05-17T00:00:00.000,DOB,General Construction/Plumbing,Cons - Contrary/Beyond Approved Plans/Permits,10468,Closed
57423385,2023-04-27T00:05:06.000,2023-04-27T00:21:17.000,NYPD,Noise - Residential,Loud Music/Party,11229,Closed
57435150,2023-04-27T08:19:33.000,2023-04-29T14:51:23.000,DSNY,Missed Collection,Recycling - Paper,11201,Closed
57432739,2023-04-26T19:51:23.000,2023-09-23T18:29:53.000,HPD,GENERAL,CABINET,10455,Closed
57434417,2023-04-27T01:36:21.000,2023-06-09T18:18:30.000,HPD,SAFETY,CARBON MONOXIDE DETECTOR,10033,Closed
57431972,2023-04-26T06:27:25.000,2023-04-26T19:26:58.000,NYPD,Illegal Parking,Posted Parking Sign Violation,10462,Closed
57422200,2023-04-25T11:22:41.000,2023-05-09T09:55:37.000,HPD,GENERAL,CABINET,10456,Closed
57422950,2023-04-27T00:43:57.000,2023-04-27T01:17:09.000,NYPD,Noise - Commercial,Loud Music/Party,10458,Closed
57422938,2023-04-26T17:29:41.000,2023-04-29T16:51:39.000,HPD,SAFETY,WINDOW GUARD BROKEN/MISSING,10302,Closed
57429207,2023-04-26T07:53:01.000,2023-04-26T09:52:32.000,NYPD,Illegal Parking,Blocked Crosswalk,10033,Closed
57429547,2023-04-26T08:04:41.000,2023-04-26T18:06:16.000,NYPD,Blocked Driveway,No Access,11207,Closed
57432674,2023-04-26T20:38:19.000,2023-05-01T16:19:10.000,HPD,GENERAL,COOKING GAS,11230,Closed
57432236,2023-04-26T04:39:32.000,2023-05-31T15:45:07.000,EDC,Noise - Helicopter,Other,10025,Closed
57434466,2023-04-27T17:34:33.000,2023-04-27T21:28:37.000,NYPD,Noise - Residential,Banging/Pounding,11423,Closed
57431417,2023-04-26T16:19:38.000,2023-04-26T18:53:19.000,NYPD,Illegal Parking,Paper License Plates,10467,Closed
57432387,2023-04-26T21:44:00.000,2023-05-02T04:45:00.000,DEP,Noise,"Noise, Other Animals (NR6)",10467,Closed
57435963,2023-04-27T16:12:00.000,2023-04-28T14:14:00.000,DSNY,Derelict Vehicles,Derelict Vehicles,11216,Closed
57427628,2023-04-26T15:35:07.000,2024-11-12T17:25:41.000,DPR,Dead/Dying Tree,Planted More Than 2 Years Ago,11418,Closed
57424835,2023-04-26T20:37:39.000,2023-05-07T16:13:29.000,HPD,UNSANITARY CONDITION,PESTS,11233,Closed
57430480,2023-04-26T16:11:02.000,2023-04-26T20:53:26.000,NYPD,Blocked Driveway,No Access,10461,Closed
57429322,2023-04-26T12:42:20.000,2023-09-11T07:16:05.000,HPD,PAINT/PLASTER,CEILING,11218,Closed
57433332,2023-04-27T07:03:14.000,2023-04-30T19:05:33.000,HPD,HEAT/HOT WATER,ENTIRE BUILDING,11203,Closed
57434196,2023-04-27T18:18:13.000,2023-04-28T12:40:29.000,HPD,HEAT/HOT WATER,ENTIRE BUILDING,10462,Closed
57433415,2023-04-27T21:09:03.000,2023-04-28T12:31:41.000,DSNY,Dirty Condition,Trash,10306,Closed
57430030,2023-04-27T00:37:59.000,2023-04-27T01:50:44.000,NYPD,Non-Emergency Police Matter,Other (complaint details),11421,Closed
57434079,2023-04-27T09:18:59.000,2023-05-31T15:49:51.000,EDC,Noise - Helicopter,Other,10025,Closed
57428336,2023-04-26T00:59:00.000,2023-05-03T21:45:00.000,DEP,Noise,Noise: Construction Before/After Hours (NM1),10169,Closed
57433113,2023-04-27T10:32:15.000,2023-04-27T11:59:49.000,NYPD,Illegal Parking,Blocked Hydrant,10027,Closed
57433102,2023-04-27T10:14:26.000,2023-05-31T15:50:03.000,EDC,Noise - Helicopter,Other,11417,Closed
57429364,2023-04-26T13:11:11.000,2023-04-26T14:40:52.000,NYPD,Blocked Driveway,No Access,11102,Closed
57429462,2023-04-26T13:36:21.000,2023-04-26T14:28:16.000,NYPD,Illegal Parking,Blocked Sidewalk,10024,Closed
57429835,2023-04-26T12:51:03.000,2023-05-04T07:46:52.000,HPD,FLOORING/STAIRS,FLOOR,10010,Closed
57431492,2023-04-26T23:09:09.000,2023-04-27T01:34:28.000,NYPD,Noise - Residential,Loud Music/Party,11213,Closed
57431288,2023-04-26T03:33:11.000,2023-05-31T15:44:52.000,EDC,Noise - Helicopter,Other,10025,Closed
57430838,2023-04-26T08:36:47.000,2023-04-26T13:53:12.000,HPD,HEAT/HOT WATER,ENTIRE BUILDING,10460,Closed
57429794,2023-04-26T13:40:19.000,2024-06-04T00:19:05.000,DOHMH,Smoking,Smoking Violation,11375,Closed
57428965,2023-04-26T20:56:09.000,2023-07-03T09:15:52.000,TLC,For Hire Vehicle Complaint,Driver Complaint - Non Passenger,10028,Closed
57434814,2023-04-27T20:38:49.000,2023-04-27T23:06:10.000,NYPD,Noise - Commercial,Car/Truck Horn,11435,Closed
57431201,2023-04-26T10:19:48.000,2023-04-26T10:53:37.000,NYPD,Noise - House of Worship,Loud Music/Party,11366,Closed
57430177,2023-04-26T15:35:06.000,2023-05-08T10:04:20.000,DOT,Street Condition,Blocked - Construction,11106,Closed
57422167,2023-04-25T14:57:31.000,2023-04-25T15:28:52.000,NYPD,Blocked Driveway,No Access,10019,Closed
57427835,2023-04-26T10:01:08.000,2023-04-28T14:04:15.000,DSNY,Missed Collection,Bulky Recycling,10314,Closed
57431672,2023-04-26T22:32:11.000,2023-04-28T18:06:28.000,HPD,HEAT/HOT WATER,ENTIRE BUILDING,10044,Closed
57429170,2023-04-26T09:12:25.000,2023-04-26T13:05:24.000,NYPD,Illegal Parking,Blocked Hydrant,11377,Closed
57435606,2023-04-27T13:52:05.000,2023-05-03T00:00:00.000,DSNY,Graffiti,Graffiti,10031,Closed
57430542,2023-04-26T14:45:39.000,2023-05-10T23:28:32.000,HPD,GENERAL,VENTILATION SYSTEM,10029,Closed
57433485,2023-04-27T07:50:28.000,2023-04-27T11:45:34.000,NYPD,Blocked Driveway,No Access,10460,Closed
57434985,2023-04-27T13:51:08.000,2023-04-28T06:45:32.000,DPR,Dead/Dying Tree,Planted More Than 2 Years Ago,10312,Closed
57430537,2023-04-26T21:41:55.000,2023-06-04T12:55:24.000,DPR,Root/Sewer/Sidewalk Condition,Trees and Sidewalks Program,10459,Closed
57430679,2023-04-26T10:12:49.000,2023-04-26T10:55:48.000,NYPD,Noise - Residential,Loud Talking,11366,Closed
57435740,2023-04-27T10:38:33.000,2023-04-28T11:06:53.000,DCWP,Consumer Complaint,Car Dealer - Used,11220,Closed
57433616,2023-04-27T09:04:36.000,2023-05-01T14:36:47.000,DSNY,Dirty Condition,Syringes,10002,Closed
57431750,2023-04-26T19:46:18.000,2023-04-26T21:13:29.000,NYPD,Illegal Parking,Blocked Hydrant,10468,Closed
57432736,2023-04-26T08:00:24.000,2023-04-26T08:00:24.000,DOB,General Construction/Plumbing,Egress - Doors Locked/Blocked/Improper/No Secondary Means,11228,Closed
57435250,2023-04-27T16:14:53.000,2023-04-27T18:26:49.000,NYPD,Noise - Residential,Banging/Pounding,11375,Closed
57428566,2023-04-26T11:02:50.000,2023-04-26T12:41:16.000,NYPD,Abandoned Vehicle,With License Plate,11234,Closed
58060858,2023-06-30T23:33:31.000,2023-07-01T02:21:14.000,NYPD,Noise - Residential,Loud Music/Party,10452,Closed
57434572,2023-04-27T15:47:28.000,2023-04-28T05:55:43.000,DSNY,Lot Condition,Trash,11233,Closed
57420327,2023-04-26T00:01:14.000,2023-04-26T05:10:44.000,NYPD,Illegal Parking,Commercial Overnight Parking,11379,Closed
57430912,2023-04-26T12:04:11.000,2023-05-22T14:17:56.000,HPD,DOOR/WINDOW,DOOR,11236,Closed
57434752,2023-04-27T19:03:04.000,2023-04-28T05:23:38.000,NYPD,Illegal Parking,Blocked Hydrant,10475,Closed
57430344,2023-04-26T19:15:41.000,2023-04-26T19:42:55.000,NYPD,Illegal Parking,Commercial Overnight Parking,11103,Closed
57434069,2023-04-27T02:02:00.000,2023-04-27T22:28:00.000,DEP,Noise,Noise: Construction Equipment (NC1),10462,Closed
57434087,2023-04-27T10:42:45.000,2023-04-27T10:42:45.000,DOT,Street Condition,Pothole,11237,Closed
57434536,2023-04-27T14:15:05.000,2023-04-27T14:45:52.000,NYPD,Noise - Residential,Loud Talking,11238,Closed
57426779,2023-04-26T21:41:32.000,2023-06-26T11:29:03.000,DPR,Maintenance or Facility,Unsecured Facility,11226,Closed
57419817,2023-04-25T10:57:18.000,2023-04-25T16:02:05.000,DSNY,Vendor Enforcement,Food Vendor,11355,Closed
57467349,2023-04-30T16:33:58.000,2023-04-30T16:33:58.000,DOT,Street Condition,Pothole,11210,Closed
57423410,2023-04-26T13:27:06.000,2023-09-18T14:22:36.000,HPD,PLUMBING,WATER SUPPLY,10028,Closed
57428331,2023-04-26T12:19:15.000,2023-04-26T13:29:17.000,NYPD,Illegal Parking,Posted Parking Sign Violation,11207,Closed
57428246,2023-04-26T21:10:52.000,2023-04-26T21:18:38.000,NYPD,Noise - Vehicle,Car/Truck Music,10002,Closed
57428813,2023-04-26T08:50:42.000,2023-05-31T15:46:10.000,EDC,Noise - Helicopter,Other,10028,Closed
57429584,2023-04-26T11:17:28.000,2023-04-26T18:53:06.000,NYPD,Noise - Residential,Banging/Pounding,10467,Closed
57422607,2023-04-25T08:28:31.000,2023-05-03T09:05:26.000,HPD,UNSANITARY CONDITION,PESTS,11208,Closed
57433833,2023-04-27T16:00:50.000,2023-05-02T13:26:07.000,DSNY,Illegal Posting,Poster or Sign,11417,Closed
57435710,2023-04-27T10:32:46.000,2023-04-27T13:05:15.000,NYPD,Illegal Parking,Posted Parking Sign Violation,11207,Closed
57428251,2023-04-26T07:33:56.000,2023-04-26T09:31:11.000,NYPD,Blocked Driveway,No Access,10458,Closed
57433317,2023-04-27T08:05:43.000,2023-04-27T09:07:12.000,NYPD,Illegal Parking,Blocked Hydrant,11377,Closed
57424620,2023-04-26T22:08:08.000,2023-04-27T13:05:33.000,DCWP,Consumer Complaint,Other,10451,Closed
57433584,2023-04-27T08:15:43.000,2023-04-27T11:17:03.000,NYPD,Blocked Driveway,No Access,11102,Closed
57429379,2023-04-26T08:29:10.000,2023-05-31T15:46:01.000,EDC,Noise - Helicopter,Other,11417,Closed
57427119,2023-04-26T20:54:15.000,2023-04-26T20:54:15.000,DOT,Street Condition,Pothole,11419,Closed
57434864,2023-04-27T09:58:49.000,2023-04-28T10:36:45.000,DCWP,Consumer Complaint,Stoop Line,11415,Closed
57429863,2023-04-26T08:43:31.000,2023-04-26T08:43:31.000,DOHMH,Rodent,Condition Attracting Rodents,11106,Closed
57430785,2023-04-26T23:22:24.000,2023-04-27T00:59:41.000,NYPD,Noise - Commercial,Loud Music/Party,11361,Closed
57429004,2023-04-26T12:45:02.000,2023-05-03T15:13:47.000,HPD,GENERAL,BELL/BUZZER/INTERCOM,10032,Closed
57430122,2023-04-26T09:12:55.000,2023-05-31T15:11:58.000,EDC,Noise - Helicopter,Other,10011,Closed
57420349,2023-04-25T10:15:00.000,2023-04-26T00:14:00.000,DSNY,Derelict Vehicles,Derelict Vehicles,11692,Closed
57419308,2023-04-25T18:02:20.000,2023-04-25T18:57:15.000,NYPD,Abandoned Vehicle,With License Plate,11364,Closed
57428433,2023-04-26T14:27:00.000,2023-04-27T02:20:00.000,DOT,Traffic Signal Condition,Base Door,11373,Closed
57431001,2023-04-26T12:52:10.000,2023-04-26T21:28:25.000,NYPD,Noise - Residential,Banging/Pounding,10460,Closed
57464216,2023-04-30T19:35:19.000,2023-04-30T19:35:19.000,DOT,Street Condition,Pothole,11210,Closed
57430371,2023-04-26T16:52:36.000,2023-05-09T20:30:30.000,HPD,FLOORING/STAIRS,FLOOR,10458,Closed
57431850,2023-04-26T14:30:03.000,2023-04-26T14:50:08.000,NYPD,Noise - Commercial,Loud Talking,11214,Closed
57425736,2023-04-26T15:40:00.000,2023-04-27T09:13:00.000,DOT,Street Light Condition,Street Light Out,10128,Closed
57433514,2023-04-27T14:33:23.000,2023-04-27T15:14:15.000,NYPD,Illegal Parking,Paper License Plates,10023,Closed
57430653,2023-04-26T09:15:22.000,2023-04-26T15:43:21.000,DOT,Street Condition,Plate Condition - Noisy,11235,Closed
57435684,2023-04-27T14:46:35.000,2023-04-27T15:30:10.000,NYPD,Blocked Driveway,Partial Access,11208,Closed
57428687,2023-04-26T18:02:18.000,2023-04-26T22:08:48.000,NYPD,Blocked Driveway,No Access,10033,Closed
57435721,2023-04-27T14:22:22.000,2023-05-31T00:00:00.000,DOB,Elevator,Elevator - Single Device On Property/No Alternate Service,10453,Closed
57432984,2023-04-27T09:40:00.000,2023-04-27T11:45:00.000,DOT,Traffic Signal Condition,Controller,10314,Closed
57427564,2023-04-26T14:32:00.000,2023-04-27T02:45:00.000,DOT,Traffic Signal Condition,LED Lense,11423,Closed
57432381,2023-04-26T11:29:05.000,2024-04-09T00:00:00.000,DOB,Building/Use,SRO - Illegal Work/No Permit/Change In Occupancy/Use,11417,Closed
57430981,2023-04-26T13:11:19.000,2023-05-03T09:02:55.000,HPD,PAINT/PLASTER,WALL,11374,Closed
57429572,2023-04-26T08:45:53.000,2023-04-26T09:47:31.000,NYPD,Illegal Parking,Parking Permit Improper Use,10301,Closed
57434945,2023-04-27T09:06:30.000,2024-08-02T12:54:34.000,TLC,For Hire Vehicle Complaint,Driver Complaint - Non Passenger,10021,Closed
57434187,2023-04-27T13:10:06.000,2023-04-27T14:22:43.000,NYPD,Illegal Parking,Blocked Sidewalk,11231,Closed
57434936,2023-04-27T13:47:55.000,2023-04-27T14:12:56.000,NYPD,Non-Emergency Police Matter,Other (complaint details),11418,Closed
57432850,2023-04-27T11:53:04.000,2023-05-09T19:01:02.000,HPD,PLUMBING,TOILET,10044,Closed
57420981,2023-04-25T11:24:25.000,2023-04-25T12:15:10.000,NYPD,Illegal Parking,Blocked Hydrant,11418,Closed
57422683,2023-04-25T13:30:51.000,2023-09-12T08:53:51.000,DPR,New Tree Request,For One Address,10021,Closed
57429438,2023-04-26T21:54:10.000,2023-04-26T22:29:01.000,NYPD,Blocked Driveway,No Access,11238,Closed
57431257,2023-04-27T00:11:01.000,2023-04-27T01:22:10.000,NYPD,Drug Activity,Use Outside,11366,Closed
57432430,2023-04-26T14:08:57.000,2023-04-27T17:10:23.000,HPD,SAFETY,SMOKE DETECTOR,11221,Closed
57430739,2023-04-27T01:00:15.000,2023-04-27T01:48:11.000,NYPD,Abandoned Vehicle,With License Plate,11236,Closed
57428844,2023-04-26T09:05:00.000,2023-04-28T12:18:00.000,DEP,Water System,Hydrant Leaking (WC1),10309,Closed
57437386,2023-04-27T14:00:40.000,2023-04-27T15:02:52.000,DSNY,Vendor Enforcement,Food Vendor,11207,Closed
57431975,2023-04-26T17:46:09.000,2023-06-12T08:55:20.000,HPD,FLOORING/STAIRS,FLOOR,10452,Closed
57424739,2023-04-26T08:12:14.000,2023-05-05T15:38:18.000,HPD,PAINT/PLASTER,CEILING,11210,Closed
57425560,2023-04-26T14:18:48.000,2023-04-26T14:57:03.000,NYPD,Drug Activity,Use Outside,11366,Closed
57434271,2023-04-27T03:33:05.000,2023-04-27T03:53:23.000,NYPD,Illegal Parking,Blocked Hydrant,11207,Closed
57426650,2023-04-26T18:45:13.000,2023-04-27T01:55:23.000,NYPD,Noise - Residential,Banging/Pounding,10460,Closed
57432669,2023-04-26T16:12:42.000,2023-04-28T08:36:37.000,DPR,Dead/Dying Tree,Planted More Than 2 Years Ago,11209,Closed
57432909,2023-04-27T10:32:46.000,2023-05-01T13:24:41.000,DSNY,Missed Collection,Recycling - Paper,10306,Closed
57431895,2023-04-26T18:18:10.000,2023-04-26T23:32:16.000,NYPD,Illegal Parking,Blocked Bike Lane,11205,Closed
57433796,2023-04-27T15:05:43.000,2023-04-27T17:07:33.000,NYPD,Illegal Parking,Commercial Overnight Parking,11203,Closed
57434444,2023-04-27T20:02:52.000,2023-04-27T21:09:42.000,NYPD,Illegal Parking,Posted Parking Sign Violation,11357,Closed
57432705,2023-04-26T23:17:00.000,2023-05-09T14:45:00.000,DEP,Hazardous Materials,Chemical Odor (HD1),10065,Closed
57434319,2023-04-27T11:22:48.000,2023-04-27T12:51:57.000,NYPD,Noise - Residential,Banging/Pounding,11103,Closed
57434725,2023-04-27T11:07:11.000,2023-06-02T12:46:22.000,DSNY,Missed Collection,Trash,10019,Closed
57430563,2023-04-26T21:22:32.000,2023-04-26T21:49:21.000,NYPD,Noise - Vehicle,Car/Truck Music,10017,Closed
57430117,2023-04-26T11:45:09.000,2023-05-05T16:02:12.000,HPD,APPLIANCE,ELECTRIC/GAS RANGE,10011,Closed
57432191,2023-04-26T12:57:21.000,2023-04-26T13:24:49.000,NYPD,Encampment,N/A,11203,Closed
57433639,2023-04-27T18:29:00.000,2023-04-28T05:21:00.000,DSNY,Derelict Vehicles,Derelict Vehicles,10467,Closed
57430605,2023-04-26T09:30:42.000,2023-05-04T15:30:06.000,HPD,PLUMBING,RADIATOR,10039,Closed
57432362,2023-04-26T12:00:58.000,2023-04-27T22:55:30.000,NYPD,Illegal Parking,Paper License Plates,10461,Closed
57430244,2023-04-26T09:32:00.000,2023-04-26T12:25:00.000,DEP,Sewer,Sewer Backup (Use Comments) (SA),11102,Closed
57428873,2023-04-26T22:22:39.000,2023-05-04T06:18:12.000,HPD,PAINT/PLASTER,WALL,10456,Closed
57434348,2023-04-27T16:05:29.000,2023-09-22T10:28:49.000,HPD,DOOR/WINDOW,WINDOW PANE,10305,Closed
57429694,2023-04-26T16:09:29.000,2023-04-26T21:56:21.000,NYPD,Noise - Residential,Banging/Pounding,10027,Closed
57428447,2023-04-26T10:26:47.000,2023-05-31T15:46:43.000,EDC,Noise - Helicopter,Other,10023,Closed
57428534,2023-04-26T23:13:56.000,2023-04-27T06:51:23.000,NYPD,Illegal Parking,Blocked Hydrant,11105,Closed
57429126,2023-04-26T22:21:19.000,2023-04-27T00:21:36.000,NYPD,Noise - Residential,Banging/Pounding,11230,Closed
57433656,2023-04-27T23:23:13.000,2023-04-28T02:41:54.000,NYPD,Noise - Vehicle,Car/Truck Music,10452,Closed
57432808,2023-04-27T08:18:00.000,2023-04-28T10:35:00.000,DSNY,Electronics Waste Appointment,Ewaste appointment,10306,Closed
57434197,2023-04-27T17:13:44.000,2023-05-03T09:39:45.000,DSNY,Illegal Dumping,Removal Request,11219,Closed
57432695,2023-04-26T01:57:00.000,2023-05-12T15:42:48.000,HPD,ELECTRIC,NO LIGHTING,10452,Closed
57422526,2023-04-25T18:47:00.000,2023-04-25T18:47:00.000,DEP,Water System,Hydrant Leaking (WC1),11204,Closed
57434905,2023-04-27T11:14:57.000,2023-06-01T08:55:02.000,HPD,UNSANITARY CONDITION,PESTS,10032,Closed
57424711,2023-04-26T10:47:15.000,2023-04-27T12:22:23.000,HPD,HEAT/HOT WATER,APARTMENT ONLY,10452,Closed
57432548,2023-04-26T10:20:00.000,2023-04-26T12:26:00.000,DEP,Noise,Noise: Alarms (NR3),11366,Closed
55338533,2022-09-08T17:01:22.000,2022-09-08T18:40:12.000,NYPD,Blocked Driveway,No Access,11373,Closed
57429549,2023-04-26T23:03:50.000,2023-04-27T02:22:04.000,NYPD,Noise - Residential,Loud Music/Party,10461,Closed
57430108,2023-04-26T17:45:38.000,2023-04-28T18:07:11.000,HPD,HEAT/HOT WATER,APARTMENT ONLY,11226,Closed
57429797,2023-04-26T06:46:13.000,2023-04-26T16:31:27.000,HPD,HEAT/HOT WATER,ENTIRE BUILDING,11226,Closed
57427588,2023-04-26T17:23:55.000,2023-05-04T11:30:06.000,DPR,Animal in a Park,Dead Animal,11222,Closed
57434982,2023-04-27T12:37:44.000,2023-04-29T13:58:31.000,DSNY,Litter Basket Request,New Basket,11201,Closed
57430428,2023-04-26T08:01:00.000,2023-04-26T09:25:00.000,DOT,Traffic Signal Condition,Controller Cabinet,10019,Closed
57434418,2023-04-27T22:22:12.000,2023-04-28T00:11:03.000,NYPD,Noise - Vehicle,Car/Truck Horn,11364,Closed
57429541,2023-04-26T13:08:54.000,2023-05-18T09:51:07.000,HPD,APPLIANCE,REFRIGERATOR,10457,Closed
57433504,2023-04-27T11:59:52.000,2023-05-01T07:02:44.000,DSNY,Dead Animal,Opossum,11412,Closed
57431021,2023-04-26T07:29:54.000,2023-04-26T19:29:01.000,HPD,HEAT/HOT WATER,ENTIRE BUILDING,11103,Closed
57427858,2023-04-26T19:26:43.000,2023-04-26T20:27:05.000,NYPD,Illegal Parking,Blocked Hydrant,11385,Closed
58024137,2023-06-27T21:51:14.000,2023-06-27T21:58:00.000,NYPD,Illegal Fireworks,N/A,10027,Closed
57435268,2023-04-27T19:48:59.000,2023-04-27T20:20:05.000,NYPD,Illegal Parking,Blocked Hydrant,11205,Closed
55315293,2022-09-05T22:38:32.000,2022-09-05T22:54:48.000,NYPD,Blocked Driveway,No Access,10460,Closed
57428267,2023-04-26T03:09:40.000,2023-04-26T03:52:01.000,NYPD,Illegal Parking,Commercial Overnight Parking,11693,Closed
57431829,2023-04-26T00:52:26.000,2023-06-12T00:00:00.000,DOB,Building/Use,Illegal Conversion Of Residential Building/Space,10472,Closed
57432373,2023-04-26T09:05:52.000,2023-04-26T09:43:09.000,NYPD,Illegal Parking,Blocked Bike Lane,11101,Closed
57435331,2023-04-27T16:37:32.000,2023-05-24T19:24:36.000,HPD,SAFETY,CARBON MONOXIDE DETECTOR,11229,Closed
57430044,2023-04-26T21:21:16.000,2023-04-26T23:13:04.000,NYPD,Illegal Parking,Posted Parking Sign Violation,11221,Closed
57434006,2023-04-27T15:04:11.000,2023-04-27T17:19:10.000,NYPD,Illegal Parking,Double Parked Blocking Traffic,11426,Closed
57435436,2023-04-27T07:23:52.000,2023-06-02T12:36:58.000,DSNY,Illegal Dumping,Removal Request,10019,Closed
57433084,2023-04-27T16:11:00.000,2023-07-10T14:38:00.000,DEP,Water System,Hydrant Running (WC3),10468,Closed
57435136,2023-04-27T15:18:28.000,2023-06-02T10:57:29.000,HPD,UNSANITARY CONDITION,GARBAGE/RECYCLING STORAGE,10001,Closed
57435895,2023-04-27T15:21:38.000,2023-05-25T10:10:55.000,HPD,UNSANITARY CONDITION,PESTS,11423,Closed
57435602,2023-04-27T09:08:47.000,2023-04-27T09:43:14.000,NYPD,Illegal Parking,Posted Parking Sign Violation,10468,Closed
57430970,2023-04-26T11:22:25.000,2023-05-26T09:09:37.000,HPD,WATER LEAK,HEAVY FLOW,10466,Closed
57428126,2023-04-26T09:56:40.000,2023-04-26T11:16:46.000,NYPD,Illegal Parking,Posted Parking Sign Violation,11415,Closed
57434279,2023-04-27T18:25:07.000,2023-04-27T19:14:08.000,NYPD,Noise - Commercial,Loud Music/Party,11233,Closed
57432638,2023-04-26T16:07:49.000,2023-04-26T20:00:27.000,HPD,HEAT/HOT WATER,APARTMENT ONLY,10467,Closed
57435275,2023-04-27T22:26:52.000,2023-04-27T23:10:35.000,NYPD,Illegal Parking,Blocked Hydrant,11104,Closed
57432540,2023-04-27T01:21:13.000,2023-04-27T01:42:54.000,NYPD,Noise - Residential,Loud Television,11208,Closed
57427237,2023-04-26T07:17:00.000,2023-04-26T21:51:00.000,DSNY,Derelict Vehicles,Derelict Vehicles,10463,Closed
57427912,2023-04-26T02:21:54.000,2023-04-26T04:14:52.000,NYPD,Illegal Parking,Parking Permit Improper Use,10456,Closed
57432802,2023-04-27T15:54:14.000,2023-05-31T15:50:29.000,EDC,Noise - Helicopter,Other,11414,Closed
57432072,2023-04-26T08:49:37.000,2023-04-26T10:07:35.000,NYPD,Illegal Parking,Blocked Crosswalk,10038,Closed
57432176,2023-04-26T18:37:03.000,2023-04-26T19:04:54.000,NYPD,Noise - Residential,Banging/Pounding,11373,Closed
57430213,2023-04-26T17:21:02.000,2023-05-05T13:40:23.000,HPD,UNSANITARY CONDITION,PESTS,11236,Closed
57430899,2023-04-26T09:04:54.000,2024-07-01T11:54:26.000,DPR,Maintenance or Facility,Grass/Weeds,11102,Closed
57429114,2023-04-26T11:32:08.000,2023-04-27T16:22:25.000,HPD,HEAT/HOT WATER,APARTMENT ONLY,10468,Closed
57427638,2023-04-27T01:07:34.000,2023-04-27T01:59:47.000,NYPD,Noise - Commercial,Banging/Pounding,11361,Closed
57429013,2023-04-26T19:48:50.000,2023-04-27T00:45:17.000,NYPD,Noise - Street/Sidewalk,Loud Talking,11207,Closed
58026662,2023-06-27T14:48:31.000,2023-06-28T15:08:02.000,DSNY,Residential Disposal Complaint,Waste Set Out Too Early or Too Late,11206,Closed
57429643,2023-04-26T08:41:42.000,2023-04-26T08:47:55.000,DPR,Violation of Park Rules,Smoking,11232,Closed
57432107,2023-04-26T12:21:33.000,2023-04-29T14:52:23.000,DSNY,Missed Collection,Compost,11206,Closed
57433644,2023-04-27T13:01:52.000,2023-04-27T14:31:16.000,NYPD,Blocked Driveway,Partial Access,11223,Closed
57435885,2023-04-27T22:41:37.000,2023-04-27T23:11:56.000,NYPD,Blocked Driveway,No Access,11218,Closed
57428738,2023-04-26T07:22:30.000,2023-04-26T08:04:57.000,NYPD,Illegal Parking,Posted Parking Sign Violation,10002,Closed
57431727,2023-04-26T19:54:27.000,2023-04-26T20:00:38.000,NYPD,Noise - Residential,Loud Music/Party,10460,Closed
57432280,2023-04-26T12:33:44.000,2023-04-26T20:31:22.000,NYPD,Abandoned Vehicle,With License Plate,11101,Closed
57427897,2023-04-26T12:26:58.000,2023-06-05T10:13:31.000,HPD,ELECTRIC,LIGHTING,10030,Closed
57431824,2023-04-26T14:38:19.000,2023-04-26T15:56:58.000,DHS,Homeless Person Assistance,,10065,Closed
57432493,2023-04-26T10:56:56.000,2023-04-27T12:10:00.000,DOT,Street Condition,Pothole,10011,Closed
57434573,2023-04-27T16:05:31.000,2023-04-28T10:13:01.000,DPR,Root/Sewer/Sidewalk Condition,Trees and Sidewalks Program,11210,Closed
57434546,2023-04-27T20:04:17.000,2023-04-27T20:15:24.000,NYPD,Illegal Parking,Paper License Plates,11208,Closed
57428692,2023-04-26T11:29:22.000,2023-09-26T00:00:00.000,DOB,Building/Use,No Certificate Of Occupancy/Illegal/Contrary To CO,11220,Closed
57432809,2023-04-27T12:24:00.000,2023-05-01T11:10:00.000,DSNY,Electronics Waste Appointment,Ewaste appointment,10306,Closed
57429597,2023-04-26T08:49:09.000,2023-04-26T13:00:28.000,DSNY,Vendor Enforcement,Food Vendor,11237,Closed
57433340,2023-04-27T11:52:37.000,2023-04-27T11:52:37.000,DOB,Building/Use,No Certificate Of Occupancy/Illegal/Contrary To CO,10016,Closed
57422098,2023-04-25T09:53:36.000,2023-05-31T15:41:18.000,EDC,Noise - Helicopter,Other,10028,Closed
57420698,2023-04-25T10:35:45.000,2023-04-25T11:04:27.000,NYPD,Blocked Driveway,No Access,11106,Closed
57433354,2023-04-27T11:39:23.000,2023-04-27T13:29:03.000,NYPD,Illegal Parking,Blocked Sidewalk,11377,Closed
57427304,2023-04-26T22:35:41.000,2023-04-27T03:25:16.000,NYPD,Noise - Vehicle,Engine Idling,10466,Closed
58030794,2023-06-27T23:02:00.000,2023-06-28T06:00:00.000,DEP,Water System,LOW WATER PRESSURE - WLWP,10014,Closed
57430938,2023-04-26T20:41:14.000,2023-04-27T13:16:22.000,HPD,HEAT/HOT WATER,ENTIRE BUILDING,11355,Closed
57476948,2023-05-01T16:58:04.000,2023-05-01T18:50:40.000,NYPD,Noise - Residential,Loud Music/Party,10468,Closed
57430907,2023-04-26T22:23:17.000,2023-04-26T22:40:59.000,NYPD,Noise - Residential,Loud Music/Party,10032,Closed
57429062,2023-04-26T18:53:00.000,2023-04-26T20:58:04.000,NYPD,Noise - Vehicle,Car/Truck Music,10453,Closed
57431225,2023-04-26T23:24:54.000,2023-06-20T09:34:28.000,HPD,PAINT/PLASTER,CEILING,11233,Closed
57430869,2023-04-26T16:53:49.000,2023-04-26T17:13:51.000,NYPD,Noise - Street/Sidewalk,Loud Music/Party,10019,Closed
57427562,2023-04-26T21:08:14.000,2023-04-27T04:16:06.000,NYPD,Illegal Parking,Commercial Overnight Parking,11378,Closed
57428006,2023-04-26T21:20:43.000,2023-04-26T22:00:18.000,NYPD,Noise - Street/Sidewalk,Loud Music/Party,11222,Closed
57433145,2023-04-27T04:02:00.000,2023-04-27T12:28:00.000,DEP,Noise,"Noise, Barking Dog (NR5)",10461,Closed
57420899,2023-04-25T19:47:03.000,2023-05-10T10:16:27.000,DOHMH,Rodent,Rat Sighting,11216,Closed
57433774,2023-04-27T23:28:00.000,2023-04-28T00:33:02.000,NYPD,Noise - Commercial,Loud Music/Party,11105,Closed
57433823,2023-04-27T15:39:27.000,2023-04-27T16:24:55.000,NYPD,Blocked Driveway,No Access,10473,Closed
57432162,2023-04-26T16:26:49.000,2023-04-26T22:01:53.000,NYPD,Noise - Residential,Banging/Pounding,10027,Closed
57429419,2023-04-26T02:52:49.000,2023-04-26T04:55:55.000,NYPD,Noise - Residential,Loud Music/Party,11213,Closed
57433136,2023-04-27T10:45:06.000,2023-04-29T19:12:46.000,HPD,HEAT/HOT WATER,ENTIRE BUILDING,10026,Closed
57433367,2023-04-27T11:41:22.000,2023-04-27T15:02:42.000,DSNY,Vendor Enforcement,Food Vendor,11220,Closed
57429055,2023-04-26T19:42:05.000,2023-04-28T10:29:10.000,DSNY,Obstruction,Trash or Recycling,10465,Closed
57428669,2023-04-26T23:33:19.000,2023-04-27T00:18:56.000,NYPD,Noise - Residential,Loud Television,11230,Closed
57434772,2023-04-27T15:18:08.000,2023-05-03T10:35:20.000,HPD,UNSANITARY CONDITION,MOLD,10031,Closed
57428599,2023-04-26T19:59:27.000,2023-04-27T01:46:30.000,NYPD,Illegal Parking,Blocked Hydrant,11223,Closed
57428074,2023-04-26T07:21:42.000,2023-04-26T08:46:52.000,DPR,Animal in a Park,Dog Off Leash,11215,Closed
57428258,2023-04-26T13:55:55.000,2023-05-03T20:38:43.000,HPD,FLOORING/STAIRS,STAIRS,11211,Closed
57435713,2023-04-27T16:09:36.000,2023-05-05T16:24:52.000,HPD,SAFETY,WINDOW GUARD BROKEN/MISSING,11377,Closed
57430119,2023-04-26T12:23:48.000,2023-04-26T19:41:10.000,HPD,PLUMBING,STEAM PIPE/RISER,10458,Closed
57428141,2023-04-26T10:58:21.000,2023-05-31T15:12:10.000,EDC,Noise - Helicopter,Other,10011,Closed
57421763,2023-04-25T13:48:21.000,2023-04-26T01:10:21.000,NYPD,Illegal Parking,Blocked Sidewalk,11229,Closed
57435512,2023-04-27T08:57:45.000,2023-04-27T09:02:03.000,NYPD,Illegal Parking,Blocked Bike Lane,11101,Closed
57429173,2023-04-26T21:06:40.000,2023-04-26T21:55:52.000,NYPD,Noise - Commercial,Loud Music/Party,10016,Closed
57431470,2023-04-26T20:20:17.000,2023-04-27T01:12:20.000,NYPD,Noise - Commercial,Car/Truck Music,11219,Closed
57430598,2023-04-26T15:01:44.000,2023-04-26T15:14:42.000,NYPD,Noise - Vehicle,Car/Truck Music,10016,Closed
57433645,2023-04-27T18:33:38.000,2023-04-27T18:39:03.000,NYPD,Illegal Parking,Commercial Overnight Parking,10314,Closed
57432439,2023-04-26T14:14:00.000,2023-05-04T17:45:00.000,DEP,Air Quality,Air: Other Air Problem (Use Comments) (AZZ),11208,Closed
57430222,2023-04-26T19:38:42.000,2023-04-28T11:45:56.000,DSNY,Obstruction,Cone,11433,Closed
57427999,2023-04-27T00:57:35.000,2023-04-27T02:14:44.000,NYPD,Noise - Residential,Banging/Pounding,11212,Closed
57430680,2023-04-26T21:55:14.000,2023-04-27T20:15:41.000,HPD,HEAT/HOT WATER,APARTMENT ONLY,10009,Closed
57433617,2023-04-27T11:26:00.000,2023-04-27T14:40:00.000,DOT,Traffic Signal Condition,Pedestrian Signal,11218,Closed
57427612,2023-04-26T17:48:48.000,2023-05-12T07:50:48.000,HPD,UNSANITARY CONDITION,MOLD,10021,Closed
57432284,2023-04-26T11:45:16.000,2023-07-11T13:51:36.000,DPR,Illegal Tree Damage,Branches Damaged,10021,Closed
57433922,2023-04-27T06:45:42.000,2023-05-31T15:49:20.000,EDC,Noise - Helicopter,Other,11215,Closed
57429031,2023-04-26T04:14:07.000,2023-04-26T06:48:23.000,NYPD,Illegal Parking,Blocked Hydrant,11418,Closed
57431286,2023-04-26T02:24:07.000,2023-05-31T15:44:36.000,EDC,Noise - Helicopter,Other,10025,Closed
57431822,2023-04-26T22:10:00.000,2023-04-27T01:30:00.000,DOT,Traffic Signal Condition,Underground,11429,Closed
57429310,2023-04-26T04:31:27.000,2023-05-31T15:45:05.000,EDC,Noise - Helicopter,Other,11103,Closed
57430817,2023-04-26T09:45:51.000,2023-04-28T13:53:55.000,DSNY,Missed Collection,Bulky Recycling,10306,Closed
57429179,2023-04-26T10:33:36.000,2023-04-27T14:12:11.000,HPD,PAINT/PLASTER,WALL,10011,Closed
57432465,2023-04-26T21:03:03.000,2023-04-26T21:48:06.000,NYPD,Noise - Residential,Loud Music/Party,11433,Closed
57434890,2023-04-27T07:16:00.000,2023-04-27T08:38:49.000,NYPD,Blocked Driveway,No Access,11104,Closed
57430988,2023-04-26T19:28:44.000,2024-06-04T00:15:44.000,DOHMH,Food Establishment,Food Contains Foreign Object,11373,Closed
57430407,2023-04-27T00:21:16.000,2023-04-27T03:52:45.000,NYPD,Noise - Vehicle,Car/Truck Horn,11359,Closed
57429396,2023-04-26T12:23:54.000,2023-04-26T13:20:30.000,NYPD,Encampment,N/A,11377,Closed
57429646,2023-04-26T09:44:00.000,2023-04-27T18:00:00.000,DEP,Water System,Hydrant Leaking (WC1),10002,Closed
57428746,2023-04-26T17:12:27.000,2023-04-26T22:20:43.000,NYPD,Illegal Parking,Double Parked Blocking Traffic,11417,Closed
57430715,2023-04-26T10:06:01.000,2025-04-09T10:34:27.000,DPR,Overgrown Tree/Branches,Hitting Building,11223,Closed
57429219,2023-04-26T20:34:08.000,2023-04-26T20:37:11.000,NYPD,Noise - Street/Sidewalk,Loud Talking,10472,Closed
57433932,2023-04-27T19:25:10.000,2024-09-27T00:00:00.000,DOB,Plumbing,Failure To Retain Water/Improper Drainage- (LL103/89),11691,Closed
57436031,2023-04-27T21:01:09.000,2023-04-28T02:17:54.000,NYPD,Illegal Parking,Blocked Hydrant,11385,Closed
57434551,2023-04-27T19:06:27.000,2023-04-28T05:17:27.000,DSNY,Dirty Condition,Trash,10458,Closed
57427649,2023-04-26T13:18:47.000,2023-04-29T21:11:02.000,DSNY,Dirty Condition,Trash,11214,Closed
57434174,2023-04-27T02:37:23.000,2023-05-25T13:18:46.000,HPD,PLUMBING,BASIN/SINK,11104,Closed
57434421,2023-04-27T07:25:02.000,2023-04-27T07:46:09.000,NYPD,Noise - Street/Sidewalk,Loud Talking,11354,Closed
57429982,2023-04-26T18:36:54.000,2023-05-10T09:01:56.000,DSNY,Illegal Dumping,Removal Request,10457,Closed
58066062,2023-07-01T16:54:27.000,2023-08-11T14:39:58.000,DPR,Maintenance or Facility,Structure - Outdoors,10451,Closed
57433306,2023-04-27T19:08:37.000,2023-04-27T20:02:40.000,NYPD,Noise - Residential,Banging/Pounding,11206,Closed
57425841,2023-04-26T20:24:41.000,2023-04-26T22:08:13.000,NYPD,Illegal Parking,Posted Parking Sign Violation,10001,Closed
57432590,2023-04-26T17:57:08.000,,DPR,Dead/Dying Tree,Planted More Than 2 Years Ago,11374,In Progress
57431965,2023-04-26T15:03:09.000,2023-04-26T15:57:03.000,NYPD,Illegal Parking,Commercial Overnight Parking,11234,Closed
57432513,2023-04-26T21:55:01.000,2023-04-27T01:23:05.000,NYPD,Noise - Residential,Banging/Pounding,10451,Closed
57431183,2023-04-26T13:08:51.000,2023-04-26T14:54:53.000,DSNY,Vendor Enforcement,Non-Food Vendor,11355,Closed
57430708,2023-04-26T09:07:29.000,2023-04-26T09:31:45.000,NYPD,Encampment,N/A,11220,Closed
57420174,2023-04-25T12:16:03.000,2023-04-25T19:50:56.000,HPD,PAINT/PLASTER,CEILING,11218,Closed
57429110,2023-04-26T12:04:41.000,2023-05-31T15:47:26.000,EDC,Noise - Helicopter,Other,10011,Closed
57434842,2023-04-27T11:01:16.000,2023-05-01T16:31:46.000,HPD,PAINT/PLASTER,WALL,10033,Closed
57432944,2023-04-27T17:44:05.000,2023-04-28T02:57:19.000,NYPD,Non-Emergency Police Matter,Other (complaint details),11421,Closed
57428647,2023-04-26T11:01:54.000,2023-09-25T00:00:00.000,DOB,Building/Use,Illegal Conversion Of Residential Building/Space,11385,Closed
57430311,2023-04-26T11:44:26.000,2023-04-26T13:06:31.000,NYPD,Noise - Street/Sidewalk,Loud Music/Party,10468,Closed
57434561,2023-04-27T08:52:14.000,2023-04-28T14:20:15.000,DSNY,Dirty Condition,Trash,11432,Closed
57428077,2023-04-26T08:32:10.000,2023-04-26T08:32:10.000,DOB,General Construction/Plumbing,Debris - Falling Or In Danger Of Falling,10023,Closed
57431392,2023-04-27T00:03:39.000,2023-04-27T02:44:10.000,NYPD,Noise - Commercial,Loud Music/Party,11230,Closed
57430644,2023-04-26T12:24:26.000,2023-04-26T12:24:26.000,DOB,Real Time Enforcement,Work Without A Permit - Occupied Multiple Dwelling,11219,Closed
57434714,2023-04-27T14:27:58.000,2023-06-02T11:38:14.000,DPR,Maintenance or Facility,Structure - Outdoors,10309,Closed
59377493,2023-11-09T13:52:34.000,2023-11-09T14:41:03.000,NYPD,Non-Emergency Police Matter,Other (complaint details),10011,Closed
57428994,2023-04-26T11:14:55.000,2023-04-27T01:20:31.000,NYPD,Illegal Parking,Blocked Hydrant,10457,Closed
57429682,2023-04-26T07:50:47.000,2023-05-03T11:33:14.000,DOT,Sidewalk Condition,Broken Sidewalk,11372,Closed
57434151,2023-04-27T22:25:10.000,2023-04-28T06:37:22.000,DSNY,Illegal Dumping,Removal Request,11224,Unspecified
57432128,2023-04-27T00:32:01.000,2023-04-27T01:01:35.000,NYPD,Noise - Residential,Banging/Pounding,11230,Closed
57428688,2023-04-26T21:20:00.000,2023-04-26T21:55:00.000,DEP,Sewer,Sewer Backup (Use Comments) (SA),10465,Closed
57428807,2023-04-26T12:15:38.000,2024-06-04T00:15:38.000,DOHMH,Food Establishment,Bare Hands in Contact w/ Food,11103,Closed
57429068,2023-04-26T17:02:36.000,2023-05-05T14:19:56.000,TLC,For Hire Vehicle Complaint,Driver Complaint - Passenger,11430,Closed
57433952,2023-04-27T09:16:00.000,2023-04-19T09:16:00.000,DOT,Street Light Condition,Fixture/Luminaire Hanging,11204,Pending
57434765,2023-04-27T14:52:41.000,2023-04-27T19:12:16.000,NYPD,Blocked Driveway,No Access,11235,Closed
57430381,2023-04-26T18:35:00.000,2023-04-27T20:45:00.000,DEP,Noise,Noise: Construction Before/After Hours (NM1),10028,Closed
57430574,2023-04-26T23:53:43.000,2023-04-27T02:33:54.000,NYPD,Noise - Residential,Loud Music/Party,10033,Closed
57432746,2023-04-27T22:26:14.000,2023-04-29T15:47:52.000,HPD,HEAT/HOT WATER,ENTIRE BUILDING,10469,Closed
57428356,2023-04-26T21:50:29.000,2024-06-04T00:16:00.000,DOHMH,Food Establishment,Bare Hands in Contact w/ Food,10022,Closed
57428453,2023-04-26T23:28:58.000,2023-04-27T03:00:56.000,NYPD,Noise - Residential,Loud Music/Party,10462,Closed
57430948,2023-04-26T18:19:00.000,2023-04-26T21:38:01.000,NYPD,Noise - Residential,Banging/Pounding,10027,Closed
57432791,2023-04-27T22:03:00.000,2023-05-01T11:06:00.000,DSNY,Electronics Waste Appointment,Ewaste appointment,10314,Closed
57433408,2023-04-27T03:45:16.000,2023-04-27T10:06:34.000,DHS,Homeless Person Assistance,,10019,Closed
57434324,2023-04-27T03:02:37.000,2023-04-27T04:01:32.000,NYPD,Noise - Street/Sidewalk,Loud Talking,10029,Closed
57435873,2023-04-27T10:05:08.000,2023-04-27T18:28:40.000,HPD,DOOR/WINDOW,DOOR,10462,Closed
57431671,2023-04-26T13:11:32.000,2023-04-27T20:37:47.000,HPD,PAINT/PLASTER,WALL,10452,Closed
57432844,2023-04-27T12:51:52.000,2023-09-20T11:35:26.000,HPD,UNSANITARY CONDITION,GARBAGE/RECYCLING STORAGE,10453,Closed
57435043,2023-04-27T08:37:53.000,2025-01-11T17:32:07.000,DOHMH,Mobile Food Vendor,Permit/License/Certificate,10019,Closed
57428430,2023-04-26T23:48:37.000,2023-04-27T00:22:09.000,NYPD,Non-Emergency Police Matter,Other (complaint details),11233,Closed
57433792,2023-04-27T15:50:00.000,2023-04-27T16:40:00.000,DOT,Traffic Signal Condition,LED Pedestrian Unit,10474,Closed
57429428,2023-04-26T09:41:17.000,2023-04-26T11:24:54.000,NYPD,Blocked Driveway,Partial Access,11208,Closed
57443728,2023-04-28T10:50:33.000,2023-05-09T23:42:57.000,DHS,Homeless Person Assistance,,,Closed
57436023,2023-04-27T08:21:52.000,2023-04-27T09:06:06.000,HPD,HEAT/HOT WATER,APARTMENT ONLY,11106,Closed
57433207,2023-04-27T08:21:26.000,2023-04-28T15:21:21.000,DOT,Street Condition,Cave-in,11219,Closed
57433460,2023-04-27T04:04:47.000,2023-04-27T17:10:51.000,HPD,PAINT/PLASTER,CEILING,11230,Closed
57427962,2023-04-26T11:33:07.000,2023-05-02T10:29:05.000,DOT,Sidewalk Condition,Sidewalk Violation,11370,Closed
57430727,2023-04-26T23:52:11.000,2023-04-27T01:50:30.000,NYPD,Noise - Commercial,Loud Music/Party,10040,Closed
57435484,2023-04-27T21:11:34.000,2023-04-27T23:59:30.000,NYPD,Illegal Parking,Blocked Sidewalk,11229,Closed
57429586,2023-04-26T15:49:14.000,2023-04-27T12:07:00.000,DSNY,Missed Collection,Bulky Trash,10456,Closed
57428161,2023-04-26T15:14:54.000,2023-04-26T16:16:43.000,NYPD,Blocked Driveway,No Access,11214,Closed
57430035,2023-04-26T12:23:48.000,2023-04-26T19:41:10.000,HPD,WATER LEAK,SLOW LEAK,10458,Closed
57431897,2023-04-26T16:34:09.000,2023-04-26T16:54:47.000,NYPD,Noise - Residential,Loud Music/Party,10034,Closed
57433379,2023-04-27T06:22:23.000,2023-05-03T07:13:18.000,HPD,ELECTRIC,LIGHTING,11216,Closed
57430898,2023-04-26T13:57:18.000,2025-05-13T16:38:19.000,DPR,New Tree Request,For One Address,11375,Closed
57429525,2023-04-26T09:52:08.000,2023-04-26T12:25:57.000,NYPD,Blocked Driveway,Partial Access,11219,Closed
57435878,2023-04-27T21:19:48.000,2023-04-28T13:23:28.000,DOT,Street Condition,Blocked - Construction,10014,Closed
57431547,2023-04-26T22:10:32.000,2023-04-28T19:01:48.000,HPD,HEAT/HOT WATER,APARTMENT ONLY,11236,Closed
57432657,2023-04-26T17:53:34.000,2023-06-26T11:52:10.000,TLC,For Hire Vehicle Complaint,Driver Complaint - Non Passenger,10022,Closed
57431025,2023-04-26T10:25:22.000,2023-05-16T10:25:19.000,DOT,Outdoor Dining,Site Setup Condition,10009,Closed
57435769,2023-04-27T07:14:52.000,2023-04-27T10:39:24.000,NYPD,Blocked Driveway,Partial Access,11208,Closed
57429095,2023-04-26T03:50:13.000,2023-04-26T06:43:38.000,NYPD,Illegal Parking,Paper License Plates,11379,Closed
58062761,2023-07-01T21:39:03.000,2023-07-06T08:10:16.000,HPD,HEAT/HOT WATER,APARTMENT ONLY,11106,Closed
57433050,2023-04-27T19:13:13.000,2023-04-27T20:20:20.000,NYPD,Illegal Parking,Posted Parking Sign Violation,11205,Closed
57434192,2023-04-27T20:51:27.000,2023-05-31T15:51:56.000,EDC,Noise - Helicopter,Other,10023,Closed
57433637,2023-04-28T00:35:00.000,2023-04-28T05:20:00.000,DSNY,Derelict Vehicles,Derelict Vehicles,10467,Closed
57432865,2023-04-27T14:22:55.000,2023-04-27T16:18:19.000,NYPD,Illegal Parking,Blocked Hydrant,11203,Closed
57433676,2023-04-27T07:31:56.000,2023-05-04T09:51:50.000,DOT,Sidewalk Condition,Broken Sidewalk,10029,Closed
57428158,2023-04-26T14:01:40.000,2023-04-26T14:38:40.000,NYPD,Illegal Parking,Blocked Bike Lane,11109,Closed
57426480,2023-04-26T00:14:00.000,2023-05-01T23:00:00.000,DEP,Noise,"Noise, Barking Dog (NR5)",11417,Closed
59376183,2023-11-09T19:55:00.000,2023-11-09T20:20:00.000,DOT,Traffic Signal Condition,LED Lense,10023,Closed
57429097,2023-04-26T15:19:58.000,2023-04-28T15:03:48.000,HPD,ELECTRIC,NO LIGHTING,11238,Closed
57429628,2023-04-26T17:27:31.000,2023-04-27T01:19:13.000,NYPD,Illegal Parking,Blocked Sidewalk,11385,Closed
57420550,2023-04-25T07:00:02.000,2023-04-26T17:39:58.000,HPD,HEAT/HOT WATER,ENTIRE BUILDING,10040,Closed
57435674,2023-04-27T21:33:42.000,2023-04-27T21:51:29.000,NYPD,Noise - Residential,Banging/Pounding,11224,Closed
57435427,2023-04-27T20:43:22.000,2023-04-27T21:12:03.000,NYPD,Noise - Residential,Loud Music/Party,11103,Closed
57430992,2023-04-26T14:58:54.000,2023-04-26T22:28:01.000,NYPD,Encampment,N/A,11102,Closed
57436713,2023-04-27T05:17:26.000,2023-04-27T08:02:19.000,NYPD,Noise - Vehicle,Engine Idling,10472,Closed
57435073,2023-04-27T11:32:09.000,2023-04-28T08:41:58.000,DOHMH,Rodent,Rat Sighting,10031,Closed
57432380,2023-04-26T07:57:07.000,2023-04-26T14:32:00.000,HPD,PAINT/PLASTER,CEILING,10452,Closed
57433630,2023-04-27T16:46:00.000,2023-04-27T21:38:44.000,NYPD,Illegal Parking,Paper License Plates,10467,Closed
57429945,2023-04-26T00:17:00.000,2023-04-26T03:45:00.000,DEP,Noise,Noise: Construction Before/After Hours (NM1),11223,Closed
57428954,2023-04-26T17:04:48.000,2023-05-31T12:42:28.000,DSNY,Abandoned Bike,Chained to Public Property,10026,Closed
57429320,2023-04-26T13:07:09.000,2023-04-26T13:59:54.000,NYPD,Noise - Commercial,Loud Talking,10030,Closed
57434774,2023-04-27T11:15:22.000,2023-05-17T14:56:14.000,HPD,WATER LEAK,SLOW LEAK,11229,Closed
57429210,2023-04-26T20:56:28.000,2023-05-11T05:02:55.000,HPD,DOOR/WINDOW,DOOR,11203,Closed
57423632,2023-04-26T08:39:00.000,2023-04-26T22:02:00.000,DSNY,Derelict Vehicles,Derelict Vehicles,11235,Closed
57428323,2023-04-26T17:38:00.000,2023-04-27T09:31:00.000,DEP,Noise,Noise: Alarms (NR3),11366,Closed
57433248,2023-04-27T11:45:45.000,2023-04-27T12:25:47.000,NYPD,Abandoned Vehicle,With License Plate,11236,Closed
57431703,2023-04-26T10:12:37.000,2023-04-26T12:20:33.000,NYPD,Illegal Parking,Blocked Sidewalk,11104,Closed
57430617,2023-04-26T08:09:57.000,2023-05-03T10:27:24.000,DSNY,Missed Collection,Recycling - Paper,11204,Closed
57421470,2023-04-24T20:03:45.000,2023-10-10T00:00:00.000,DOB,Building/Use,Illegal. Commercial Use In Resident Zone,11373,Closed
57428000,2023-04-26T08:51:46.000,2023-04-28T11:57:09.000,DSNY,Dirty Condition,Trash,10003,Closed
57424295,2023-04-26T23:55:27.000,2023-04-27T03:57:29.000,NYPD,Noise - Residential,Loud Talking,10466,Closed
57427866,2023-04-26T20:28:31.000,2023-04-29T10:12:34.000,DSNY,Illegal Dumping,Removal Request,11106,Closed
57427136,2023-04-26T17:51:50.000,2023-05-03T20:38:45.000,HPD,PLUMBING,BASIN/SINK,11211,Closed
57428623,2023-04-26T12:53:34.000,2023-04-26T13:15:10.000,NYPD,Illegal Parking,Blocked Hydrant,11224,Closed
57432965,2023-04-27T09:39:57.000,2023-04-27T10:04:00.000,NYPD,Illegal Parking,Blocked Sidewalk,11219,Closed
57434073,2023-04-27T06:56:10.000,2023-04-29T19:12:46.000,HPD,HEAT/HOT WATER,ENTIRE BUILDING,10027,Closed
57430324,2023-04-26T15:28:00.000,2023-05-01T11:17:00.000,DSNY,Electronics Waste Appointment,Ewaste appointment,10301,Closed
57435323,2023-04-27T00:22:51.000,2023-05-01T08:16:26.000,HPD,HEAT/HOT WATER,ENTIRE BUILDING,10039,Closed
57429060,2023-04-26T11:34:49.000,2023-05-05T12:59:48.000,HPD,DOOR/WINDOW,WINDOW FRAME,10032,Closed
57435837,2023-04-27T19:05:43.000,2023-05-03T14:02:41.000,HPD,PLUMBING,BASIN/SINK,10463,Closed
57435450,2023-04-27T14:02:31.000,2023-04-27T14:19:23.000,NYPD,Illegal Parking,Blocked Bike Lane,11101,Closed
57429901,2023-04-26T12:05:00.000,2023-04-26T21:25:00.000,DEP,Water System,Dirty Water (WE),11429,Closed
57435869,2023-04-27T13:53:00.000,2023-05-01T08:15:00.000,DEP,Noise,"Noise, Ice Cream Truck (NR4)",11219,Closed
57420089,2023-04-25T21:02:38.000,2023-07-11T18:04:26.000,TLC,For Hire Vehicle Complaint,Driver Complaint - Non Passenger,11231,Closed
57429762,2023-04-26T16:20:43.000,2023-05-03T20:41:25.000,HPD,PAINT/PLASTER,WALL,11208,Closed
57425204,2023-04-26T07:22:51.000,2023-04-26T23:38:57.000,HPD,PAINT/PLASTER,WALL,10472,Closed
57431469,2023-04-26T11:28:50.000,2023-05-05T21:05:58.000,HPD,UNSANITARY CONDITION,MOLD,11207,Closed
57432766,2023-04-27T17:56:50.000,2023-05-10T00:00:00.000,DOB,General Construction/Plumbing,Building Permit - None,11379,Closed
57429524,2023-04-26T10:49:36.000,2023-05-30T19:48:02.000,HPD,UNSANITARY CONDITION,MOLD,10468,Closed
57429169,2023-04-26T10:41:51.000,2023-04-29T14:55:43.000,DSNY,Residential Disposal Complaint,Waste Left in Front of Other Residence,11211,Closed
57432452,2023-04-26T22:59:50.000,2023-04-27T03:55:32.000,NYPD,Blocked Driveway,No Access,10466,Closed
57425783,2023-04-26T05:58:12.000,2023-04-26T19:31:40.000,HPD,HEAT/HOT WATER,ENTIRE BUILDING,11209,Closed
57422716,2023-04-25T03:17:00.000,2023-04-25T04:15:00.000,DOT,Traffic Signal Condition,Post,11219,Closed
57432085,2023-04-26T05:40:06.000,2023-04-26T06:03:44.000,NYPD,Illegal Parking,Commercial Overnight Parking,10306,Closed
57432912,2023-04-27T15:06:04.000,2023-04-28T05:56:09.000,DSNY,Residential Disposal Complaint,Waste Set Out Too Early or Too Late,10023,Closed
57430810,2023-04-26T17:46:13.000,2023-05-08T08:51:25.000,HPD,PLUMBING,BASIN/SINK,11210,Closed
57429032,2023-04-26T20:38:13.000,2023-05-31T15:49:02.000,EDC,Noise - Helicopter,Other,10016,Closed
57434958,2023-04-27T13:28:31.000,2023-05-08T10:28:30.000,TLC,For Hire Vehicle Complaint,Driver Complaint - Passenger,10032,Closed
55309683,2022-09-05T18:47:42.000,2022-09-05T18:57:59.000,NYPD,Panhandling,N/A,,Closed
57428662,2023-04-26T05:59:54.000,2023-04-26T10:44:05.000,DHS,Homeless Person Assistance,,10036,Closed
57431146,2023-04-26T13:48:05.000,2023-05-12T00:00:00.000,DOB,General Construction/Plumbing,Building Permit - None,11355,Closed
57430678,2023-04-26T11:59:26.000,2023-05-19T09:17:58.000,DSNY,Missed Collection,Trash,10003,Closed
57434011,2023-04-27T23:29:41.000,2023-07-27T08:54:14.000,TLC,Taxi Complaint,Driver Complaint - Passenger,11430,Closed
57433809,2023-04-27T21:54:05.000,2023-04-28T02:39:21.000,NYPD,Illegal Parking,Blocked Hydrant,10453,Closed
57419995,2023-04-25T17:59:00.000,2023-04-26T08:14:00.000,DEP,Air Quality,"Air: Smoke, Vehicular (AA4)",11366,Closed
57428409,2023-04-26T12:36:28.000,2023-04-27T00:00:00.000,DOB,General Construction/Plumbing,Sidewalk Shed/Pipe Scafford - Inadequate Defective/None,10014,Closed
57432030,2023-04-26T22:51:22.000,2023-05-05T00:00:00.000,DSNY,Graffiti,Graffiti,11220,Closed
57426618,2023-04-27T00:42:59.000,2023-04-27T00:58:36.000,NYPD,Noise - Street/Sidewalk,Loud Talking,11206,Closed
57423305,2023-04-26T10:37:05.000,2023-04-29T14:56:53.000,DSNY,Missed Collection,Trash,11203,Closed
57432904,2023-04-27T08:50:00.000,2023-04-27T09:01:55.000,NYPD,Illegal Parking,Blocked Bike Lane,11101,Closed
57421458,2023-04-25T11:45:52.000,2023-04-26T08:32:50.000,HPD,UNSANITARY CONDITION,PESTS,11211,Closed
57429929,2023-04-27T00:05:40.000,2023-04-27T01:23:58.000,NYPD,Drug Activity,Use Outside,11432,Closed
57434262,2023-04-27T12:35:48.000,2023-04-28T10:49:24.000,DOT,Sidewalk Condition,Defective Hardware,10012,Closed
57433995,2023-04-27T17:01:53.000,2023-04-27T22:22:49.000,NYPD,Illegal Parking,Blocked Hydrant,11235,Closed
57430579,2023-04-26T10:44:00.000,2023-04-28T14:51:00.000,DOT,Street Light Condition,Street Light Out,10023,Closed
57427354,2023-04-26T16:24:21.000,2023-04-26T16:48:47.000,NYPD,Illegal Parking,Blocked Crosswalk,11231,Closed
57433090,2023-04-26T14:13:57.000,2023-04-27T13:50:00.000,DOT,Street Condition,Pothole,11236,Closed
57430266,2023-04-26T12:18:23.000,2023-05-01T00:00:00.000,DOB,Boilers,Boiler - Defective/Inoperative/No Permit,11372,Closed
57464543,2023-04-30T02:48:00.000,2023-04-30T14:20:00.000,DOT,Traffic Signal Condition,Controller,,Closed
57430787,2023-04-26T12:56:18.000,2023-05-03T09:51:35.000,DSNY,Missed Collection,Trash,11230,Closed
57435210,2023-04-27T22:05:23.000,2023-05-04T10:23:12.000,DSNY,Illegal Dumping,Removal Request,11370,Closed
57431922,2023-04-26T11:00:35.000,2023-05-03T08:42:53.000,DSNY,Missed Collection,Bulky Recycling,11229,Closed
57432598,2023-04-26T15:14:02.000,2023-05-05T10:18:44.000,HPD,UNSANITARY CONDITION,PESTS,11219,Closed
57424910,2023-04-26T22:41:02.000,2023-04-26T23:01:56.000,NYPD,Noise - Commercial,Loud Music/Party,11235,Closed
57432825,2023-04-27T05:34:11.000,2023-04-27T18:47:12.000,HPD,HEAT/HOT WATER,ENTIRE BUILDING,11206,Closed
57429410,2023-04-26T02:13:25.000,2023-04-26T19:40:21.000,NYPD,Abandoned Vehicle,With License Plate,11103,Closed
57433948,2023-04-27T15:38:11.000,2023-04-27T16:09:56.000,NYPD,Drug Activity,Use Outside,11366,Closed
57432878,2023-04-27T14:40:54.000,2023-05-01T14:15:59.000,HPD,HEAT/HOT WATER,APARTMENT ONLY,10458,Closed
57431428,2023-04-26T14:33:00.000,2023-04-26T15:10:00.000,DOT,Traffic Signal Condition,LED Lense,11418,Closed
57435258,2023-04-27T10:32:00.000,2023-04-28T07:44:00.000,DEP,Air Quality,"Air: Odor/Fumes, Vehicle Idling (AD3)",11231,Closed
57434728,2023-04-27T08:14:30.000,2023-05-02T14:24:42.000,DSNY,Missed Collection,Compost,11417,Closed
57419420,2023-04-25T15:02:52.000,2023-05-12T19:35:28.000,HPD,APPLIANCE,REFRIGERATOR,10009,Closed
57431028,2023-04-26T19:41:00.000,2023-04-26T20:02:00.000,DEP,Water System,Dirty Water (WE),11215,Closed
57430190,2023-04-26T06:45:29.000,2023-04-27T12:24:48.000,DOHMH,Rodent,Rat Sighting,10024,Closed
57433015,2023-04-27T14:40:43.000,2023-04-27T19:24:43.000,HPD,HEAT/HOT WATER,APARTMENT ONLY,11209,Closed
57423598,2023-04-26T13:34:42.000,2023-06-13T20:51:49.000,HPD,PAINT/PLASTER,WALL,11369,Closed
57430885,2023-04-26T17:13:20.000,2023-05-03T12:46:05.000,DSNY,Illegal Dumping,Chronic Dumping,10457,Closed
57432014,2023-04-26T12:18:22.000,2023-06-06T00:00:00.000,DOB,General Construction/Plumbing,Cons - Contrary/Beyond Approved Plans/Permits,11229,Closed
57435370,2023-04-27T14:23:15.000,2023-05-08T13:26:21.000,DOT,Street Condition,Cave-in,11379,Closed
57429652,2023-04-27T00:11:44.000,2023-04-27T01:05:27.000,NYPD,Noise - Residential,Loud Music/Party,11225,Closed
57427751,2023-04-26T18:11:01.000,2023-05-04T17:12:15.000,HPD,DOOR/WINDOW,WINDOW FRAME,10452,Closed
57431995,2023-04-26T09:36:10.000,2023-04-26T11:53:19.000,NYPD,Encampment,N/A,10019,Closed
57424895,2023-04-26T14:35:53.000,2023-04-27T12:50:00.000,DOT,Street Condition,Pothole,10039,Closed
57428122,2023-04-26T14:48:59.000,2023-04-26T16:56:48.000,NYPD,Illegal Parking,Posted Parking Sign Violation,11238,Closed
57433095,2023-04-27T15:41:07.000,2023-05-31T15:50:26.000,EDC,Noise - Helicopter,Other,11417,Closed
57433476,2023-04-27T11:31:10.000,2023-04-27T11:54:48.000,HPD,PLUMBING,WATER SUPPLY,10458,Closed
57435850,2023-04-27T11:30:47.000,2023-04-27T22:51:22.000,NYPD,Blocked Driveway,No Access,10457,Closed
57422358,2023-04-25T08:02:06.000,2023-04-25T09:31:22.000,NYPD,Noise - Residential,Loud Talking,11209,Closed
57428403,2023-04-26T12:44:33.000,2023-04-26T15:55:02.000,DSNY,Illegal Dumping,Removal Request,11229,Closed
57434326,2023-04-27T12:56:19.000,,DOHMH,Rodent,Condition Attracting Rodents,11103,In Progress
57429710,2023-04-26T19:48:43.000,2023-05-11T11:01:41.000,HPD,PAINT/PLASTER,WALL,11237,Closed
57430597,2023-04-26T14:44:48.000,2023-05-02T09:42:32.000,DOT,Sidewalk Condition,Broken Sidewalk,11215,Closed
57435206,2023-04-27T15:35:32.000,2023-04-28T06:27:54.000,HPD,HEAT/HOT WATER,ENTIRE BUILDING,11106,Closed
57431977,2023-04-26T10:47:00.000,2023-04-27T12:30:00.000,DEP,Sewer,Catch Basin Clogged/Flooding (Use Comments) (SC),11423,Closed
57430982,2023-04-26T16:01:05.000,2023-04-29T19:12:46.000,HPD,HEAT/HOT WATER,ENTIRE BUILDING,10026,Closed
57434884,2023-04-27T15:34:38.000,2023-04-27T18:05:38.000,NYPD,Blocked Driveway,No Access,11375,Closed
57429314,2023-04-26T12:38:52.000,2023-04-26T20:01:55.000,NYPD,Illegal Parking,Blocked Hydrant,11373,Closed
57428953,2023-04-26T22:44:24.000,2023-04-29T12:14:35.000,HPD,UNSANITARY CONDITION,PESTS,11369,Closed
57430283,2023-04-26T13:35:08.000,2023-04-26T14:45:30.000,NYPD,Illegal Parking,Blocked Hydrant,11232,Closed
57428201,2023-04-26T19:39:05.000,2023-04-27T15:12:05.000,HPD,PLUMBING,WATER SUPPLY,11373,Closed
57419835,2023-04-25T18:47:54.000,2023-04-25T19:04:20.000,NYPD,Noise - Street/Sidewalk,Loud Talking,10472,Closed
57433634,2023-04-27T23:43:14.000,2023-04-28T00:12:04.000,NYPD,Illegal Parking,Commercial Overnight Parking,11236,Closed
57431463,2023-04-26T14:52:14.000,2023-06-09T02:04:57.000,HPD,UNSANITARY CONDITION,PESTS,11226,Closed
57429106,2023-04-26T00:26:37.000,2023-04-27T09:06:07.000,HPD,PLUMBING,WATER SUPPLY,11103,Closed
57428140,2023-04-26T09:54:09.000,2023-04-26T19:28:46.000,NYPD,Illegal Parking,Blocked Hydrant,11354,Closed
57430668,2023-04-26T09:57:02.000,2023-05-05T15:07:49.000,DSNY,Missed Collection,Bulky Trash,11413,Closed
57433672,2023-04-27T08:00:50.000,2023-05-22T08:45:44.000,HPD,DOOR/WINDOW,WINDOW FRAME,11207,Closed
57433588,2023-04-27T09:05:04.000,2023-04-27T10:31:59.000,DHS,Homeless Person Assistance,,10036,Closed
57466298,2023-04-30T19:11:17.000,2023-04-30T19:11:17.000,DOT,Street Condition,Pothole,11210,Closed
57433047,2023-04-27T17:06:04.000,2023-04-27T17:58:03.000,NYPD,Illegal Parking,Blocked Bike Lane,11238,Closed
57427773,2023-04-26T16:34:49.000,2023-04-26T22:29:20.000,DHS,Homeless Person Assistance,,10009,Closed
57434124,2023-04-27T15:26:00.000,2023-04-28T04:50:00.000,DOT,Traffic Signal Condition,Pedestrian Signal,11217,Closed
57419324,2023-04-25T02:58:26.000,2023-04-25T07:07:40.000,DHS,Homeless Person Assistance,,10036,Closed
57428889,2023-04-26T10:41:22.000,2023-06-13T09:39:44.000,TLC,For Hire Vehicle Complaint,Driver Complaint - Non Passenger,10026,Closed
57429384,2023-04-26T15:52:56.000,2023-04-26T22:00:08.000,NYPD,Noise - Residential,Banging/Pounding,10027,Closed
57430255,2023-04-26T12:06:44.000,2023-04-27T04:46:21.000,DSNY,Obstruction,Trash or Recycling,11225,Closed
57430390,2023-04-26T09:59:23.000,2023-04-26T10:38:07.000,NYPD,Illegal Parking,Posted Parking Sign Violation,11220,Closed
57433490,2023-04-28T00:56:22.000,2023-04-28T01:44:16.000,NYPD,Noise - Commercial,Loud Music/Party,10014,Closed
57427960,2023-04-26T14:05:02.000,2023-04-26T17:12:40.000,NYPD,Illegal Parking,Blocked Bike Lane,11222,Closed
58047229,2023-06-29T08:44:34.000,2023-06-30T12:59:58.000,DSNY,Dead Animal,Opossum,11229,Closed
57430780,2023-04-26T18:10:10.000,2023-04-28T11:46:00.000,DPR,Maintenance or Facility,Garbage or Litter,10014,Closed
57429368,2023-04-26T16:35:00.000,2023-04-26T18:13:31.000,NYPD,Noise - Residential,Banging/Pounding,10473,Closed
57431488,2023-04-26T18:11:01.000,2023-06-12T08:55:20.000,HPD,WATER LEAK,HEAVY FLOW,10452,Closed
57429472,2023-04-26T15:07:43.000,2023-04-26T18:48:10.000,NYPD,Noise - Residential,Banging/Pounding,10456,Closed
57431306,2023-04-26T21:36:27.000,2023-04-27T19:51:04.000,HPD,HEAT/HOT WATER,ENTIRE BUILDING,10025,Closed
57434950,2023-04-27T21:46:21.000,2023-04-27T22:32:49.000,NYPD,Noise - Street/Sidewalk,Loud Music/Party,10462,Closed
57429370,2023-04-26T11:05:58.000,2023-04-26T16:07:31.000,NYPD,Noise - Residential,Loud Music/Party,11237,Closed
57430853,2023-04-26T10:42:10.000,2023-04-29T14:48:23.000,DSNY,Missed Collection,Compost,11222,Closed
57430341,2023-04-26T07:59:00.000,2023-04-28T07:45:00.000,DEP,Air Quality,"Air: Odor/Fumes, Vehicle Idling (AD3)",11218,Closed
57434402,2023-04-27T16:34:35.000,2023-04-27T19:04:22.000,NYPD,Noise - Street/Sidewalk,Loud Talking,11213,Closed
57429840,2023-04-26T14:02:48.000,2023-04-26T15:30:14.000,NYPD,Illegal Parking,Posted Parking Sign Violation,10036,Closed
57430065,2023-04-26T12:51:03.000,2023-05-04T07:46:52.000,HPD,SAFETY,CARBON MONOXIDE DETECTOR,10010,Closed
57430435,2023-04-26T12:51:02.000,2023-05-04T07:46:51.000,HPD,SAFETY,SMOKE DETECTOR,10010,Closed
57431789,2023-04-26T18:42:24.000,2023-04-27T06:54:38.000,NYPD,Illegal Parking,Posted Parking Sign Violation,10466,Closed
57432703,2023-04-26T22:53:00.000,2023-04-27T22:28:00.000,DEP,Noise,Noise: Construction Equipment (NC1),10462,Closed
57434777,2023-04-27T05:41:54.000,2023-05-12T10:49:29.000,DPR,New Tree Request,For One Address,11230,Closed
57424491,2023-04-26T15:32:37.000,2023-04-26T16:48:37.000,NYPD,Traffic,Congestion/Gridlock,11374,Closed
57430216,2023-04-26T20:16:56.000,2023-04-26T21:58:35.000,NYPD,Noise - Street/Sidewalk,Loud Music/Party,10040,Closed
57435734,2023-04-27T22:48:27.000,2023-04-27T23:46:41.000,NYPD,Noise - Commercial,Loud Music/Party,10009,Closed
57431285,2023-04-26T08:33:43.000,2023-05-05T15:08:02.000,DSNY,Missed Collection,Recycling - Metal/Glass/Rigid Plastic,11413,Closed
57434377,2023-04-27T09:51:10.000,2023-04-27T11:22:36.000,NYPD,Noise - Residential,Loud Music/Party,10302,Closed
55317025,2022-09-06T17:38:32.000,2022-09-28T12:42:06.000,DSNY,Missed Collection,Recycling - Paper,11213,Closed
57428212,2023-04-26T14:30:12.000,2023-05-04T00:00:00.000,DOB,General Construction/Plumbing,Cons - Contrary/Beyond Approved Plans/Permits,11212,Closed
57434113,2023-04-27T17:17:00.000,2023-04-28T03:30:00.000,DSNY,Derelict Vehicles,Derelict Vehicles,11231,Closed
57420017,2023-04-25T14:17:32.000,2023-05-13T13:48:15.000,HPD,WATER LEAK,SLOW LEAK,10039,Closed
57435562,2023-04-27T11:05:38.000,2023-04-27T11:31:55.000,NYPD,Illegal Parking,Posted Parking Sign Violation,11379,Closed
57435472,2023-04-27T08:21:55.000,2023-05-02T06:16:52.000,DSNY,Illegal Dumping,Removal Request,10451,Closed
57432731,2023-04-26T11:35:00.000,2023-05-03T14:45:00.000,DEP,Hazardous Materials,Chemical Odor (HD1),11105,Closed
57435052,2023-04-27T19:18:15.000,2023-05-05T18:14:59.000,HPD,UNSANITARY CONDITION,MOLD,10029,Closed
57429459,2023-04-26T09:58:53.000,2023-04-26T20:50:09.000,NYPD,Illegal Parking,Paper License Plates,10461,Closed
57432007,2023-04-26T09:08:18.000,2023-05-05T14:19:12.000,DSNY,Missed Collection,Trash,11355,Closed
57428664,2023-04-26T10:40:00.000,2023-05-13T16:16:50.000,DSNY,Litter Basket Complaint,Overflowing,10010,Closed
57435295,2023-04-27T01:26:55.000,2023-05-18T17:44:51.000,HPD,UNSANITARY CONDITION,GARBAGE/RECYCLING STORAGE,11225,Closed
57435106,2023-04-27T09:29:25.000,2023-04-27T20:35:29.000,HPD,HEAT/HOT WATER,ENTIRE BUILDING,11374,Closed
57433006,2023-04-27T10:28:06.000,2023-05-31T15:50:06.000,EDC,Noise - Helicopter,Other,10028,Closed
57431080,2023-04-26T16:45:08.000,2023-04-26T16:45:08.000,DOHMH,Rodent,Rat Sighting,11385,Closed
57432609,2023-04-26T02:39:02.000,2023-05-31T15:44:40.000,EDC,Noise - Helicopter,News Gathering,11101,Closed
57462043,2023-04-30T18:58:39.000,2023-04-30T18:58:39.000,DOT,Street Condition,Pothole,11210,Closed
57433887,2023-04-28T00:06:00.000,2023-05-01T12:51:00.000,DOT,Street Light Condition,Street Light Out,11428,Closed
57432713,2023-04-26T14:58:20.000,2023-04-28T17:07:41.000,HPD,ELECTRIC,POWER OUTAGE,10301,Closed
57420953,2023-04-25T07:39:38.000,2023-04-26T13:42:47.000,DSNY,Commercial Disposal Complaint,No Private Carter,10024,Closed
57430064,2023-04-26T13:00:49.000,2023-04-26T13:13:30.000,NYPD,Illegal Parking,Posted Parking Sign Violation,10302,Closed
57428707,2023-04-26T22:18:46.000,2023-04-26T22:32:50.000,NYPD,Illegal Parking,Blocked Crosswalk,11205,Closed
57432975,2023-04-27T15:24:36.000,2023-04-28T18:06:45.000,HPD,HEAT/HOT WATER,ENTIRE BUILDING,11235,Closed
57430109,2023-04-26T16:51:48.000,2023-04-26T17:53:46.000,NYPD,Blocked Driveway,No Access,11205,Closed
57421865,2023-04-25T08:12:25.000,2023-04-26T07:52:07.000,HPD,HEAT/HOT WATER,ENTIRE BUILDING,10034,Closed
57429505,2023-04-26T16:26:00.000,2023-05-03T11:54:00.000,DEP,Sewer,RAIN GARDEN DEBRIS (GIRGD),11208,Closed
57427314,2023-04-26T00:08:00.000,2023-04-27T00:22:00.000,DEP,Noise,Noise: Construction Before/After Hours (NM1),10065,Closed
57429158,2023-04-26T20:21:29.000,2023-05-23T06:27:30.000,DOT,Street Sign - Missing,"No Parking, Standing, Stopping",11230,Closed
57430532,2023-04-26T18:03:44.000,2023-05-02T09:46:10.000,DOT,Sidewalk Condition,Sidewalk Violation,11356,Closed
57429141,2023-04-26T07:00:23.000,2023-04-26T09:25:49.000,NYPD,Blocked Driveway,No Access,10474,Closed
57429129,2023-04-26T02:55:56.000,2023-04-26T07:45:10.000,DPR,Violation of Park Rules,Unsafe Use of Playground,11104,Closed
57434704,2023-04-27T20:21:08.000,2023-04-27T21:10:58.000,NYPD,Noise - Street/Sidewalk,Loud Music/Party,11212,Closed
57430743,2023-04-26T11:13:03.000,2023-08-16T20:45:14.000,HPD,UNSANITARY CONDITION,PESTS,10452,Closed
57426443,2023-04-26T12:19:38.000,2023-04-26T17:36:41.000,HPD,HEAT/HOT WATER,APARTMENT ONLY,11221,Closed
57429976,2023-04-26T15:14:00.000,2023-04-28T14:48:00.000,DOT,Street Light Condition,Street Light Out,10128,Closed
57430843,2023-04-26T00:44:42.000,2023-04-26T19:34:49.000,HPD,HEAT/HOT WATER,ENTIRE BUILDING,10023,Closed
57432708,2023-04-26T08:12:12.000,2024-02-02T14:37:17.000,HPD,GENERAL,JANITOR/SUPER,11210,Closed
57434929,2023-04-27T10:32:20.000,2023-06-23T17:42:58.000,DPR,Root/Sewer/Sidewalk Condition,Trees and Sidewalks Program,10312,Closed
57433721,2023-04-27T21:11:52.000,2023-04-29T17:58:51.000,HPD,HEAT/HOT WATER,ENTIRE BUILDING,10459,Closed
57430060,2023-04-26T22:50:04.000,2023-04-27T02:49:42.000,NYPD,Illegal Parking,Blocked Hydrant,11417,Closed
57431637,2023-04-26T16:41:00.000,2023-04-27T10:28:00.000,DEP,Air Quality,"Air: Smoke, Vehicular (AA4)",11366,Closed
58023411,2023-06-27T07:59:00.000,2023-06-23T07:58:00.000,DOT,Street Light Condition,Fixture/Luminaire Door Open,,Pending
57430896,2023-04-26T16:59:45.000,2023-04-27T10:38:06.000,DCWP,Consumer Complaint,Car Dealer - Used,10019,Closed
57430288,2023-04-26T17:51:27.000,2023-04-26T18:47:01.000,NYPD,Drug Activity,Use Outside,11366,Closed
57432524,2023-04-26T09:56:37.000,2023-06-20T00:00:00.000,DOB,Building/Use,Illegal Conversion Of Residential Building/Space,11204,Closed
57434025,2023-04-27T15:35:48.000,2023-05-31T15:50:25.000,EDC,Noise - Helicopter,Other,11417,Closed
57435186,2023-04-27T21:56:40.000,2023-04-28T01:41:59.000,NYPD,Illegal Parking,Blocked Hydrant,11223,Closed
57435927,2023-04-27T12:10:33.000,2023-04-27T12:54:16.000,NYPD,Blocked Driveway,No Access,11223,Closed
57427018,2023-04-26T04:40:11.000,2023-06-01T09:16:50.000,DOT,Curb Condition,Defacement,11105,Closed
57435929,2023-04-27T20:01:23.000,2023-04-27T22:10:33.000,NYPD,Illegal Parking,Commercial Overnight Parking,11370,Closed
57420056,2023-04-25T09:07:39.000,2023-04-25T09:07:39.000,DOB,Elevator,Elevator - Single Device On Property/No Alternate Service,11226,Closed
57433270,2023-04-27T20:41:04.000,2023-04-27T21:27:08.000,NYPD,Noise - Residential,Loud Music/Party,10025,Closed
57432642,2023-04-26T10:03:04.000,2023-04-26T10:30:18.000,NYPD,Non-Emergency Police Matter,Other (complaint details),11375,Closed
57427576,2023-04-26T18:03:34.000,2023-05-12T10:33:14.000,DPR,New Tree Request,For One Address,10011,Closed
57422940,2023-04-26T12:13:31.000,2023-04-27T16:12:18.000,HPD,HEAT/HOT WATER,APARTMENT ONLY,11221,Closed
57430124,2023-04-26T08:15:14.000,2023-04-26T08:15:14.000,DOT,Street Condition,Pothole,11223,Closed
57434188,2023-04-27T16:06:41.000,2023-04-27T22:48:05.000,NYPD,Illegal Parking,Posted Parking Sign Violation,10033,Closed
57435595,2023-04-27T10:20:47.000,2023-05-22T08:45:45.000,HPD,PLUMBING,BASIN/SINK,11213,Closed
57433178,2023-04-27T18:21:28.000,2023-05-01T13:05:37.000,HPD,HEAT/HOT WATER,APARTMENT ONLY,11226,Closed
57427599,2023-04-26T21:00:31.000,2024-02-16T08:53:47.000,DPR,New Tree Request,For One Address,11209,Closed
57433563,2023-04-27T15:27:35.000,2023-04-27T18:27:07.000,NYPD,Noise - Street/Sidewalk,Loud Music/Party,10036,Closed
57434075,2023-04-28T01:05:53.000,2023-04-28T01:19:58.000,NYPD,Illegal Parking,Posted Parking Sign Violation,11205,Closed
57431087,2023-04-26T08:49:04.000,2023-04-27T08:31:23.000,HPD,HEAT/HOT WATER,ENTIRE BUILDING,11375,Closed
57434422,2023-04-27T10:40:28.000,2023-06-16T00:00:00.000,DOB,Real Time Enforcement,Work Without A Permit - Occupied Multiple Dwelling,11208,Closed
57424811,2023-04-26T09:07:51.000,2023-04-26T09:54:42.000,NYPD,Illegal Parking,Blocked Crosswalk,11234,Closed
57429216,2023-04-26T14:11:07.000,2023-05-31T15:47:55.000,EDC,Noise - Helicopter,Other,11201,Closed
57432000,2023-04-26T16:26:39.000,2023-05-18T16:28:58.000,HPD,ELECTRIC,LIGHTING,11230,Closed
57429107,2023-04-26T09:42:08.000,2023-04-27T14:36:49.000,DOT,Street Sign - Damaged,"No Parking, Standing, Stopping",10028,Closed
57429526,2023-04-26T22:07:41.000,2023-04-26T23:08:59.000,NYPD,Illegal Parking,Blocked Hydrant,11418,Closed
57432379,2023-04-26T18:11:01.000,2023-05-04T17:12:16.000,HPD,SAFETY,WINDOW GUARD BROKEN/MISSING,10452,Closed
57434581,2023-04-27T00:59:49.000,2023-05-16T11:08:46.000,HPD,UNSANITARY CONDITION,GARBAGE/RECYCLING STORAGE,11432,Closed
57433782,2023-04-27T19:53:00.000,2023-04-28T07:06:00.000,DEP,Water System,Dirty Water (WE),11364,Closed
57431870,2023-04-26T05:28:26.000,2023-04-26T06:40:37.000,NYPD,Noise - Residential,Loud Music/Party,11433,Closed
57429638,2023-04-27T00:08:00.000,2023-04-27T02:15:00.000,DOT,Traffic Signal Condition,Controller,11237,Closed
57434157,2023-04-27T13:56:00.000,2023-04-28T17:35:00.000,DEP,Water System,Hydrant Running (WC3),11360,Closed
57428013,2023-04-26T23:41:44.000,2023-04-27T01:19:20.000,NYPD,Blocked Driveway,No Access,11416,Closed
57435413,2023-04-27T09:48:17.000,2023-05-05T09:12:34.000,HPD,DOOR/WINDOW,DOOR,10456,Closed
57432855,2023-04-27T07:51:49.000,2023-05-31T15:49:30.000,EDC,Noise - Helicopter,Other,10024,Closed
57429144,2023-04-27T01:51:23.000,2023-04-27T10:09:24.000,DHS,Homeless Person Assistance,,10019,Closed
57429836,2023-04-26T13:27:54.000,2023-06-26T11:53:47.000,TLC,For Hire Vehicle Complaint,Driver Complaint - Non Passenger,10014,Closed
57431404,2023-04-26T08:28:27.000,2023-04-26T10:06:16.000,NYPD,Abandoned Vehicle,With License Plate,11204,Closed
57428878,2023-04-26T09:36:12.000,2023-05-15T20:54:16.000,HPD,PAINT/PLASTER,CEILING,10461,Closed
57431035,2023-04-26T01:02:00.000,2023-04-28T02:45:00.000,DEP,Noise,Noise: Construction Before/After Hours (NM1),11222,Closed
57435641,2023-04-27T06:53:21.000,2023-04-27T07:44:15.000,NYPD,Illegal Parking,Posted Parking Sign Violation,10302,Closed
57431720,2023-04-26T15:06:55.000,2023-04-26T16:12:51.000,NYPD,Illegal Parking,Blocked Sidewalk,11238,Closed
57432824,2023-04-27T13:39:06.000,2023-04-27T14:05:36.000,NYPD,Illegal Parking,Blocked Bike Lane,10025,Closed
57430910,2023-04-26T22:00:52.000,2023-05-12T10:48:10.000,DPR,New Tree Request,For One Address,11229,Closed
57423141,2023-04-26T16:52:05.000,2023-04-26T23:09:27.000,NYPD,Noise - Residential,Banging/Pounding,10457,Closed
57435509,2023-04-27T13:58:25.000,2023-04-27T15:09:33.000,NYPD,Non-Emergency Police Matter,Trespassing,11206,Closed
57435845,2023-04-27T02:17:36.000,2023-04-27T13:50:20.000,DSNY,Illegal Dumping,Chronic Dumping,11226,Closed
57432403,2023-04-26T22:16:36.000,2023-04-27T20:45:11.000,HPD,HEAT/HOT WATER,ENTIRE BUILDING,11429,Closed
57428604,2023-04-26T13:42:00.000,2023-05-08T11:47:38.000,DPR,Root/Sewer/Sidewalk Condition,Trees and Sidewalks Program,11421,Closed
57428682,2023-04-26T18:39:45.000,2023-04-26T19:25:45.000,NYPD,Illegal Parking,Blocked Sidewalk,10010,Closed
57433966,2023-04-27T08:46:19.000,2023-04-27T10:47:10.000,NYPD,Abandoned Vehicle,With License Plate,11421,Closed
57434944,2023-04-27T08:10:24.000,2023-04-29T14:47:48.000,DSNY,Missed Collection,Recycling - Metal/Glass/Rigid Plastic,11211,Closed
57430640,2023-04-26T22:13:26.000,2023-04-27T05:45:32.000,DHS,Homeless Person Assistance,,10003,Closed
57433499,2023-04-27T16:33:39.000,2023-04-27T17:55:35.000,NYPD,Blocked Driveway,No Access,11355,Closed
57435624,2023-04-27T20:58:56.000,2023-04-30T11:27:48.000,HPD,HEAT/HOT WATER,APARTMENT ONLY,11213,Closed
57433069,2023-04-27T10:47:20.000,2023-06-06T00:00:00.000,DOB,Elevator,Elevator - Single Device On Property/No Alternate Service,10454,Closed
57434808,2023-04-27T20:31:58.000,2023-04-27T23:33:20.000,NYPD,Blocked Driveway,Partial Access,11419,Closed
57429164,2023-04-26T21:59:19.000,2023-04-26T23:08:11.000,NYPD,Blocked Driveway,No Access,11233,Closed
57435363,2023-04-27T16:03:09.000,2023-04-27T18:27:29.000,NYPD,Illegal Parking,Parking Permit Improper Use,11229,Closed
57430091,2023-04-26T08:09:45.000,2023-04-27T15:35:43.000,DSNY,Missed Collection,Recycling - Metal/Glass/Rigid Plastic,10455,Closed
57431379,2023-04-26T19:19:55.000,2023-05-06T17:49:17.000,HPD,PAINT/PLASTER,WALL,10453,Closed
57429485,2023-04-26T19:23:16.000,2023-04-27T17:10:00.000,HPD,HEAT/HOT WATER,ENTIRE BUILDING,11218,Closed
57432952,2023-04-27T17:38:01.000,2023-04-27T17:51:01.000,DHS,Homeless Person Assistance,,10013,Closed
57426310,2023-04-26T11:18:17.000,2023-04-28T05:22:12.000,DSNY,Residential Disposal Complaint,Waste Set Out Too Early or Too Late,10035,Closed
57432116,2023-04-26T20:38:04.000,2023-05-02T13:15:09.000,HPD,ELECTRIC,POWER OUTAGE,10452,Closed
57432409,2023-04-26T16:35:56.000,2023-05-06T02:07:31.000,HPD,UNSANITARY CONDITION,PESTS,11220,Closed
57423286,2023-04-26T08:05:09.000,2023-04-27T13:28:41.000,DSNY,Dead Animal,Squirrel,11416,Closed
57433840,2023-04-27T12:43:06.000,2023-04-29T13:58:39.000,DSNY,Litter Basket Request,New Basket,11201,Closed
57435447,2023-04-27T06:26:00.000,2023-04-27T11:00:00.000,DEP,Noise,Noise: Construction Before/After Hours (NM1),11435,Closed
57429423,2023-04-26T09:59:37.000,2023-04-26T09:59:37.000,DOB,Real Time Enforcement,Work Without A Permit - Occupied Multiple Dwelling,10013,Closed
57430559,2023-04-26T17:56:23.000,2023-04-27T00:48:12.000,NYPD,Blocked Driveway,Partial Access,11379,Closed
57430505,2023-04-27T00:45:44.000,2023-04-27T01:15:43.000,NYPD,Illegal Parking,Blocked Sidewalk,11233,Closed
57429307,2023-04-26T20:30:00.000,2023-04-26T20:41:33.000,NYPD,Noise - Residential,Banging/Pounding,11201,Closed
57433604,2023-04-27T09:54:56.000,2023-05-16T11:08:47.000,HPD,UNSANITARY CONDITION,PESTS,11432,Closed
57432020,2023-04-26T13:27:49.000,2023-04-28T14:38:52.000,HPD,PLUMBING,BATHTUB/SHOWER,10467,Closed
57433545,2023-04-27T09:25:57.000,2023-05-15T16:08:42.000,HPD,UNSANITARY CONDITION,PESTS,10459,Closed
57428330,2023-04-26T16:45:34.000,2023-07-27T11:50:11.000,HPD,WATER LEAK,HEAVY FLOW,11221,Closed
57432130,2023-04-26T19:48:43.000,2023-05-11T11:01:41.000,HPD,FLOORING/STAIRS,FLOOR,11237,Closed
57433624,2023-04-27T10:34:17.000,2023-05-03T00:00:00.000,DOB,General Construction/Plumbing,Building Permit - None,11204,Closed
57428034,2023-04-26T15:10:27.000,2023-04-26T17:03:27.000,NYPD,Illegal Parking,Blocked Sidewalk,10011,Closed
57423905,2023-04-26T23:33:45.000,2023-04-27T00:22:21.000,NYPD,Noise - Residential,Banging/Pounding,11216,Closed
57434240,2023-04-27T11:08:26.000,2023-04-27T15:22:45.000,HPD,HEAT/HOT WATER,ENTIRE BUILDING,10452,Closed
57435793,2023-04-27T18:23:51.000,2023-04-27T20:27:46.000,NYPD,Blocked Driveway,No Access,11208,Closed
57433455,2023-04-27T09:48:50.000,2023-05-09T12:51:10.000,DOT,Sidewalk Condition,Broken Sidewalk,10038,Closed
57428748,2023-04-26T12:02:11.000,2023-04-26T14:59:00.000,NYPD,Illegal Parking,Blocked Hydrant,11373,Closed
57433917,2023-04-27T10:01:27.000,2023-04-28T08:37:48.000,HPD,HEAT/HOT WATER,ENTIRE BUILDING,10128,Closed
57433096,2023-04-27T20:35:23.000,2023-04-27T21:43:28.000,NYPD,Illegal Parking,Blocked Hydrant,11204,Closed
57432343,2023-04-26T10:12:53.000,2023-04-26T16:28:59.000,NYPD,Blocked Driveway,No Access,11432,Closed
57428902,2023-04-26T10:17:00.000,2023-04-27T12:00:00.000,DEP,Air Quality,"Air: Dust, Construction/Demolition (AE4)",11426,Closed
57434900,2023-04-27T10:45:29.000,2023-05-02T18:20:38.000,HPD,GENERAL,CABINET,11434,Closed
57431232,2023-04-26T18:05:00.000,2023-04-26T22:43:27.000,NYPD,Blocked Driveway,Partial Access,10472,Closed
57432866,2023-04-28T00:52:39.000,2023-04-28T01:23:34.000,NYPD,Noise - Residential,Banging/Pounding,10473,Closed
57431265,2023-04-26T11:50:13.000,2023-09-13T15:05:39.000,DOT,Street Sign - Damaged,Other/Unknown,11373,Closed
57432888,2023-04-27T11:52:46.000,2023-04-27T13:44:08.000,NYPD,Abandoned Vehicle,With License Plate,10471,Closed
57434499,2023-04-27T15:42:06.000,2023-04-28T08:19:27.000,DSNY,Illegal Dumping,Removal Request,11210,Closed
57431166,2023-04-26T20:20:00.000,2023-04-27T11:43:00.000,DOT,Street Light Condition,Fixture/Luminaire Missing,11211,Closed
57428525,2023-04-26T22:49:17.000,2023-04-27T02:58:03.000,NYPD,Illegal Parking,Blocked Hydrant,11373,Closed
57433760,2023-04-27T12:52:11.000,2023-04-27T14:21:15.000,NYPD,Noise - House of Worship,Loud Talking,10035,Closed
57436009,2023-04-27T11:19:29.000,2023-04-27T12:07:49.000,NYPD,Panhandling,N/A,11231,Closed
57422665,2023-04-25T10:46:04.000,2023-04-28T10:00:35.000,HPD,GENERAL,COOKING GAS,11373,Closed
57435802,2023-04-27T23:07:43.000,2023-04-27T23:52:04.000,NYPD,Illegal Parking,Blocked Crosswalk,11205,Closed
57434833,2023-04-27T20:35:54.000,2023-04-27T22:02:38.000,NYPD,Blocked Driveway,Partial Access,11206,Closed
57430336,2023-04-26T12:41:59.000,2023-04-26T13:07:23.000,NYPD,Illegal Parking,Posted Parking Sign Violation,11361,Closed
57427299,2023-04-26T19:15:20.000,2023-04-27T08:35:00.000,DOT,Street Condition,Pothole,10128,Closed
57433891,2023-04-27T23:08:55.000,2023-05-01T09:40:35.000,HPD,HEAT/HOT WATER,ENTIRE BUILDING,11221,Closed
57433625,2023-04-27T10:51:09.000,2023-05-03T10:56:37.000,DSNY,Missed Collection,Trash,11210,Closed
57434014,2023-04-27T13:41:13.000,2023-06-29T20:21:51.000,HPD,PLUMBING,BATHTUB/SHOWER,10458,Closed
57427791,2023-04-26T23:35:55.000,2023-04-27T05:37:40.000,DHS,Homeless Person Assistance,,10025,Closed
57431734,2023-04-26T07:47:45.000,2023-04-26T07:47:45.000,DOHMH,Rodent,Rat Sighting,11216,Closed
57431810,2023-04-26T15:10:00.000,2023-04-26T16:32:42.000,NYPD,Blocked Driveway,Partial Access,11214,Closed
57435157,2023-04-27T16:26:12.000,2023-04-27T19:18:15.000,NYPD,Illegal Parking,Blocked Hydrant,11235,Closed
57434829,2023-04-27T16:42:47.000,2023-06-09T00:00:00.000,DOB,General Construction/Plumbing,Vent/Exhaust - Illegal/Improper,10010,Closed
57431840,2023-04-26T13:31:08.000,2023-05-04T13:06:24.000,HPD,UNSANITARY CONDITION,PESTS,10039,Closed
57435483,2023-04-27T20:21:25.000,2023-04-27T23:32:29.000,NYPD,Noise - Residential,Loud Music/Party,10039,Closed
57423222,2023-04-26T18:31:42.000,2023-04-26T19:58:36.000,NYPD,Illegal Parking,Blocked Bike Lane,10011,Closed
59372825,2023-11-08T11:30:35.000,2023-11-08T14:27:04.000,NYPD,Encampment,N/A,10467,Closed
57429580,2023-04-26T17:47:00.000,2023-04-27T10:28:00.000,DEP,Air Quality,"Air: Smoke, Vehicular (AA4)",11366,Closed
57433249,2023-04-27T18:29:00.000,2023-04-29T12:50:00.000,DEP,Water System,Dirty Water (WE),11413,Closed
57434858,2023-04-27T07:00:17.000,2023-05-09T19:44:15.000,HPD,UNSANITARY CONDITION,PESTS,10304,Closed
57429733,2023-04-26T12:16:38.000,2023-04-26T12:30:37.000,NYPD,Traffic,Chronic Speeding,10312,Closed
57430276,2023-04-26T19:11:39.000,2023-04-26T20:20:13.000,NYPD,Abandoned Vehicle,With License Plate,10461,Closed
57427792,2023-04-26T09:26:00.000,2023-04-27T04:15:00.000,DOT,Traffic Signal Condition,Pedestrian Signal,11355,Closed
57428914,2023-04-26T13:58:50.000,2023-04-29T19:14:18.000,HPD,HEAT/HOT WATER,APARTMENT ONLY,10021,Closed
57433003,2023-04-27T05:48:55.000,2023-04-27T06:07:10.000,NYPD,Abandoned Vehicle,With License Plate,10305,Closed
57433758,2023-04-27T08:36:42.000,2023-12-20T11:07:09.000,DSNY,Graffiti,Graffiti,11220,Closed
57430661,2023-04-26T11:04:28.000,2023-05-03T09:39:59.000,DSNY,Missed Collection,Trash,11219,Closed
57435730,2023-04-27T15:39:15.000,2023-05-12T16:29:00.000,HPD,ELECTRIC,NO LIGHTING,10463,Closed
57419459,2023-04-25T15:24:40.000,2023-04-25T20:18:14.000,DHS,Homeless Person Assistance,,11105,Closed
57433713,2023-04-27T18:09:58.000,2023-04-27T18:09:58.000,DOHMH,Rodent,Rat Sighting,10456,Closed
57433038,2023-04-27T23:39:28.000,2023-05-05T21:04:19.000,HPD,DOOR/WINDOW,DOOR,10467,Closed
57430604,2023-04-26T13:06:13.000,2023-04-27T10:38:11.000,DSNY,Obstruction,Cone,11201,Closed
57434395,2023-04-27T15:16:42.000,2023-05-08T15:09:35.000,DOT,Street Condition,Cave-in,11375,Closed
57427627,2023-04-26T15:21:37.000,2023-04-26T17:02:29.000,NYPD,Noise - Street/Sidewalk,Loud Music/Party,10023,Closed
57431227,2023-04-26T23:18:36.000,2023-04-27T01:31:27.000,NYPD,Noise - Vehicle,Car/Truck Horn,11366,Closed
57428316,2023-04-26T12:04:11.000,2023-05-22T14:17:56.000,HPD,PLUMBING,BATHTUB/SHOWER,11236,Closed
57428588,2023-04-26T14:21:29.000,2023-06-14T15:48:56.000,HPD,PAINT/PLASTER,WALL,10032,Closed
57435553,2023-04-27T20:46:21.000,2023-04-28T18:07:52.000,HPD,HEAT/HOT WATER,ENTIRE BUILDING,11221,Closed
57435145,2023-04-27T13:35:00.000,2023-04-29T10:40:00.000,DEP,Sewer,Catch Basin Clogged/Flooding (Use Comments) (SC),11214,Closed
57428096,2023-04-26T19:58:02.000,2023-04-26T22:22:40.000,NYPD,Illegal Parking,Commercial Overnight Parking,10453,Closed
57431803,2023-04-26T15:16:00.000,2024-06-26T09:49:00.000,DOT,Street Light Condition,Street Light Lamp Dim,10128,Closed
57427910,2023-04-26T09:44:21.000,2023-05-03T12:44:04.000,DSNY,Missed Collection,Recycling - Paper/Metal/Glass/Rigid Plastic,11214,Closed
57455213,2023-04-29T18:45:46.000,2024-10-17T09:46:36.000,DPR,New Tree Request,For One Address,11206,Closed
57434667,2023-04-27T18:20:07.000,2023-05-01T14:13:50.000,DOT,Street Condition,Defective Hardware,11210,Closed
57435991,2023-04-27T06:25:00.000,2023-04-27T08:00:00.000,DOT,Traffic Signal Condition,Controller,10030,Closed
57429354,2023-04-26T10:48:19.000,2023-04-26T11:54:43.000,NYPD,Blocked Driveway,No Access,11416,Closed
57435404,2023-04-27T07:16:13.000,2023-05-31T15:49:27.000,EDC,Noise - Helicopter,Other,11414,Closed
57434519,2023-04-28T01:48:11.000,2023-05-08T00:00:00.000,DSNY,Graffiti,Graffiti,10009,Closed
57434745,2023-04-27T15:16:01.000,2023-04-27T16:04:24.000,NYPD,Noise - Residential,Loud Talking,11216,Closed
57428984,2023-04-26T11:10:04.000,2023-04-26T13:09:18.000,NYPD,Illegal Parking,Blocked Sidewalk,10021,Closed
57426298,2023-04-26T15:48:22.000,2023-06-02T05:02:58.000,HPD,UNSANITARY CONDITION,PESTS,11231,Closed
57430139,2023-04-26T21:41:57.000,2023-04-26T22:54:14.000,NYPD,Noise - Commercial,Loud Music/Party,11222,Closed
57430793,2023-04-26T07:59:19.000,2023-04-26T11:43:37.000,NYPD,Illegal Parking,Blocked Sidewalk,11208,Closed
57433839,2023-04-27T13:26:31.000,2023-05-15T09:08:56.000,DPR,New Tree Request,For One Address,11233,Closed
57433158,2023-04-27T12:47:29.000,2023-05-24T00:00:00.000,DOB,Building/Use,Illegal Conversion Of Residential Building/Space,11214,Closed
57428868,2023-04-26T14:32:03.000,2025-05-13T16:38:20.000,DPR,New Tree Request,For One Address,10031,Closed
55312183,2022-09-05T09:23:12.000,2022-09-06T00:00:00.000,DOT,Street Condition,Pothole,,Closed
57433068,2023-04-27T11:02:15.000,2023-04-27T11:02:15.000,DOT,Street Condition,Pothole,10466,Closed
57431369,2023-04-26T06:01:57.000,2023-04-26T17:04:54.000,HPD,HEAT/HOT WATER,ENTIRE BUILDING,10463,Closed
57428659,2023-04-26T23:22:32.000,2023-04-27T01:27:43.000,NYPD,Drug Activity,Use Outside,11432,Closed
57435374,2023-04-27T20:19:24.000,2023-04-27T20:59:45.000,NYPD,Noise - Vehicle,Engine Idling,10458,Closed
57432816,2023-04-27T20:16:51.000,2023-04-27T21:57:29.000,NYPD,Illegal Parking,Blocked Hydrant,11385,Closed
57421602,2023-04-25T15:23:54.000,2023-11-09T14:04:20.000,DPR,Dead/Dying Tree,Planted More Than 2 Years Ago,11234,Closed
57431250,2023-04-26T09:18:04.000,2023-05-08T12:52:19.000,HPD,DOOR/WINDOW,WINDOW FRAME,10458,Closed
57430173,2023-04-26T10:57:07.000,2023-04-26T22:40:30.000,NYPD,Illegal Parking,Parking Permit Improper Use,10470,Closed
57428018,2023-04-26T16:24:14.000,2023-04-26T16:25:42.000,NYPD,Drug Activity,Use Outside,11366,Closed
57429359,2023-04-26T08:16:46.000,2023-04-26T09:14:58.000,NYPD,Illegal Parking,Blocked Sidewalk,11218,Closed
57432472,2023-04-26T07:32:29.000,2023-04-26T08:17:40.000,NYPD,Illegal Parking,Blocked Bike Lane,11101,Closed
57428219,2023-04-26T15:22:08.000,2023-05-26T00:00:00.000,DOB,General Construction/Plumbing,Cons - Contrary/Beyond Approved Plans/Permits,11210,Closed
57435007,2023-04-27T16:54:52.000,2025-05-13T16:38:34.000,DPR,New Tree Request,For One Address,11209,Closed
57433232,2023-04-27T16:05:00.000,2023-05-02T14:00:00.000,DEP,Air Quality,"Air: Dust, Construction/Demolition (AE4)",11377,Closed
57429271,2023-04-26T07:19:40.000,2023-04-26T09:06:43.000,NYPD,Abandoned Vehicle,With License Plate,10016,Closed
57429849,2023-04-26T21:47:16.000,2023-06-09T11:50:14.000,TLC,For Hire Vehicle Complaint,Driver Complaint - Non Passenger,10012,Closed
57433298,2023-04-27T06:01:27.000,2023-04-30T11:27:48.000,HPD,HEAT/HOT WATER,APARTMENT ONLY,11216,Closed
57434744,2023-04-27T23:30:59.000,2023-04-28T01:25:33.000,NYPD,Blocked Driveway,No Access,11373,Closed
55310440,2022-09-05T17:48:31.000,,TLC,Taxi Report,Driver Report - Passenger,10029,In Progress
57432404,2023-04-26T21:42:30.000,2023-04-29T12:14:33.000,HPD,HEAT/HOT WATER,ENTIRE BUILDING,11103,Closed
57429946,2023-04-26T22:56:00.000,2023-05-03T23:45:00.000,DEP,Noise,Noise: Private Carting Noise (NQ1),10462,Closed
57434023,2023-04-27T11:08:22.000,2023-05-31T15:50:11.000,EDC,Noise - Helicopter,Other,11414,Closed
57431482,2023-04-26T16:56:20.000,2023-04-26T19:09:11.000,NYPD,Noise - Residential,Loud Talking,11691,Closed
57429237,2023-04-25T00:19:45.000,2023-04-27T13:30:36.000,DOT,Street Condition,Pothole,11102,Closed
57431019,2023-04-26T11:19:24.000,2023-04-27T08:55:51.000,HPD,HEAT/HOT WATER,ENTIRE BUILDING,10469,Closed
57434203,2023-04-27T12:07:20.000,2023-04-27T16:34:46.000,NYPD,Illegal Parking,Posted Parking Sign Violation,10033,Closed
57430815,2023-04-26T02:27:56.000,2023-04-26T02:42:39.000,NYPD,Noise - Residential,Loud Music/Party,10032,Closed
57427992,2023-04-26T08:51:27.000,2023-04-26T18:48:43.000,NYPD,Illegal Parking,Blocked Hydrant,10454,Closed
57424370,2023-04-26T12:47:48.000,2023-04-26T14:26:12.000,NYPD,Illegal Parking,Parking Permit Improper Use,11201,Closed
57421108,2023-04-25T21:09:57.000,2023-04-26T00:42:10.000,NYPD,Illegal Parking,Blocked Crosswalk,11379,Closed
57432375,2023-04-26T12:47:32.000,2023-05-01T14:37:46.000,DSNY,Illegal Dumping,Removal Request,10009,Closed
57433841,2023-04-27T10:23:40.000,2023-05-18T14:15:23.000,HPD,UNSANITARY CONDITION,PESTS,11218,Closed
57434017,2023-04-28T01:21:56.000,2023-04-28T02:25:59.000,NYPD,Noise - Residential,Loud Music/Party,10457,Closed
57430880,2023-04-26T14:52:14.000,2023-06-09T02:04:58.000,HPD,PLUMBING,BATHTUB/SHOWER,11226,Closed
57431887,2023-04-26T02:47:12.000,2023-05-31T15:44:40.000,EDC,Noise - Helicopter,Other,11357,Closed
57434460,2023-04-27T22:56:21.000,2023-04-28T01:23:51.000,NYPD,Illegal Parking,Posted Parking Sign Violation,10471,Closed
57420572,2023-04-25T07:12:38.000,2023-04-25T08:15:23.000,NYPD,Noise - Street/Sidewalk,Loud Talking,10030,Closed
57433219,2023-04-27T05:16:56.000,2023-04-27T06:45:28.000,NYPD,Noise - Commercial,Car/Truck Music,10030,Closed
57429245,2023-04-26T20:37:13.000,2023-04-27T01:26:41.000,NYPD,Illegal Parking,Blocked Hydrant,11214,Closed
57427541,2023-04-26T16:42:30.000,2024-06-04T00:15:50.000,DOHMH,Food Establishment,Letter Grading,11232,Closed
57429813,2023-04-26T17:31:01.000,2023-04-26T18:25:24.000,NYPD,Illegal Parking,Double Parked Blocking Traffic,11208,Closed
57433742,2023-04-27T08:57:11.000,2023-05-18T17:44:24.000,HPD,APPLIANCE,ELECTRIC/GAS RANGE,11226,Closed
57428364,2023-04-26T20:04:46.000,2024-11-12T17:25:43.000,DPR,Damaged Tree,Tree Alive - in Poor Condition,11209,Closed
57431020,2023-04-26T15:54:34.000,2023-04-27T09:42:49.000,HPD,HEAT/HOT WATER,ENTIRE BUILDING,10453,Closed
57430575,2023-04-26T19:42:00.000,2023-04-28T10:46:00.000,DSNY,Electronics Waste Appointment,Ewaste appointment,10302,Closed
57434674,2023-04-27T22:43:55.000,2023-04-28T05:09:58.000,NYPD,Illegal Parking,Blocked Hydrant,10461,Closed
57434844,2023-04-27T09:37:00.000,2023-04-20T09:37:00.000,DOT,Street Light Condition,Lamppost Base Door/Cover Open,11232,Pending
57431532,2023-04-26T10:33:45.000,2023-04-26T13:27:32.000,HPD,HEAT/HOT WATER,APARTMENT ONLY,11230,Closed
57431676,2023-04-26T20:13:59.000,2023-04-26T21:33:11.000,NYPD,Blocked Driveway,No Access,11423,Closed
57430922,2023-04-26T09:33:04.000,2024-02-12T07:26:58.000,DPR,New Tree Request,For One Address,10005,Closed
57431436,2023-04-26T17:45:52.000,2024-07-31T00:00:00.000,DOB,Building/Use,Illegal. Commercial Use In Resident Zone,11214,Closed
57431377,2023-04-26T14:36:14.000,2023-05-01T17:39:40.000,HPD,GENERAL,BELL/BUZZER/INTERCOM,10459,Closed
57435018,2023-04-28T00:45:07.000,2023-05-04T08:45:38.000,DOT,Street Sign - Missing,Street Cleaning - ASP,10454,Closed
57431552,2023-04-26T09:26:00.000,2023-04-26T10:09:00.000,DOT,Street Light Condition,Street Light Out,10011,Closed
57434159,2023-04-27T01:17:55.000,2023-04-29T18:57:59.000,HPD,HEAT/HOT WATER,ENTIRE BUILDING,10467,Closed
57431061,2023-04-25T18:24:33.000,2023-04-26T10:35:00.000,DOT,Street Condition,Pothole,10028,Closed
57435716,2023-04-27T07:02:22.000,2023-04-27T08:33:33.000,NYPD,Illegal Parking,Blocked Sidewalk,11418,Closed
57431739,2023-04-26T13:57:06.000,2023-05-25T00:00:00.000,DOB,General Construction/Plumbing,Building Permit - None,10301,Closed
57426421,2023-04-26T22:22:39.000,2023-05-04T06:18:12.000,HPD,UNSANITARY CONDITION,MOLD,10456,Closed
57424880,2023-04-26T11:16:23.000,2023-04-26T21:12:10.000,HPD,HEAT/HOT WATER,ENTIRE BUILDING,10027,Closed
57435666,2023-04-27T16:49:49.000,2023-06-15T15:56:26.000,HPD,APPLIANCE,ELECTRIC/GAS RANGE,11225,Closed
57431957,2023-04-26T08:12:02.000,2023-04-26T09:09:33.000,NYPD,Illegal Parking,Posted Parking Sign Violation,11205,Closed
57429556,2023-04-26T17:36:17.000,2023-05-31T15:48:37.000,EDC,Noise - Helicopter,Other,10023,Closed
57432920,2023-04-27T17:36:37.000,2023-04-27T17:51:53.000,NYPD,Non-Emergency Police Matter,Trespassing,10031,Closed
57435032,2023-04-27T11:49:47.000,2023-05-09T09:15:58.000,HPD,UNSANITARY CONDITION,MOLD,10040,Closed
57431931,2023-04-26T14:22:22.000,2023-05-05T14:44:08.000,DOT,Street Condition,Cave-in,11377,Closed
57435492,2023-04-27T13:10:40.000,2023-04-28T11:32:44.000,HPD,HEAT/HOT WATER,APARTMENT ONLY,10462,Closed
57435654,2023-04-27T19:32:05.000,2023-04-27T20:22:49.000,NYPD,Illegal Parking,Blocked Sidewalk,11436,Closed
57429066,2023-04-27T00:28:54.000,2023-04-27T01:27:28.000,NYPD,Noise - Residential,Loud Music/Party,11691,Closed
57431594,2023-04-26T09:58:33.000,2023-04-26T10:16:08.000,TLC,Lost Property,Electronics/Phones,10036,Closed
57434410,2023-04-27T08:15:22.000,2023-04-27T10:49:48.000,NYPD,Illegal Parking,Posted Parking Sign Violation,10128,Closed
57435647,2023-04-28T01:42:39.000,2023-04-28T02:11:40.000,NYPD,Noise - Street/Sidewalk,Loud Music/Party,11230,Closed
57430313,2023-04-26T17:36:05.000,2023-04-26T18:37:49.000,NYPD,Non-Emergency Police Matter,Other (complaint details),10036,Closed
57432693,2023-04-26T15:19:58.000,2023-04-28T09:48:56.000,HPD,WATER LEAK,HEAVY FLOW,11238,Closed
57429123,2023-04-26T19:23:24.000,2023-05-31T15:48:49.000,EDC,Noise - Helicopter,Other,11414,Closed
57431645,2023-04-26T11:01:00.000,2023-04-26T11:40:00.000,DOT,Traffic Signal Condition,Controller,11235,Closed
57431893,2023-04-26T13:42:40.000,2023-04-27T20:53:44.000,DSNY,Dirty Condition,Trash,11201,Closed
57435634,2023-04-27T15:31:55.000,2023-05-08T16:06:32.000,HPD,SAFETY,SMOKE DETECTOR,11221,Closed
57434934,2023-04-27T13:16:47.000,2023-04-29T14:02:37.000,HPD,PAINT/PLASTER,CEILING,11222,Closed
57432611,2023-04-27T01:05:20.000,2023-04-27T02:33:23.000,NYPD,Illegal Parking,Blocked Hydrant,10457,Closed
57429831,2023-04-26T07:33:53.000,2023-09-11T07:16:02.000,HPD,UNSANITARY CONDITION,PESTS,10456,Closed
57429416,2023-04-26T21:10:12.000,2023-04-26T22:17:44.000,HPD,HEAT/HOT WATER,ENTIRE BUILDING,10029,Closed
57429823,2023-04-26T15:10:07.000,2023-04-27T00:00:00.000,DOB,General Construction/Plumbing,Egress - Doors Locked/Blocked/Improper/No Secondary Means,11229,Closed
57424707,2023-04-26T18:45:16.000,2023-04-26T19:59:19.000,NYPD,Abandoned Vehicle,With License Plate,11423,Closed
57430712,2023-04-26T07:32:58.000,2023-04-26T23:44:19.000,HPD,PLUMBING,BASIN/SINK,10467,Closed
57434783,2023-04-27T15:35:00.000,2023-04-27T17:37:00.000,DEP,Noise,Noise: Alarms (NR3),11366,Closed
57431432,2023-04-26T18:23:00.000,2023-04-26T22:30:00.000,DEP,Noise,Noise: Construction Before/After Hours (NM1),11375,Closed
57433484,2023-04-27T07:28:24.000,2023-04-27T09:54:37.000,NYPD,Illegal Parking,Blocked Crosswalk,10467,Closed
57434743,2023-04-27T21:28:47.000,2023-04-27T23:06:35.000,NYPD,Blocked Driveway,No Access,11373,Closed
57423772,2023-04-26T13:52:27.000,2023-06-06T20:37:37.000,HPD,APPLIANCE,ELECTRIC/GAS RANGE,11225,Closed
57432155,2023-04-26T23:31:19.000,2023-04-27T00:04:39.000,NYPD,Noise - Residential,Banging/Pounding,10453,Closed
57429200,2023-04-27T00:52:08.000,2023-04-27T02:20:14.000,NYPD,Noise - Street/Sidewalk,Loud Music/Party,11372,Closed
57432945,2023-04-27T08:57:48.000,2023-04-27T15:02:21.000,HPD,HEAT/HOT WATER,ENTIRE BUILDING,10456,Closed
57425300,2023-04-26T20:16:08.000,2023-04-27T17:03:10.000,HPD,HEAT/HOT WATER,APARTMENT ONLY,10470,Closed
57426335,2023-04-27T00:43:49.000,2024-06-04T00:18:48.000,DOHMH,Smoking,Smoking Violation,10304,Closed
57434238,2023-04-27T17:08:08.000,2023-04-27T23:57:27.000,NYPD,Abandoned Vehicle,With License Plate,11229,Closed
57434564,2023-04-28T00:02:40.000,2023-04-28T00:56:12.000,NYPD,Blocked Driveway,No Access,11218,Closed
57431323,2023-04-26T08:57:52.000,2025-05-13T16:38:15.000,DPR,New Tree Request,For One Address,11210,Closed
57430294,2023-04-26T16:07:36.000,2023-04-27T10:32:59.000,DOE,School Maintenance,Rodents/Mice,10461,Closed
57432285,2023-04-26T03:36:56.000,2023-04-26T06:20:59.000,NYPD,Noise - Street/Sidewalk,Loud Music/Party,11221,Closed
57435851,2023-04-27T06:23:47.000,2023-04-27T08:47:58.000,NYPD,Blocked Driveway,No Access,11416,Closed
57433056,2023-04-27T06:40:55.000,2023-04-27T07:05:49.000,NYPD,Noise - Residential,Banging/Pounding,10468,Closed
57428718,2023-04-26T18:26:12.000,2023-04-27T00:57:37.000,NYPD,Illegal Parking,Blocked Crosswalk,11385,Closed
57430622,2023-04-26T16:47:55.000,2023-04-26T22:16:12.000,NYPD,Blocked Driveway,Partial Access,11040,Closed
57430481,2023-04-26T21:26:38.000,2023-04-26T22:42:04.000,NYPD,Noise - Street/Sidewalk,Loud Talking,10468,Closed
57431213,2023-04-26T22:04:27.000,2023-05-06T16:28:32.000,HPD,WATER LEAK,HEAVY FLOW,11233,Closed
57429481,2023-04-26T07:47:43.000,2023-04-26T13:07:08.000,NYPD,Illegal Parking,Blocked Crosswalk,10463,Closed
57432759,2023-04-27T22:42:02.000,2023-04-27T22:54:00.000,NYPD,Blocked Driveway,No Access,11237,Closed
57428860,2023-04-26T11:16:06.000,2023-05-12T15:07:54.000,HPD,UNSANITARY CONDITION,MOLD,10466,Closed
57434441,2023-04-27T06:57:34.000,2023-04-29T13:51:06.000,DSNY,Illegal Dumping,Removal Request,11207,Closed
57429936,2023-04-26T09:36:15.000,2023-04-26T10:24:55.000,NYPD,Blocked Driveway,No Access,11421,Closed
57432055,2023-04-26T10:12:25.000,2023-04-26T15:42:51.000,HPD,HEAT/HOT WATER,ENTIRE BUILDING,11233,Closed
57428488,2023-04-26T06:35:50.000,2023-04-26T15:23:47.000,HPD,HEAT/HOT WATER,ENTIRE BUILDING,10467,Closed
57431585,2023-04-26T10:34:39.000,2023-05-03T09:15:18.000,DSNY,Missed Collection,Trash,11219,Closed
57429983,2023-04-26T18:33:00.000,2023-04-27T10:28:00.000,DSNY,Derelict Vehicles,Derelict Vehicles,11226,Closed
57432434,2023-04-26T13:23:16.000,2023-04-27T15:51:14.000,HPD,DOOR/WINDOW,WINDOW PANE,10457,Closed
57433373,2023-04-27T10:53:01.000,2023-04-27T11:26:19.000,NYPD,Illegal Parking,Posted Parking Sign Violation,11236,Closed
57433441,2023-04-27T10:06:21.000,2023-05-10T14:14:03.000,DOT,Sidewalk Condition,Sidewalk Violation,11233,Closed
57432299,2023-04-26T06:49:00.000,2023-04-26T12:26:00.000,DSNY,Derelict Vehicles,Derelict Vehicles,11434,Closed
58028190,2023-06-27T23:56:17.000,2023-06-28T00:18:15.000,NYPD,Noise - Street/Sidewalk,Loud Talking,10032,Closed
57433881,2023-04-27T13:23:28.000,2023-05-10T14:36:32.000,DOT,Sidewalk Condition,Broken Sidewalk,11223,Closed
57430238,2023-04-26T02:36:11.000,2023-05-31T15:44:39.000,EDC,Noise - Helicopter,Other,11101,Closed
57430515,2023-04-26T08:23:55.000,2023-04-26T20:10:18.000,HPD,HEAT/HOT WATER,ENTIRE BUILDING,10039,Closed
57434364,2023-04-27T14:11:14.000,2023-04-27T15:20:50.000,NYPD,Noise - Residential,Banging/Pounding,11214,Closed
57431057,2023-04-26T12:49:53.000,2023-05-16T07:35:49.000,DOT,Bus Stop Shelter Complaint,Dirty/Graffiti,11211,Closed
57432422,2023-04-26T12:08:00.000,2023-04-26T12:08:00.000,DEP,Sewer,Catch Basin Clogged/Flooding (Use Comments) (SC),11232,Closed
57432451,2023-04-26T14:05:00.000,2023-05-04T15:30:00.000,DEP,Noise,"Noise, Ice Cream Truck (NR4)",11228,Closed
57434973,2023-04-27T17:27:50.000,2023-04-28T02:57:53.000,DHS,Homeless Person Assistance,,11434,Closed
57430217,2023-04-26T11:29:11.000,2023-05-03T09:43:47.000,HPD,FLOORING/STAIRS,FLOOR,10027,Closed
57431309,2023-04-26T08:04:47.000,2023-04-26T08:36:31.000,DHS,Homeless Person Assistance,,11223,Closed
57434016,2023-04-27T11:54:19.000,2025-01-11T18:12:56.000,DOHMH,Mobile Food Vendor,Smoke/Odor,10036,Closed
57434060,2023-04-27T10:59:00.000,2023-04-28T10:46:00.000,DSNY,Electronics Waste Appointment,Ewaste appointment,10303,Closed
57432460,2023-04-26T14:38:03.000,2023-04-26T17:48:38.000,NYPD,Noise - Commercial,Banging/Pounding,11378,Closed
57434137,2023-04-28T01:34:34.000,2023-04-28T03:58:41.000,NYPD,Abandoned Vehicle,With License Plate,11365,Closed
57433288,2023-04-27T16:14:17.000,2023-04-27T21:37:57.000,NYPD,Illegal Parking,Blocked Sidewalk,10461,Closed
57435169,2023-04-27T20:36:12.000,2023-04-27T22:02:18.000,NYPD,Illegal Parking,Blocked Hydrant,11204,Closed
57434593,2023-04-27T08:42:27.000,2023-05-08T15:31:45.000,DPR,Root/Sewer/Sidewalk Condition,Trees and Sidewalks Program,11221,Closed
57428375,2023-04-26T05:00:42.000,2023-04-26T11:28:23.000,NYPD,Illegal Parking,Blocked Sidewalk,11106,Closed
57428385,2023-04-26T14:36:56.000,2023-04-26T14:50:22.000,NYPD,Noise - Vehicle,Car/Truck Music,10016,Closed
57434194,2023-04-27T20:15:45.000,2023-05-15T17:38:53.000,HPD,PLUMBING,WATER SUPPLY,11374,Closed
57427251,2023-04-26T19:35:48.000,2023-05-02T14:49:19.000,HPD,GENERAL,BELL/BUZZER/INTERCOM,11226,Closed
57430611,2023-04-26T16:14:30.000,2025-01-11T05:02:19.000,DOHMH,Mobile Food Vendor,Food Worker Activity,10001,Closed
57432765,2023-04-27T16:24:14.000,2023-04-28T00:00:00.000,DOB,Building/Use,Illegal Conversion Of Residential Building/Space,11416,Closed
57431098,2023-04-26T02:34:30.000,2023-04-26T20:21:58.000,HPD,DOOR/WINDOW,DOOR FRAME,10460,Closed
57425017,2023-04-26T11:20:00.000,2023-04-26T12:26:00.000,DEP,Air Quality,"Air: Smoke, Vehicular (AA4)",11366,Closed
57433182,2023-04-27T08:22:02.000,2023-04-27T16:13:21.000,HPD,HEAT/HOT WATER,ENTIRE BUILDING,10468,Closed
57430536,2023-04-26T09:46:41.000,2023-05-31T15:46:27.000,EDC,Noise - Helicopter,Other,11414,Closed
57427688,2023-04-26T13:14:00.000,2023-04-26T14:30:00.000,DEP,Sewer,Sewer Backup (Use Comments) (SA),11101,Closed
57433155,2023-04-27T08:29:00.000,2023-04-24T08:28:00.000,DOT,Street Light Condition,Street Light Out,11378,Pending
57431042,2023-04-26T18:37:04.000,2024-11-12T17:25:42.000,DPR,Damaged Tree,Branch Cracked and Will Fall,11218,Closed
57433205,2023-04-27T13:38:12.000,2023-04-27T19:51:03.000,HPD,HEAT/HOT WATER,ENTIRE BUILDING,10024,Closed
57434652,2023-04-27T21:41:21.000,2023-04-28T04:34:27.000,NYPD,Illegal Parking,Commercial Overnight Parking,11378,Closed
57432274,2023-04-26T18:25:56.000,2023-04-27T02:25:13.000,NYPD,Noise - Residential,Loud Television,11369,Closed
57431378,2023-04-26T20:44:36.000,2023-05-23T16:02:15.000,HPD,PAINT/PLASTER,WALL,10034,Closed
57425479,2023-04-26T13:46:02.000,2023-04-26T19:15:22.000,NYPD,Illegal Parking,Posted Parking Sign Violation,11223,Closed
57431568,2023-04-26T16:01:55.000,2024-04-05T09:49:17.000,DPR,New Tree Request,For One Address,10039,Closed
57434048,2023-04-27T17:50:53.000,2023-04-27T18:41:37.000,NYPD,Drug Activity,Use Outside,11372,Closed
57430055,2023-04-26T06:36:17.000,2023-04-29T19:13:12.000,HPD,ELECTRIC,OUTLET/SWITCH,10010,Closed
57428769,2023-04-26T19:01:35.000,2023-05-07T17:54:36.000,HPD,UNSANITARY CONDITION,PESTS,10468,Closed
57432651,2023-04-27T00:33:58.000,2023-04-27T06:34:46.000,NYPD,Illegal Parking,Blocked Sidewalk,10461,Closed
57428770,2023-04-26T08:20:33.000,2023-05-03T09:15:59.000,DSNY,Missed Collection,Recycling - Paper,11219,Closed
57435953,2023-04-27T07:44:00.000,2023-04-27T09:20:00.000,DEP,Water System,Hydrant Running Full (WA4),11211,Closed
57427683,2023-04-26T12:21:00.000,2023-04-26T12:21:00.000,DOT,Street Light Condition,Foreign Attachment On Lamppost,11375,Closed
57435414,2023-04-27T08:49:41.000,2023-04-27T09:31:33.000,NYPD,Illegal Parking,Blocked Sidewalk,11211,Closed
57427745,2023-04-26T16:52:00.000,2023-04-27T13:41:41.000,DPR,Illegal Tree Damage,Unauthorized Tree Removal,11235,Closed
57430839,2023-04-26T13:43:07.000,2023-04-27T16:31:08.000,HPD,HEAT/HOT WATER,ENTIRE BUILDING,11375,Closed
57430420,2023-04-26T05:15:12.000,2023-04-26T06:54:46.000,NYPD,Illegal Parking,Blocked Hydrant,11379,Closed
57422325,2023-04-25T05:30:39.000,2023-04-25T06:01:59.000,NYPD,Illegal Parking,Blocked Hydrant,11208,Closed
57429061,2023-04-26T05:55:37.000,2023-04-26T07:22:54.000,NYPD,Illegal Parking,Blocked Sidewalk,11417,Closed
57433632,2023-04-27T22:00:00.000,2023-04-27T22:15:00.000,DOT,Traffic Signal Condition,Pedestrian Signal,10462,Closed
57433115,2023-04-27T20:18:31.000,2023-05-31T15:51:45.000,EDC,Noise - Helicopter,Other,11414,Closed
57434396,2023-04-27T22:26:00.000,2023-04-28T04:00:00.000,DEP,Noise,Noise: Construction Before/After Hours (NM1),11208,Closed
57434518,2023-04-27T19:39:32.000,2023-06-06T12:54:07.000,DPR,Illegal Tree Damage,Trunk Damaged,10014,Closed
57430642,2023-04-26T20:59:14.000,2023-05-02T13:24:57.000,DSNY,Illegal Posting,Sticker or Decal,11416,Closed
57428777,2023-04-26T15:38:22.000,2023-05-09T10:51:54.000,DOT,Sidewalk Condition,Sidewalk Violation,11221,Closed
57434854,2023-04-27T14:32:50.000,2023-06-01T09:04:30.000,TLC,For Hire Vehicle Complaint,Driver Complaint - Non Passenger,10023,Closed
57428832,2023-04-27T00:03:16.000,2023-04-27T01:00:41.000,NYPD,Noise - Commercial,Loud Music/Party,11361,Closed
57429436,2023-04-26T16:22:32.000,2023-04-26T19:03:55.000,NYPD,Blocked Driveway,No Access,11373,Closed
57435788,2023-04-27T06:59:30.000,2023-04-27T06:59:30.000,DOHMH,Rodent,Rat Sighting,11233,Closed
57430245,2023-04-26T03:46:01.000,2023-04-26T04:41:32.000,NYPD,Illegal Parking,Blocked Hydrant,11207,Closed
57435560,2023-04-27T09:53:16.000,2024-06-04T00:16:11.000,DOHMH,Food Establishment,Food Contains Foreign Object,10455,Closed
57429898,2023-04-26T10:33:36.000,2023-04-27T14:12:11.000,HPD,GENERAL,CABINET,10011,Closed
57432252,2023-04-26T08:58:23.000,2023-05-31T15:46:13.000,EDC,Noise - Helicopter,Other,11238,Closed
57428513,2023-04-26T18:16:41.000,2024-09-17T14:41:50.000,DPR,Overgrown Tree/Branches,Hitting Building,11233,Closed
57429626,2023-04-26T06:54:13.000,2023-04-26T20:40:46.000,HPD,HEAT/HOT WATER,ENTIRE BUILDING,10456,Closed
57431394,2023-04-26T17:56:26.000,2023-04-26T18:54:24.000,NYPD,Encampment,N/A,,Closed
57434403,2023-04-27T18:38:53.000,2023-04-27T19:36:41.000,NYPD,Noise - Residential,Banging/Pounding,11218,Closed
57434453,2023-04-27T10:33:00.000,2023-04-27T11:56:28.000,NYPD,Noise - Commercial,Loud Talking,10014,Closed
57429039,2023-04-26T14:58:59.000,2023-04-26T23:11:34.000,NYPD,Abandoned Vehicle,With License Plate,11239,Closed
57435040,2023-04-27T09:02:14.000,2023-05-05T00:00:00.000,DOB,Boilers,Boiler - Defective/Inoperative/No Permit,10456,Closed
57434114,2023-04-27T22:20:42.000,2023-04-29T09:31:53.000,HPD,HEAT/HOT WATER,ENTIRE BUILDING,11214,Closed
57430316,2023-04-26T08:40:03.000,2025-02-27T09:30:04.000,DOT,Curb Condition,Broken Curb,10003,Closed
57435454,2023-04-27T11:49:06.000,2023-04-27T13:38:06.000,NYPD,Illegal Parking,Blocked Sidewalk,11106,Closed
57429917,2023-04-26T10:59:33.000,2023-06-05T08:35:10.000,HPD,UNSANITARY CONDITION,PESTS,10463,Closed
57435249,2023-04-27T18:22:10.000,2023-05-11T19:51:38.000,HPD,WATER LEAK,DAMP SPOT,11232,Closed
57427676,2023-04-26T20:07:55.000,2023-04-27T10:38:06.000,DCWP,Consumer Complaint,Car Dealer - Used,11375,Closed
57433274,2023-04-27T22:53:00.000,2023-05-01T19:30:00.000,DEP,Noise,Noise: Construction Before/After Hours (NM1),10475,Closed
57431352,2023-04-26T13:08:16.000,2023-04-27T00:19:30.000,NYPD,Illegal Parking,Unauthorized Bus Layover,10471,Closed
57428441,2023-04-26T23:16:56.000,2023-04-27T00:13:51.000,NYPD,Noise - Residential,Loud Music/Party,10038,Closed
57433768,2023-04-27T11:15:35.000,2023-04-28T11:49:18.000,HPD,GENERAL,COOKING GAS,11226,Closed
57434393,2023-04-27T20:06:51.000,2023-04-27T20:31:35.000,NYPD,Noise - Residential,Loud Music/Party,11206,Closed
57435516,2023-04-27T21:45:29.000,2023-04-27T22:38:15.000,NYPD,Noise - Residential,Banging/Pounding,11226,Closed
57430156,2023-04-26T09:04:53.000,2023-04-27T15:35:13.000,DSNY,Missed Collection,Recycling - Metal/Glass/Rigid Plastic,10451,Closed
57429660,2023-04-26T16:20:43.000,2023-05-03T20:41:26.000,HPD,UNSANITARY CONDITION,PESTS,11208,Closed
57428648,2023-04-26T10:59:20.000,2023-04-26T10:59:20.000,DOHMH,Unsanitary Animal Pvt Property,Other Animal,11218,Closed
57433033,2023-04-28T01:54:15.000,2023-04-28T02:25:32.000,NYPD,Noise - Residential,Loud Music/Party,10031,Closed
57430348,2023-04-26T17:49:23.000,2023-04-26T18:06:56.000,NYPD,Noise - Vehicle,Car/Truck Music,11225,Closed
57430334,2023-04-26T15:37:00.000,2024-05-14T15:49:00.000,DOT,Street Light Condition,Street Light Lamp Dim,10128,Closed
57429544,2023-04-26T20:38:36.000,2023-04-27T01:19:19.000,NYPD,Noise - Commercial,Loud Music/Party,10031,Closed
57428812,2023-04-26T19:24:54.000,2023-04-26T22:05:27.000,DPR,Animal in a Park,Dog Off Leash,11211,Closed
57426561,2023-04-26T11:38:05.000,2023-05-26T13:55:38.000,HPD,FLOORING/STAIRS,FLOOR,10452,Closed
57432670,2023-04-26T09:08:11.000,2023-04-26T20:32:50.000,HPD,HEAT/HOT WATER,APARTMENT ONLY,10469,Closed
57422917,2023-04-26T08:44:13.000,2023-05-27T09:26:30.000,DPR,Overgrown Tree/Branches,Dead Branches in Tree,11228,Closed
57434660,2023-04-27T09:08:36.000,2023-04-27T11:39:00.000,DHS,Homeless Person Assistance,,10007,Closed
57434036,2023-04-27T19:36:13.000,2023-04-27T21:57:52.000,NYPD,Noise - Commercial,Loud Music/Party,11385,Closed
57433410,2023-04-27T22:06:46.000,2023-05-06T11:18:24.000,DHS,Homeless Person Assistance,,,Closed
57421945,2023-04-25T08:16:54.000,2023-04-25T11:16:32.000,NYPD,Noise - Commercial,Loud Music/Party,10471,Closed
57429714,2023-04-26T06:49:54.000,2023-04-26T08:43:02.000,NYPD,Illegal Parking,Blocked Hydrant,11214,Closed
57434286,2023-04-27T21:40:03.000,2023-04-27T22:27:26.000,NYPD,Noise - Residential,Loud Music/Party,11238,Closed
57429648,2023-04-26T23:12:26.000,2023-04-26T23:23:45.000,NYPD,Noise - Residential,Banging/Pounding,10473,Closed
57430379,2023-04-26T08:17:10.000,2023-04-27T13:49:45.000,DSNY,Residential Disposal Complaint,Trash or Recycling Not Secure,11230,Closed
57433734,2023-04-27T17:32:34.000,2023-05-02T16:16:24.000,HPD,ELECTRIC,POWER OUTAGE,10453,Closed
57435815,2023-04-28T00:17:32.000,2023-04-28T00:22:45.000,NYPD,Blocked Driveway,No Access,11226,Closed
57432539,2023-04-27T00:33:20.000,2023-04-27T03:29:19.000,NYPD,Noise - Residential,Loud Music/Party,10014,Closed
57420228,2023-04-25T11:45:49.000,2023-04-27T13:04:27.000,HPD,WATER LEAK,HEAVY FLOW,10031,Closed
57431753,2023-04-26T15:28:04.000,2023-04-26T16:15:38.000,NYPD,Illegal Parking,Blocked Sidewalk,11238,Closed
57428460,2023-04-26T16:35:57.000,2023-05-22T19:06:04.000,HPD,SAFETY,CARBON MONOXIDE DETECTOR,11206,Closed
57434247,2023-04-27T08:25:30.000,2023-04-27T08:25:30.000,DOHMH,Rodent,Rat Sighting,10471,Closed
57428423,2023-04-26T21:35:04.000,2023-04-26T21:57:24.000,NYPD,Noise - Street/Sidewalk,Loud Music/Party,11217,Closed
57432225,2023-04-26T04:08:45.000,2023-05-31T16:52:45.000,HPD,FLOORING/STAIRS,FLOOR,10458,Closed
57430976,2023-04-26T17:36:35.000,2023-05-31T00:00:00.000,DOB,Elevator,Elevator - Single Device On Property/No Alternate Service,10452,Closed
57427574,2023-04-26T05:56:00.000,2023-04-27T07:00:00.000,DEP,Air Quality,"Air: Odor/Fumes, Vehicle Idling (AD3)",11375,Closed
57432058,2023-04-26T18:10:44.000,2023-05-03T10:22:00.000,HPD,PLUMBING,RADIATOR,11237,Closed
57434172,2023-04-27T18:59:56.000,2023-04-27T20:42:31.000,NYPD,Noise - Residential,Loud Music/Party,11415,Closed
57430819,2023-04-27T01:35:10.000,2023-12-20T11:07:09.000,DSNY,Graffiti,Graffiti,10009,Closed
57430544,2023-04-26T21:26:58.000,2023-04-28T11:32:44.000,HPD,HEAT/HOT WATER,APARTMENT ONLY,10462,Closed
57422765,2023-04-25T21:07:02.000,2023-04-25T23:12:40.000,NYPD,Noise - Street/Sidewalk,Loud Music/Party,10026,Closed
57428389,2023-04-26T23:15:25.000,2023-04-27T01:13:38.000,NYPD,Abandoned Vehicle,With License Plate,11369,Closed
57429052,2023-04-26T11:04:50.000,2023-06-15T09:23:23.000,HPD,UNSANITARY CONDITION,PESTS,10452,Closed
57435501,2023-04-27T15:06:33.000,2023-04-27T15:18:10.000,DPR,Animal in a Park,Dog Off Leash,10314,Closed
57429803,2023-04-26T18:29:10.000,2023-06-20T07:02:28.000,TLC,For Hire Vehicle Complaint,Driver Complaint - Non Passenger,11211,Closed
57419429,2023-04-25T07:54:59.000,2023-04-25T09:57:32.000,NYPD,Illegal Parking,Paper License Plates,10471,Closed
57434959,2023-04-27T16:01:18.000,2023-04-27T19:20:54.000,NYPD,Noise - Street/Sidewalk,Loud Music/Party,10031,Closed
57427940,2023-04-26T07:11:55.000,2023-04-26T13:52:40.000,NYPD,Blocked Driveway,No Access,11358,Closed
58065841,2023-07-01T07:28:14.000,2023-07-07T15:21:32.000,HPD,PAINT/PLASTER,CEILING,10455,Closed
57432294,2023-04-26T23:20:44.000,2023-04-27T01:28:24.000,NYPD,Drug Activity,Use Outside,11432,Closed
57431782,2023-04-26T16:45:32.000,2023-04-26T17:36:41.000,HPD,HEAT/HOT WATER,ENTIRE BUILDING,11221,Closed
57429187,2023-04-26T09:13:52.000,2023-04-26T10:07:49.000,NYPD,Blocked Driveway,No Access,11206,Closed
57422622,2023-04-25T19:30:44.000,2023-05-08T17:31:22.000,HPD,UNSANITARY CONDITION,PESTS,10030,Closed
57430851,2023-04-26T09:05:09.000,2023-04-29T14:11:30.000,DSNY,Missed Collection,Bulky Trash,11233,Closed
57429637,2023-04-26T08:44:00.000,2023-04-26T19:10:00.000,DEP,Water System,Hydrant Leaking (WC1),11230,Closed
57433110,2023-04-27T13:51:24.000,2023-04-27T14:46:14.000,NYPD,Abandoned Vehicle,With License Plate,11355,Closed
57428320,2023-04-26T21:46:38.000,2023-04-26T22:38:06.000,NYPD,Illegal Parking,Blocked Bike Lane,10012,Closed
57431217,2023-04-26T14:33:56.000,2023-04-26T14:59:41.000,NYPD,Noise - Residential,Loud Music/Party,11366,Closed
57423467,2023-04-26T06:49:21.000,2023-04-26T11:47:28.000,HPD,HEAT/HOT WATER,ENTIRE BUILDING,10025,Closed
57434529,2023-04-27T11:29:15.000,2023-04-28T11:06:53.000,DCWP,Consumer Complaint,Tow Truck Company,10466,Closed
57431921,2023-04-26T18:13:33.000,2023-04-27T00:00:00.000,DOB,Elevator,Elevator - Single Device On Property/No Alternate Service,10028,Closed
57428446,2023-04-26T22:04:27.000,2023-05-06T16:28:32.000,HPD,PAINT/PLASTER,CEILING,11233,Closed
57435651,2023-04-27T19:27:46.000,2023-04-27T20:41:25.000,NYPD,Noise - Residential,Loud Talking,11218,Closed
57432141,2023-04-26T11:36:41.000,2024-06-04T00:19:11.000,DOHMH,Smoking,Smoking Violation,11237,Closed
57433793,2023-04-27T11:50:55.000,2023-04-27T12:44:18.000,NYPD,Blocked Driveway,Partial Access,11219,Closed
57430624,2023-04-26T23:01:30.000,2023-04-26T23:38:44.000,NYPD,Illegal Parking,Commercial Overnight Parking,11423,Closed
57431968,2023-04-26T23:58:09.000,2023-04-27T01:31:08.000,NYPD,Noise - Residential,Loud Talking,11435,Closed
57428644,2023-04-26T23:46:14.000,2023-04-27T01:28:07.000,NYPD,Noise - Residential,Banging/Pounding,10025,Closed
57434469,2023-04-27T04:03:18.000,2023-04-27T05:07:07.000,NYPD,Abandoned Vehicle,With License Plate,11385,Closed
57432385,2023-04-26T17:01:13.000,2023-06-19T05:03:03.000,HPD,UNSANITARY CONDITION,PESTS,11206,Closed
57432192,2023-04-26T09:39:10.000,2023-05-10T23:40:32.000,HPD,GENERAL,BELL/BUZZER/INTERCOM,10029,Closed
57429149,2023-04-26T23:04:38.000,2023-04-27T05:19:43.000,NYPD,Abandoned Vehicle,With License Plate,10462,Closed
57431236,2023-04-26T09:30:08.000,2023-05-04T13:10:15.000,HPD,PAINT/PLASTER,WALL,11372,Closed
57430171,2023-04-26T19:29:53.000,2023-06-04T15:48:39.000,HPD,UNSANITARY CONDITION,GARBAGE/RECYCLING STORAGE,10024,Closed
57428712,2023-04-26T09:17:52.000,2023-04-28T18:12:45.000,HPD,HEAT/HOT WATER,APARTMENT ONLY,10036,Closed
57421476,2023-04-25T06:12:30.000,2023-05-03T09:38:59.000,DPR,New Tree Request,For One Address,10039,Closed
57432443,2023-04-26T08:42:15.000,2023-04-26T13:00:42.000,DSNY,Vendor Enforcement,Food Vendor,10036,Closed
57434549,2023-04-27T22:10:48.000,2023-04-27T22:28:21.000,NYPD,Illegal Parking,Commercial Overnight Parking,11368,Closed
57435922,2023-04-27T18:50:00.000,2023-04-27T19:00:00.000,DEP,Sewer,Sewer Odor (SA2),11217,Closed
59373275,2023-11-08T17:18:48.000,2023-11-09T00:49:22.000,NYPD,Blocked Driveway,No Access,11432,Closed
57435645,2023-04-27T07:55:13.000,2023-05-06T00:00:00.000,DOB,General Construction/Plumbing,Cons - Contrary/Beyond Approved Plans/Permits,11235,Closed
57428287,2023-04-27T00:55:29.000,2023-04-27T01:13:06.000,NYPD,Drug Activity,Use Outside,10002,Closed
57428358,2023-04-26T10:32:19.000,2023-04-26T13:08:40.000,NYPD,Illegal Parking,Posted Parking Sign Violation,11222,Closed
57434653,2023-04-27T17:56:29.000,2023-04-27T18:47:56.000,NYPD,Blocked Driveway,No Access,11429,Closed
57429010,2023-04-26T08:08:49.000,2023-04-26T10:35:21.000,NYPD,Blocked Driveway,Partial Access,10472,Closed
57433218,2023-04-27T00:26:00.000,2023-04-27T16:27:34.000,HPD,HEAT/HOT WATER,ENTIRE BUILDING,11373,Closed
57420659,2023-04-26T00:11:13.000,2023-04-26T05:28:56.000,NYPD,Noise - Street/Sidewalk,Loud Music/Party,10452,Closed
57433430,2023-04-27T19:03:51.000,2023-04-29T12:31:26.000,DSNY,Dirty Condition,Trash,11412,Closed
57435096,2023-04-27T22:26:10.000,2023-04-27T22:26:10.000,DOHMH,Rodent,Rat Sighting,11206,Closed
57432496,2023-04-26T23:18:37.000,2023-04-27T00:23:43.000,NYPD,Noise - Commercial,Loud Music/Party,11385,Closed
57429255,2023-04-26T09:17:28.000,2023-04-26T10:12:24.000,NYPD,Noise - Residential,Banging/Pounding,10467,Closed
57429630,2023-04-26T19:48:35.000,2023-05-05T16:56:35.000,HPD,FLOORING/STAIRS,FLOOR,10468,Closed
57433237,2023-04-27T22:20:00.000,2023-05-01T21:00:00.000,DEP,Noise,Noise: Construction Before/After Hours (NM1),10475,Closed
57431683,2023-04-26T12:16:52.000,2023-04-27T04:28:02.000,DSNY,Obstruction,Cone,11218,Closed
57431859,2023-04-26T15:34:58.000,2023-04-26T16:19:51.000,NYPD,Drug Activity,Use Outside,11366,Closed
57425041,2023-04-26T22:27:22.000,2023-04-26T23:00:39.000,NYPD,Noise - Commercial,Loud Talking,11201,Closed
57431678,2023-04-26T12:41:55.000,2023-04-26T20:44:10.000,NYPD,Illegal Parking,Commercial Overnight Parking,11378,Closed
57432484,2023-04-26T14:23:50.000,2023-04-26T14:29:44.000,NYPD,Encampment,N/A,10010,Closed
57430683,2023-04-26T12:41:53.000,2023-04-27T06:34:21.000,HPD,HEAT/HOT WATER,ENTIRE BUILDING,10460,Closed
57433943,2023-04-27T18:47:09.000,2023-04-28T02:07:11.000,NYPD,Illegal Parking,Blocked Hydrant,11105,Closed
57434161,2023-04-27T12:30:37.000,2023-05-01T13:33:16.000,DSNY,Illegal Dumping,Chronic Dumping,10306,Closed
57429852,2023-04-26T19:23:38.000,2023-04-26T20:20:57.000,NYPD,Noise - Residential,Banging/Pounding,11385,Closed
57430203,2023-04-26T03:59:00.000,2023-04-27T07:00:00.000,DEP,Noise,Noise: Private Carting Noise (NQ1),11373,Closed
57429267,2023-04-26T07:53:04.000,2023-04-26T08:27:35.000,NYPD,Animal-Abuse,Tortured,10010,Closed
57424176,2023-04-26T22:55:51.000,2023-04-26T23:57:32.000,NYPD,Blocked Driveway,Partial Access,11203,Closed
57432117,2023-04-26T13:05:44.000,2023-04-29T11:45:45.000,DSNY,Obstruction,Cone,10312,Closed
57435467,2023-04-27T23:29:00.000,2023-05-02T20:00:00.000,DEP,Noise,Noise: Construction Before/After Hours (NM1),10004,Closed
57431293,2023-04-26T13:47:16.000,2025-05-13T16:38:19.000,DPR,New Tree Request,For One Address,10032,Closed
57427839,2023-04-26T14:26:31.000,2023-04-26T21:11:13.000,NYPD,Abandoned Vehicle,With License Plate,11233,Closed
57435286,2023-04-27T20:36:37.000,2023-08-03T11:00:42.000,TLC,Taxi Complaint,Driver Complaint - Passenger,10001,Closed
57428207,2023-04-26T19:03:40.000,2023-04-27T09:40:53.000,DSNY,Dirty Condition,Trash,11412,Closed
57435928,2023-04-27T09:36:58.000,2023-05-03T11:00:41.000,DSNY,Missed Collection,Trash,11231,Closed
57435346,2023-04-27T08:08:24.000,2023-04-27T08:45:31.000,NYPD,Illegal Parking,Blocked Bike Lane,11222,Closed
57434641,2023-04-27T09:18:45.000,2023-04-27T09:41:49.000,DPR,Violation of Park Rules,Unsafe Use of Playground,10010,Closed
57433382,2023-04-27T08:32:13.000,2023-05-08T00:00:00.000,DSNY,Graffiti,Graffiti,11220,Closed
57433897,2023-04-27T18:57:35.000,2023-05-10T00:00:00.000,DOB,General Construction/Plumbing,Fence - None/Inadequate,10462,Closed
57434081,2023-04-28T00:22:47.000,2023-04-28T01:35:56.000,NYPD,Illegal Parking,Blocked Hydrant,11223,Closed
57433359,2023-04-27T23:02:17.000,2023-04-28T02:55:12.000,DHS,Homeless Person Assistance,,10312,Closed
57429181,2023-04-26T17:49:10.000,2023-06-12T08:55:20.000,HPD,WATER LEAK,SLOW LEAK,10452,Closed
57435088,2023-04-27T23:25:07.000,2023-04-28T00:03:23.000,NYPD,Illegal Parking,Blocked Hydrant,11236,Closed
57430451,2023-04-26T13:31:34.000,2023-04-26T18:39:53.000,NYPD,Illegal Parking,Blocked Bike Lane,11233,Closed
57435783,2023-04-27T20:25:55.000,2023-04-27T21:09:50.000,NYPD,Blocked Driveway,No Access,11373,Closed
57435527,2023-04-27T11:01:16.000,2023-04-30T17:55:07.000,HPD,PAINT/PLASTER,WALL,10033,Closed
57431702,2023-04-26T17:27:19.000,2023-04-26T17:50:54.000,NYPD,Noise - Residential,Banging/Pounding,10461,Closed
57421875,2023-04-25T21:05:53.000,2023-04-25T21:38:40.000,NYPD,Illegal Parking,Blocked Hydrant,10470,Closed
57423565,2023-04-26T13:00:07.000,2023-04-26T14:19:32.000,NYPD,Noise - Residential,Banging/Pounding,10019,Closed
57430764,2023-04-26T11:32:26.000,2023-05-10T08:30:17.000,HPD,ELECTRIC,LIGHTING,11379,Closed
57430847,2023-04-26T09:02:07.000,2023-05-17T11:36:49.000,HPD,ELEVATOR,MAINTENANCE,10468,Closed
57434866,2023-04-27T11:37:50.000,2023-05-18T09:51:11.000,HPD,APPLIANCE,ELECTRIC/GAS RANGE,10456,Closed
57433007,2023-04-27T17:36:18.000,2023-04-27T19:42:12.000,HPD,HEAT/HOT WATER,ENTIRE BUILDING,11210,Closed
57427026,2023-04-26T08:19:56.000,2023-04-26T08:55:46.000,NYPD,Illegal Parking,Blocked Sidewalk,11224,Closed
57431409,2023-04-27T01:44:05.000,2023-04-27T06:05:20.000,NYPD,Blocked Driveway,No Access,10462,Closed
57436039,2023-04-27T15:35:15.000,2023-05-05T15:11:01.000,HPD,APPLIANCE,ELECTRIC/GAS RANGE,10032,Closed
57431719,2023-04-26T20:56:28.000,2023-04-28T08:28:27.000,HPD,HEAT/HOT WATER,ENTIRE BUILDING,10025,Closed
57430090,2023-04-26T21:55:13.000,2023-04-27T01:38:14.000,NYPD,Illegal Parking,Blocked Hydrant,11365,Closed
57432927,2023-04-27T12:20:03.000,2024-06-04T00:16:18.000,DOHMH,Food Establishment,Pet/Animal,10019,Closed
57428095,2023-04-26T09:32:25.000,2023-04-26T09:32:25.000,DOB,Boilers,Boiler - Defective/Inoperative/No Permit,10029,Closed
57433789,2023-04-27T19:28:28.000,2023-04-29T14:00:09.000,DSNY,Illegal Dumping,Removal Request,11238,Closed
57434495,2023-04-27T18:10:31.000,2023-04-27T18:26:05.000,NYPD,Illegal Parking,Blocked Sidewalk,11211,Closed
57429232,2023-04-26T14:24:12.000,2023-04-26T22:07:19.000,HPD,HEAT/HOT WATER,ENTIRE BUILDING,10021,Closed
57430487,2023-04-26T09:21:25.000,2023-04-26T09:47:25.000,NYPD,Abandoned Vehicle,With License Plate,11203,Closed
57427900,2023-04-26T15:15:19.000,2023-04-26T16:13:34.000,NYPD,Illegal Parking,Blocked Sidewalk,11238,Closed
57431548,2023-04-26T17:45:30.000,2023-09-22T19:41:38.000,HPD,DOOR/WINDOW,WINDOW PANE,10458,Closed
57427856,2023-04-26T02:53:54.000,2023-04-26T19:47:01.000,NYPD,Blocked Driveway,No Access,10467,Closed
57432505,2023-04-26T17:10:16.000,2023-05-26T10:59:08.000,HPD,DOOR/WINDOW,DOOR,10459,Closed
57434941,2023-04-27T14:20:00.000,2023-04-28T10:56:00.000,DEP,Lead,Lead Kit Request (Residential) (L10),10456,Closed
57429333,2023-04-26T13:52:06.000,2023-04-26T15:13:03.000,NYPD,Illegal Parking,Blocked Bike Lane,11222,Closed
57428402,2023-04-26T08:27:10.000,2023-04-27T13:28:32.000,DSNY,Dead Animal,Cat,11421,Closed
58064526,2023-07-01T18:42:29.000,2023-07-01T19:29:15.000,NYPD,Noise - Residential,Loud Music/Party,10466,Closed
57430913,2023-04-26T14:11:24.000,2023-04-26T14:26:21.000,NYPD,Illegal Parking,Blocked Sidewalk,11230,Closed
57429599,2023-04-26T10:48:50.000,,DPR,Overgrown Tree/Branches,Hitting Phone/Cable Lines,11211,In Progress
57432857,2023-04-27T05:39:23.000,2023-04-27T06:24:50.000,NYPD,Illegal Parking,Blocked Hydrant,11236,Closed
57432483,2023-04-26T13:47:11.000,2023-04-26T13:55:03.000,NYPD,Illegal Parking,Posted Parking Sign Violation,10010,Closed
57434686,2023-04-27T18:22:10.000,2023-05-03T10:22:41.000,HPD,UNSANITARY CONDITION,MOLD,11232,Closed
57427711,2023-04-26T18:56:00.000,2023-04-27T09:00:00.000,DEP,Asbestos,Asbestos Complaint (B1),11435,Closed
57434095,2023-04-27T13:47:15.000,2023-04-28T15:50:34.000,HPD,HEAT/HOT WATER,APARTMENT ONLY,11417,Closed
57429566,2023-04-26T02:22:17.000,2023-04-26T13:32:28.000,HPD,HEAT/HOT WATER,ENTIRE BUILDING,10468,Closed
57435216,2023-04-27T23:14:56.000,2023-04-29T14:50:45.000,HPD,HEAT/HOT WATER,ENTIRE BUILDING,11374,Closed
57433914,2023-04-27T16:00:10.000,2023-05-31T15:50:32.000,EDC,Noise - Helicopter,Other,11238,Closed
57433174,2023-04-27T07:12:54.000,2023-04-27T09:04:14.000,NYPD,Illegal Parking,Posted Parking Sign Violation,11231,Closed
57429296,2023-04-26T21:37:14.000,2023-05-03T08:39:22.000,DOT,Street Sign - Missing,Stop,11417,Closed
57428178,2023-04-26T09:22:25.000,2023-04-26T14:19:33.000,NYPD,Non-Emergency Police Matter,Trespassing,10467,Closed
57428678,2023-04-26T15:24:06.000,2023-04-28T08:29:49.000,DSNY,Dead Animal,Cat,11228,Closed
57434254,2023-04-27T07:37:28.000,2023-04-27T10:24:18.000,NYPD,Illegal Parking,Blocked Hydrant,11416,Closed
57434913,2023-04-27T08:35:36.000,2023-04-29T19:12:46.000,HPD,HEAT/HOT WATER,APARTMENT ONLY,10027,Closed
57425048,2023-04-26T23:24:58.000,2023-06-06T18:57:27.000,HPD,DOOR/WINDOW,WINDOW PANE,10452,Closed
57428424,2023-04-26T08:48:23.000,2023-04-26T10:36:07.000,NYPD,Illegal Parking,Posted Parking Sign Violation,11213,Closed
57430693,2023-04-26T17:04:07.000,,DPR,Damaged Tree,Branch or Limb Has Fallen Down,11436,In Progress
57431700,2023-04-26T13:27:22.000,2023-04-26T14:01:01.000,NYPD,Illegal Parking,Posted Parking Sign Violation,11218,Closed
57434440,2023-04-27T09:58:26.000,2023-04-27T10:38:18.000,NYPD,Illegal Parking,Blocked Sidewalk,11104,Closed
57435764,2023-04-27T10:56:02.000,2023-06-22T15:21:46.000,DPR,Root/Sewer/Sidewalk Condition,Trees and Sidewalks Program,10306,Closed
57430325,2023-04-26T21:20:32.000,2023-04-29T14:02:36.000,HPD,PAINT/PLASTER,CEILING,11222,Closed
57431525,2023-04-26T07:22:51.000,2023-04-26T23:38:57.000,HPD,PAINT/PLASTER,CEILING,10472,Closed
57447822,2023-04-28T14:17:03.000,2023-04-30T00:45:54.000,DHS,Homeless Person Assistance,,,Closed
57425143,2023-04-26T20:38:50.000,2023-04-26T21:10:07.000,NYPD,Illegal Parking,Parking Permit Improper Use,11210,Closed
57471083,2023-05-01T13:24:57.000,2023-05-02T11:05:46.000,DSNY,Dirty Condition,Trash,11223,Closed
57428679,2023-04-26T23:59:11.000,2023-04-27T08:00:32.000,DOHMH,Rodent,Signs of Rodents,10035,Closed
57433122,2023-04-27T12:35:00.000,2023-04-27T16:30:00.000,DEP,Industrial Waste,Concrete In Catch Basin (IEA),10312,Closed
57419366,2023-04-25T21:09:32.000,2023-04-26T15:31:08.000,HPD,HEAT/HOT WATER,ENTIRE BUILDING,10467,Closed
57429866,2023-04-26T10:36:41.000,2023-05-01T15:18:29.000,HPD,ELECTRIC,NO LIGHTING,10469,Closed
57434647,2023-04-27T18:35:21.000,2023-04-27T18:35:21.000,DOHMH,Rodent,Mouse Sighting,11221,Closed
57433928,2023-04-27T20:00:58.000,2023-05-31T15:51:29.000,EDC,Noise - Helicopter,Other,10023,Closed
57432823,2023-04-27T13:35:10.000,2023-04-27T13:40:06.000,NYPD,Abandoned Vehicle,With License Plate,11106,Closed
57430327,2023-04-26T18:22:00.000,2023-04-27T09:43:54.000,DPR,Overgrown Tree/Branches,Blocking Street,10308,Closed
57430303,2023-04-26T13:49:25.000,2023-05-02T11:29:13.000,HPD,HEAT/HOT WATER,APARTMENT ONLY,10023,Closed
57420233,2023-04-25T10:32:55.000,2023-04-28T00:00:00.000,DOB,Boilers,Boiler - Defective/Inoperative/No Permit,10044,Closed
57429426,2023-04-26T17:07:27.000,2023-04-26T17:07:27.000,DOHMH,Rodent,Condition Attracting Rodents,11218,Closed
57432675,2023-04-26T06:35:57.000,2023-04-26T19:26:37.000,HPD,HEAT/HOT WATER,APARTMENT ONLY,11218,Closed
57434882,2023-04-27T12:05:34.000,2023-05-01T14:35:56.000,DSNY,Obstruction,Sign,10003,Closed
57434698,2023-04-27T09:09:00.000,2023-05-01T04:05:00.000,DSNY,Derelict Vehicles,Derelict Vehicles,11229,Closed
57430234,2023-04-26T11:46:06.000,2023-04-26T19:29:45.000,HPD,PAINT/PLASTER,WALL,11221,Closed
57424588,2023-04-26T19:51:23.000,2023-09-23T18:29:53.000,HPD,PAINT/PLASTER,CEILING,10455,Closed
57428908,2023-04-26T09:46:34.000,2023-05-01T17:11:15.000,HPD,DOOR/WINDOW,DOOR,10474,Closed
57435539,2023-04-27T08:19:16.000,2023-04-27T11:30:34.000,NYPD,Noise - Street/Sidewalk,Loud Talking,10459,Closed
57429074,2023-04-26T23:11:56.000,2023-06-25T18:33:59.000,HPD,DOOR/WINDOW,DOOR,10455,Closed
57430261,2023-04-26T11:58:39.000,2023-04-27T19:41:44.000,HPD,HEAT/HOT WATER,APARTMENT ONLY,11232,Closed
57429445,2023-04-26T18:23:53.000,2023-05-02T20:29:40.000,HPD,DOOR/WINDOW,WINDOW FRAME,10026,Closed
57428536,2023-04-26T10:36:41.000,2023-05-01T15:18:29.000,HPD,PLUMBING,WATER SUPPLY,10469,Closed
55350029,2022-09-09T08:51:52.000,2022-09-09T09:51:31.000,NYPD,Blocked Driveway,No Access,11214,Closed
57427950,2023-04-26T23:22:39.000,2023-04-27T00:45:39.000,NYPD,Illegal Parking,Blocked Hydrant,11419,Closed
57430040,2023-04-26T12:31:23.000,2023-04-26T13:30:40.000,NYPD,Illegal Parking,Blocked Crosswalk,11236,Closed
57433712,2023-04-27T13:28:39.000,2023-05-02T14:30:20.000,DSNY,Missed Collection,Trash,11691,Closed
57419607,2023-04-25T07:46:41.000,2023-04-25T20:59:09.000,HPD,HEAT/HOT WATER,ENTIRE BUILDING,10467,Closed
57432075,2023-04-26T17:52:52.000,2023-04-26T19:18:13.000,NYPD,Non-Emergency Police Matter,Other (complaint details),10031,Closed
57433999,2023-04-27T08:30:16.000,2025-01-10T23:21:39.000,DOHMH,Mobile Food Vendor,Food Source/Protection,10036,Closed
57430154,2023-04-26T12:45:58.000,2023-04-26T16:27:38.000,NYPD,Illegal Parking,Unauthorized Bus Layover,10471,Closed
57427944,2023-04-26T21:35:14.000,2023-04-27T01:05:18.000,NYPD,Illegal Parking,Blocked Sidewalk,11218,Closed
57429454,2023-04-26T08:19:04.000,2023-05-31T15:45:59.000,EDC,Noise - Helicopter,Other,11201,Closed
57422588,2023-04-25T14:31:00.000,2023-04-24T14:30:00.000,DOT,Street Light Condition,Multiple Street Lights Out,11378,Pending
57434559,2023-04-27T18:21:16.000,2023-05-01T17:28:12.000,HPD,HEAT/HOT WATER,APARTMENT ONLY,10451,Closed
57427267,2023-04-26T11:43:32.000,2023-04-26T14:10:46.000,NYPD,Blocked Driveway,No Access,11219,Closed
57430263,2023-04-27T00:10:08.000,2023-04-27T00:54:06.000,NYPD,Noise - Residential,Loud Music/Party,11206,Closed
57430555,2023-04-26T10:48:46.000,2023-05-07T19:32:51.000,HPD,PAINT/PLASTER,WALL,10458,Closed
57430520,2023-04-26T13:05:03.000,2023-04-26T17:28:28.000,HPD,HEAT/HOT WATER,ENTIRE BUILDING,11412,Closed
57428702,2023-04-26T09:33:11.000,2023-04-27T08:43:43.000,HPD,HEAT/HOT WATER,APARTMENT ONLY,11435,Closed
57428090,2023-04-26T15:13:43.000,2023-04-26T16:59:59.000,NYPD,Illegal Parking,Posted Parking Sign Violation,11230,Closed
57434663,2023-04-27T17:44:27.000,2023-04-28T18:07:52.000,HPD,HEAT/HOT WATER,ENTIRE BUILDING,11221,Closed
57429583,2023-04-26T18:06:25.000,2023-04-27T13:37:47.000,DSNY,Dirty Condition,Trash,10467,Closed
57432459,2023-04-26T13:12:40.000,2023-04-29T01:56:34.000,NYPD,Blocked Driveway,No Access,10458,Closed
57435552,2023-04-27T21:05:00.000,2023-05-02T21:45:00.000,DEP,Noise,Noise: Construction Before/After Hours (NM1),11217,Closed
57431037,2023-04-27T02:00:12.000,2023-04-27T03:05:11.000,NYPD,Illegal Parking,Blocked Hydrant,11208,Closed
57433996,2023-04-27T11:06:24.000,,DPR,Overgrown Tree/Branches,Hitting Building,11429,In Progress
57430630,2023-04-26T06:12:19.000,2023-04-26T06:54:22.000,NYPD,Illegal Parking,Posted Parking Sign Violation,11101,Closed
57431004,2023-04-26T12:16:39.000,2023-04-27T15:12:05.000,HPD,PLUMBING,WATER SUPPLY,11373,Closed
57419849,2023-04-25T08:44:00.000,2023-04-27T07:00:00.000,DEP,Noise,Noise: Construction Before/After Hours (NM1),11215,Closed
57435652,2023-04-27T17:32:21.000,2023-06-12T10:59:35.000,HPD,PAINT/PLASTER,WALL,11233,Closed
57427099,2023-04-26T12:08:36.000,2023-04-26T13:06:04.000,NYPD,Illegal Parking,Posted Parking Sign Violation,11230,Closed
57433894,2023-04-27T13:18:00.000,2023-04-27T22:15:00.000,DSNY,Derelict Vehicles,Derelict Vehicles,,Closed
57430689,2023-04-26T16:06:13.000,2023-04-26T21:56:57.000,NYPD,Noise - Residential,Banging/Pounding,10027,Closed
57434227,2023-04-27T09:43:47.000,2023-04-27T10:11:58.000,NYPD,Illegal Parking,Posted Parking Sign Violation,11355,Closed
57427645,2023-04-25T22:09:33.000,2023-04-28T00:00:00.000,DOB,Boilers,Boiler - Defective/Inoperative/No Permit,11415,Closed
57431152,2023-04-26T18:26:00.000,2023-04-27T10:28:00.000,DSNY,Derelict Vehicles,Derelict Vehicles,11226,Closed
57419799,2023-04-25T19:14:00.000,2023-05-04T18:30:00.000,DEP,Water System,Hydrant Running (WC3),11204,Closed
57430886,2023-04-26T22:10:22.000,2023-04-26T23:14:33.000,NYPD,Animal-Abuse,Neglected,11217,Closed
57431701,2023-04-26T03:56:56.000,2023-04-26T04:17:38.000,NYPD,Illegal Parking,Blocked Crosswalk,11373,Closed
57435267,2023-04-27T17:16:05.000,2023-04-27T20:36:27.000,NYPD,Illegal Parking,Double Parked Blocking Traffic,10023,Closed
57433085,2023-04-27T07:38:44.000,2023-04-27T09:44:31.000,NYPD,Illegal Parking,Blocked Hydrant,11385,Closed
57430275,2023-04-26T08:36:45.000,2023-04-27T06:36:49.000,DPR,Overgrown Tree/Branches,Hitting Building,10304,Closed
57428518,2023-04-26T08:32:11.000,2023-06-12T00:00:00.000,DOB,General Construction/Plumbing,Fence - None/Inadequate,11106,Closed
57429785,2023-04-26T00:50:50.000,2023-04-26T13:15:00.000,HPD,PAINT/PLASTER,WALL,10458,Closed
57432737,2023-04-26T05:40:44.000,2023-05-09T17:06:39.000,HPD,GENERAL,JANITOR/SUPER,10467,Closed
57433228,2023-04-27T22:51:00.000,2023-04-28T00:55:00.000,DOT,Traffic Signal Condition,Ped Lamp,11377,Closed
57428512,2023-04-26T13:11:32.000,2023-04-28T13:02:04.000,HPD,GENERAL,CABINET,10452,Closed
57423645,2023-04-26T11:00:11.000,2023-04-27T15:39:43.000,HPD,PAINT/PLASTER,WALL,11209,Closed
57433445,2023-04-27T13:47:47.000,,DPR,Dead/Dying Tree,Planted More Than 2 Years Ago,11427,In Progress
57434052,2023-04-27T13:00:26.000,2023-04-29T19:14:20.000,HPD,HEAT/HOT WATER,ENTIRE BUILDING,10128,Closed
57463153,2023-04-30T20:41:04.000,2023-04-30T20:41:04.000,DOT,Street Condition,Pothole,11210,Closed
57433871,2023-04-27T14:05:26.000,2024-05-08T06:08:48.000,DPR,New Tree Request,For One Address,11367,Closed
57427063,2023-04-26T02:02:00.000,2023-04-26T06:00:00.000,DEP,Air Quality,"Air: Odor/Fumes, Vehicle Idling (AD3)",10452,Closed
57430367,2023-04-26T19:07:32.000,2023-07-21T16:18:43.000,HPD,GENERAL,BELL/BUZZER/INTERCOM,10466,Closed
57432845,2023-04-27T17:32:42.000,2023-05-07T12:31:09.000,HPD,PLUMBING,BASIN/SINK,10027,Closed
57433131,2023-04-27T20:14:26.000,2023-04-27T23:02:20.000,NYPD,Illegal Parking,Double Parked Blocking Traffic,10009,Closed
57435046,2023-04-27T15:58:00.000,2023-05-31T15:50:30.000,EDC,Noise - Helicopter,Other,11414,Closed
57435423,2023-04-27T03:12:36.000,2023-04-27T04:23:24.000,NYPD,Noise - Residential,Loud Music/Party,11419,Closed
57431452,2023-04-26T11:58:08.000,2023-04-27T11:38:17.000,DCWP,Consumer Complaint,Tow Truck Company,11234,Closed
57428410,2023-04-26T23:53:37.000,2023-04-27T02:28:17.000,NYPD,Noise - Residential,Banging/Pounding,10458,Closed
57429130,2023-04-26T15:24:57.000,2023-04-26T20:22:25.000,NYPD,Illegal Parking,Posted Parking Sign Violation,11373,Closed
57435120,2023-04-27T12:56:57.000,2023-04-27T13:26:36.000,NYPD,Illegal Parking,Blocked Hydrant,11236,Closed
57435723,2023-04-27T06:20:51.000,2023-04-27T06:58:06.000,NYPD,Illegal Parking,Commercial Overnight Parking,10025,Closed
57428357,2023-04-26T21:28:44.000,2023-04-26T22:35:54.000,NYPD,Noise - Residential,Banging/Pounding,10458,Closed
57430825,2023-04-26T10:38:28.000,2023-04-26T10:47:28.000,NYPD,Illegal Parking,Posted Parking Sign Violation,10035,Closed
57435164,2023-04-27T12:59:00.000,2023-04-27T17:20:00.000,DEP,Water System,Hydrant Running (WC3),11105,Closed
57434749,2023-04-27T02:07:10.000,2023-04-27T03:00:31.000,NYPD,Noise - Residential,Loud Talking,10038,Closed
57429907,2023-04-26T22:03:37.000,2023-04-26T22:35:26.000,NYPD,Noise - Commercial,Loud Music/Party,11235,Closed
57429243,2023-04-26T19:58:37.000,2023-04-26T20:57:33.000,NYPD,Abandoned Vehicle,With License Plate,11226,Closed
57429824,2023-04-26T09:45:24.000,2023-05-31T10:28:53.000,HPD,PAINT/PLASTER,CEILING,10467,Closed
57421573,2023-04-25T12:45:39.000,2023-05-19T10:19:13.000,DSNY,Missed Collection,Trash,10021,Unspecified
57432355,2023-04-26T20:16:05.000,2023-04-26T23:45:02.000,NYPD,Abandoned Vehicle,With License Plate,11385,Closed
57430529,2023-04-26T21:09:59.000,2023-04-26T21:49:29.000,NYPD,Illegal Parking,Blocked Sidewalk,11204,Closed
57435489,2023-04-27T10:38:00.000,2023-05-01T08:24:00.000,DEP,Water Conservation,Illegal Use Of A Hydrant (CIN),11106,Closed
57430366,2023-04-26T22:11:47.000,2023-04-26T22:45:47.000,NYPD,Noise - Residential,Banging/Pounding,10472,Closed
55349305,2022-09-09T11:53:10.000,,TLC,Taxi Report,Driver Report - Passenger,,In Progress
57421984,2023-04-26T00:23:19.000,2023-04-26T02:47:00.000,NYPD,Illegal Parking,Paper License Plates,11360,Closed
57433159,2023-04-27T15:28:17.000,2023-10-02T14:30:00.000,HPD,DOOR/WINDOW,WINDOW FRAME,11226,Closed
57429286,2023-04-26T21:00:04.000,2023-04-27T00:53:34.000,NYPD,Noise - Residential,Banging/Pounding,11222,Closed
57421508,2023-04-25T10:28:04.000,2023-05-31T15:41:34.000,EDC,Noise - Helicopter,Other,10025,Closed
57429668,2023-04-26T19:44:42.000,2023-04-27T00:52:26.000,NYPD,Illegal Parking,Blocked Hydrant,11222,Closed
57434485,2023-04-28T01:02:53.000,2023-04-28T01:38:17.000,NYPD,Noise - Residential,Loud Music/Party,10013,Closed
57429434,2023-04-26T23:53:32.000,2023-04-27T00:14:05.000,NYPD,Noise - Commercial,Loud Music/Party,11415,Closed
57434886,2023-04-27T15:50:00.000,2023-04-28T12:00:00.000,DOT,Traffic Signal Condition,Pedestrian Signal,10019,Closed
57428386,2023-04-26T08:13:11.000,2023-04-26T09:05:02.000,NYPD,Illegal Parking,Posted Parking Sign Violation,11224,Closed
57435022,2023-04-27T19:58:10.000,2023-06-15T08:18:36.000,TLC,For Hire Vehicle Complaint,Driver Complaint - Non Passenger,10003,Closed
57429142,2023-04-26T17:31:41.000,2023-04-26T22:03:55.000,NYPD,Illegal Parking,Blocked Sidewalk,11368,Closed
57435176,2023-04-27T10:01:42.000,2023-04-28T12:31:01.000,DSNY,Missed Collection,Recycling - Paper,11385,Closed
57426325,2023-04-26T14:08:00.000,2023-04-27T06:11:05.000,NYPD,Blocked Driveway,No Access,11413,Closed
57436020,2023-04-27T10:44:06.000,2023-04-28T10:54:41.000,DPR,Dead/Dying Tree,Planted More Than 2 Years Ago,11374,Closed
57431836,2023-04-26T06:50:02.000,2023-05-31T15:11:54.000,EDC,Noise - Helicopter,Other,10011,Closed
57432283,2023-04-26T22:45:35.000,2023-04-26T23:17:43.000,NYPD,Noise - Vehicle,Car/Truck Music,11233,Closed
57430349,2023-04-26T19:42:15.000,2023-04-26T20:39:56.000,NYPD,Illegal Parking,Blocked Hydrant,11238,Closed
57427738,2023-04-26T09:46:44.000,2023-04-28T14:48:26.000,HPD,HEAT/HOT WATER,ENTIRE BUILDING,10452,Closed
57430763,2023-04-26T18:35:00.000,2023-05-03T22:30:00.000,DEP,Noise,Noise: Construction Before/After Hours (NM1),10458,Closed
57434343,2023-04-27T06:21:13.000,2023-04-27T06:59:20.000,NYPD,Illegal Parking,Posted Parking Sign Violation,11235,Closed
57428870,2023-04-27T01:53:00.000,2023-04-27T12:48:00.000,DSNY,Derelict Vehicles,Derelict Vehicles,11421,Closed
57435253,2023-04-28T00:06:29.000,2023-04-28T00:42:41.000,NYPD,Illegal Parking,Blocked Hydrant,11210,Closed
57430067,2023-04-26T22:08:53.000,2023-04-26T22:33:48.000,NYPD,Noise - Street/Sidewalk,Loud Music/Party,10030,Closed
57434109,2023-04-27T22:24:15.000,2023-04-27T23:43:54.000,NYPD,Noise - Street/Sidewalk,Loud Talking,11226,Closed
57435057,2023-04-27T19:02:03.000,2023-04-28T17:50:42.000,NYPD,Blocked Driveway,No Access,10457,Closed
57431034,2023-04-26T11:41:12.000,2023-07-17T12:16:12.000,HPD,PLUMBING,BASIN/SINK,11212,Closed
57427552,2023-04-26T09:18:00.000,2023-04-27T11:08:12.000,DCWP,Consumer Complaint,Tow Truck Company,10473,Closed
57435162,2023-04-28T01:48:59.000,2023-04-28T14:02:09.000,DSNY,Illegal Dumping,Chronic Dumping,11101,Closed
57431662,2023-04-26T19:40:04.000,2023-05-31T15:48:52.000,EDC,Noise - Helicopter,Other,11414,Closed
57428475,2023-04-26T00:26:37.000,2023-04-27T09:06:07.000,HPD,HEAT/HOT WATER,APARTMENT ONLY,11103,Closed
57429800,2023-04-26T08:37:06.000,2023-04-26T09:21:10.000,NYPD,Noise - Residential,Banging/Pounding,10025,Closed
57428802,2023-04-26T12:53:42.000,2023-04-26T13:03:13.000,NYPD,Illegal Parking,Blocked Bike Lane,11215,Closed
57431347,2023-04-26T08:54:59.000,2023-05-05T15:26:36.000,DOT,Street Condition,Defective Hardware,11105,Closed
57432131,2023-04-26T07:47:54.000,2023-05-31T15:45:50.000,EDC,Noise - Helicopter,Other,10025,Closed
57431839,2023-04-26T15:44:38.000,2023-04-26T16:39:08.000,NYPD,Illegal Parking,Commercial Overnight Parking,11214,Closed
57436011,2023-04-27T09:23:00.000,2023-04-20T09:23:00.000,DOT,Street Light Condition,Lamppost Base Door/Cover Open,11209,Pending
57431271,2023-04-26T07:03:39.000,2023-04-26T07:23:51.000,NYPD,Illegal Parking,Blocked Hydrant,10465,Closed
57431144,2023-04-26T02:11:07.000,2023-04-26T02:25:25.000,NYPD,Noise - Residential,Loud Music/Party,10039,Closed
57432187,2023-04-26T16:10:27.000,2023-04-26T19:48:38.000,NYPD,Abandoned Vehicle,With License Plate,11203,Closed
57429084,2023-04-26T23:24:54.000,2023-06-20T09:34:28.000,HPD,PLUMBING,BASIN/SINK,11233,Closed
57431508,2023-04-26T11:53:51.000,2025-05-13T16:38:17.000,DPR,New Tree Request,For One Address,10021,Closed
57433849,2023-04-27T07:38:40.000,2023-05-01T13:52:11.000,DOT,Street Condition,Plate Condition - Shifted,10019,Closed
57428333,2023-04-26T12:55:04.000,2023-05-16T13:21:00.000,HPD,GENERAL,BELL/BUZZER/INTERCOM,10031,Closed
57435589,2023-04-27T19:18:03.000,2023-04-28T11:04:45.000,HPD,PAINT/PLASTER,WALL,10458,Closed
57428373,2023-04-26T15:56:39.000,2023-04-26T16:55:39.000,NYPD,Noise - Residential,Banging/Pounding,10040,Closed
57430724,2023-04-26T18:21:14.000,2023-04-27T05:51:52.000,DSNY,Obstruction,Cone,10455,Closed
57431925,2023-04-26T08:24:42.000,2023-05-02T14:50:29.000,HPD,PAINT/PLASTER,CEILING,10458,Closed
57429818,2023-04-26T16:10:59.000,2023-05-04T10:21:35.000,HPD,ELECTRIC,LIGHTING,11210,Closed
57433585,2023-04-27T02:12:52.000,2024-11-12T17:25:45.000,DPR,Illegal Tree Damage,Trunk Damaged,10459,Closed
57420071,2023-04-25T19:48:08.000,2023-04-26T13:49:42.000,NYPD,Blocked Driveway,No Access,10453,Closed
57431885,2023-04-26T03:00:11.000,2023-05-31T15:44:44.000,EDC,Noise - Helicopter,Other,10128,Closed
57428466,2023-04-26T12:41:58.000,2023-04-26T12:41:58.000,DOHMH,Rodent,Condition Attracting Rodents,11236,Closed
57432786,2023-04-27T19:00:15.000,2023-04-27T19:54:42.000,NYPD,Noise - Residential,Loud Music/Party,10472,Closed
57430198,2023-04-26T04:02:41.000,2023-05-31T15:44:59.000,EDC,Noise - Helicopter,News Gathering,11357,Closed
57427911,2023-04-26T14:51:10.000,2023-04-26T14:56:15.000,NYPD,Illegal Parking,Blocked Bike Lane,11205,Closed
57435564,2023-04-27T23:13:49.000,2023-04-27T23:20:44.000,NYPD,Noise - Street/Sidewalk,Loud Talking,10002,Closed
57435354,2023-04-27T23:42:55.000,2023-04-28T01:26:52.000,NYPD,Noise - Residential,Banging/Pounding,10463,Closed
57433221,2023-04-27T11:53:04.000,2023-05-09T19:01:02.000,HPD,GENERAL,CABINET,10044,Closed
57428304,2023-04-26T13:30:44.000,2023-05-03T20:38:42.000,HPD,PAINT/PLASTER,CABINET,11211,Closed
57432185,2023-04-26T14:13:32.000,2023-04-26T14:13:32.000,DOHMH,Rodent,Rat Sighting,11375,Closed
57435797,2023-04-27T14:59:48.000,2023-05-09T12:36:57.000,HPD,PLUMBING,TOILET,11373,Closed
57427998,2023-04-26T09:20:21.000,2023-04-26T09:22:25.000,NYPD,Traffic,Congestion/Gridlock,10003,Closed
57434531,2023-04-27T14:41:00.000,2023-04-28T08:13:00.000,DSNY,Derelict Vehicles,Derelict Vehicles,10452,Closed
57431386,2023-04-26T16:39:27.000,2023-04-26T22:13:39.000,DOT,Street Condition,Plate Condition - Open,11385,Closed
57432935,2023-04-28T00:09:12.000,2023-04-28T11:37:53.000,NYPD,Noise - Residential,Loud Music/Party,10467,Closed
57431670,2023-04-26T22:32:09.000,2023-04-27T00:51:45.000,NYPD,Blocked Driveway,No Access,11358,Closed
57428042,2023-04-26T10:46:58.000,2023-04-26T12:43:35.000,DPR,Animal in a Park,Wildlife Sighting,10468,Closed
57430936,2023-04-26T17:10:28.000,2023-04-26T18:08:21.000,NYPD,Noise - Residential,Banging/Pounding,11225,Closed
57434682,2023-04-27T04:02:00.000,2023-04-28T20:15:00.000,DEP,Noise,Noise: air condition/ventilation equipment (NV1),10009,Closed
57432886,2023-04-27T19:14:49.000,2023-04-27T22:39:47.000,NYPD,Noise - Residential,Loud Music/Party,10467,Closed
57429703,2023-04-26T08:33:51.000,2023-05-26T14:41:43.000,HPD,FLOORING/STAIRS,FLOOR,10029,Closed
57428492,2023-04-26T10:26:00.000,2023-04-27T05:41:00.000,DSNY,Derelict Vehicles,Derelict Vehicles,10029,Closed
57428353,2023-04-26T16:38:09.000,2023-04-26T18:28:33.000,NYPD,Illegal Parking,Blocked Sidewalk,10306,Closed
57434567,2023-04-27T03:01:02.000,2023-04-27T04:22:32.000,NYPD,Illegal Parking,Blocked Crosswalk,11214,Closed
57434389,2023-04-27T13:07:06.000,2023-04-27T14:22:28.000,NYPD,Illegal Parking,Blocked Sidewalk,11231,Closed
57433105,2023-04-27T16:00:09.000,2023-04-27T18:24:03.000,NYPD,Illegal Parking,Blocked Hydrant,10012,Closed
57421437,2023-04-25T10:25:04.000,2023-05-01T13:22:57.000,HPD,WATER LEAK,SLOW LEAK,10031,Closed
57433848,2023-04-27T12:05:00.000,2023-04-27T17:45:00.000,DEP,Sewer,Catch Basin Sunken/Damaged/Raised (SC1),11204,Closed
57428089,2023-04-26T12:51:12.000,2023-04-26T20:29:22.000,NYPD,Encampment,N/A,11412,Closed
57430057,2023-04-25T21:15:24.000,2023-05-30T00:00:00.000,DOB,Elevator,Elevator - Single Device On Property/No Alternate Service,11235,Closed
57435677,2023-04-27T16:48:48.000,2023-04-27T16:48:48.000,DOB,Electrical,Electrical Wiring Defective/Exposed,11358,Open
57431267,2023-04-26T11:14:00.000,2023-05-11T12:15:00.000,DEP,Noise,"Noise, Barking Dog (NR5)",10128,Closed
57431509,2023-04-26T07:50:30.000,2023-04-26T08:34:00.000,NYPD,Illegal Parking,Blocked Hydrant,11209,Closed
57434787,2023-04-27T08:51:27.000,2025-05-13T16:38:26.000,DPR,New Tree Request,For One Address,10011,Closed
57431427,2023-04-27T00:00:46.000,2023-04-27T00:52:18.000,NYPD,Blocked Driveway,No Access,10022,Closed
57430722,2023-04-26T16:08:03.000,2023-04-26T17:27:07.000,NYPD,Illegal Parking,Posted Parking Sign Violation,10040,Closed
57428745,2023-04-26T09:08:00.000,2023-04-27T12:29:00.000,DEP,Noise,"Noise, Barking Dog (NR5)",10471,Closed
57419425,2023-04-25T09:23:30.000,2023-04-25T14:43:49.000,NYPD,Blocked Driveway,Partial Access,11223,Closed
57431486,2023-04-26T07:32:58.000,2023-04-26T23:44:18.000,HPD,PAINT/PLASTER,WALL,10467,Closed
57431069,2023-04-27T00:00:22.000,2023-04-27T00:45:58.000,NYPD,Noise - Vehicle,Car/Truck Music,10034,Closed
57427575,2023-04-26T12:52:40.000,2023-04-28T13:58:43.000,DSNY,Illegal Dumping,Removal Request,10312,Closed
57432690,2023-04-26T13:05:00.000,2023-06-07T10:53:00.000,DOT,Street Light Condition,Street Light Out,11435,Closed
57429020,2023-04-26T10:02:12.000,2023-04-26T10:46:33.000,NYPD,Noise - Residential,Loud Talking,10030,Closed
57420812,2023-04-25T18:15:03.000,2023-04-25T19:07:54.000,NYPD,Noise - Residential,Loud Music/Party,10025,Closed
57424845,2023-04-26T08:19:00.000,2023-04-26T20:45:00.000,DOT,Street Light Condition,Lamppost Base Door/Cover Damaged,10022,Closed
57435353,2023-04-27T21:22:49.000,2023-04-27T23:42:14.000,NYPD,Noise - Residential,Loud Music/Party,10030,Closed
57431185,2023-04-26T11:34:48.000,2023-04-28T18:33:20.000,HPD,UNSANITARY CONDITION,MOLD,10009,Closed
57434358,2023-04-27T08:50:39.000,2023-04-27T10:48:13.000,NYPD,Abandoned Vehicle,With License Plate,11239,Closed
57431006,2023-04-26T20:26:00.000,2023-04-26T22:20:00.000,DEP,Water System,No Water (WNW),11374,Closed
57422060,2023-04-25T09:49:46.000,2023-05-03T16:06:40.000,HPD,PLUMBING,WATER SUPPLY,10454,Closed
57432494,2023-04-26T10:49:59.000,2023-04-26T12:05:58.000,NYPD,Blocked Driveway,No Access,11372,Closed
57431503,2023-04-26T14:33:20.000,2023-04-28T12:48:00.000,HPD,UNSANITARY CONDITION,MOLD,10023,Closed
57429432,2023-04-26T13:44:20.000,2023-04-26T17:39:32.000,NYPD,Illegal Parking,Blocked Crosswalk,10455,Closed
57422150,2023-04-25T13:58:11.000,2023-04-26T20:40:11.000,HPD,HEAT/HOT WATER,ENTIRE BUILDING,11219,Closed
57430841,2023-04-26T16:06:20.000,2023-04-26T18:43:47.000,NYPD,Illegal Parking,Blocked Sidewalk,11355,Closed
57431673,2023-04-26T15:34:00.000,2023-05-03T10:20:00.000,DOT,Traffic Signal Condition,Controller,11103,Closed
57431924,2023-04-26T07:53:00.000,2023-05-01T13:32:00.000,DEP,Noise,Noise: Construction Equipment (NC1),10027,Closed
57427757,2023-04-26T08:01:12.000,2023-04-27T05:42:45.000,DSNY,Dirty Condition,Trash,10009,Closed
57429705,2023-04-26T09:18:04.000,2023-05-08T12:52:19.000,HPD,UNSANITARY CONDITION,PESTS,10458,Closed
57430848,2023-04-26T21:56:34.000,2023-04-27T02:30:25.000,NYPD,Noise - Residential,Banging/Pounding,11372,Closed
57473802,2023-05-01T16:34:12.000,2025-05-13T16:39:09.000,DPR,New Tree Request,For One Address,11213,Closed
57474271,2023-05-01T08:06:25.000,2023-05-01T09:09:22.000,NYPD,Abandoned Vehicle,With License Plate,10306,Closed
57429749,2023-04-26T21:34:09.000,2023-04-28T19:14:52.000,HPD,HEAT/HOT WATER,APARTMENT ONLY,11213,Closed
57433610,2023-04-27T16:00:40.000,2023-04-27T17:32:50.000,NYPD,Blocked Driveway,Partial Access,10016,Closed
57429217,2023-04-26T15:18:36.000,2023-04-26T18:07:27.000,NYPD,Abandoned Vehicle,With License Plate,11362,Closed
57435469,2023-04-27T15:46:56.000,2023-05-15T09:17:09.000,HPD,PAINT/PLASTER,WALL,10030,Closed
57433451,2023-04-27T19:03:38.000,2023-04-30T00:00:00.000,DOB,Emergency Response Team (ERT),After Hours Work - Illegal,10458,Closed
57419109,2023-04-25T09:30:35.000,2023-05-23T20:45:47.000,HPD,ELECTRIC,WIRING,11368,Closed
57435381,2023-04-27T13:44:17.000,2023-05-02T14:27:42.000,HPD,PLUMBING,STEAM PIPE/RISER,10030,Closed
57434523,2023-04-27T10:38:50.000,2023-04-29T14:49:18.000,DSNY,Missed Collection,Trash,11221,Closed
57433642,2023-04-27T08:57:11.000,2023-05-18T17:44:24.000,HPD,UNSANITARY CONDITION,PESTS,11226,Closed
57433959,2023-04-27T08:48:35.000,2023-04-27T10:31:17.000,NYPD,Illegal Parking,Blocked Hydrant,10452,Closed
57426439,2023-04-26T22:32:23.000,2023-05-22T08:45:14.000,HPD,UNSANITARY CONDITION,PESTS,10461,Closed
57434320,2023-04-27T11:24:32.000,2023-04-27T12:38:06.000,NYPD,Illegal Parking,Posted Parking Sign Violation,11239,Closed
57434613,2023-04-27T07:05:05.000,2023-04-27T08:12:17.000,NYPD,Illegal Parking,Parking Permit Improper Use,11372,Closed
57428660,2023-04-26T09:30:42.000,2023-05-04T15:30:07.000,HPD,PLUMBING,BASIN/SINK,10039,Closed
57433014,2023-04-27T23:36:08.000,2023-04-28T01:11:56.000,NYPD,Illegal Parking,Posted Parking Sign Violation,10312,Closed
57429716,2023-04-26T19:14:14.000,2023-04-26T19:47:16.000,NYPD,Illegal Parking,Posted Parking Sign Violation,11426,Closed
57429077,2023-04-26T10:18:23.000,2023-04-26T12:20:35.000,NYPD,Illegal Parking,Blocked Sidewalk,11104,Closed
57433861,2023-04-27T19:12:22.000,2023-05-03T16:06:45.000,HPD,UNSANITARY CONDITION,PESTS,10455,Closed
57434631,2023-04-27T20:26:55.000,2023-04-27T21:23:58.000,NYPD,Blocked Driveway,Partial Access,11691,Closed
57433238,2023-04-27T21:05:44.000,2023-04-27T22:06:52.000,NYPD,Illegal Parking,Posted Parking Sign Violation,11226,Closed
57433261,2023-04-27T12:16:08.000,2023-04-27T21:29:54.000,NYPD,Illegal Parking,Blocked Bike Lane,11101,Closed
57434491,2023-04-27T19:27:53.000,2023-04-30T18:17:56.000,HPD,HEAT/HOT WATER,APARTMENT ONLY,10469,Closed
57431642,2023-04-26T20:43:33.000,2023-06-26T11:29:24.000,DPR,Maintenance or Facility,Hours of Operation,11226,Closed
57433784,2023-04-27T10:30:01.000,2023-04-30T09:46:39.000,HPD,GENERAL,BELL/BUZZER/INTERCOM,10030,Closed
57430914,2023-04-26T11:00:11.000,2023-04-27T15:39:44.000,HPD,PLUMBING,WATER SUPPLY,11209,Closed
57428434,2023-04-26T15:05:43.000,2023-04-27T00:23:20.000,NYPD,Noise - Residential,Banging/Pounding,11210,Closed
57429184,2023-04-26T07:12:32.000,2023-04-26T20:58:13.000,HPD,HEAT/HOT WATER,ENTIRE BUILDING,10128,Closed
57435900,2023-04-27T08:22:17.000,2023-05-05T15:08:54.000,DSNY,Missed Collection,Compost,11413,Closed
57433004,2023-04-27T17:25:52.000,2023-04-27T18:54:11.000,NYPD,Noise - Residential,Banging/Pounding,11203,Closed
57429499,2023-04-26T09:05:54.000,2023-04-26T10:15:14.000,NYPD,Encampment,N/A,10013,Closed
57421347,2023-04-25T16:40:24.000,2023-04-25T19:13:13.000,NYPD,Noise - Residential,Banging/Pounding,10467,Closed
57431160,2023-04-26T12:06:00.000,2023-04-26T21:15:00.000,DSNY,Derelict Vehicles,Derelict Vehicles,10467,Closed
57426545,2023-04-26T14:13:38.000,2023-05-31T15:47:59.000,EDC,Noise - Helicopter,Other,10023,Closed
57429046,2023-04-26T12:42:14.000,2023-04-26T14:25:48.000,NYPD,Illegal Parking,Parking Permit Improper Use,11201,Closed
57434612,2023-04-27T11:31:00.000,2023-04-17T11:26:00.000,DOT,Street Light Condition,Street Light Out,11225,Pending
57435053,2023-04-27T21:32:51.000,2023-04-27T23:53:54.000,NYPD,Noise - Street/Sidewalk,Loud Music/Party,11207,Closed
57433780,2023-04-27T22:57:32.000,2023-04-28T03:53:32.000,NYPD,Blocked Driveway,No Access,11204,Closed
57433378,2023-04-27T01:23:54.000,2023-06-11T15:10:02.000,HPD,PLUMBING,TOILET,10467,Closed
57432798,2023-04-27T20:31:29.000,2023-04-27T22:04:14.000,DOT,Street Condition,Plate Condition - Noisy,10014,Closed
57432332,2023-04-26T02:14:00.000,2023-04-27T06:00:00.000,DEP,Noise,Noise: Private Carting Noise (NQ1),11106,Closed
57431026,2023-04-26T08:13:50.000,2023-04-27T09:47:33.000,DOE,School Maintenance,Rodents/Mice,10461,Closed
57434896,2023-04-27T12:53:59.000,2023-06-24T18:37:17.000,HPD,GENERAL,JANITOR/SUPER,10468,Closed
57431934,2023-04-26T23:25:01.000,2023-04-27T00:52:19.000,NYPD,Illegal Parking,Parking Permit Improper Use,10312,Closed
57434878,2023-04-27T12:09:54.000,2023-05-03T12:42:29.000,DSNY,Missed Collection,Recycling - Paper/Metal/Glass/Rigid Plastic,11214,Closed
57429345,2023-04-26T17:17:29.000,2023-04-27T17:10:00.000,HPD,HEAT/HOT WATER,ENTIRE BUILDING,11218,Closed
57429291,2023-04-26T15:06:24.000,2023-04-26T15:33:00.000,NYPD,Illegal Parking,Posted Parking Sign Violation,11231,Closed
57434931,2023-04-27T12:44:56.000,2023-04-27T20:38:38.000,HPD,UNSANITARY CONDITION,PESTS,10467,Closed
58066190,2023-07-01T10:51:49.000,2023-07-01T11:55:39.000,NYPD,Illegal Parking,Posted Parking Sign Violation,11102,Closed
57432144,2023-04-26T22:10:30.000,2023-04-26T22:36:41.000,NYPD,Noise - Residential,Banging/Pounding,10468,Closed
57432605,2023-04-26T13:29:04.000,2023-05-16T10:37:21.000,DOT,Outdoor Dining,Site Setup Condition,11372,Closed
57420028,2023-04-25T18:05:49.000,2023-04-25T22:33:11.000,NYPD,Illegal Parking,Posted Parking Sign Violation,11239,Closed
57433733,2023-04-27T20:38:44.000,2023-04-28T00:18:52.000,NYPD,Blocked Driveway,No Access,11385,Closed
57433570,2023-04-27T16:05:32.000,2023-05-31T05:03:02.000,HPD,DOOR/WINDOW,WINDOW FRAME,11435,Closed
57428003,2023-04-26T16:02:25.000,2023-04-26T21:57:34.000,NYPD,Noise - Residential,Banging/Pounding,10027,Closed
57434656,2023-04-27T11:53:43.000,2023-04-27T12:56:32.000,NYPD,Blocked Driveway,Partial Access,11415,Closed
57433151,2023-04-27T20:54:16.000,2023-04-27T21:51:54.000,NYPD,Illegal Parking,Blocked Hydrant,11226,Closed
57431040,2023-04-26T07:39:00.000,2023-04-26T07:47:00.000,DSNY,Derelict Vehicles,Derelict Vehicles,10473,Closed
55306799,2022-09-04T06:12:40.000,2022-09-04T16:55:30.000,DHS,Homeless Person Assistance,,,Closed
57434029,2023-04-27T08:26:47.000,2023-04-27T10:21:46.000,NYPD,Noise - Vehicle,Car/Truck Music,11221,Closed
57433446,2023-04-27T09:51:43.000,2023-05-16T20:45:29.000,HPD,PAINT/PLASTER,WALL,11236,Closed
57430329,2023-04-26T21:56:08.000,2023-04-26T22:21:03.000,NYPD,Illegal Parking,Posted Parking Sign Violation,10468,Closed
57428079,2023-04-26T15:12:41.000,2023-04-26T21:00:39.000,NYPD,Encampment,N/A,10019,Closed
57431284,2023-04-26T17:29:42.000,2023-05-22T08:50:55.000,DOT,Outdoor Dining,Sidewalk Zone Blocked,10005,Closed
55331283,2022-09-07T14:20:00.000,2022-09-07T16:00:00.000,DOT,Traffic Signal Condition,APS,10031,Closed
57433776,2023-04-27T15:24:43.000,2023-08-01T17:59:24.000,HPD,GENERAL,BELL/BUZZER/INTERCOM,10456,Closed
57427670,2023-04-25T20:17:27.000,2023-05-10T00:00:00.000,DOB,Elevator,Elevator - Multiple Devices On Property,10454,Closed
57428171,2023-04-26T11:10:24.000,2023-05-10T14:53:26.000,DSNY,Litter Basket Request,Replacement Basket,11201,Closed
57435894,2023-04-27T23:39:13.000,2023-04-28T02:03:41.000,NYPD,Illegal Parking,Commercial Overnight Parking,11411,Closed
57432402,2023-04-26T23:11:00.000,2023-04-28T10:56:00.000,DEP,Lead,Lead Kit Request (Residential) (L10),11222,Closed
57435099,2023-04-27T11:31:23.000,2023-04-28T14:48:26.000,HPD,HEAT/HOT WATER,ENTIRE BUILDING,10452,Closed
57429895,2023-04-26T12:35:00.000,2023-04-26T14:30:00.000,DEP,Sewer,Manhole Cover Missing (Emergency) (SA3),10018,Closed
57433487,2023-04-27T13:58:28.000,2023-05-08T13:29:37.000,DOT,Street Condition,Defective Hardware,11101,Closed
57430378,2023-04-26T17:00:44.000,2024-01-18T05:03:15.000,HPD,APPLIANCE,ELECTRIC/GAS RANGE,11435,Closed
57434932,2023-04-27T10:30:03.000,2023-05-04T12:23:21.000,HPD,UNSANITARY CONDITION,MOLD,10466,Closed
57469941,2023-05-02T01:27:10.000,2023-05-02T02:04:29.000,NYPD,Noise - Residential,Loud Music/Party,10454,Closed
57430842,2023-04-26T15:30:00.000,2024-12-05T11:47:00.000,DOT,Street Light Condition,Street Light Lamp Dim,10128,Closed
57427634,2023-04-26T08:43:07.000,2023-05-02T09:55:22.000,HPD,UNSANITARY CONDITION,MOLD,10025,Closed
57433517,2023-04-27T17:02:30.000,2023-04-27T17:33:54.000,NYPD,Noise - Park,Loud Music/Party,10028,Closed
57430779,2023-04-26T18:32:27.000,2023-04-26T18:42:33.000,NYPD,Illegal Parking,Blocked Bike Lane,10011,Closed
57433530,2023-04-27T08:29:26.000,2023-05-05T14:19:02.000,DSNY,Missed Collection,Bulky Trash,11365,Closed
57429667,2023-04-26T13:10:26.000,2025-05-13T16:38:19.000,DPR,New Tree Request,For One Address,11355,Closed
57432119,2023-04-26T05:40:54.000,2023-04-26T06:10:17.000,NYPD,Illegal Parking,Blocked Hydrant,11209,Closed
57429474,2023-04-26T06:45:57.000,2023-04-26T09:12:05.000,DHS,Homeless Person Assistance,,10018,Closed
57427863,2023-04-26T10:42:50.000,2023-04-26T18:51:28.000,NYPD,Illegal Parking,Blocked Crosswalk,11222,Closed
57429735,2023-04-26T14:44:36.000,2023-05-05T15:07:38.000,DSNY,Missed Collection,Recycling - Metal/Glass/Rigid Plastic,11422,Closed
57428636,2023-04-26T14:05:09.000,2023-05-30T09:49:58.000,DOT,Outdoor Dining,Barrier Condition,11219,Closed
57433597,2023-04-27T09:31:32.000,2023-05-09T07:57:19.000,DOT,Sidewalk Condition,Broken Sidewalk,10455,Closed
57433220,2023-04-27T15:32:45.000,2023-05-18T19:31:14.000,HPD,PLUMBING,BATHTUB/SHOWER,10468,Closed
57420611,2023-04-25T12:46:44.000,2023-05-09T11:35:56.000,HPD,DOOR/WINDOW,WINDOW FRAME,10456,Closed
57428922,2023-04-26T17:51:03.000,2024-11-12T17:25:41.000,DPR,Dead/Dying Tree,Planted More Than 2 Years Ago,11374,Closed
57435257,2023-04-27T18:09:14.000,2023-05-04T00:00:00.000,DOB,Building/Use,Illegal Conversion Of Residential Building/Space,10030,Closed
57429653,2023-04-26T19:07:32.000,2023-04-27T20:30:42.000,HPD,HEAT/HOT WATER,APARTMENT ONLY,10466,Closed
57429192,2023-04-26T05:45:55.000,2023-04-26T20:55:56.000,HPD,HEAT/HOT WATER,ENTIRE BUILDING,11204,Closed
57435329,2023-04-27T23:01:27.000,2023-04-28T00:09:51.000,NYPD,Noise - Residential,Loud Music/Party,10019,Closed
57435219,2023-04-27T20:33:05.000,,TLC,Found Property,Clothing/Glasses,11369,In Progress
57431875,2023-04-26T10:22:01.000,2023-05-31T15:12:07.000,EDC,Noise - Helicopter,Other,10011,Closed
57430331,2023-04-26T10:51:46.000,2023-05-03T12:50:44.000,DSNY,Missed Collection,Bulky Trash,11224,Closed
57429035,2023-04-26T14:51:32.000,2023-04-26T14:57:16.000,NYPD,Drug Activity,Use Outside,11432,Closed
57428082,2023-04-26T20:57:32.000,2023-04-26T20:58:50.000,NYPD,Noise - Vehicle,Car/Truck Music,10453,Closed
57434650,2023-04-27T09:08:00.000,2023-04-27T09:08:00.000,DOT,Street Light Condition,Street Light Out,11421,Closed
57427864,2023-04-26T20:16:54.000,2023-04-27T01:38:36.000,NYPD,Noise - Residential,Loud Music/Party,11433,Closed
57450109,2023-04-28T23:55:47.000,2023-04-29T08:36:11.000,DHS,Homeless Person Assistance,,,Closed
57430386,2023-04-26T09:30:45.000,2023-04-26T09:50:34.000,NYPD,Illegal Parking,Blocked Crosswalk,11215,Closed
57470306,2023-05-01T07:29:30.000,2023-05-01T08:32:25.000,NYPD,Illegal Parking,Posted Parking Sign Violation,11420,Closed
57429822,2023-04-26T08:47:52.000,2023-05-31T15:46:09.000,EDC,Noise - Helicopter,Other,10023,Closed
57432306,2023-04-26T18:54:00.000,2023-04-26T19:23:00.000,DSNY,Derelict Vehicles,Derelict Vehicles,11204,Closed
57434903,2023-04-27T12:53:34.000,2023-04-28T18:07:51.000,HPD,HEAT/HOT WATER,ENTIRE BUILDING,11213,Closed
57429748,2023-04-26T14:57:24.000,2023-04-27T00:00:00.000,DOB,General Construction/Plumbing,Building Shaking/Vibrating/Structural Stability,10065,Closed
57430650,2023-04-27T00:40:21.000,2023-04-27T01:10:53.000,NYPD,Drug Activity,Use Outside,11366,Closed
57429834,2023-04-26T17:04:27.000,2023-04-26T18:49:01.000,NYPD,Illegal Parking,Double Parked Blocking Vehicle,10456,Closed
57430562,2023-04-26T14:39:06.000,2023-04-26T14:43:33.000,NYPD,Drinking,Underage - Licensed Est,10001,Closed
57428575,2023-04-26T09:33:11.000,2023-04-27T08:43:44.000,HPD,PAINT/PLASTER,WALL,11435,Closed
57432536,2023-04-27T01:45:07.000,2023-04-27T01:50:46.000,NYPD,Noise - Street/Sidewalk,Loud Talking,11216,Closed
57432394,2023-04-26T20:03:37.000,2023-04-28T15:52:05.000,HPD,HEAT/HOT WATER,ENTIRE BUILDING,11377,Closed
57432946,2023-04-27T08:45:40.000,2023-05-10T16:08:50.000,HPD,FLOORING/STAIRS,FLOOR,10468,Closed
57433009,2023-04-27T14:02:32.000,2023-04-27T14:18:59.000,NYPD,Illegal Parking,Blocked Sidewalk,11101,Closed
57430595,2023-04-26T16:23:00.000,2023-05-03T11:52:00.000,DEP,Sewer,RAIN GARDEN DEBRIS (GIRGD),11208,Closed
57429051,2023-04-26T17:10:35.000,2023-04-28T12:39:28.000,DSNY,Illegal Dumping,Removal Request,11235,Closed
57430862,2023-04-26T08:07:08.000,2023-04-27T07:04:55.000,DSNY,Missed Collection,Bulky Trash,11385,Closed
57427684,2023-04-26T10:12:18.000,2023-05-05T20:14:01.000,HPD,UNSANITARY CONDITION,MOLD,10029,Closed
57425854,2023-04-26T14:08:51.000,2023-04-26T18:07:05.000,NYPD,Illegal Parking,Blocked Sidewalk,11208,Closed
57432833,2023-04-28T00:19:14.000,2023-04-28T00:42:08.000,NYPD,Noise - Residential,Loud Music/Party,11203,Closed
57426349,2023-04-26T11:29:37.000,2023-05-02T04:56:48.000,DSNY,Dirty Condition,Trash,10014,Closed
57427795,2023-04-26T11:41:20.000,2023-05-22T08:45:43.000,HPD,UNSANITARY CONDITION,PESTS,11226,Closed
57433344,2023-04-27T17:51:21.000,2023-04-28T11:37:00.000,DCWP,Consumer Complaint,Retail Store,11356,Closed
57429427,2023-04-26T09:41:13.000,2023-04-26T09:43:14.000,NYPD,Illegal Parking,Blocked Bike Lane,11101,Closed
57429417,2023-04-26T12:36:08.000,2023-05-02T09:31:55.000,DOT,Sidewalk Condition,Sidewalk Violation,11234,Closed
57428975,2023-04-26T08:33:39.000,2023-04-26T09:59:12.000,NYPD,Illegal Parking,Posted Parking Sign Violation,11205,Closed
57430039,2023-04-26T20:37:55.000,2023-04-28T10:26:44.000,HPD,HEAT/HOT WATER,APARTMENT ONLY,11206,Closed
57433405,2023-04-27T17:04:06.000,2023-04-27T17:27:11.000,NYPD,Illegal Parking,Blocked Sidewalk,10314,Closed
57434028,2023-04-27T09:47:58.000,2023-04-27T22:57:22.000,NYPD,Illegal Parking,Blocked Hydrant,10453,Closed
57433503,2023-04-27T12:15:19.000,2023-05-02T18:20:39.000,HPD,FLOORING/STAIRS,FLOOR,11434,Closed
57433156,2023-04-27T22:07:29.000,2024-11-12T17:25:58.000,DPR,Damaged Tree,Tree Alive - in Poor Condition,10305,Closed
57429854,2023-04-26T22:07:31.000,2023-06-13T09:14:52.000,TLC,For Hire Vehicle Complaint,Driver Complaint - Non Passenger,10003,Closed
57429198,2023-04-26T22:50:27.000,2023-05-01T08:19:52.000,HPD,HEAT/HOT WATER,ENTIRE BUILDING,10026,Closed
57433920,2023-04-27T09:00:13.000,2023-04-27T17:09:49.000,HPD,HEAT/HOT WATER,ENTIRE BUILDING,11229,Closed
57433818,2023-04-27T13:03:08.000,2023-06-26T00:00:00.000,DOB,Elevator,Elevator - Multiple Devices On Property,11224,Closed
57432271,2023-04-26T19:48:20.000,2023-04-26T20:24:56.000,NYPD,Illegal Parking,Blocked Sidewalk,11204,Closed
57433296,2023-04-27T15:45:19.000,2023-04-27T17:17:00.000,NYPD,Abandoned Vehicle,With License Plate,11214,Closed
57428937,2023-04-26T09:08:13.000,2023-05-02T13:45:21.000,HPD,UNSANITARY CONDITION,PESTS,10031,Closed
57425293,2023-04-26T21:25:13.000,2023-04-26T22:10:30.000,NYPD,Blocked Driveway,No Access,11219,Closed
57429282,2023-04-26T15:35:10.000,2023-04-26T16:18:37.000,NYPD,Drug Activity,Use Outside,11366,Closed
57430527,2023-04-26T11:10:22.000,2023-04-26T12:34:09.000,NYPD,Illegal Parking,Blocked Sidewalk,11215,Closed
57435941,2023-04-27T15:38:09.000,2023-04-28T12:31:02.000,DSNY,Missed Collection,Bulky Trash,11103,Closed
57427709,2023-04-26T10:44:00.000,2023-04-28T15:45:00.000,DEP,Noise,Noise: Construction Equipment (NC1),10010,Closed
57434242,2023-04-27T13:15:18.000,2023-04-27T19:42:12.000,HPD,HEAT/HOT WATER,APARTMENT ONLY,11210,Closed
57429235,2023-04-26T20:44:14.000,2023-06-15T12:09:57.000,HPD,ELECTRIC,LIGHTING,11239,Closed
57428686,2023-04-26T19:41:00.000,2023-04-27T10:45:00.000,DEP,Sewer,Catch Basin Clogged/Flooding (Use Comments) (SC),11694,Closed
57435026,2023-04-27T19:08:00.000,2023-04-28T10:20:00.000,DEP,Asbestos,Asbestos Complaint (B1),10475,Closed
57420219,2023-04-25T23:39:58.000,2023-04-26T03:21:26.000,NYPD,Illegal Parking,Parking Permit Improper Use,11379,Closed
57434317,2023-04-27T08:02:19.000,2023-04-27T09:00:40.000,NYPD,Noise - Residential,Banging/Pounding,11213,Closed
57431438,2023-04-26T21:14:10.000,2023-05-03T12:36:08.000,HPD,GENERAL,COOKING GAS,11226,Closed
57433827,2023-04-27T16:44:00.000,2023-04-27T19:50:00.000,DEP,Water System,Leak (Use Comments) (WA2),11435,Closed
57427712,2023-04-26T11:58:10.000,2023-06-20T12:07:31.000,HPD,PLUMBING,WATER SUPPLY,11201,Closed
57430009,2023-04-27T00:06:55.000,2023-04-27T01:23:15.000,NYPD,Drug Activity,Use Outside,11366,Closed
57433325,2023-04-27T17:25:50.000,2023-04-28T02:59:03.000,DHS,Homeless Person Assistance,,10014,Closed
57430943,2023-04-26T21:24:13.000,2023-05-05T14:36:28.000,DSNY,Missed Collection,Bulky Recycling,11432,Closed
57428732,2023-04-26T21:29:50.000,2023-04-26T22:02:18.000,NYPD,Illegal Parking,Commercial Overnight Parking,10025,Closed
57432591,2023-04-26T15:15:49.000,2025-05-13T16:38:21.000,DPR,New Tree Request,For One Address,10128,Closed
57428114,2023-04-26T12:40:45.000,2023-04-26T14:34:55.000,NYPD,Illegal Parking,Posted Parking Sign Violation,11413,Closed
57432829,2023-04-27T01:23:54.000,2023-06-11T15:10:01.000,HPD,DOOR/WINDOW,DOOR,10467,Closed
57430016,2023-04-26T13:06:32.000,,DOHMH,Unleashed Dog,Unleashed Dog in Public,11377,In Progress
57433603,2023-04-27T06:35:26.000,2023-05-01T14:14:10.000,DPR,Damaged Tree,Branch or Limb Has Fallen Down,10312,Closed
57428288,2023-04-26T22:10:32.000,2023-05-16T20:45:27.000,HPD,UNSANITARY CONDITION,PESTS,11236,Closed
57434684,2023-04-27T09:18:24.000,2023-04-27T10:33:15.000,NYPD,Illegal Parking,Unauthorized Bus Layover,11224,Closed
57430803,2023-04-26T15:49:25.000,2023-05-03T00:00:00.000,DOB,General Construction/Plumbing,Building Permit - None,11230,Closed
57432026,2023-04-26T06:35:08.000,2023-05-31T15:11:52.000,EDC,Noise - Helicopter,Other,10011,Closed
57432783,2023-04-27T23:14:09.000,2023-04-28T00:53:03.000,NYPD,Noise - Commercial,Loud Music/Party,10003,Closed
57430930,2023-04-26T20:16:08.000,2023-04-27T19:33:27.000,HPD,HEAT/HOT WATER,ENTIRE BUILDING,10473,Closed
57434148,2023-04-27T21:07:43.000,2023-04-27T21:24:09.000,NYPD,Illegal Parking,Blocked Hydrant,11205,Closed
57431589,2023-04-26T16:30:59.000,2023-04-26T16:40:01.000,NYPD,Illegal Parking,Commercial Overnight Parking,10024,Closed
57436010,2023-04-27T17:18:02.000,2023-04-27T18:31:38.000,NYPD,Illegal Parking,Blocked Crosswalk,11209,Closed
57430616,2023-04-26T23:28:38.000,2023-04-27T01:02:55.000,NYPD,Noise - Residential,Loud Talking,11358,Closed
57422203,2023-04-25T08:37:03.000,2023-04-25T09:02:53.000,NYPD,Blocked Driveway,No Access,11429,Closed
57428283,2023-04-26T14:36:00.000,2023-05-05T16:33:00.000,DOT,Street Light Condition,Multiple St Lts Dayburning,11385,Closed
57432449,2023-04-26T22:22:11.000,2023-04-26T22:31:58.000,NYPD,Illegal Parking,Blocked Hydrant,11205,Closed
57434397,2023-04-27T23:11:00.000,2023-05-02T23:00:00.000,DEP,Air Quality,"Air: Dust, Construction/Demolition (AE4)",11211,Closed
57427632,2023-04-26T18:48:41.000,2023-04-27T13:20:11.000,TLC,Lost Property,Other,11430,Closed
57429606,2023-04-26T07:58:47.000,2023-04-26T09:17:50.000,NYPD,Illegal Parking,Blocked Hydrant,11216,Closed
57431497,2023-04-26T20:01:46.000,2023-04-27T02:38:43.000,NYPD,Blocked Driveway,No Access,11420,Closed
57432998,2023-04-27T12:14:49.000,2023-04-27T12:47:53.000,NYPD,Noise - Street/Sidewalk,Loud Talking,11435,Closed
57427666,2023-04-26T09:42:11.000,2023-04-26T09:42:11.000,DOHMH,Illegal Animal Kept as Pet,Rooster,10465,Closed
57433929,2023-04-27T19:49:14.000,2023-04-27T19:51:03.000,HPD,HEAT/HOT WATER,ENTIRE BUILDING,10024,Closed
57431005,2023-04-26T00:17:00.000,2023-07-27T09:30:00.000,DEP,Water System,Hydrant Running Full (WA4),11238,Closed
57433831,2023-04-27T12:29:00.000,2023-04-27T12:38:00.000,DEP,Water System,No Water (WNW),11429,Closed
57432602,2023-04-26T15:35:12.000,2023-05-04T07:58:52.000,HPD,UNSANITARY CONDITION,MOLD,11249,Closed
57429752,2023-04-26T10:01:40.000,2023-06-04T12:36:50.000,HPD,PLUMBING,TOILET,10453,Closed
57428230,2023-04-26T04:04:05.000,2023-04-27T13:44:57.000,DSNY,Obstruction,Cone,11207,Closed
57428482,2023-04-26T17:11:00.000,2023-04-28T10:55:00.000,DEP,Lead,Lead Kit Request (Residential) (L10),11432,Closed
57428113,2023-04-26T12:47:40.000,2023-05-03T11:43:18.000,DOT,Sidewalk Condition,Broken Sidewalk,11362,Closed
57427748,2023-04-26T20:02:52.000,2023-04-27T03:22:50.000,NYPD,Illegal Parking,Blocked Hydrant,11372,Closed
57432227,2023-04-26T14:36:16.000,2023-05-05T14:05:39.000,DOT,Street Condition,Cave-in,11373,Closed
57433331,2023-04-27T09:57:47.000,2023-05-30T00:00:00.000,DOB,Special Projects Inspection Team (SPIT),Illegal Hotel Rooms In Residential Building,10002,Closed
57432489,2023-04-26T14:35:24.000,2023-04-26T14:59:21.000,NYPD,Illegal Parking,Posted Parking Sign Violation,11366,Closed
57433527,2023-04-27T16:06:51.000,2023-04-27T16:37:08.000,NYPD,Blocked Driveway,No Access,10009,Closed
57428420,2023-04-26T08:20:49.000,2023-04-26T12:39:18.000,NYPD,Illegal Parking,Blocked Bike Lane,11101,Closed
57431610,2023-04-26T21:37:39.000,2023-04-27T12:10:00.000,DOT,Street Condition,Pothole,11218,Closed
57433462,2023-04-27T21:23:45.000,2023-04-28T10:06:37.000,DCWP,Consumer Complaint,Stoop Line,11226,Closed
57432411,2023-04-26T08:18:41.000,2023-04-27T19:50:07.000,HPD,HEAT/HOT WATER,ENTIRE BUILDING,10037,Closed
57434563,2023-04-27T14:46:27.000,2023-05-17T00:00:00.000,DOB,Elevator,Elevator - Single Device On Property/No Alternate Service,10459,Closed
57430786,2023-04-26T14:39:11.000,2023-04-27T05:19:12.000,DSNY,Dirty Condition,Trash,11377,Closed
57427994,2023-04-26T05:50:51.000,2023-04-26T06:17:53.000,NYPD,Abandoned Vehicle,With License Plate,11239,Closed
57435183,2023-04-27T17:38:22.000,2023-04-29T11:36:33.000,HPD,HEAT/HOT WATER,APARTMENT ONLY,11229,Closed
57432423,2023-04-26T12:08:00.000,2023-10-18T12:10:00.000,DEP,Sewer,Catch Basin Sunken/Damaged/Raised (SC1),10465,Closed
57435987,2023-04-27T03:45:00.000,2023-05-01T00:00:00.000,DOT,Street Light Condition,Traffic Signal Light,10016,Closed
57419942,2023-04-25T12:38:47.000,2023-04-25T13:02:49.000,NYPD,Illegal Parking,Blocked Hydrant,10013,Closed
57430382,2023-04-26T18:41:00.000,2023-04-28T18:00:00.000,DEP,Noise,Noise: Construction Before/After Hours (NM1),11206,Closed
57430061,2023-04-26T09:58:00.000,2023-04-27T08:38:00.000,DSNY,Derelict Vehicles,Derelict Vehicles,11213,Closed
57451752,2023-04-29T22:55:58.000,2023-05-01T13:18:17.000,DSNY,Obstruction,Cone,11208,Closed
57432774,2023-04-27T08:10:31.000,2023-04-27T08:45:22.000,NYPD,Illegal Parking,Blocked Hydrant,10034,Closed
57431602,2023-04-26T22:41:30.000,2023-04-27T01:24:49.000,NYPD,Blocked Driveway,No Access,11368,Closed
57434664,2023-04-27T22:43:03.000,2023-04-28T00:20:28.000,NYPD,Blocked Driveway,No Access,11226,Closed
57429607,2023-04-26T15:23:00.000,2023-05-03T18:00:00.000,DEP,Noise,Noise: air condition/ventilation equipment (NV1),10019,Closed
57431493,2023-04-26T12:32:30.000,2023-05-03T16:00:10.000,DOT,Curb Condition,Broken Curb,11225,Closed
57428376,2023-04-26T20:45:33.000,2023-04-26T21:28:40.000,NYPD,Noise - Vehicle,Car/Truck Music,10460,Closed
57431709,2023-04-26T14:43:09.000,2023-04-26T14:52:08.000,NYPD,Illegal Parking,Blocked Bike Lane,11216,Closed
57433707,2023-04-27T16:55:09.000,2023-04-28T12:30:42.000,DSNY,Illegal Dumping,Removal Request,11385,Closed
57435161,2023-04-27T17:56:33.000,2023-04-28T20:42:09.000,HPD,HEAT/HOT WATER,APARTMENT ONLY,10473,Closed
57428841,2023-04-26T18:58:12.000,2023-04-27T09:39:55.000,DSNY,Dirty Condition,Trash,11412,Closed
57428008,2023-04-27T01:36:35.000,2023-04-27T03:08:26.000,NYPD,Illegal Parking,Posted Parking Sign Violation,11210,Closed
57427804,2023-04-26T08:34:19.000,2023-04-26T09:40:08.000,NYPD,Illegal Parking,Posted Parking Sign Violation,10128,Closed
57430085,2023-04-26T12:25:29.000,2023-04-26T15:00:22.000,DOT,Street Condition,Defective Hardware,10306,Closed
57430353,2023-04-26T18:15:51.000,2023-04-26T18:25:42.000,NYPD,Illegal Parking,Blocked Hydrant,11207,Closed
57422608,2023-04-25T23:49:37.000,2023-04-26T00:34:27.000,NYPD,Noise - Vehicle,Car/Truck Horn,10016,Closed
57434388,2023-04-27T02:09:55.000,2023-04-28T08:24:49.000,HPD,HEAT/HOT WATER,APARTMENT ONLY,10032,Closed
57431869,2023-04-26T13:42:47.000,2023-05-31T15:47:49.000,EDC,Noise - Helicopter,Other,10025,Closed
57430935,2023-04-27T01:28:44.000,2023-04-27T10:38:06.000,DCWP,Consumer Complaint,Restaurant,10011,Closed
57433403,2023-04-27T06:18:33.000,2023-04-27T06:58:48.000,NYPD,Blocked Driveway,Partial Access,11235,Closed
57434680,2023-04-27T17:09:39.000,2023-04-27T21:56:28.000,NYPD,Blocked Driveway,No Access,10467,Closed
57435779,2023-04-27T14:31:00.000,2023-04-28T07:58:00.000,DSNY,Derelict Vehicles,Derelict Vehicles,10462,Closed
57432063,2023-04-26T10:50:23.000,2023-04-26T10:53:19.000,NYPD,Illegal Parking,Blocked Sidewalk,10019,Closed
57434391,2023-04-27T02:29:31.000,2023-04-27T02:33:38.000,NYPD,Noise - Residential,Banging/Pounding,11221,Closed
57419158,2023-04-25T16:12:05.000,2023-04-25T16:38:19.000,NYPD,Illegal Parking,Blocked Bike Lane,10024,Closed
57422778,2023-04-25T15:41:00.000,2023-04-27T15:30:00.000,DEP,Noise,Noise: Construction Equipment (NC1),10075,Closed
57430100,2023-04-26T21:27:47.000,2023-04-26T21:37:06.000,NYPD,Illegal Parking,Unauthorized Bus Layover,11225,Closed
57435692,2023-04-27T21:04:18.000,2023-04-28T15:25:56.000,DOT,Street Condition,Blocked - Construction,11218,Closed
57433739,2023-04-27T15:57:03.000,2023-05-04T16:31:24.000,HPD,DOOR/WINDOW,DOOR,11226,Closed
57431141,2023-04-26T22:16:37.000,2023-05-05T12:25:30.000,HPD,PAINT/PLASTER,WALL,10471,Closed
57428345,2023-04-26T10:05:48.000,2023-04-27T07:12:08.000,DSNY,Street Sweeping Complaint,Inadequate Sweeping,11236,Closed
57431704,2023-04-26T11:34:49.000,2023-05-05T12:59:48.000,HPD,PAINT/PLASTER,WALL,10032,Closed
57431623,2023-04-26T10:46:37.000,2023-06-18T18:07:17.000,HPD,GENERAL,CABINET,11226,Closed
57434219,2023-04-27T11:49:47.000,2023-05-09T09:15:57.000,HPD,APPLIANCE,REFRIGERATOR,10040,Closed
57433195,2023-04-27T16:13:13.000,2023-04-27T18:23:57.000,NYPD,Illegal Parking,Posted Parking Sign Violation,11377,Closed
57430146,2023-04-27T00:29:23.000,2023-04-27T00:59:11.000,NYPD,Noise - Residential,Loud Music/Party,11374,Closed
57428340,2023-04-27T00:21:53.000,2023-04-27T03:57:45.000,NYPD,Animal-Abuse,Other (complaint details),10466,Closed
57434274,2023-04-27T08:57:11.000,2023-05-16T11:37:10.000,DHS,Encampment,N/A,10009,Closed
57430023,2023-04-26T13:56:31.000,2023-04-26T14:54:51.000,DSNY,Vendor Enforcement,Non-Food Vendor,11220,Closed
57421648,2023-04-25T08:41:00.000,2023-04-27T11:26:00.000,DEP,Lead,Lead Kit Request (Residential) (L10),11368,Closed
57431926,2023-04-26T12:58:39.000,2023-04-28T00:00:00.000,DOT,Street Condition,Pothole,11420,Closed
57433964,2023-04-27T16:32:18.000,2023-04-28T06:39:52.000,DSNY,Residential Disposal Complaint,Waste Set Out Too Early or Too Late,10025,Closed
57429766,2023-04-26T19:47:56.000,2023-05-12T10:39:58.000,DPR,New Tree Request,For One Address,11418,Closed
57431082,2023-04-26T05:44:00.000,2023-04-27T03:45:00.000,DEP,Noise,Noise: Construction Before/After Hours (NM1),10467,Closed
57430939,2023-04-26T22:41:40.000,2023-04-26T23:08:55.000,NYPD,Noise - Residential,Loud Music/Party,10002,Closed
57429996,2023-04-26T11:26:11.000,2023-05-18T10:18:28.000,DOT,Curb Condition,Defacement,10469,Closed
57434059,2023-04-28T00:26:15.000,2023-04-28T01:44:13.000,NYPD,Noise - Residential,Loud Music/Party,11365,Closed
57435836,2023-04-26T20:20:54.000,2023-05-17T00:00:00.000,DOB,Elevator,Elevator - Single Device On Property/No Alternate Service,10031,Closed
57429050,2023-04-27T00:10:11.000,2023-04-27T00:35:08.000,NYPD,Noise - Residential,Loud Music/Party,11378,Closed
57427540,2023-04-26T19:04:52.000,2023-04-28T06:06:15.000,DSNY,Dirty Condition,Trash,10027,Closed
57429680,2023-04-26T08:55:06.000,2023-04-27T14:05:07.000,HPD,ELECTRIC,NO LIGHTING,10462,Closed
57430118,2023-04-26T21:20:32.000,2023-04-29T14:02:36.000,HPD,WATER LEAK,DAMP SPOT,11222,Closed
57435682,2023-04-27T15:36:47.000,2023-05-15T09:58:47.000,DPR,Damaged Tree,Branch Cracked and Will Fall,11223,Closed
57422642,2023-04-25T17:03:40.000,2023-04-25T18:54:00.000,NYPD,Noise - Residential,Loud Music/Party,11421,Closed
57428901,2023-04-26T12:55:04.000,2023-05-20T12:11:55.000,HPD,APPLIANCE,ELECTRIC/GAS RANGE,10031,Closed
57431582,2023-04-26T08:07:14.000,2023-04-26T14:54:07.000,NYPD,Blocked Driveway,No Access,11368,Closed
57432947,2023-04-27T22:41:00.000,2023-04-29T07:33:00.000,DSNY,Derelict Vehicles,Derelict Vehicles,10454,Closed
57428569,2023-04-26T13:19:22.000,2023-04-26T14:16:45.000,NYPD,Noise - Vehicle,Car/Truck Horn,11225,Closed
57434928,2023-04-27T10:24:01.000,2023-04-27T10:24:01.000,DOHMH,Unleashed Dog,Unleashed Dog in Public,11369,Closed
57427213,2023-04-26T21:13:35.000,2023-04-30T18:36:20.000,HPD,ELECTRIC,NO LIGHTING,10462,Closed
57419762,2023-04-25T14:36:03.000,2023-04-25T17:14:54.000,NYPD,Illegal Parking,Posted Parking Sign Violation,10034,Closed
57431411,2023-04-26T09:37:36.000,2023-04-26T11:18:44.000,DOT,Street Condition,Blocked - Construction,11226,Closed
57428214,2023-04-26T11:25:45.000,2023-05-07T18:03:54.000,HPD,GENERAL,JANITOR/SUPER,10031,Closed
57432519,2023-04-26T18:37:11.000,2023-05-01T21:28:18.000,DSNY,Residential Disposal Complaint,Trash or Recycling Not Secure,11206,Closed
57427678,2023-04-26T08:42:51.000,2023-04-30T18:29:02.000,HPD,WATER LEAK,HEAVY FLOW,10466,Closed
57433643,2023-04-27T13:20:28.000,2023-05-02T06:06:02.000,DSNY,Missed Collection,Recycling - Metal/Glass/Rigid Plastic,10454,Closed
57430837,2023-04-26T13:44:22.000,2023-04-26T13:44:22.000,DOB,Real Time Enforcement,Work Without A Permit - Occupied Multiple Dwelling,11249,Closed
57428123,2023-04-26T06:00:08.000,2023-04-26T13:02:55.000,NYPD,Illegal Parking,Blocked Hydrant,10455,Closed
57425445,2023-04-26T09:37:35.000,2023-04-26T10:18:51.000,NYPD,Blocked Driveway,No Access,11103,Closed
57424826,2023-04-26T19:55:00.000,2023-04-27T01:12:00.000,DOT,Street Light Condition,Street Light Out,10465,Closed
57429964,2023-04-26T23:50:00.000,2023-04-27T21:30:00.000,DEP,Noise,Noise: Construction Before/After Hours (NM1),10027,Closed
57435685,2023-04-27T22:19:54.000,2023-04-27T23:10:02.000,NYPD,Noise - Residential,Banging/Pounding,11214,Closed
57430114,2023-04-26T18:00:28.000,2024-04-05T09:10:08.000,DPR,New Tree Request,For One Address,10011,Closed
57427793,2023-04-26T15:32:00.000,2023-04-27T03:30:00.000,DOT,Traffic Signal Condition,Ped Lamp,11357,Closed
57433437,2023-04-27T10:38:59.000,2023-05-01T14:26:59.000,DOT,Street Sign - Dangling,Stop,11355,Closed
57436002,2023-04-27T21:52:51.000,2025-05-13T16:38:36.000,DPR,New Tree Request,For One Address,10014,Closed
57422510,2023-04-25T19:31:16.000,2023-04-25T20:12:24.000,NYPD,Abandoned Vehicle,With License Plate,11226,Closed
57432702,2023-04-26T22:14:00.000,2023-04-27T23:45:00.000,DEP,Noise,Noise: Construction Equipment (NC1),11385,Closed
58031005,2023-06-27T19:32:55.000,2023-06-27T20:10:39.000,NYPD,Non-Emergency Police Matter,Other (complaint details),10032,Closed
57429696,2023-04-26T08:30:00.000,2023-04-26T09:40:00.000,DOT,Traffic Signal Condition,Vehicle Signal,11223,Closed
57434552,2023-04-27T08:47:00.000,2023-04-07T08:47:00.000,DOT,Street Light Condition,Street Light Out,11208,Pending
55320474,2022-09-06T13:56:29.000,2022-09-06T16:39:51.000,NYPD,Blocked Driveway,No Access,11420,Closed
57435020,2023-04-27T15:59:00.000,2023-04-28T10:45:00.000,DEP,Water System,Leak (Use Comments) (WA2),10301,Closed
57430239,2023-04-26T18:22:36.000,2023-04-26T18:42:53.000,NYPD,Illegal Parking,Parking Permit Improper Use,11209,Closed
57430906,2023-04-26T21:59:04.000,2023-04-26T23:15:25.000,NYPD,Noise - Residential,Loud Music/Party,11423,Closed
57428438,2023-04-27T00:00:49.000,2023-04-27T03:47:02.000,NYPD,Blocked Driveway,No Access,11214,Closed
57435003,2023-04-27T12:08:00.000,2023-04-28T14:00:00.000,DEP,Noise,Noise: Construction Equipment (NC1),11427,Closed
57430458,2023-04-26T23:13:31.000,2023-04-27T00:12:10.000,NYPD,Blocked Driveway,Partial Access,11238,Closed
57434100,2023-04-27T22:01:29.000,2023-05-01T09:42:35.000,DOHMH,Rodent,Signs of Rodents,11237,Closed
57422127,2023-04-25T09:49:49.000,2023-05-10T20:04:43.000,HPD,PLUMBING,BASIN/SINK,10302,Closed
57430654,2023-04-26T16:53:24.000,2023-05-01T13:54:16.000,DSNY,Illegal Posting,Poster or Sign,11208,Closed
57433328,2023-04-27T21:08:48.000,2023-04-27T21:28:27.000,NYPD,Abandoned Vehicle,With License Plate,11239,Closed
57427843,2023-04-26T12:31:56.000,2023-04-26T14:14:36.000,DOT,Street Condition,"Rough, Pitted or Cracked Roads",10306,Closed
57432145,2023-04-26T20:28:22.000,2023-05-01T20:20:14.000,HPD,FLOORING/STAIRS,FLOOR,11203,Closed
57427937,2023-04-26T07:26:11.000,2023-05-26T14:51:52.000,DSNY,Dirty Condition,Trash,10309,Closed
57425148,2023-04-26T23:03:58.000,2023-04-27T02:41:52.000,NYPD,Illegal Parking,Commercial Overnight Parking,11230,Closed
57433832,2023-04-26T22:58:42.000,2023-08-11T00:00:00.000,DOB,Special Projects Inspection Team (SPIT),Illegal Hotel Rooms In Residential Building,10069,Closed
57431494,2023-04-26T15:18:04.000,2023-04-26T17:08:44.000,NYPD,Illegal Parking,Paper License Plates,10033,Closed
57433355,2023-04-27T11:38:40.000,2023-04-27T13:51:12.000,NYPD,Illegal Parking,Posted Parking Sign Violation,11223,Closed
57424831,2023-04-26T10:29:00.000,2023-04-26T12:37:00.000,DOT,Street Light Condition,Street Light Out,11236,Closed
57434875,2023-04-27T14:45:00.000,2023-04-28T02:31:19.000,NYPD,Noise - Commercial,Car/Truck Music,10453,Closed
57435338,2023-04-27T05:22:40.000,2023-04-27T05:57:15.000,NYPD,Illegal Parking,Posted Parking Sign Violation,10305,Closed
57429975,2023-04-26T09:34:50.000,2024-06-04T00:19:14.000,DOHMH,Smoking,Smoking Violation,11220,Closed
57434517,2023-04-28T00:56:33.000,2023-04-28T22:50:02.000,NYPD,Noise - Street/Sidewalk,Loud Music/Party,10452,Closed
57428523,2023-04-26T12:56:57.000,2023-05-31T15:47:39.000,EDC,Noise - Helicopter,Other,10000,Closed
57435287,2023-04-27T20:03:57.000,2023-05-31T15:51:35.000,EDC,Noise - Helicopter,Other,10023,Closed
57429143,2023-04-26T21:17:37.000,2023-04-26T22:46:54.000,NYPD,Noise - Vehicle,Car/Truck Music,11201,Closed
57432742,2023-04-26T18:26:55.000,2023-04-27T20:38:36.000,HPD,ELECTRIC,OUTLET/SWITCH,10467,Closed
57431648,2023-04-27T01:56:18.000,2023-04-27T03:20:40.000,NYPD,Abandoned Vehicle,With License Plate,11205,Closed
57430410,2023-04-26T11:23:38.000,2023-04-26T12:06:52.000,NYPD,Noise - Residential,Banging/Pounding,11235,Closed
57433358,2023-04-27T20:34:36.000,2023-04-27T22:33:47.000,NYPD,Noise - Residential,Loud Music/Party,10027,Closed
57423067,2023-04-26T07:32:28.000,2023-04-26T08:18:24.000,NYPD,Illegal Parking,Blocked Bike Lane,11109,Closed
57435801,2023-04-27T10:01:20.000,2023-04-29T14:53:28.000,DSNY,Missed Collection,Compost,11222,Closed
57434225,2023-04-27T13:36:45.000,2023-05-03T11:32:57.000,DSNY,Street Sweeping Complaint,Street Not Swept,11209,Closed
57426913,2023-04-26T02:10:05.000,2023-04-26T02:29:48.000,NYPD,Illegal Parking,Blocked Hydrant,11421,Closed
57432956,2023-04-27T00:07:51.000,2023-04-30T18:46:04.000,HPD,HEAT/HOT WATER,ENTIRE BUILDING,10033,Closed
57430518,2023-04-27T01:40:30.000,2023-05-02T00:00:00.000,DSNY,Graffiti,Graffiti,10009,Closed
57432716,2023-04-26T13:20:00.000,2023-04-28T16:50:00.000,DEP,Water System,Leak (Use Comments) (WA2),10307,Closed
57428733,2023-04-26T08:22:56.000,2023-04-26T08:22:56.000,DOB,Real Time Enforcement,Work Without A Permit - Occupied Multiple Dwelling,11237,Closed
57430733,2023-04-27T00:14:08.000,2023-04-27T01:21:33.000,NYPD,Drug Activity,Use Outside,11366,Closed
57429678,2023-04-26T20:24:05.000,2023-04-26T20:35:12.000,NYPD,Noise - Residential,Loud Music/Party,11221,Closed
57423862,2023-04-26T18:16:23.000,2023-05-04T11:01:16.000,TLC,For Hire Vehicle Complaint,Driver Complaint - Non Passenger,10007,Closed
57431980,2023-04-26T09:58:41.000,2023-04-26T10:00:39.000,NYPD,Illegal Parking,Blocked Bike Lane,11101,Closed
57435806,2023-04-27T06:57:41.000,2023-04-27T07:17:28.000,NYPD,Blocked Driveway,No Access,11204,Closed
57434624,2023-04-27T13:32:50.000,2023-04-29T14:47:10.000,DSNY,Missed Collection,Compost,11222,Closed
57429463,2023-04-26T11:31:50.000,2023-04-28T13:37:29.000,HPD,PAINT/PLASTER,WALL,10463,Closed
57427972,2023-04-26T13:33:45.000,2023-05-30T07:28:46.000,TLC,For Hire Vehicle Complaint,Driver Complaint - Non Passenger,10003,Closed
57428491,2023-04-26T09:53:00.000,2023-04-27T08:36:00.000,DSNY,Derelict Vehicles,Derelict Vehicles,11213,Closed
57433323,2023-04-27T21:19:05.000,2023-04-27T22:57:02.000,NYPD,Noise - Residential,Loud Music/Party,10459,Closed
57425489,2023-04-26T21:08:12.000,2023-04-27T01:32:30.000,NYPD,Noise - Residential,Banging/Pounding,11226,Closed
57429934,2023-04-26T20:26:37.000,2023-04-26T21:56:32.000,NYPD,Noise - Residential,Banging/Pounding,10011,Closed
57435570,2023-04-27T15:09:36.000,2023-04-28T00:36:00.000,NYPD,Noise - Residential,Loud Music/Party,11222,Closed
57431834,2023-04-26T10:26:58.000,2023-04-26T13:03:00.000,NYPD,Illegal Parking,Paper License Plates,11222,Closed
57433496,2023-04-27T18:28:23.000,2023-05-04T16:16:45.000,HPD,UNSANITARY CONDITION,MOLD,10034,Closed
57434432,2023-04-27T12:50:37.000,2023-04-28T13:07:54.000,HPD,HEAT/HOT WATER,APARTMENT ONLY,11412,Closed
57429091,2023-04-26T13:55:29.000,2023-04-28T20:08:09.000,HPD,PLUMBING,BATHTUB/SHOWER,11427,Closed
57419757,2023-04-25T19:08:14.000,2023-07-16T16:17:08.000,HPD,PLUMBING,BASIN/SINK,11233,Closed
57434717,2023-04-27T05:21:55.000,2023-04-27T05:29:35.000,NYPD,Illegal Parking,Blocked Crosswalk,11214,Closed
57433380,2023-04-27T05:36:25.000,2023-04-27T05:52:05.000,NYPD,Noise - Residential,Loud Talking,11234,Closed
57432074,2023-04-26T10:20:37.000,2023-04-26T10:23:44.000,NYPD,Blocked Driveway,No Access,11104,Closed
57432146,2023-04-26T04:05:44.000,2023-04-26T11:45:02.000,HPD,HEAT/HOT WATER,ENTIRE BUILDING,10033,Closed
57428935,2023-04-26T11:45:43.000,2023-04-26T13:07:25.000,NYPD,Panhandling,N/A,,Closed
57430932,2023-04-26T05:58:47.000,2023-04-28T07:16:20.000,HPD,HEAT/HOT WATER,ENTIRE BUILDING,11226,Closed
57433845,2023-04-27T13:51:24.000,2023-04-28T09:42:25.000,DSNY,Dirty Condition,Trash,10022,Closed
57432953,2023-04-27T12:23:55.000,2023-05-01T18:51:57.000,HPD,PLUMBING,TOILET,11103,Closed
57434888,2023-04-27T14:54:00.000,2023-04-27T17:00:00.000,DOT,Traffic Signal Condition,Veh Signal Lamp,11432,Closed
57435811,2023-04-27T18:18:14.000,2023-05-03T20:46:00.000,HPD,DOOR/WINDOW,WINDOW FRAME,10303,Closed
57431018,2023-04-26T08:18:50.000,2023-05-03T09:16:48.000,DSNY,Missed Collection,Trash and Bulky Trash,11219,Closed
57435698,2023-04-27T18:47:47.000,2023-04-27T21:26:39.000,NYPD,Noise - Residential,Loud Talking,11225,Closed
57428012,2023-04-26T06:49:37.000,2023-04-26T08:21:05.000,NYPD,Illegal Parking,Unauthorized Bus Layover,11211,Closed
57435957,2023-04-27T18:15:54.000,2023-04-28T02:35:34.000,NYPD,Illegal Parking,Blocked Sidewalk,10457,Closed
57435128,2023-04-27T19:28:23.000,2023-05-22T08:49:56.000,TLC,Taxi Complaint,Driver Complaint - Non Passenger,11106,Closed
57435131,2023-04-27T08:32:46.000,2023-04-27T09:04:01.000,NYPD,Drug Activity,Use Outside,11366,Closed
57434911,2023-04-27T12:53:00.000,2023-04-28T12:00:00.000,DEP,Noise,Noise: Jack Hammering (NC2),11412,Closed
57435251,2023-04-27T20:05:18.000,2023-05-31T15:51:37.000,EDC,Noise - Helicopter,Other,10023,Closed
57428216,2023-04-26T10:45:38.000,2023-04-26T11:23:18.000,NYPD,Abandoned Vehicle,With License Plate,11417,Closed
57431507,2023-04-26T15:41:05.000,2023-07-19T08:57:59.000,TLC,For Hire Vehicle Complaint,Driver Complaint - Non Passenger,10021,Closed
57427914,2023-04-26T04:56:12.000,2023-05-31T15:45:11.000,EDC,Noise - Helicopter,Other,11238,Closed
57431593,2023-04-26T09:46:43.000,2023-04-26T10:01:45.000,NYPD,Illegal Parking,Posted Parking Sign Violation,11218,Closed
57428699,2023-04-26T09:34:59.000,2023-04-26T10:05:25.000,NYPD,Blocked Driveway,No Access,11415,Closed
57435325,2023-04-27T20:28:17.000,2023-04-27T23:42:07.000,NYPD,Illegal Parking,Blocked Hydrant,11385,Closed
57431764,2023-04-26T17:44:45.000,2023-04-26T18:48:17.000,NYPD,Noise - Vehicle,Car/Truck Horn,11366,Closed
57433082,2023-04-27T04:23:00.000,2023-04-27T09:53:00.000,DSNY,Derelict Vehicles,Derelict Vehicles,11208,Closed
57419073,2023-04-25T21:58:31.000,2023-07-21T12:13:30.000,TLC,Taxi Complaint,Driver Complaint - Passenger,10011,Closed
57433994,2023-04-27T15:38:12.000,2023-05-03T08:58:14.000,DSNY,Dead Animal,Squirrel,11234,Closed
57428842,2023-04-26T15:20:08.000,2023-06-28T08:59:57.000,HPD,ELECTRIC,WIRING,11226,Closed
57431276,2023-04-26T16:12:08.000,2023-04-26T17:21:36.000,NYPD,Illegal Parking,Posted Parking Sign Violation,10307,Closed
57434189,2023-04-27T13:19:39.000,2023-04-27T13:49:57.000,NYPD,Illegal Parking,Blocked Bike Lane,11217,Closed
57424207,2023-04-26T19:12:24.000,2023-04-26T19:40:28.000,NYPD,Bike/Roller/Skate Chronic,N/A,11219,Closed
57435728,2023-04-28T01:15:42.000,2023-04-28T03:24:04.000,NYPD,Noise - Street/Sidewalk,Loud Talking,10040,Closed
57433040,2023-04-27T10:32:51.000,2023-04-27T11:10:16.000,NYPD,Encampment,N/A,,Closed
57435971,2023-04-27T14:34:33.000,2023-09-28T20:38:00.000,HPD,PLUMBING,BASIN/SINK,10033,Closed
57432400,2023-04-26T21:21:19.000,2023-04-26T21:38:16.000,NYPD,Illegal Parking,Commercial Overnight Parking,11225,Closed
57430903,2023-04-27T01:47:21.000,2023-04-27T02:37:37.000,NYPD,Blocked Driveway,No Access,11226,Closed
57430802,2023-04-26T13:31:47.000,2023-04-28T12:45:04.000,DSNY,Illegal Dumping,Chronic Dumping,11235,Closed
57434839,2023-04-27T11:11:00.000,2023-04-21T11:11:00.000,DOT,Street Light Condition,Lamppost Base Door/Cover Open,11231,Pending
57432890,2023-04-27T11:58:50.000,2023-04-27T11:58:50.000,DOHMH,Rodent,Signs of Rodents,10473,Closed
57425746,2023-04-26T13:03:54.000,2023-12-29T13:59:25.000,DPR,Maintenance or Facility,Grass/Weeds,11413,Closed
57430372,2023-04-27T00:08:25.000,2023-04-27T03:06:28.000,NYPD,Noise - Residential,Banging/Pounding,11367,Closed
57435311,2023-04-27T19:44:58.000,2023-05-31T15:51:11.000,EDC,Noise - Helicopter,Other,10023,Closed
57432957,2023-04-27T23:39:19.000,2023-04-28T06:43:28.000,DSNY,Obstruction,Trash or Recycling,10027,Closed
57429001,2023-04-26T11:19:26.000,2023-05-16T07:12:37.000,HPD,UNSANITARY CONDITION,MOLD,10466,Closed
57434323,2023-04-27T23:54:33.000,2023-04-30T11:38:28.000,HPD,HEAT/HOT WATER,APARTMENT ONLY,10040,Closed
57435497,2023-04-27T19:16:31.000,2023-04-27T23:06:11.000,NYPD,Noise - Residential,Loud Music/Party,11366,Closed
57435794,2023-04-27T10:21:31.000,2023-04-28T08:20:41.000,DSNY,Missed Collection,Trash,11232,Closed
57432565,2023-04-26T08:01:59.000,2023-05-16T11:08:40.000,HPD,ELECTRIC,NO LIGHTING,11234,Closed
57435809,2023-04-27T07:19:46.000,2023-04-27T08:14:08.000,NYPD,Blocked Driveway,No Access,11218,Closed
57432707,2023-04-26T13:09:06.000,2023-05-01T02:02:52.000,HPD,UNSANITARY CONDITION,PESTS,10039,Closed
57435658,2023-04-27T21:29:58.000,2023-04-27T22:08:37.000,NYPD,Noise - Residential,Loud Music/Party,11206,Closed
57435240,2023-04-26T20:08:52.000,2023-06-21T00:00:00.000,DOB,Building/Use,Illegal Conversion Of Residential Building/Space,11412,Closed
57433813,2023-04-27T12:07:09.000,2023-04-27T14:14:54.000,NYPD,Blocked Driveway,No Access,11237,Closed
57431546,2023-04-26T06:46:04.000,2023-04-26T15:15:24.000,HPD,HEAT/HOT WATER,ENTIRE BUILDING,11217,Closed
57435882,2023-04-27T18:08:00.000,2023-04-28T08:07:00.000,DEP,Noise,"Noise, Barking Dog (NR5)",11237,Closed
57432150,2023-04-26T20:38:35.000,2023-04-26T22:17:52.000,NYPD,Noise - Residential,Banging/Pounding,10462,Closed
57428706,2023-04-26T16:04:58.000,2023-04-28T07:23:33.000,HPD,HEAT/HOT WATER,ENTIRE BUILDING,11238,Closed
57434213,2023-04-27T14:29:09.000,2023-05-08T13:25:43.000,DOT,Street Condition,Failed Street Repair,11416,Closed
57435487,2023-04-27T16:11:39.000,2023-04-27T18:07:30.000,NYPD,Illegal Parking,Blocked Sidewalk,11201,Closed
57434152,2023-04-27T18:46:31.000,2023-05-31T15:50:47.000,EDC,Noise - Helicopter,Other,11417,Closed
57431647,2023-04-26T19:10:00.000,2023-04-26T19:30:00.000,DOT,Traffic Signal Condition,Pedestrian Signal,10459,Closed
57427968,2023-04-26T09:16:10.000,2023-04-26T09:50:17.000,NYPD,Illegal Parking,Blocked Hydrant,11420,Closed
57427814,2023-04-26T19:56:01.000,2023-04-27T04:27:53.000,NYPD,Blocked Driveway,Partial Access,11378,Closed
57431321,2023-04-26T14:54:56.000,2023-05-01T17:26:24.000,HPD,PLUMBING,WATER SUPPLY,10458,Closed
57433098,2023-04-27T14:38:00.000,2023-04-27T15:15:00.000,DEP,Water Conservation,Water Meter Broken/Leaking - Other (CMO),11220,Closed
57428327,2023-04-26T08:32:43.000,2023-04-27T08:29:57.000,DOT,Street Condition,Failed Street Repair,10465,Closed
57433700,2023-04-27T15:01:48.000,2023-05-05T14:30:48.000,DSNY,Illegal Dumping,Removal Request,11367,Closed
57429621,2023-04-26T12:58:42.000,2023-04-26T12:58:42.000,DOHMH,Rodent,Signs of Rodents,10014,Closed
57428435,2023-04-26T21:48:00.000,2023-04-26T23:23:06.000,NYPD,Noise - Residential,Loud Music/Party,10039,Closed
57432870,2023-04-27T17:44:04.000,2023-04-27T19:06:24.000,NYPD,Illegal Parking,Blocked Sidewalk,10011,Closed
57433935,2023-04-27T20:51:42.000,2023-05-31T15:51:57.000,EDC,Noise - Helicopter,Other,10023,Closed
57433251,2023-04-27T06:46:38.000,2023-05-01T13:29:55.000,DSNY,Illegal Dumping,Removal Request,10304,Closed
57433895,2023-04-27T21:17:00.000,2023-04-27T23:31:00.000,DSNY,Derelict Vehicles,Derelict Vehicles,11369,Closed
57434129,2023-04-27T08:56:13.000,2023-04-27T09:02:00.000,NYPD,Illegal Parking,Blocked Bike Lane,11101,Closed
57432700,2023-04-25T21:21:24.000,2023-06-13T00:00:00.000,DOB,Special Projects Inspection Team (SPIT),Illegal Hotel Rooms In Residential Building,11355,Closed
57430492,2023-04-26T17:48:02.000,2023-04-26T22:03:24.000,NYPD,Noise - Residential,Loud Music/Party,10453,Closed
57433312,2023-04-27T12:34:32.000,2024-11-12T17:25:51.000,DPR,Damaged Tree,Tree Alive - in Poor Condition,11385,Closed
57430155,2023-04-26T17:54:31.000,,DPR,Dead/Dying Tree,Planted More Than 2 Years Ago,11228,In Progress
57419944,2023-04-25T15:41:26.000,2023-04-25T15:57:12.000,NYPD,Illegal Parking,Blocked Sidewalk,11104,Closed
57433878,2023-04-27T07:48:31.000,2023-04-27T12:22:22.000,HPD,HEAT/HOT WATER,ENTIRE BUILDING,10452,Closed
57435385,2023-04-27T07:32:01.000,2023-04-27T09:02:32.000,NYPD,Illegal Parking,Blocked Sidewalk,11101,Closed
57429960,2023-04-26T18:33:41.000,2023-04-27T01:48:28.000,NYPD,Noise - Residential,Loud Music/Party,11238,Closed
57430233,2023-04-26T18:36:11.000,2023-04-27T00:15:31.000,NYPD,Illegal Parking,Double Parked Blocking Traffic,10474,Closed
57435586,2023-04-27T17:36:18.000,2023-04-27T19:42:12.000,HPD,HEAT/HOT WATER,ENTIRE BUILDING,11210,Closed
57429724,2023-04-26T13:11:19.000,2023-05-03T09:02:55.000,HPD,PAINT/PLASTER,CEILING,11374,Closed
57430797,2023-04-26T08:03:11.000,2023-04-26T09:06:54.000,NYPD,Illegal Parking,Blocked Sidewalk,11224,Closed
57433885,2023-04-27T15:32:45.000,2023-05-18T19:31:13.000,HPD,PLUMBING,BATHTUB/SHOWER,10468,Closed
57434145,2023-04-27T10:47:00.000,2023-04-28T07:44:00.000,DEP,Air Quality,"Air: Odor/Fumes, Vehicle Idling (AD3)",11218,Closed
57435382,2023-04-27T13:10:52.000,2023-04-27T14:12:02.000,NYPD,Illegal Parking,Blocked Sidewalk,11214,Closed
57427811,2023-04-26T16:35:59.000,2023-05-01T13:52:34.000,DSNY,Illegal Posting,Poster or Sign,11208,Closed
57429406,2023-04-26T10:49:51.000,2023-09-25T00:00:00.000,DOB,Building/Use,Illegal Conversion Of Residential Building/Space,11385,Closed
57433591,2023-04-27T08:07:52.000,2023-05-03T15:03:55.000,DSNY,Missed Collection,Bulky Trash,11225,Closed
57429339,2023-04-26T16:26:24.000,2023-04-26T20:52:58.000,NYPD,Blocked Driveway,No Access,10461,Closed
57431843,2023-04-26T06:54:13.000,2023-04-26T22:00:22.000,DOHMH,Rodent,Condition Attracting Rodents,10452,Closed
57435824,2023-04-27T10:10:37.000,2023-05-05T18:18:19.000,HPD,APPLIANCE,ELECTRIC/GAS RANGE,11226,Closed
57426522,2023-04-26T11:06:08.000,2023-04-27T11:08:12.000,DCWP,Consumer Complaint,Bodega/Deli/Supermarket,10032,Closed
57431291,2023-04-26T16:39:49.000,2023-04-27T11:44:37.000,DSNY,Residential Disposal Complaint,Waste Set Out Too Early or Too Late,10036,Closed
57431302,2023-04-26T14:54:58.000,2023-04-27T03:16:58.000,DSNY,Dirty Condition,Trash,11418,Closed
57432915,2023-04-27T10:31:59.000,2023-04-27T11:25:32.000,NYPD,Noise - Residential,Banging/Pounding,11372,Closed
57431041,2023-04-26T12:25:00.000,2023-04-26T12:25:00.000,DOT,Street Light Condition,Lamppost Base Door/Cover Open,11432,Closed
57428392,2023-04-26T11:12:51.000,2023-04-26T11:35:46.000,NYPD,Noise - Street/Sidewalk,Loud Talking,11420,Closed
57430298,2023-04-26T22:28:30.000,2023-04-27T04:16:02.000,NYPD,Blocked Driveway,No Access,10454,Closed
57428474,2023-04-26T09:30:42.000,2023-05-04T15:30:06.000,HPD,PLUMBING,BASIN/SINK,10039,Closed
57426237,2023-04-26T14:02:29.000,2023-04-27T10:09:48.000,DHS,Homeless Person Assistance,,,Closed
57430051,2023-04-26T06:40:33.000,2023-04-26T10:35:43.000,NYPD,Blocked Driveway,No Access,11233,Closed
57423627,2023-04-26T13:18:00.000,2023-04-27T11:46:00.000,DOT,Street Light Condition,Street Light Out,11229,Closed
57429407,2023-04-26T07:08:36.000,2023-04-27T13:04:02.000,DSNY,Illegal Dumping,Chronic Dumping,11385,Closed
57434082,2023-04-28T01:04:47.000,2023-04-28T03:18:51.000,NYPD,Noise - Residential,Loud Music/Party,11370,Closed
57432522,2023-04-26T18:01:08.000,2023-04-26T18:55:20.000,NYPD,Noise - Street/Sidewalk,Loud Music/Party,10451,Closed
57435745,2023-04-27T11:08:56.000,2023-05-08T09:21:11.000,HPD,DOOR/WINDOW,DOOR,11224,Closed
57429300,2023-04-26T09:25:41.000,2023-05-06T14:58:41.000,DSNY,Sanitation Worker or Vehicle Complaint,Inappropriate Behavior,11434,Closed
57429940,2023-04-26T08:15:41.000,2023-04-27T06:34:00.000,HPD,HEAT/HOT WATER,APARTMENT ONLY,10467,Closed
57432206,2023-04-26T09:56:22.000,2023-04-26T10:00:46.000,NYPD,Illegal Parking,Blocked Bike Lane,11101,Closed
57433983,2023-04-27T17:26:55.000,2023-04-27T18:22:51.000,NYPD,Illegal Parking,Blocked Hydrant,11419,Closed
57435316,2023-04-27T11:01:16.000,2023-04-30T17:55:08.000,HPD,SAFETY,WINDOW GUARD BROKEN/MISSING,10033,Closed
57429779,2023-04-26T18:09:12.000,2023-04-26T19:46:22.000,NYPD,Illegal Parking,Posted Parking Sign Violation,11357,Closed
57431062,2023-04-26T20:46:07.000,2023-04-27T21:13:21.000,DSNY,Dirty Condition,Dog Waste,10128,Closed
57432719,2023-04-26T07:46:28.000,2023-04-26T13:14:58.000,HPD,HEAT/HOT WATER,APARTMENT ONLY,10467,Closed
57431986,2023-04-26T19:57:56.000,2023-04-26T21:33:06.000,NYPD,Noise - Residential,Banging/Pounding,10027,Closed
57432031,2023-04-26T22:02:53.000,2023-04-27T00:54:44.000,NYPD,Illegal Parking,Blocked Hydrant,11211,Closed
57428039,2023-04-26T05:53:50.000,2023-04-26T10:08:39.000,NYPD,Abandoned Vehicle,With License Plate,11239,Closed
57429156,2023-04-27T01:18:41.000,2023-04-27T01:50:00.000,NYPD,Noise - Residential,Banging/Pounding,10034,Closed
57428808,2023-04-26T11:56:00.000,2023-04-26T16:00:00.000,DEP,Hazardous Materials,"Oil Spill On Street, Large (HQL)",10039,Closed
59383587,2023-11-09T12:51:24.000,2023-11-09T13:03:46.000,NYPD,Illegal Parking,Posted Parking Sign Violation,11219,Closed
57431550,2023-04-26T10:46:49.000,2023-04-26T17:04:07.000,HPD,HEAT/HOT WATER,ENTIRE BUILDING,10468,Closed
57436033,2023-04-27T14:00:09.000,2023-04-29T17:49:19.000,HPD,WATER LEAK,HEAVY FLOW,10468,Closed
57427923,2023-04-26T07:47:27.000,2023-04-27T09:43:49.000,DOE,School Maintenance,Rodents/Mice,10461,Closed
57429909,2023-04-26T08:04:59.000,2023-05-03T10:40:29.000,DSNY,Sanitation Worker or Vehicle Complaint,Inappropriate Behavior,10471,Closed
57431788,2023-04-26T13:13:52.000,2023-04-27T00:00:00.000,DOB,General Construction/Plumbing,Building Shaking/Vibrating/Structural Stability,11238,Closed
57431713,2023-04-26T08:11:50.000,2023-06-02T12:37:39.000,DSNY,Missed Collection,Trash and Bulky Trash,10019,Closed
57422120,2023-04-25T12:00:59.000,2023-04-25T12:00:59.000,DOHMH,Rodent,Signs of Rodents,10028,Closed
57433892,2023-04-27T08:21:11.000,2023-04-27T09:06:06.000,HPD,HEAT/HOT WATER,ENTIRE BUILDING,11106,Closed
57432462,2023-04-26T17:19:29.000,2023-04-27T10:37:24.000,DSNY,Dirty Condition,Trash,10025,Closed
57434577,2023-04-27T18:07:59.000,2023-04-28T11:37:00.000,DCWP,Consumer Complaint,Retail Store,11216,Closed
57431094,2023-04-26T12:48:05.000,2023-04-26T19:19:39.000,NYPD,Noise - Vehicle,Car/Truck Music,11436,Closed
57431770,2023-04-26T10:33:17.000,2023-04-26T12:20:36.000,NYPD,Illegal Parking,Blocked Sidewalk,11104,Closed
57429134,2023-04-26T16:59:00.000,2023-04-27T21:50:00.000,DEP,Water System,Dirty Water (WE),10309,Closed
55317022,2022-09-06T10:51:15.000,2022-09-12T12:54:46.000,DSNY,Litter Basket Request,New Basket,11101,Closed
57434182,2023-04-27T22:07:36.000,2023-04-28T22:33:00.000,NYPD,Noise - Residential,Loud Music/Party,10452,Closed
57428473,2023-04-26T17:28:43.000,2023-04-27T09:02:44.000,DOT,Broken Parking Meter,Coin or Card Did Not Register,,Closed
57435937,2023-04-27T08:41:00.000,2023-05-02T11:30:00.000,DEP,Noise,Noise: air condition/ventilation equipment (NV1),10451,Closed
57429355,2023-04-26T18:59:45.000,2023-04-26T21:00:15.000,NYPD,Noise - Residential,Banging/Pounding,10468,Closed
57435148,2023-04-27T14:32:21.000,2023-07-06T14:55:52.000,TLC,For Hire Vehicle Complaint,Driver Complaint - Non Passenger,10011,Closed
57423063,2023-04-26T20:22:10.000,2023-04-27T08:47:29.000,HPD,HEAT/HOT WATER,ENTIRE BUILDING,10034,Closed
57431761,2023-04-26T16:57:50.000,2023-05-31T15:48:29.000,EDC,Noise - Helicopter,Other,10023,Closed
57430749,2023-04-26T18:14:31.000,2023-04-26T22:17:44.000,HPD,HEAT/HOT WATER,ENTIRE BUILDING,10029,Closed
57435095,2023-04-27T11:59:44.000,2023-05-04T14:44:15.000,HPD,FLOORING/STAIRS,FLOOR,10036,Closed
57434436,2023-04-27T09:27:17.000,2023-04-27T12:01:13.000,NYPD,Illegal Parking,Blocked Bike Lane,11205,Closed
57428717,2023-04-26T10:36:39.000,2023-04-27T06:33:59.000,HPD,HEAT/HOT WATER,APARTMENT ONLY,10468,Closed
57419647,2023-04-25T06:15:05.000,2023-04-25T20:57:59.000,HPD,HEAT/HOT WATER,ENTIRE BUILDING,10462,Closed
57430995,2023-04-26T10:51:05.000,2023-05-09T15:51:03.000,DPR,Maintenance or Facility,Snow or Ice,11216,Closed
57432360,2023-04-26T20:19:17.000,2023-04-26T22:21:19.000,NYPD,Noise - Residential,Loud Talking,11368,Closed
57429080,2023-04-26T10:20:01.000,2023-04-26T14:16:28.000,NYPD,Illegal Parking,Posted Parking Sign Violation,10007,Closed
57429353,2023-04-26T17:31:00.000,2023-04-27T02:27:50.000,NYPD,Noise - Residential,Banging/Pounding,11372,Closed
57474780,2023-05-01T17:43:03.000,2023-05-01T19:26:52.000,NYPD,Blocked Driveway,Partial Access,11223,Closed
57429015,2023-04-26T08:04:03.000,2023-04-27T07:04:02.000,DSNY,Missed Collection,Bulky Trash,11379,Closed
57434409,2023-04-27T15:59:00.000,2023-05-24T11:15:00.000,DEP,Water System,Hydrant Leaking (WC1),11421,Closed
57432510,2023-04-26T09:42:34.000,2023-05-05T13:06:21.000,DSNY,Missed Collection,Recycling - Paper/Metal/Glass/Rigid Plastic,11432,Closed
57434689,2023-04-27T09:07:00.000,2023-04-27T09:07:00.000,DOT,Street Light Condition,Street Light Out,11421,Closed
57429655,2023-04-26T10:27:42.000,2023-08-10T00:00:00.000,DOB,Building/Use,Illegal Conversion Of Residential Building/Space,11220,Closed
57435812,2023-04-27T18:28:24.000,2023-05-04T16:16:45.000,HPD,ELECTRIC,NO LIGHTING,10034,Closed
57435780,2023-04-27T08:17:44.000,2023-04-28T12:57:45.000,DSNY,Obstruction,Weeds or Grass,10463,Closed
57432469,2023-04-26T22:15:45.000,2023-04-26T22:30:19.000,NYPD,Illegal Parking,Posted Parking Sign Violation,11205,Closed
57427166,2023-04-26T04:45:52.000,2023-05-31T15:45:09.000,EDC,Noise - Helicopter,Other,11217,Closed
57429494,2023-04-26T18:03:00.000,2023-04-28T10:35:00.000,DSNY,Electronics Waste Appointment,Ewaste appointment,10312,Closed
57435660,2023-04-27T19:08:24.000,2023-04-29T12:07:12.000,HPD,HEAT/HOT WATER,APARTMENT ONLY,11369,Closed
57432961,2023-04-27T15:44:48.000,2023-04-27T21:55:02.000,NYPD,Abandoned Vehicle,With License Plate,10469,Closed
57420808,2023-04-25T06:56:14.000,2023-04-25T09:22:40.000,NYPD,Illegal Parking,Blocked Hydrant,11367,Closed
57427848,2023-04-26T14:37:07.000,2023-04-26T15:29:40.000,NYPD,Blocked Driveway,Partial Access,11214,Closed
57430652,2023-04-26T19:24:57.000,2023-04-26T19:46:31.000,NYPD,Illegal Parking,Blocked Crosswalk,10032,Closed
57428156,2023-04-26T13:00:42.000,2023-04-26T22:30:38.000,DSNY,Residential Disposal Complaint,Waste Set Out Too Early or Too Late,10312,Closed
57430728,2023-04-26T18:15:47.000,2023-12-20T11:07:09.000,DSNY,Graffiti,Graffiti,11235,Closed
57429387,2023-04-26T23:27:36.000,2023-04-27T03:53:30.000,NYPD,Noise - Residential,Banging/Pounding,10466,Closed
57429787,2023-04-26T07:33:25.000,2023-04-26T08:14:45.000,DPR,Animal in a Park,Dog Off Leash,11215,Closed
57420797,2023-04-25T10:54:38.000,2023-05-31T15:41:48.000,EDC,Noise - Helicopter,Other,11238,Closed
57428843,2023-04-26T16:31:33.000,2023-04-26T19:19:59.000,DPR,Animal in a Park,Dog Off Leash,11379,Closed
57433539,2023-04-27T19:02:20.000,2023-05-02T20:20:46.000,HPD,PLUMBING,BATHTUB/SHOWER,10030,Closed
57432996,2023-04-27T12:47:27.000,2023-04-27T13:19:12.000,NYPD,Illegal Parking,Blocked Sidewalk,11234,Closed
57431747,2023-04-26T19:35:55.000,2023-04-27T05:03:49.000,NYPD,Illegal Parking,Unauthorized Bus Layover,11229,Closed
57433226,2023-04-27T09:56:59.000,2023-04-27T10:49:07.000,NYPD,Encampment,N/A,10018,Closed
57428863,2023-04-26T22:28:12.000,2023-04-26T22:56:15.000,NYPD,Drug Activity,Use Outside,11366,Closed
57433470,2023-04-27T09:04:00.000,2023-04-17T09:04:00.000,DOT,Street Light Condition,Street Light Out,11229,Pending
57435108,2023-04-27T00:56:37.000,2023-09-05T08:08:26.000,HPD,DOOR/WINDOW,WINDOW FRAME,10469,Closed
57434341,2023-04-27T20:58:38.000,2023-04-28T00:12:35.000,NYPD,Abandoned Vehicle,With License Plate,11223,Closed
57430396,2023-04-26T07:32:18.000,2024-11-12T17:25:30.000,DPR,Damaged Tree,Branch or Limb Has Fallen Down,11215,Closed
57434497,2023-04-27T16:51:07.000,2023-04-27T19:47:56.000,NYPD,Illegal Parking,Posted Parking Sign Violation,11378,Closed
57431596,2023-04-26T08:24:59.000,2023-04-26T09:25:09.000,NYPD,Illegal Parking,Blocked Sidewalk,11210,Closed
57432033,2023-04-26T22:19:40.000,2023-04-27T19:50:08.000,HPD,HEAT/HOT WATER,ENTIRE BUILDING,10029,Closed
57428942,2023-04-26T08:12:14.000,2023-05-05T15:38:18.000,HPD,PAINT/PLASTER,CEILING,11210,Closed
57427665,2023-04-26T16:26:11.000,2023-04-27T00:00:00.000,DOB,Elevator,Elevator - Multiple Devices On Property,11355,Closed
57429253,2023-04-26T14:41:56.000,2023-05-11T14:33:20.000,DOT,Curb Condition,Defacement,10308,Closed
57432861,2023-04-27T02:37:23.000,2023-05-25T13:07:17.000,HPD,DOOR/WINDOW,DOOR,11104,Closed
57430295,2023-04-26T08:35:32.000,2023-05-31T15:46:04.000,EDC,Noise - Helicopter,Other,11238,Closed
57432347,2023-04-26T22:29:48.000,2023-04-26T22:41:52.000,NYPD,Noise - Residential,Banging/Pounding,10032,Closed
57432681,2023-04-26T17:34:15.000,2023-06-13T07:03:07.000,TLC,Taxi Complaint,Driver Complaint - Non Passenger,10012,Closed
57432022,2023-04-26T04:17:39.000,2023-04-26T10:15:36.000,NYPD,Illegal Parking,Blocked Hydrant,11103,Closed
57429007,2023-04-26T04:21:41.000,2023-04-26T04:35:40.000,NYPD,Noise - Commercial,Banging/Pounding,11249,Closed
57435066,2023-04-27T15:05:12.000,2023-04-27T18:16:37.000,NYPD,Illegal Parking,Blocked Hydrant,11106,Closed
57432834,2023-04-28T00:23:27.000,2023-04-28T00:33:07.000,NYPD,Noise - Vehicle,Car/Truck Horn,10016,Closed
57435380,2023-04-27T22:59:22.000,2023-05-01T13:29:17.000,DSNY,Illegal Dumping,Removal Request,10301,Closed
57427955,2023-04-26T16:29:51.000,2023-05-31T12:40:27.000,DSNY,Missed Collection,Recycling - Metal/Glass/Rigid Plastic,10037,Closed
57431338,2023-04-26T12:05:43.000,2023-04-26T12:05:43.000,DOHMH,Rodent,Rat Sighting,10462,Closed
57435890,2023-04-27T17:50:30.000,2024-02-02T15:57:22.000,HPD,PLUMBING,BASIN/SINK,11211,Closed
57427580,2023-04-26T22:19:04.000,2023-04-27T03:11:22.000,NYPD,Noise - Vehicle,Car/Truck Music,10305,Closed
57431364,2023-04-26T23:36:24.000,2023-04-26T23:43:53.000,NYPD,Non-Emergency Police Matter,Other (complaint details),11374,Closed
58061137,2023-06-30T12:10:56.000,2023-07-01T10:05:03.000,DSNY,Dirty Condition,Trash,10304,Closed
57429657,2023-04-26T21:29:35.000,2023-04-26T22:23:01.000,NYPD,Illegal Parking,Double Parked Blocking Vehicle,11238,Closed
57433280,2023-04-27T15:45:00.000,2023-04-27T17:05:00.000,DOT,Traffic Signal Condition,Controller,11432,Closed
55306469,2022-09-04T02:31:59.000,2022-09-04T05:35:04.000,NYPD,Noise - Street/Sidewalk,Loud Music/Party,10452,Closed
57435712,2023-04-27T21:45:00.000,2023-04-28T13:17:00.000,DSNY,Derelict Vehicles,Derelict Vehicles,11223,Closed
57429014,2023-04-26T10:59:48.000,2023-04-26T10:59:48.000,DOHMH,Rodent,Rat Sighting,10452,Closed
57427543,2023-04-26T17:02:00.000,2023-04-28T09:00:00.000,DEP,Water System,LOW WATER PRESSURE - WLWP,11423,Closed
57434834,2023-04-27T13:12:54.000,2023-04-29T14:48:43.000,DSNY,Missed Collection,Trash,11226,Closed
57432061,2023-04-26T10:23:44.000,2023-04-26T12:11:25.000,NYPD,Blocked Driveway,No Access,10452,Closed
57432817,2023-04-27T13:22:57.000,,DOHMH,Mobile Food Vendor,Smoke/Odor,10019,In Progress
57432637,2023-04-26T06:56:45.000,2023-05-03T00:00:00.000,DOB,Emergency Response Team (ERT),After Hours Work - Illegal,10040,Closed
57434516,2023-04-28T00:04:00.000,2023-04-28T02:06:16.000,NYPD,Blocked Driveway,No Access,11204,Closed
57432784,2023-04-27T20:40:40.000,2023-04-27T22:02:45.000,NYPD,Illegal Parking,Blocked Hydrant,10462,Closed
57433048,2023-04-27T00:01:48.000,2023-04-27T20:15:42.000,HPD,HEAT/HOT WATER,ENTIRE BUILDING,10003,Closed
57424937,2023-04-26T16:13:00.000,2023-04-27T09:58:00.000,DSNY,Derelict Vehicles,Derelict Vehicles,11233,Closed
57428913,2023-04-26T10:57:52.000,2023-05-14T17:30:20.000,HPD,UNSANITARY CONDITION,MOLD,10303,Closed
57434435,2023-04-27T17:42:08.000,2023-04-27T19:09:45.000,NYPD,Illegal Parking,Blocked Bike Lane,11101,Closed
57432625,2023-04-26T07:29:53.000,2023-05-14T02:03:34.000,HPD,GENERAL,COOKING GAS,11219,Closed
57429851,2023-04-26T17:28:45.000,2023-04-26T17:48:05.000,NYPD,Blocked Driveway,No Access,10029,Closed
57419320,2023-04-25T10:50:10.000,2023-05-18T10:55:04.000,DOHMH,Indoor Sewage,Sewage Leak,10301,Closed
57434805,2023-04-27T22:39:14.000,2023-04-27T23:13:39.000,NYPD,Blocked Driveway,No Access,11237,Closed
57419059,2023-04-25T09:29:47.000,2023-04-25T11:11:00.000,DHS,Homeless Person Assistance,,10023,Closed
57433903,2023-04-27T02:25:15.000,2023-04-29T18:54:59.000,HPD,HEAT/HOT WATER,ENTIRE BUILDING,11226,Closed
57429731,2023-04-26T16:45:19.000,2023-04-26T19:20:32.000,NYPD,Illegal Parking,Blocked Sidewalk,10469,Closed
57431990,2023-04-26T12:21:24.000,2023-04-27T00:00:00.000,DOB,Real Time Enforcement,Work Without A Permit - Occupied Multiple Dwelling,11226,Closed
57422236,2023-04-25T19:59:37.000,2023-04-26T08:03:48.000,DSNY,Missed Collection,Bulky Trash,11358,Closed
57435865,2023-04-27T14:06:43.000,2023-05-08T13:27:25.000,DOT,Street Condition,Blocked - Construction,11433,Closed
57431459,2023-04-26T11:00:04.000,2023-05-31T15:47:09.000,EDC,Noise - Helicopter,Other,10016,Closed
57435247,2023-04-27T16:28:22.000,2023-05-01T13:52:46.000,DSNY,Dirty Condition,Dog Waste,11106,Closed
57433173,2023-04-27T14:52:36.000,2025-01-13T00:00:00.000,DOB,Building/Use,Illegal Conversion Of Residential Building/Space,11420,Closed
57429294,2023-04-26T17:21:14.000,2023-04-27T10:11:19.000,HPD,HEAT/HOT WATER,ENTIRE BUILDING,10463,Closed
57431527,2023-04-26T17:47:42.000,2023-04-26T18:48:04.000,NYPD,Drug Activity,Use Outside,11366,Closed
57435417,2023-04-27T09:55:30.000,2023-05-14T11:40:49.000,HPD,PAINT/PLASTER,CEILING,10472,Closed
57434163,2023-04-27T18:49:35.000,2023-04-27T23:58:35.000,NYPD,Illegal Parking,Double Parked Blocking Traffic,11229,Closed
57425763,2023-04-26T10:40:42.000,2023-04-26T14:48:12.000,NYPD,Illegal Parking,Blocked Bike Lane,10026,Closed
57435229,2023-04-27T12:18:52.000,2023-04-27T16:10:06.000,NYPD,Illegal Parking,Blocked Hydrant,11209,Closed
57427952,2023-04-26T02:25:46.000,2023-04-26T05:45:54.000,DHS,Homeless Person Assistance,,10036,Closed
57431688,2023-04-26T14:51:46.000,2023-04-26T14:57:37.000,NYPD,Drug Activity,Use Outside,11432,Closed
57430000,2023-04-26T08:25:08.000,2023-04-26T12:04:18.000,DCWP,Consumer Complaint,Stoop Line,10036,Closed
57435855,2023-04-27T20:52:52.000,2023-04-30T09:47:19.000,HPD,ELECTRIC,POWER OUTAGE,11208,Closed
57432412,2023-04-26T22:10:24.000,2023-05-05T11:20:59.000,HPD,SAFETY,CARBON MONOXIDE DETECTOR,11208,Closed
57428697,2023-04-26T21:49:49.000,2023-05-30T14:40:38.000,HPD,PAINT/PLASTER,CEILING,10467,Closed
57427584,2023-04-26T16:49:37.000,2023-04-27T05:58:48.000,DOT,Broken Parking Meter,Graffiti,10021,Closed
57419212,2023-04-25T22:22:51.000,2023-04-25T23:16:31.000,NYPD,Noise - Commercial,Loud Music/Party,10003,Closed
57434644,2023-04-27T21:57:28.000,2023-04-27T22:57:59.000,NYPD,Noise - Residential,Loud Talking,11221,Closed
57433519,2023-04-27T12:51:57.000,2023-05-02T14:27:10.000,DSNY,Missed Collection,Trash,11417,Closed
57432228,2023-04-26T15:16:21.000,2023-04-26T20:48:02.000,NYPD,Abandoned Vehicle,With License Plate,10469,Closed
57430998,2023-04-26T08:47:40.000,2023-04-26T22:19:42.000,NYPD,Noise - Residential,Loud Music/Party,10458,Closed
57424800,2023-04-26T17:54:07.000,2023-05-03T09:38:10.000,DSNY,Illegal Dumping,Removal Request,11219,Closed
57430229,2023-04-26T17:29:43.000,2023-04-27T00:52:43.000,NYPD,Blocked Driveway,Partial Access,11385,Closed
57434140,2023-04-27T20:55:07.000,2023-05-31T15:52:05.000,EDC,Noise - Helicopter,Other,10023,Closed
57434729,2023-04-27T10:26:39.000,2023-05-05T18:18:20.000,HPD,UNSANITARY CONDITION,PESTS,11226,Closed
57433112,2023-04-27T14:12:24.000,2023-04-27T14:12:24.000,DOHMH,Rodent,Condition Attracting Rodents,11203,Closed
57429336,2023-04-26T15:10:03.000,2023-04-26T16:00:40.000,NYPD,Noise - Residential,Loud Music/Party,11229,Closed
57423431,2023-04-26T09:56:14.000,2023-04-26T11:20:20.000,NYPD,Illegal Parking,Posted Parking Sign Violation,10469,Closed
57427935,2023-04-26T04:12:26.000,2023-04-26T05:09:48.000,NYPD,Illegal Parking,Double Parked Blocking Traffic,11214,Closed
57431174,2023-04-26T19:23:22.000,2023-04-28T18:08:26.000,HPD,HEAT/HOT WATER,ENTIRE BUILDING,11215,Closed
57422353,2023-04-25T20:06:13.000,2023-04-25T20:46:05.000,NYPD,Noise - Residential,Banging/Pounding,11375,Closed
57421615,2023-04-25T12:11:11.000,2023-05-31T15:42:15.000,EDC,Noise - Helicopter,Other,10028,Closed
57434408,2023-04-27T10:48:44.000,2023-04-27T17:04:47.000,NYPD,Abandoned Vehicle,With License Plate,10471,Closed
57433213,2023-04-27T10:24:20.000,2023-05-02T06:14:09.000,DSNY,Missed Collection,Trash and Bulky Trash,10466,Closed
57434915,2023-04-27T14:39:18.000,2023-04-28T10:42:25.000,DSNY,Dirty Condition,Trash,11417,Closed
57428785,2023-04-26T10:53:11.000,2023-04-26T14:41:04.000,HPD,HEAT/HOT WATER,ENTIRE BUILDING,10468,Closed
57432087,2023-04-26T17:59:00.000,2023-04-27T04:12:00.000,DSNY,Derelict Vehicles,Derelict Vehicles,11204,Closed
57429278,2023-04-26T16:07:40.000,2023-04-26T17:10:18.000,NYPD,Noise - Commercial,Loud Talking,10002,Closed
57435023,2023-04-27T19:43:08.000,2023-05-31T15:51:04.000,EDC,Noise - Helicopter,Other,10023,Closed
57429390,2023-04-26T15:57:57.000,2023-04-26T21:59:39.000,NYPD,Noise - Residential,Banging/Pounding,10027,Closed
57428344,2023-04-26T09:56:23.000,2023-05-12T16:05:01.000,DSNY,Street Sweeping Complaint,Street Not Swept,10472,Closed
57433169,2023-04-27T15:23:41.000,2023-05-04T00:00:00.000,DOB,General Construction/Plumbing,Building Permit - None,11103,Closed
57429491,2023-04-26T13:11:00.000,2023-04-26T18:30:00.000,DEP,Water System,Dirty Water (WE),10028,Closed
57428672,2023-04-26T03:59:16.000,2023-04-26T05:50:10.000,NYPD,Non-Emergency Police Matter,Trespassing,11212,Closed
57428931,2023-04-26T22:41:23.000,2023-04-27T17:10:11.000,HPD,UNSANITARY CONDITION,MOLD,11207,Closed
57428270,2023-04-26T19:15:40.000,2023-04-26T19:46:13.000,NYPD,Noise - Residential,Banging/Pounding,11235,Closed
57433065,2023-04-27T18:10:00.000,2023-04-27T23:41:00.000,DSNY,Derelict Vehicles,Derelict Vehicles,11417,Closed
57434306,2023-04-27T07:17:13.000,2023-04-27T08:34:49.000,NYPD,Abandoned Vehicle,With License Plate,11418,Closed
57431888,2023-04-26T17:36:07.000,2025-04-02T12:23:36.000,DPR,Overgrown Tree/Branches,Blocking Street,11226,Closed
57434027,2023-04-27T06:52:25.000,2023-04-27T07:14:01.000,NYPD,Illegal Parking,Blocked Hydrant,11214,Closed
57430449,2023-04-26T11:12:02.000,2023-04-28T08:29:49.000,DSNY,Dead Animal,Cat,11228,Closed
57431514,2023-04-26T18:56:34.000,2023-04-26T20:36:30.000,NYPD,Noise - Residential,Banging/Pounding,10031,Closed
57427985,2023-04-26T08:10:07.000,2023-05-31T15:45:55.000,EDC,Noise - Helicopter,Other,11201,Closed
57425069,2023-04-26T03:37:37.000,2023-05-31T15:44:53.000,EDC,Noise - Helicopter,Other,10025,Closed
57435931,2023-04-27T23:52:27.000,2023-04-28T00:49:45.000,NYPD,Illegal Parking,Commercial Overnight Parking,11361,Closed
57434416,2023-04-27T11:02:00.000,2023-04-28T13:30:00.000,DEP,Water System,Dirty Water (WE),11368,Closed
57428391,2023-04-26T21:12:51.000,2023-04-26T21:12:51.000,DOHMH,Rodent,Rat Sighting,10028,Closed
57431407,2023-04-26T18:00:26.000,2025-05-13T16:38:23.000,DPR,New Tree Request,For One Address,11374,Closed
57433970,2023-04-27T07:14:33.000,2023-04-27T08:06:00.000,NYPD,Illegal Parking,Blocked Hydrant,11231,Closed
57432694,2023-04-26T19:37:48.000,2023-04-26T19:52:32.000,NYPD,Noise - Street/Sidewalk,Loud Music/Party,10456,Closed
57430738,2023-04-26T14:09:15.000,2023-04-26T14:25:15.000,NYPD,Illegal Parking,Posted Parking Sign Violation,11203,Closed
57426041,2023-04-26T11:11:01.000,2023-04-27T00:00:00.000,DOB,Elevator,Elevator - Single Device On Property/No Alternate Service,11235,Closed
57434845,2023-04-27T11:08:00.000,2023-04-21T11:07:00.000,DOT,Street Light Condition,Lamppost Base Door/Cover Open,11232,Pending
57420252,2023-04-25T11:02:00.000,2023-04-28T11:21:00.000,DEP,Noise,Noise: Jack Hammering (NC2),10010,Closed
57431282,2023-04-26T17:35:21.000,2023-05-03T09:38:09.000,DSNY,Illegal Dumping,Removal Request,11219,Closed
57422387,2023-04-25T11:08:23.000,2023-05-27T18:35:36.000,HPD,DOOR/WINDOW,DOOR,10462,Closed
57430951,2023-04-26T16:06:59.000,2023-05-03T12:19:03.000,DSNY,Illegal Dumping,Removal Request,11218,Closed
57435649,2023-04-27T20:49:33.000,2023-04-27T21:00:24.000,NYPD,Illegal Parking,Posted Parking Sign Violation,11205,Closed
57433121,2023-04-27T18:56:00.000,2023-04-28T05:59:00.000,DEP,Air Quality,"Air: Odor/Fumes, Vehicle Idling (AD3)",10013,Closed
57428558,2023-04-26T13:26:11.000,2023-04-27T00:00:00.000,DOB,General Construction/Plumbing,Building Shaking/Vibrating/Structural Stability,11694,Closed
57426193,2023-04-26T11:47:15.000,2023-04-26T14:52:07.000,NYPD,Blocked Driveway,No Access,11368,Closed
57430076,2023-04-26T09:05:33.000,2023-04-28T14:03:00.000,DSNY,Illegal Dumping,Removal Request,10308,Closed
57435650,2023-04-27T11:32:07.000,2023-04-27T11:56:03.000,NYPD,Illegal Parking,Posted Parking Sign Violation,11205,Closed
57427980,2023-04-26T11:07:30.000,2023-04-26T12:09:51.000,NYPD,Illegal Parking,Posted Parking Sign Violation,10021,Closed
57429138,2023-04-26T03:47:39.000,2023-05-31T15:44:55.000,EDC,Noise - Helicopter,Other,11201,Closed
57434224,2023-04-27T12:59:07.000,2023-04-27T14:46:59.000,NYPD,Noise - Vehicle,Car/Truck Horn,11104,Closed
57420485,2023-04-25T11:59:26.000,2023-04-25T13:03:18.000,NYPD,Noise - Commercial,Loud Music/Party,11385,Closed
57435441,2023-04-27T17:46:21.000,2023-04-27T21:28:00.000,NYPD,Illegal Parking,Blocked Bike Lane,10019,Closed
55311517,2022-09-05T18:05:45.000,2022-09-12T14:45:23.000,DSNY,Illegal Dumping,Removal Request,11372,Closed
57428886,2023-04-26T20:44:36.000,2023-05-23T16:02:15.000,HPD,FLOORING/STAIRS,FLOOR,10034,Closed
57434261,2023-04-27T18:25:44.000,2023-04-27T20:57:01.000,NYPD,Noise - Residential,Loud Music/Party,10035,Closed
57428416,2023-04-26T17:29:54.000,2023-04-26T18:52:35.000,NYPD,Illegal Parking,Blocked Hydrant,11218,Closed
57431457,2023-04-27T00:05:28.000,2023-04-27T01:21:58.000,NYPD,Blocked Driveway,Partial Access,11369,Closed
57431626,2023-04-26T15:39:00.000,2023-04-28T14:47:00.000,DOT,Street Light Condition,Street Light Out,10128,Closed
57432455,2023-04-26T18:39:37.000,2023-04-27T19:53:36.000,HPD,PAINT/PLASTER,WALL,10468,Closed
57427701,2023-04-26T15:14:00.000,2023-05-05T13:45:00.000,DEP,Water System,Leak (Use Comments) (WA2),11231,Closed
57430827,2023-04-26T10:56:36.000,2023-04-26T22:31:33.000,DHS,Homeless Person Assistance,,10014,Closed
57428653,2023-04-26T18:14:34.000,2023-04-27T20:38:35.000,HPD,SAFETY,WINDOW GUARD BROKEN/MISSING,10466,Closed
57434635,2023-04-27T09:22:52.000,2023-08-04T12:43:56.000,DPR,Overgrown Tree/Branches,Dead Branches in Tree,11207,Closed
57427596,2023-04-26T19:10:32.000,2023-04-26T19:15:48.000,NYPD,Noise - Street/Sidewalk,Loud Music/Party,10040,Closed
57421351,2023-04-25T17:10:42.000,2023-04-25T17:53:49.000,NYPD,Noise - Residential,Banging/Pounding,10009,Closed
57431989,2023-04-26T10:20:00.000,2023-04-27T04:15:00.000,DSNY,Derelict Vehicles,Derelict Vehicles,10465,Closed
57431479,2023-04-26T23:17:04.000,2023-04-27T12:47:11.000,DOHMH,Rodent,Rat Sighting,10028,Closed
57427642,2023-04-26T21:43:33.000,2023-04-26T22:27:08.000,NYPD,Noise - Park,Loud Talking,11223,Closed
57435644,2023-04-27T07:05:40.000,2023-04-27T08:39:01.000,NYPD,Illegal Parking,Posted Parking Sign Violation,10026,Closed
57435545,2023-04-27T22:37:12.000,2023-04-28T01:58:31.000,NYPD,Illegal Parking,Posted Parking Sign Violation,11201,Closed
57432875,2023-04-27T10:30:02.000,2023-06-23T15:35:54.000,HPD,GENERAL,BELL/BUZZER/INTERCOM,10030,Closed
57428959,2023-04-26T18:39:37.000,2023-04-27T19:53:36.000,HPD,PAINT/PLASTER,CEILING,10468,Closed
57428974,2023-04-26T12:46:00.000,2023-04-27T09:37:48.000,DSNY,Dirty Condition,Trash,11363,Closed
57423892,2023-04-26T13:58:16.000,2023-04-26T13:58:16.000,DOHMH,Rodent,Signs of Rodents,11217,Closed
57425527,2023-04-26T22:59:35.000,2023-04-27T20:41:26.000,HPD,HEAT/HOT WATER,ENTIRE BUILDING,11229,Closed
57430342,2023-04-26T18:46:47.000,2023-04-27T11:21:49.000,DSNY,Dirty Condition,Trash,10455,Closed
57430375,2023-04-26T09:09:48.000,2024-11-12T17:25:30.000,DPR,Root/Sewer/Sidewalk Condition,Trees and Sidewalks Program,11434,Closed
57430940,2023-04-26T09:20:24.000,2024-08-04T00:00:00.000,DOB,Building/Use,SRO - Illegal Work/No Permit/Change In Occupancy/Use,11105,Closed
57431007,2023-04-26T11:46:06.000,2023-04-26T19:29:45.000,HPD,PAINT/PLASTER,DOOR/FRAME,11221,Closed
57432234,2023-04-26T16:20:51.000,2023-04-27T12:14:28.000,DSNY,Dirty Condition,Trash,11365,Closed
57422209,2023-04-25T16:56:26.000,2023-04-25T21:38:34.000,NYPD,Illegal Parking,Double Parked Blocking Traffic,10040,Closed
57420167,2023-04-25T08:29:36.000,2023-04-25T14:51:38.000,NYPD,Illegal Parking,Double Parked Blocking Vehicle,10452,Closed
57432606,2023-04-26T12:03:38.000,2023-05-01T16:37:57.000,DOT,Street Sign - Dangling,"No Parking, Standing, Stopping",10021,Closed
57435059,2023-04-27T16:46:22.000,2023-04-27T19:08:56.000,NYPD,Illegal Parking,Parking Permit Improper Use,11364,Closed
57428983,2023-04-26T09:19:20.000,2023-07-20T10:07:00.000,DPR,Overgrown Tree/Branches,Hitting Building,10003,Closed
57433428,2023-04-27T18:37:40.000,2023-04-28T10:02:36.000,DSNY,Dirty Condition,Trash,11412,Closed
57428317,2023-04-26T16:53:00.000,2023-05-19T08:30:00.000,DEP,Water System,Hyd Valve Box Cover Missing (WV2),11204,Closed
57433611,2023-04-27T22:42:00.000,2023-04-29T07:30:00.000,DSNY,Derelict Vehicles,Derelict Vehicles,11216,Closed
57428087,2023-04-26T02:13:19.000,2023-04-26T02:32:03.000,NYPD,Illegal Parking,Blocked Sidewalk,10031,Closed
57429041,2023-04-27T00:17:06.000,2023-04-27T00:35:04.000,NYPD,Illegal Parking,Blocked Crosswalk,11209,Closed
57472684,2023-05-01T17:13:07.000,2023-05-05T13:58:06.000,DSNY,Dirty Condition,Debris from Car Accident,11356,Closed
57429113,2023-04-26T04:25:50.000,2023-05-31T15:45:04.000,EDC,Noise - Helicopter,Other,10025,Closed
57429535,2023-04-26T21:58:55.000,2023-04-26T22:50:43.000,NYPD,Noise - Street/Sidewalk,Loud Music/Party,11211,Closed
58058750,2023-06-30T19:40:05.000,2023-06-30T21:34:04.000,NYPD,Noise - Residential,Loud Music/Party,10452,Closed
57428817,2023-04-26T21:32:12.000,2023-04-27T05:23:57.000,NYPD,Illegal Parking,Commercial Overnight Parking,11434,Closed
57432329,2023-04-26T22:16:40.000,2023-04-26T22:56:52.000,NYPD,Noise - Residential,Banging/Pounding,10011,Closed
57428363,2023-04-26T00:41:44.000,2023-04-27T08:55:51.000,HPD,HEAT/HOT WATER,ENTIRE BUILDING,10469,Closed
57429128,2023-04-26T17:08:11.000,2023-04-26T17:27:04.000,NYPD,Noise - Residential,Loud Music/Party,10035,Closed
57424127,2023-04-26T11:45:00.000,2023-04-26T13:35:00.000,DOT,Traffic Signal Condition,Controller,10451,Closed
57473510,2023-05-01T10:08:00.000,2023-05-01T11:05:00.000,DEP,Water System,Possible Water Main Break (Use Comments) (WA1),11203,Closed
55334114,2022-09-07T20:06:49.000,2022-09-13T06:48:03.000,DOT,Street Sign - Damaged,Stop,10306,Closed
55317188,2022-09-06T15:50:00.000,2022-09-21T13:20:00.000,DEP,Water System,Hydrant Running (WC3),10465,Closed
57467529,2023-04-30T15:43:21.000,2023-04-30T15:43:21.000,DOT,Street Condition,Pothole,11210,Closed
57434349,2023-04-27T21:07:32.000,2023-04-27T22:48:53.000,NYPD,Illegal Parking,Blocked Sidewalk,10302,Closed
57434646,2023-04-27T22:10:18.000,2023-04-28T00:37:45.000,NYPD,Noise - Residential,Loud Talking,11223,Closed
57435263,2023-04-27T10:13:16.000,2023-04-27T11:02:27.000,NYPD,Noise - Vehicle,Car/Truck Music,10024,Closed
57431833,2023-04-26T08:15:10.000,,DSNY,Obstruction,Cone,10309,In Progress
57420670,2023-04-25T13:51:00.000,2023-04-20T13:51:00.000,DOT,Street Light Condition,Street Light Out,11426,Pending
57433709,2023-04-27T11:54:39.000,2023-04-27T12:29:11.000,NYPD,Blocked Driveway,No Access,11369,Closed
57429019,2023-04-26T09:20:25.000,2023-04-26T22:32:03.000,DHS,Homeless Person Assistance,,,Closed
57435473,2023-04-27T14:10:34.000,2023-04-28T08:55:16.000,DSNY,Illegal Dumping,Removal Request,10457,Closed
57434158,2023-04-27T17:32:21.000,2023-06-12T10:59:36.000,HPD,FLOORING/STAIRS,FLOOR,11233,Closed
57429311,2023-04-26T16:20:32.000,2023-04-26T16:20:54.000,NYPD,Drug Activity,Use Outside,11366,Closed
57432876,2023-04-27T14:59:10.000,2023-04-27T16:30:14.000,NYPD,Illegal Parking,Double Parked Blocking Traffic,10128,Closed
57434330,2023-04-27T07:51:16.000,2023-04-27T08:37:54.000,NYPD,Illegal Parking,Blocked Hydrant,11226,Closed
57431123,2023-04-26T10:33:59.000,2023-04-26T12:16:56.000,NYPD,Blocked Driveway,No Access,11101,Closed
57433292,2023-04-27T19:11:00.000,2023-04-28T02:40:00.000,DEP,Water System,Dirty Water (WE),11207,Closed
57429662,2023-04-26T17:51:53.000,2023-05-12T07:50:49.000,HPD,PLUMBING,WATER SUPPLY,10021,Closed
57435334,2023-04-27T15:00:07.000,2023-04-27T15:22:23.000,NYPD,Illegal Parking,Blocked Hydrant,11204,Closed
57435880,2023-04-27T11:31:11.000,2023-07-08T12:37:55.000,HPD,DOOR/WINDOW,WINDOW FRAME,10032,Closed
57426987,2023-04-26T23:35:14.000,2023-05-22T08:46:27.000,DOT,Outdoor Dining,Barrier Condition,10028,Closed
57433241,2023-04-27T11:07:44.000,2023-04-27T14:11:07.000,NYPD,Noise - Residential,Banging/Pounding,10472,Closed
57429585,2023-04-26T14:54:20.000,2023-05-12T16:04:43.000,DSNY,Street Sweeping Complaint,Inadequate Sweeping,10473,Closed
57427905,2023-04-26T11:11:56.000,2023-04-26T12:33:33.000,NYPD,Illegal Parking,Blocked Sidewalk,11215,Closed
57420382,2023-04-25T12:23:09.000,2023-05-31T15:42:19.000,EDC,Noise - Helicopter,Other,10016,Closed
57435134,2023-04-27T03:20:08.000,2023-04-27T15:34:57.000,HPD,HEAT/HOT WATER,ENTIRE BUILDING,10468,Closed
57435702,2023-04-27T08:57:29.000,2023-05-01T13:25:10.000,DSNY,Missed Collection,Bulky Trash,11206,Closed
57431252,2023-04-26T14:21:49.000,2023-04-27T10:07:58.000,DCWP,Consumer Complaint,Electronics Store,10452,Closed
57423669,2023-04-26T13:41:14.000,2023-06-07T00:00:00.000,DOB,General Construction/Plumbing,Cons - Contrary/Beyond Approved Plans/Permits,10457,Closed
57433869,2023-04-27T10:22:29.000,2023-05-31T15:50:05.000,EDC,Noise - Helicopter,Other,10025,Closed
57425665,2023-04-26T21:56:45.000,2023-04-26T22:25:06.000,NYPD,Noise - Residential,Loud Talking,11375,Closed
57428819,2023-04-26T17:16:24.000,2023-05-03T20:01:33.000,HPD,DOOR/WINDOW,WINDOW FRAME,10455,Closed
57424161,2023-04-26T10:35:21.000,2023-04-26T11:22:36.000,NYPD,Non-Emergency Police Matter,Trespassing,10002,Closed
57428762,2023-04-26T09:29:57.000,2023-04-26T13:11:38.000,NYPD,Illegal Parking,Unauthorized Bus Layover,10040,Closed
57427739,2023-04-26T23:28:23.000,2023-04-27T00:36:17.000,NYPD,Illegal Parking,Commercial Overnight Parking,11385,Closed
57433167,2023-04-27T09:56:39.000,2023-04-27T10:23:15.000,NYPD,Illegal Parking,Parking Permit Improper Use,11354,Closed
57427578,2023-04-26T16:52:34.000,2023-05-09T15:42:11.000,DOT,Sidewalk Condition,Broken Sidewalk,11213,Closed
57430419,2023-04-26T06:18:03.000,2023-05-31T15:45:29.000,EDC,Noise - Helicopter,Other,11103,Closed
57434328,2023-04-27T20:10:30.000,2023-04-27T20:23:05.000,NYPD,Noise - Street/Sidewalk,Loud Talking,10017,Closed
57429096,2023-04-26T10:19:06.000,2023-04-26T21:03:28.000,NYPD,Illegal Parking,Blocked Crosswalk,11379,Closed
57432120,2023-04-26T11:54:16.000,2023-04-26T15:20:17.000,NYPD,Illegal Parking,Blocked Hydrant,11102,Closed
57432470,2023-04-26T18:52:43.000,2023-04-27T17:10:39.000,HPD,PAINT/PLASTER,CEILING,11225,Closed
57434339,2023-04-27T11:09:37.000,2023-04-27T11:16:13.000,NYPD,Illegal Parking,Blocked Sidewalk,11104,Closed
57430607,2023-04-26T02:05:13.000,2023-04-26T03:03:36.000,NYPD,Illegal Parking,Blocked Crosswalk,11373,Closed
57421137,2023-04-25T05:37:12.000,2023-04-25T14:29:10.000,HPD,HEAT/HOT WATER,ENTIRE BUILDING,11355,Closed
57430920,2023-04-26T13:40:29.000,2023-05-02T15:56:08.000,HPD,WATER LEAK,SLOW LEAK,10304,Closed
57422066,2023-04-25T10:29:49.000,2023-04-26T12:27:49.000,DSNY,Missed Collection,Trash,10314,Closed
57435534,2023-04-27T13:30:53.000,2023-04-27T13:30:53.000,DOHMH,Rodent,Rat Sighting,10019,Closed
57435125,2023-04-27T10:07:41.000,2024-10-01T13:06:45.000,DPR,Overgrown Tree/Branches,Hitting Building,11222,Closed
57435063,2023-04-27T20:33:01.000,2023-04-28T21:46:59.000,HPD,HEAT/HOT WATER,ENTIRE BUILDING,10028,Closed
57435926,2023-04-27T10:31:01.000,2023-04-27T11:43:05.000,NYPD,Blocked Driveway,No Access,10470,Closed
57432838,2023-04-27T23:20:57.000,2023-04-28T14:08:14.000,HPD,HEAT/HOT WATER,ENTIRE BUILDING,10467,Closed
57430145,2023-04-26T15:49:30.000,2023-04-26T16:47:23.000,NYPD,Illegal Parking,Blocked Bike Lane,11219,Closed
57434863,2023-04-27T13:50:17.000,2023-06-21T16:07:42.000,HPD,APPLIANCE,ELECTRIC/GAS RANGE,11213,Closed
57429220,2023-04-26T07:24:45.000,2023-04-26T09:11:03.000,NYPD,Blocked Driveway,Partial Access,11416,Closed
57431235,2023-04-26T09:52:21.000,2023-07-17T09:05:19.000,HPD,DOOR/WINDOW,DOOR,11212,Closed
57421231,2023-04-25T16:17:54.000,2023-05-05T09:49:06.000,DOT,Street Condition,Blocked - Construction,11420,Closed
57435361,2023-04-28T00:24:30.000,2023-04-28T01:02:03.000,NYPD,Noise - Residential,Loud Music/Party,10033,Closed
57430861,2023-04-26T08:37:30.000,2023-05-31T15:46:05.000,EDC,Noise - Helicopter,Other,11357,Closed
57431543,2023-04-26T09:29:38.000,2023-05-05T15:35:43.000,DPR,Dead/Dying Tree,Planted More Than 2 Years Ago,11215,Closed
57435277,2023-04-27T22:04:28.000,2023-04-27T23:10:53.000,NYPD,Illegal Parking,Blocked Hydrant,10453,Closed
57473078,2023-05-01T16:08:00.000,2023-05-01T17:05:00.000,DOT,Traffic Signal Condition,Controller,,Closed
57429366,2023-04-26T15:40:22.000,2023-07-10T00:00:00.000,DOB,General Construction/Plumbing,Fence - None/Inadequate,10027,Closed
57434089,2023-04-27T12:11:41.000,2023-05-05T21:23:23.000,HPD,PLUMBING,WATER SUPPLY,10466,Closed
57435324,2023-04-27T19:47:02.000,2023-05-31T15:51:18.000,EDC,Noise - Helicopter,Other,10023,Closed
57427600,2023-04-26T15:24:03.000,2023-04-29T11:10:08.000,DSNY,Dirty Condition,Trash,11229,Closed
57430633,2023-04-26T10:11:44.000,2023-04-26T10:56:30.000,NYPD,Noise - House of Worship,Loud Music/Party,11366,Closed
57434514,2023-04-28T00:47:00.000,2023-04-28T12:28:00.000,DSNY,Derelict Vehicles,Derelict Vehicles,,Closed
57434121,2023-04-27T08:50:04.000,2024-06-04T00:18:45.000,DOHMH,Smoking,Smoking Violation,10011,Closed
57433911,2023-04-27T15:15:45.000,2023-05-13T08:49:11.000,DSNY,Illegal Dumping,Removal Request,10014,Closed
57431245,2023-04-26T05:15:39.000,2023-04-26T09:15:58.000,HPD,PLUMBING,WATER SUPPLY,11692,Closed
57430539,2023-04-26T16:38:00.000,2023-04-28T01:55:00.000,DOT,Traffic Signal Condition,LED Lense,,Closed
57428210,2023-04-26T19:58:30.000,2023-04-26T20:40:25.000,NYPD,Noise - Park,Loud Music/Party,10025,Closed
57429764,2023-04-26T20:36:46.000,2023-04-27T01:38:30.000,NYPD,Illegal Parking,Commercial Overnight Parking,11365,Closed
57428714,2023-04-26T22:26:04.000,2023-04-26T22:26:04.000,DOHMH,Rodent,Rat Sighting,11217,Closed
57429962,2023-04-26T19:34:00.000,2023-04-26T22:10:41.000,DHS,Homeless Person Assistance,,11104,Closed
57431999,2023-04-26T14:16:30.000,2023-04-26T14:41:31.000,NYPD,Non-Emergency Police Matter,Other (complaint details),11432,Closed
57430450,2023-04-26T19:02:40.000,2023-05-03T09:46:20.000,DSNY,Missed Collection,Bulky Trash,11204,Closed
57432848,2023-04-27T15:18:09.000,2023-06-04T05:03:10.000,HPD,PLUMBING,BATHTUB/SHOWER,10039,Closed
57435067,2023-04-27T11:25:22.000,2023-04-27T12:07:10.000,NYPD,Illegal Parking,Blocked Hydrant,11222,Closed
57433135,2023-04-27T20:49:56.000,2023-05-31T15:51:52.000,EDC,Noise - Helicopter,Other,10023,Closed
57428867,2023-04-26T15:58:20.000,2023-06-26T17:10:59.000,HPD,SAFETY,SMOKE DETECTOR,10453,Closed
57428964,2023-04-26T17:52:13.000,2023-04-27T07:59:04.000,HPD,PLUMBING,WATER SUPPLY,10032,Closed
57428332,2023-04-26T17:42:00.000,2023-04-26T17:55:58.000,NYPD,Non-Emergency Police Matter,Trespassing,11211,Closed
57427887,2023-04-26T15:13:28.000,2023-04-26T19:01:45.000,NYPD,Blocked Driveway,Partial Access,11373,Closed
57427747,2023-04-26T20:31:16.000,2023-05-31T15:49:00.000,EDC,Noise - Helicopter,Other,11238,Closed
57427655,2023-04-26T09:54:14.000,2023-05-03T16:02:04.000,DOT,Curb Condition,Broken Curb,11238,Closed
57429324,2023-04-26T16:57:11.000,2023-05-31T15:48:29.000,EDC,Noise - Helicopter,Other,10023,Closed
57435132,2023-04-27T21:05:27.000,2023-05-25T10:10:40.000,HPD,PLUMBING,WATER SUPPLY,11225,Closed
57431806,2023-04-26T09:45:45.000,2023-04-28T13:29:44.000,HPD,HEAT/HOT WATER,APARTMENT ONLY,10462,Closed
57431414,2023-04-26T20:05:51.000,2023-04-28T09:30:05.000,DSNY,Dirty Condition,Trash,11235,Closed
57433650,2023-04-27T08:32:00.000,2023-04-27T11:00:00.000,DEP,Water System,Hydrant Running (WC3),10032,Closed
57428271,2023-04-26T02:04:06.000,2023-04-26T03:02:40.000,NYPD,Illegal Parking,Blocked Crosswalk,11373,Closed
57427657,2023-04-26T08:07:20.000,2023-04-26T09:32:42.000,DOT,Broken Parking Meter,Bent/Loose,,Closed
57431974,2023-04-26T07:00:32.000,2023-04-26T07:24:39.000,NYPD,Illegal Parking,Posted Parking Sign Violation,10009,Closed
57425726,2023-04-26T09:57:49.000,2023-04-26T10:28:10.000,NYPD,Noise - Residential,Banging/Pounding,10473,Closed
57434288,2023-04-27T07:47:26.000,2023-04-27T09:13:07.000,DPR,Animal in a Park,Dog Off Leash,11211,Closed
57435690,2023-04-27T14:46:28.000,2023-04-27T14:46:28.000,DOB,Building/Use,Illegal Conversion Of Residential Building/Space,10032,Closed
57434386,2023-04-27T10:02:42.000,2023-04-27T12:34:43.000,NYPD,Abandoned Vehicle,With License Plate,11434,Closed
57427549,2023-04-26T20:46:28.000,2023-04-26T21:21:38.000,NYPD,Illegal Parking,Double Parked Blocking Vehicle,11236,Closed
57431353,2023-04-26T21:22:25.000,2023-04-27T03:08:38.000,NYPD,Illegal Parking,Blocked Hydrant,10301,Closed
57432368,2023-04-26T21:33:30.000,2023-04-27T17:10:24.000,HPD,HEAT/HOT WATER,ENTIRE BUILDING,11212,Closed
57434438,2023-04-27T06:19:45.000,2023-04-27T07:00:32.000,NYPD,Illegal Parking,Posted Parking Sign Violation,11101,Closed
57433882,2023-04-27T07:12:11.000,2023-05-31T15:49:26.000,EDC,Noise - Helicopter,News Gathering,10035,Closed
57427605,2023-04-26T10:59:25.000,2023-05-14T11:36:46.000,HPD,UNSANITARY CONDITION,MOLD,10452,Closed
57434251,2023-04-27T09:40:01.000,2023-04-28T15:20:56.000,DOT,Street Condition,Cave-in,11219,Closed
57433743,2023-04-27T00:10:00.000,2023-04-27T02:15:00.000,DOT,Traffic Signal Condition,On Messenger,10462,Closed
57428658,2023-04-26T10:25:48.000,2023-04-26T10:51:15.000,NYPD,Drug Activity,Use Outside,11366,Closed
57427606,2023-04-26T08:08:12.000,2023-06-12T11:59:31.000,DSNY,Missed Collection,Recycling - Metal/Glass/Rigid Plastic,10025,Closed
57432908,2023-04-27T08:08:19.000,2023-04-27T12:49:37.000,NYPD,Illegal Parking,Double Parked Blocking Traffic,11223,Closed
57427932,2023-04-26T16:26:17.000,2023-04-28T20:40:14.000,HPD,PLUMBING,TOILET,11694,Closed
57431230,2023-04-27T01:58:52.000,2023-04-27T03:04:23.000,NYPD,Illegal Parking,Blocked Hydrant,11368,Closed
57435360,2023-04-27T23:59:31.000,2023-04-28T01:09:48.000,NYPD,Noise - Residential,Loud Music/Party,11355,Closed
57430416,2023-04-26T18:06:24.000,2023-04-26T18:07:35.000,NYPD,Illegal Parking,Blocked Crosswalk,11225,Closed
57431778,2023-04-26T13:34:03.000,2023-05-31T10:29:23.000,HPD,APPLIANCE,REFRIGERATOR,11237,Closed
57428709,2023-04-26T14:41:17.000,2023-04-28T20:51:24.000,DSNY,Obstruction,Sign,10018,Closed
57430989,2023-04-26T12:38:52.000,2023-05-09T14:19:09.000,HPD,GENERAL,BELL/BUZZER/INTERCOM,11213,Closed
57427669,2023-04-26T11:41:00.000,2023-05-03T14:30:00.000,DEP,Water System,Leak (Use Comments) (WA2),10467,Closed
57435892,2023-04-27T11:24:28.000,2023-04-27T11:57:27.000,NYPD,Encampment,N/A,10003,Closed
57432045,2023-04-26T14:09:23.000,2023-05-10T19:58:38.000,HPD,PAINT/PLASTER,CEILING,11208,Closed
57433984,2023-04-27T08:54:13.000,2023-04-27T08:54:13.000,DOHMH,Rodent,Rat Sighting,10021,Closed
57428307,2023-04-26T07:38:00.000,2023-05-01T10:30:00.000,DEP,Air Quality,"Air: Odor/Fumes, Vehicle Idling (AD3)",10014,Closed
57433696,2023-04-27T13:43:25.000,2023-04-28T15:33:04.000,DOT,Outdoor Dining,Site Setup Condition,10036,Closed
57426622,2023-04-26T16:04:29.000,2023-04-26T17:05:33.000,NYPD,Blocked Driveway,No Access,11217,Closed
57430010,2023-04-26T22:38:53.000,2023-04-26T22:41:51.000,NYPD,Noise - Street/Sidewalk,Loud Music/Party,11101,Closed
57432152,2023-04-26T09:40:43.000,2023-04-26T20:47:29.000,NYPD,Illegal Parking,Posted Parking Sign Violation,11378,Closed
57434658,2023-04-27T22:08:09.000,2023-05-10T13:02:35.000,DOT,Ferry Complaint,General Complaint,,Closed
57427675,2023-04-26T05:35:00.000,2023-04-26T18:52:00.000,DEP,Noise,Noise: air condition/ventilation equipment (NV1),10013,Closed
57424405,2023-04-26T08:04:41.000,2023-04-26T08:44:24.000,NYPD,Abandoned Vehicle,With License Plate,11236,Closed
57435314,2023-04-27T20:29:43.000,2023-04-28T19:34:28.000,NYPD,Illegal Parking,Double Parked Blocking Vehicle,10451,Closed
57427159,2023-04-26T10:50:00.000,2023-05-01T04:15:00.000,DSNY,Derelict Vehicles,Derelict Vehicles,10023,Closed
57428324,2023-04-26T06:18:00.000,2023-04-26T20:03:26.000,NYPD,Illegal Parking,Blocked Crosswalk,10462,Closed
57430987,2023-04-26T19:54:23.000,2023-04-27T12:55:53.000,DSNY,Residential Disposal Complaint,Waste Left in Front of Other Residence,10314,Closed
57432881,2023-04-27T12:45:53.000,2023-04-27T13:34:43.000,NYPD,Illegal Parking,Blocked Hydrant,11211,Closed
57430856,2023-04-26T05:49:53.000,2023-04-26T06:04:09.000,NYPD,Illegal Parking,Commercial Overnight Parking,10308,Closed
57419150,2023-04-25T18:17:47.000,2023-04-25T18:22:00.000,NYPD,Illegal Parking,Paper License Plates,11238,Closed
57427066,2023-04-26T06:33:39.000,2023-04-26T09:23:14.000,NYPD,Illegal Parking,Blocked Crosswalk,11372,Closed
57430994,2023-04-26T18:31:02.000,2023-04-28T10:28:48.000,DPR,Damaged Tree,Tree Alive - in Poor Condition,11694,Closed
57435699,2023-04-27T21:10:58.000,2023-04-28T14:17:18.000,NYPD,Noise - Street/Sidewalk,Loud Music/Party,10452,Closed
57430178,2023-04-26T11:31:50.000,2023-04-28T13:37:29.000,HPD,UNSANITARY CONDITION,MOLD,10463,Closed
57430161,2023-04-26T16:47:00.000,2023-05-10T19:45:00.000,DEP,Water System,Leak (Use Comments) (WA2),11411,Closed
57434579,2023-04-27T13:01:40.000,2023-04-28T12:31:53.000,DSNY,Obstruction,Weeds or Grass,11385,Closed
57435871,2023-04-27T01:11:00.000,2023-04-27T06:06:00.000,DEP,Noise,Noise: Alarms (NR3),11239,Closed
57428885,2023-04-26T19:10:51.000,2023-04-26T22:04:06.000,NYPD,Illegal Parking,Posted Parking Sign Violation,11218,Closed
57429090,2023-04-26T23:41:59.000,2023-04-27T00:16:48.000,NYPD,Noise - Commercial,Loud Music/Party,10280,Closed
57435056,2023-04-27T16:10:28.000,2023-04-27T19:11:04.000,DSNY,Obstruction,Cone,11419,Closed
57434068,2023-04-27T22:16:27.000,2023-04-27T22:46:13.000,NYPD,Noise - Residential,Loud Music/Party,10463,Closed
57429957,2023-04-26T17:35:53.000,2023-05-01T11:49:31.000,HPD,HEAT/HOT WATER,ENTIRE BUILDING,10027,Closed
57430470,2023-04-26T05:52:32.000,2023-06-27T19:27:01.000,HPD,PLUMBING,WATER SUPPLY,11692,Closed
57420862,2023-04-25T08:08:00.000,2023-04-25T09:15:00.000,DEP,Sewer,Sewer Backup (Use Comments) (SA),11423,Closed
57433773,2023-04-27T07:29:48.000,2023-04-28T05:25:52.000,DSNY,Missed Collection,Bulky Trash,11434,Closed
57432009,2023-04-26T08:05:45.000,2023-04-26T10:20:38.000,NYPD,Panhandling,N/A,10001,Closed
57420045,2023-04-25T15:14:07.000,2023-04-25T16:36:51.000,NYPD,Illegal Parking,Commercial Overnight Parking,11361,Closed
57428582,2023-04-26T17:52:13.000,2023-04-27T09:14:45.000,DOT,Street Sign - Dangling,St Name - Attached to Pole,11422,Closed
57434237,2023-04-28T01:39:23.000,2023-04-28T02:25:58.000,NYPD,Noise - Vehicle,Car/Truck Horn,11356,Closed
57429440,2023-04-26T08:01:24.000,2023-04-26T09:40:31.000,NYPD,Illegal Parking,Blocked Bike Lane,11205,Closed
57431446,2023-04-26T05:49:06.000,2023-04-26T09:18:58.000,HPD,PLUMBING,WATER SUPPLY,11692,Closed
57433513,2023-04-27T09:04:45.000,2023-04-27T13:46:32.000,NYPD,Blocked Driveway,No Access,11201,Closed
57428544,2023-04-26T17:21:02.000,2023-05-05T13:40:23.000,HPD,DOOR/WINDOW,DOOR,11236,Closed
57431724,2023-04-26T14:54:58.000,2023-10-02T05:03:00.000,HPD,DOOR/WINDOW,DOOR,11226,Closed
57428928,2023-04-26T21:20:32.000,2023-04-29T14:02:36.000,HPD,PLUMBING,RADIATOR,11222,Closed
57431207,2023-04-26T00:29:47.000,2023-05-05T14:08:24.000,HPD,UNSANITARY CONDITION,MOLD,10467,Closed
57432573,2023-04-26T23:37:14.000,2023-04-28T08:37:47.000,HPD,HEAT/HOT WATER,ENTIRE BUILDING,10021,Closed
57434820,2023-04-27T19:57:09.000,2023-06-06T12:39:02.000,DPR,Illegal Tree Damage,Trunk Damaged,11216,Closed
57434293,2023-04-27T07:43:56.000,2023-04-27T13:21:01.000,NYPD,Abandoned Vehicle,With License Plate,11235,Closed
57432919,2023-04-27T21:20:02.000,2023-04-27T21:22:23.000,NYPD,Drug Activity,Use Outside,11375,Closed
57436005,2023-04-27T09:06:33.000,2023-05-10T11:47:48.000,HPD,PAINT/PLASTER,WALL,10468,Closed
57432922,2023-04-27T22:19:06.000,2023-04-27T22:23:31.000,NYPD,Drug Activity,Use Outside,11375,Closed
57434654,2023-04-27T16:10:15.000,2023-04-27T19:13:17.000,NYPD,Blocked Driveway,Partial Access,11412,Closed
57429930,2023-04-26T14:43:49.000,,DPR,Illegal Tree Damage,Unauthorized Tree Pruning,11004,In Progress
57430459,2023-04-26T22:23:33.000,2023-04-26T23:04:08.000,NYPD,Noise - Residential,Banging/Pounding,10458,Closed
57430116,2023-04-26T04:13:18.000,2023-04-26T09:52:02.000,NYPD,Illegal Parking,Unauthorized Bus Layover,11105,Closed
57435986,2023-04-27T11:37:00.000,2023-04-28T09:35:00.000,DSNY,Derelict Vehicles,Derelict Vehicles,,Closed
57435098,2023-04-27T16:21:42.000,2023-04-30T09:45:19.000,HPD,HEAT/HOT WATER,ENTIRE BUILDING,11230,Closed
57434076,2023-04-27T08:40:35.000,2023-05-12T08:50:15.000,DOT,Street Condition,Cave-in,10019,Closed
57428496,2023-04-26T18:58:00.000,2023-04-29T06:44:00.000,DSNY,Derelict Vehicles,Derelict Vehicles,10461,Closed
57429037,2023-04-26T20:52:01.000,2023-04-27T00:53:09.000,NYPD,Illegal Parking,Posted Parking Sign Violation,11222,Closed
57432316,2023-04-26T21:49:08.000,2023-04-27T22:00:28.000,HPD,HEAT/HOT WATER,APARTMENT ONLY,11225,Closed
57430352,2023-04-26T06:37:51.000,2023-04-26T09:23:57.000,NYPD,Illegal Parking,Blocked Hydrant,11377,Closed
57431865,2023-04-26T20:53:06.000,2023-04-26T21:18:06.000,NYPD,Illegal Parking,Posted Parking Sign Violation,10028,Closed
57433194,2023-04-27T10:11:56.000,2023-04-28T10:36:45.000,DCWP,Consumer Complaint,Street Fair Vendor,10005,Closed
57432418,2023-04-26T12:10:18.000,2023-04-26T20:15:08.000,HPD,HEAT/HOT WATER,ENTIRE BUILDING,11374,Closed
57434179,2023-04-26T20:05:53.000,2024-08-08T00:00:00.000,DOB,Building/Use,Illegal Conversion Of Residential Building/Space,11412,Closed
57434352,2023-04-27T12:56:00.000,2023-04-27T13:50:00.000,DEP,Water System,Dirty Water (WE),10465,Closed
57432963,2023-04-27T08:50:09.000,2023-04-27T10:03:37.000,DPR,Animal in a Park,Dog Off Leash,11233,Closed
57431519,2023-04-26T19:10:25.000,2023-05-17T08:29:36.000,DPR,Maintenance or Facility,Garbage or Litter,11366,Closed
57422290,2023-04-25T15:48:51.000,,DPR,Damaged Tree,Tree Alive - in Poor Condition,11225,In Progress
57434918,2023-04-27T23:07:17.000,2023-04-28T00:54:08.000,NYPD,Noise - Street/Sidewalk,Loud Music/Party,10003,Closed
57428005,2023-04-26T12:51:18.000,2023-05-04T11:48:21.000,DPR,Damaged Tree,Tree Trunk Split,11364,Closed
57420104,2023-04-25T18:07:21.000,2024-11-12T17:25:26.000,DPR,Damaged Tree,Branch or Limb Has Fallen Down,11230,Closed
57429372,2023-04-26T12:37:17.000,2023-04-26T13:28:07.000,NYPD,Noise - Residential,Banging/Pounding,11375,Closed
57432692,2023-04-26T07:52:28.000,2023-05-03T09:01:05.000,HPD,PLUMBING,WATER SUPPLY,11226,Closed
57435356,2023-04-27T04:04:47.000,2023-04-27T17:10:50.000,HPD,OUTSIDE BUILDING,PAVEMENT,11230,Closed
57432610,2023-04-26T15:55:02.000,2023-05-07T16:44:50.000,HPD,UNSANITARY CONDITION,MOLD,10456,Closed
57424600,2023-04-26T20:33:58.000,2023-04-28T08:30:12.000,HPD,WATER LEAK,SLOW LEAK,11220,Closed
57428856,2023-04-26T17:47:43.000,2023-04-26T20:58:34.000,NYPD,Illegal Parking,Posted Parking Sign Violation,11222,Closed
57427621,2023-04-26T22:17:00.000,2023-04-28T10:56:00.000,DEP,Lead,Lead Kit Request (Residential) (L10),10128,Closed
57421390,2023-04-25T13:41:07.000,2023-05-05T13:17:58.000,DOT,Street Condition,Defective Hardware,11375,Closed
57431327,2023-04-26T14:47:31.000,2025-05-13T16:38:20.000,DPR,New Tree Request,For One Address,10314,Closed
57431561,2023-04-26T12:05:00.000,2023-04-26T17:10:00.000,DEP,Sewer,Sewer Backup (Use Comments) (SA),11214,Closed
57431495,2023-04-26T01:45:45.000,2023-04-26T19:27:23.000,HPD,HEAT/HOT WATER,APARTMENT ONLY,11235,Closed
57430430,2023-04-26T07:55:20.000,2023-05-02T09:08:00.000,DOT,Street Sign - Damaged,Other/Unknown,10467,Closed
57423462,2023-04-26T07:58:55.000,2023-04-26T16:40:22.000,HPD,HEAT/HOT WATER,ENTIRE BUILDING,11219,Closed
57432517,2023-04-26T12:26:04.000,2023-04-26T12:27:15.000,NYPD,Non-Emergency Police Matter,Other (complaint details),11374,Closed
57429539,2023-04-26T21:33:44.000,2023-04-26T22:14:43.000,DSNY,Illegal Dumping,Chronic Dumping,10461,Closed
57429506,2023-04-26T16:53:00.000,2023-05-31T08:00:00.000,DEP,Water Quality,"Taste/Odor, Sewer (QA5)",11217,Closed
57435639,2023-04-27T18:21:14.000,2023-04-27T18:52:02.000,NYPD,Noise - Residential,Banging/Pounding,11208,Closed
57424457,2023-04-26T11:59:38.000,2023-05-31T15:47:24.000,EDC,Noise - Helicopter,Other,11414,Closed
57428048,2023-04-26T04:38:39.000,2023-04-26T06:05:33.000,NYPD,Noise - Residential,Banging/Pounding,10314,Closed
57429981,2023-04-26T18:08:55.000,2023-05-12T10:34:07.000,DPR,New Tree Request,For One Address,10024,Closed
57424250,2023-04-26T19:49:23.000,2023-04-26T20:22:56.000,NYPD,Illegal Parking,Blocked Hydrant,11215,Closed
57428896,2023-04-26T19:54:31.000,2023-05-12T14:50:16.000,HPD,UNSANITARY CONDITION,PESTS,10465,Closed
57429520,2023-04-26T10:27:34.000,2023-04-26T11:10:56.000,NYPD,Blocked Driveway,No Access,10032,Closed
57435976,2023-04-27T16:59:00.000,2023-04-28T08:04:00.000,DEP,Noise,"Noise, Barking Dog (NR5)",10466,Closed
57431402,2023-04-26T13:01:13.000,2023-05-30T00:00:00.000,DOB,Special Projects Inspection Team (SPIT),Illegal Hotel Rooms In Residential Building,11213,Closed
57429540,2023-04-26T22:19:00.000,2023-04-26T23:10:51.000,NYPD,Noise - Park,Loud Music/Party,11385,Closed
57471711,2023-05-01T11:58:00.000,2023-04-28T11:58:00.000,DOT,Street Light Condition,Street Light Out,,Pending
57430299,2023-04-26T11:31:56.000,2023-10-16T10:09:59.000,DPR,New Tree Request,For One Address,10021,Closed
57433106,2023-04-27T16:02:16.000,2023-04-27T17:14:24.000,NYPD,Illegal Parking,Parking Permit Improper Use,11238,Closed
57425741,2023-04-26T02:10:42.000,2023-04-26T02:33:23.000,NYPD,Illegal Parking,Blocked Sidewalk,11213,Closed
57433438,2023-04-27T19:47:53.000,2023-04-27T20:16:25.000,NYPD,Blocked Driveway,No Access,11211,Closed
57426722,2023-04-26T19:39:51.000,2023-04-27T13:27:37.000,DSNY,Illegal Dumping,Removal Request,11377,Closed
57431206,2023-04-26T09:45:38.000,2023-04-27T10:05:00.000,DOT,Street Condition,Pothole,10025,Closed
57431659,2023-04-26T17:38:43.000,2023-04-26T19:44:12.000,NYPD,Abandoned Vehicle,With License Plate,11103,Closed
57435653,2023-04-27T14:30:52.000,2023-04-27T16:39:12.000,NYPD,Illegal Parking,Posted Parking Sign Violation,11357,Closed
57435597,2023-04-27T11:43:33.000,2023-04-27T11:52:04.000,NYPD,Abandoned Vehicle,With License Plate,11234,Closed
57435613,2023-04-27T09:55:39.000,2023-05-06T11:10:49.000,DSNY,Street Sweeping Complaint,Street Not Swept,11223,Closed
57429405,2023-04-26T22:05:00.000,2023-04-27T12:25:00.000,DEP,Noise,"Noise, Barking Dog (NR5)",10462,Closed
57419391,2023-04-25T13:50:00.000,2023-04-20T13:50:00.000,DOT,Street Light Condition,Street Light Cycling,11426,Pending
57434454,2023-04-27T07:29:23.000,2023-04-27T07:50:20.000,NYPD,Illegal Parking,Blocked Sidewalk,10029,Closed
57432928,2023-04-28T01:27:28.000,2023-04-28T19:24:16.000,NYPD,Illegal Parking,Double Parked Blocking Vehicle,10452,Closed
57432336,2023-04-26T09:18:14.000,2023-05-01T12:02:40.000,DOT,Street Condition,Line/Marking - Faded,11104,Closed
57435536,2023-04-27T11:05:00.000,2023-05-05T00:00:00.000,DEP,Noise,Noise: Construction Before/After Hours (NM1),10024,Closed
57433053,2023-04-27T14:17:00.000,2023-04-28T15:00:00.000,DEP,Air Quality,"Air: Odor/Fumes, Vehicle Idling (AD3)",10306,Closed
57434933,2023-04-27T14:09:21.000,2023-05-07T02:02:51.000,HPD,UNSANITARY CONDITION,PESTS,11204,Closed
57431883,2023-04-26T15:42:32.000,2023-04-26T15:55:33.000,NYPD,Noise - Residential,Banging/Pounding,10454,Closed
57431760,2023-04-26T15:01:09.000,2023-05-31T15:48:21.000,EDC,Noise - Helicopter,Other,11238,Closed
57429656,2023-04-26T22:13:00.000,2023-04-27T00:30:00.000,DOT,Traffic Signal Condition,Controller,10030,Closed
57422410,2023-04-25T17:40:18.000,2023-04-25T17:58:22.000,NYPD,Noise - Vehicle,Car/Truck Music,11208,Closed
57433516,2023-04-27T08:17:29.000,2023-05-03T08:54:28.000,DSNY,Missed Collection,Trash,11215,Closed
57434458,2023-04-27T23:11:00.000,2023-04-28T18:28:00.000,DEP,Noise,Noise: Construction Before/After Hours (NM1),10016,Closed
57434539,2023-04-28T00:24:23.000,2023-04-28T15:20:08.000,DOT,Street Condition,"Rough, Pitted or Cracked Roads",11370,Closed
57428084,2023-04-26T16:38:14.000,2023-05-15T00:00:00.000,DOB,Special Projects Inspection Team (SPIT),Adult Establishment,10018,Closed
57434390,2023-04-27T16:56:00.000,2023-04-28T08:21:00.000,DEP,Water Conservation,Water Meter Broken/Leaking - Other (CMO),10011,Closed
57429717,2023-04-26T22:20:00.000,2023-04-27T02:03:00.000,DSNY,Derelict Vehicles,Derelict Vehicles,11421,Closed
57424343,2023-04-26T17:01:19.000,2023-04-26T18:25:35.000,NYPD,Illegal Parking,Posted Parking Sign Violation,11355,Closed
57431646,2023-04-26T11:38:18.000,2023-04-26T13:58:03.000,NYPD,Illegal Parking,Blocked Sidewalk,11356,Closed
57435848,2023-04-27T12:15:19.000,2023-05-02T18:20:38.000,HPD,DOOR/WINDOW,WINDOW FRAME,11434,Closed
57423829,2023-04-26T09:50:05.000,2023-04-27T07:04:10.000,DPR,Dead/Dying Tree,Planted More Than 2 Years Ago,11375,Closed
57431818,2023-04-26T19:42:18.000,2024-11-12T17:25:43.000,DPR,Damaged Tree,Branch Cracked and Will Fall,10461,Closed
57429938,2023-04-27T00:29:11.000,2023-04-27T00:45:05.000,NYPD,Noise - Vehicle,Car/Truck Music,10034,Closed
57430558,2023-04-26T19:41:00.000,2023-04-27T06:06:00.000,DEP,Air Quality,"Air: Odor/Fumes, Vehicle Idling (AD3)",11205,Closed
57432457,2023-04-26T11:14:59.000,2023-07-11T15:26:51.000,TLC,Taxi Complaint,Driver Complaint - Passenger,10014,Closed
57424866,2023-04-26T12:07:33.000,2023-06-02T11:06:47.000,HPD,APPLIANCE,ELECTRIC/GAS RANGE,11415,Closed
57433384,2023-04-27T15:19:55.000,2023-04-27T16:58:10.000,NYPD,Illegal Parking,Blocked Bike Lane,11201,Closed
57435887,2023-04-27T07:02:07.000,2023-04-27T07:04:46.000,NYPD,Blocked Driveway,No Access,11218,Closed
57428882,2023-04-26T07:24:04.000,2023-04-26T08:41:13.000,NYPD,Illegal Parking,Unauthorized Bus Layover,10003,Closed
57429398,2023-04-26T19:17:55.000,2023-04-26T19:45:11.000,NYPD,Blocked Driveway,No Access,11368,Closed
57433534,2023-04-27T23:50:03.000,2023-04-28T00:16:37.000,NYPD,Noise - Residential,Loud Talking,10001,Closed
57430330,2023-04-26T15:51:17.000,2023-04-26T16:06:45.000,NYPD,Blocked Driveway,No Access,11368,Closed
57420578,2023-04-26T01:15:55.000,2023-04-26T06:54:27.000,NYPD,Noise - Residential,Loud Music/Party,10466,Closed
57428554,2023-04-26T22:20:41.000,2023-04-27T02:30:43.000,NYPD,Noise - Residential,Loud Music/Party,11372,Closed
57428225,2023-04-27T01:33:20.000,2023-04-27T01:53:02.000,NYPD,Noise - Commercial,Loud Music/Party,11236,Closed
57428163,2023-04-26T16:59:10.000,2023-04-26T20:15:39.000,NYPD,Illegal Parking,Blocked Sidewalk,10075,Closed
57433008,2023-04-27T22:14:02.000,2023-05-10T06:13:33.000,HPD,GENERAL,CABINET,10458,Closed
57428456,2023-04-26T01:35:00.000,2023-04-30T21:00:00.000,DEP,Noise,Noise: Construction Before/After Hours (NM1),10014,Closed
57428701,2023-04-26T18:11:01.000,2023-05-04T17:12:16.000,HPD,PAINT/PLASTER,WALL,10452,Closed
57431311,2023-04-26T06:26:32.000,2023-04-28T14:55:25.000,HPD,ELECTRIC,OUTLET/SWITCH,10467,Closed
57431613,2023-04-26T14:55:06.000,2023-07-09T02:03:11.000,HPD,PAINT/PLASTER,CEILING,11229,Closed
57428100,2023-04-26T03:23:08.000,2023-05-31T15:44:50.000,EDC,Noise - Helicopter,Other,10025,Closed
57431008,2023-04-26T12:16:29.000,2023-06-07T18:44:37.000,HPD,WATER LEAK,SLOW LEAK,11221,Closed
57430564,2023-04-26T22:18:28.000,2023-04-29T05:24:15.000,DSNY,Dirty Condition,Trash,10022,Closed
57430121,2023-04-26T18:48:16.000,2025-05-13T16:38:24.000,DPR,New Tree Request,For One Address,11362,Closed
57434383,2023-04-27T07:15:23.000,2023-04-27T08:34:42.000,NYPD,Abandoned Vehicle,With License Plate,11418,Closed
57432371,2023-04-26T10:53:00.000,2023-04-27T06:10:00.000,DEP,Water System,Dirty Water (WE),11235,Closed
57429551,2023-04-26T18:30:06.000,2023-04-27T19:24:43.000,HPD,HEAT/HOT WATER,APARTMENT ONLY,11209,Closed
57428297,2023-04-26T16:10:50.000,2023-05-03T07:13:18.000,HPD,GENERAL,BELL/BUZZER/INTERCOM,11216,Closed
57433756,2023-04-27T13:38:00.000,2023-04-28T09:20:00.000,DEP,Sewer,Culvert Blocked/Needs Cleaning (SE),11435,Closed
57431083,2023-04-26T16:58:36.000,2023-04-27T08:16:49.000,DOT,Bus Stop Shelter Complaint,Dirty/Graffiti,10465,Closed
57431628,2023-04-26T20:30:39.000,2023-04-27T00:57:22.000,NYPD,Illegal Parking,Blocked Hydrant,11204,Closed
57430915,2023-04-26T12:47:31.000,2023-05-01T06:51:43.000,DSNY,Missed Collection,Trash,11433,Closed
57430280,2023-04-26T16:20:49.000,2023-04-26T16:21:08.000,NYPD,Drug Activity,Use Outside,11366,Closed
57428680,2023-04-26T21:49:33.000,2023-04-26T22:21:13.000,NYPD,Noise - Residential,Loud Music/Party,10463,Closed
57435703,2023-04-27T10:15:53.000,2023-04-27T10:15:53.000,DOHMH,Unleashed Dog,Unleashed Dog in Public,10003,Closed
57435499,2023-04-27T09:08:16.000,2023-06-14T00:00:00.000,DOB,General Construction/Plumbing,Cons - Contrary/Beyond Approved Plans/Permits,10014,Closed
57419781,2023-04-25T10:29:00.000,2023-04-28T00:00:00.000,DEP,Noise,Noise: air condition/ventilation equipment (NV1),10128,Closed
57429923,2023-04-26T13:08:56.000,2023-04-27T19:51:03.000,HPD,HEAT/HOT WATER,APARTMENT ONLY,10025,Closed
57431073,2023-04-26T14:30:43.000,2023-04-26T18:08:38.000,NYPD,Noise - Residential,Banging/Pounding,10314,Closed
57432094,2023-04-26T09:53:25.000,2023-04-26T11:26:34.000,NYPD,Illegal Parking,Blocked Crosswalk,11231,Closed
57429977,2023-04-26T22:01:22.000,2023-04-26T22:46:17.000,NYPD,Noise - Street/Sidewalk,Loud Talking,10013,Closed
57431579,2023-04-26T22:49:19.000,2023-04-26T22:51:51.000,NYPD,Noise - Street/Sidewalk,Loud Music/Party,10034,Closed
57430548,2023-04-26T11:39:35.000,2023-04-26T22:15:30.000,NYPD,Abandoned Vehicle,With License Plate,10453,Closed
57433944,2023-04-27T06:22:23.000,2023-04-30T11:27:48.000,HPD,HEAT/HOT WATER,ENTIRE BUILDING,11216,Closed
57431145,2023-04-26T10:29:05.000,2023-04-26T13:08:12.000,NYPD,Illegal Parking,Blocked Sidewalk,11222,Closed
57435283,2023-04-27T23:29:00.000,2023-04-28T09:35:00.000,DEP,Water System,Hydrant Running (WC3),10469,Closed
57420474,2023-04-25T18:06:46.000,2023-05-31T15:42:44.000,EDC,Noise - Helicopter,Other,11414,Closed
57430359,2023-04-26T18:52:05.000,2023-04-28T11:35:00.000,DOT,Street Condition,Pothole,11236,Closed
57435321,2023-04-27T16:09:39.000,2023-05-08T20:20:58.000,HPD,UNSANITARY CONDITION,SEWAGE,10472,Closed
57431477,2023-04-26T13:32:38.000,2023-04-26T13:46:11.000,NYPD,Non-Emergency Police Matter,Other (complaint details),11103,Closed
57435610,2023-04-27T09:39:37.000,2023-04-27T09:39:37.000,DOB,General Construction/Plumbing,Cons - Contrary/Beyond Approved Plans/Permits,10467,Closed
57429746,2023-04-26T08:31:00.000,2023-04-27T08:07:00.000,DSNY,Derelict Vehicles,Derelict Vehicles,10451,Closed
57428440,2023-04-26T10:46:37.000,2023-04-26T12:50:55.000,NYPD,Illegal Parking,Blocked Sidewalk,11210,Closed
57429400,2023-04-26T15:37:26.000,2023-05-05T14:20:03.000,DSNY,Illegal Dumping,Removal Request,11354,Closed
57435563,2023-04-27T16:02:31.000,2023-05-07T02:02:56.000,HPD,PAINT/PLASTER,WALL,11230,Closed
57422376,2023-04-25T18:44:00.000,2023-05-01T10:35:00.000,DEP,Water System,Hydrant Running (WC3),10451,Closed
57427671,2023-04-26T08:48:51.000,2023-05-01T18:51:56.000,HPD,PAINT/PLASTER,CEILING,11106,Closed
57435119,2023-04-27T11:33:31.000,2023-04-28T11:37:00.000,DCWP,Consumer Complaint,Street Fair Vendor,11214,Closed
57430944,2023-04-26T17:12:38.000,2023-04-26T17:59:12.000,NYPD,Illegal Parking,Blocked Bike Lane,10012,Closed
57428180,2023-04-26T21:04:32.000,2023-04-27T01:43:30.000,NYPD,Illegal Parking,Blocked Hydrant,11385,Closed
57426068,2023-04-26T08:05:01.000,2023-04-26T17:04:54.000,HPD,HEAT/HOT WATER,ENTIRE BUILDING,10463,Closed
57435548,2023-04-27T10:56:29.000,2023-04-27T10:56:29.000,DOB,Real Time Enforcement,Work Without A Permit - Occupied Multiple Dwelling,10128,Closed
57432370,2023-04-26T09:47:00.000,2023-05-01T15:30:00.000,DEP,Air Quality,"Air: Dust, Construction/Demolition (AE4)",10014,Closed
57435916,2023-04-27T20:35:19.000,2023-05-08T10:35:00.000,DOT,Street Condition,Pothole,10301,Closed
57429308,2023-04-26T21:34:53.000,2023-04-26T21:34:53.000,DOHMH,Rodent,Rat Sighting,11379,Closed
57433927,2023-04-27T19:45:37.000,2023-05-31T15:51:15.000,EDC,Noise - Helicopter,Other,10023,Closed
57430572,2023-04-26T07:11:51.000,2023-04-26T11:52:12.000,NYPD,Illegal Parking,Parking Permit Improper Use,10467,Closed
57430254,2023-04-26T12:00:58.000,2023-04-26T13:56:50.000,NYPD,Noise - Street/Sidewalk,Loud Talking,11208,Closed
57431053,2023-04-26T20:52:16.000,2023-04-28T17:27:53.000,DOT,Street Sign - Dangling,Other/Unknown,11206,Closed
57435839,2023-04-27T06:23:27.000,2023-05-03T20:19:26.000,HPD,UNSANITARY CONDITION,PESTS,11225,Closed
57434505,2023-04-28T01:46:02.000,2023-04-28T02:17:26.000,NYPD,Noise - Commercial,Loud Music/Party,11233,Closed
57435750,2023-04-27T15:07:22.000,2023-05-19T09:57:05.000,DSNY,Illegal Dumping,Removal Request,10032,Closed
57429265,2023-04-26T20:58:39.000,2023-04-26T21:42:46.000,NYPD,Noise - Vehicle,Engine Idling,10019,Closed
57430235,2023-04-26T09:48:49.000,2024-11-25T12:37:45.000,DPR,Maintenance or Facility,Structure - Outdoors,11249,Closed
59382204,2023-11-09T04:57:16.000,2023-11-09T07:59:08.000,NYPD,Illegal Parking,Blocked Hydrant,11356,Closed
57434493,2023-04-27T14:57:25.000,2023-05-09T09:57:49.000,DSNY,Illegal Dumping,Removal Request,10467,Closed
57432960,2023-04-27T08:11:57.000,2023-04-27T15:07:37.000,NYPD,Abandoned Vehicle,With License Plate,10454,Closed
57433565,2023-04-27T09:24:04.000,2023-04-27T10:09:43.000,NYPD,Illegal Parking,Commercial Overnight Parking,10302,Closed
57428862,2023-04-26T09:32:00.000,2023-04-28T10:05:00.000,DSNY,Derelict Vehicles,Derelict Vehicles,11203,Closed
57428910,2023-04-26T02:56:54.000,2023-05-31T15:44:44.000,EDC,Noise - Helicopter,News Gathering,10028,Closed
57430195,2023-04-26T11:49:00.000,2023-04-26T12:20:00.000,DOT,Traffic Signal Condition,Ped Multiple Lamps,10027,Closed
57432559,2023-04-26T11:57:17.000,2023-04-26T12:37:39.000,NYPD,Illegal Parking,Posted Parking Sign Violation,11232,Closed
57429024,2023-04-26T07:02:45.000,2023-04-26T10:14:35.000,DOHMH,Unsanitary Animal Pvt Property,Dog,10458,Closed
57428107,2023-04-26T02:36:18.000,2023-04-26T03:19:30.000,NYPD,Illegal Parking,Blocked Sidewalk,10002,Closed
57435919,2023-04-27T09:29:13.000,2023-05-03T08:55:13.000,DSNY,Missed Collection,Recycling - Metal/Glass/Rigid Plastic,11215,Closed
57435156,2023-04-27T06:32:56.000,2023-05-01T10:39:53.000,DPR,Maintenance or Facility,Grass/Weeds,10312,Closed
57435038,2023-04-27T09:34:44.000,2023-05-13T14:10:19.000,DSNY,Abandoned Bike,Chained to Public Property,10019,Closed
57472395,2023-05-01T07:39:07.000,2023-05-01T07:39:07.000,DOT,Street Condition,Pothole,11210,Closed
57420503,2023-04-25T16:06:58.000,2023-04-25T20:14:25.000,DHS,Homeless Person Assistance,,11435,Closed
57433464,2023-04-27T07:51:48.000,2023-05-01T14:08:09.000,HPD,PLUMBING,WATER SUPPLY,11239,Closed
57427595,2023-04-26T19:30:41.000,2023-04-26T19:42:24.000,NYPD,Non-Emergency Police Matter,Other (complaint details),10019,Closed
57433037,2023-04-27T19:51:14.000,2023-04-27T19:57:27.000,NYPD,Noise - Residential,Loud Music/Party,11204,Closed
57428524,2023-04-26T20:02:00.000,2023-04-27T07:00:00.000,DEP,Water System,Dirty Water (WE),11215,Closed
57432124,2023-04-26T05:17:33.000,2023-04-26T07:16:56.000,NYPD,Noise - Commercial,Banging/Pounding,10454,Closed
57432217,2023-04-26T01:38:00.000,2023-04-26T06:00:00.000,DEP,Air Quality,"Air: Odor/Fumes, Vehicle Idling (AD3)",10462,Closed
57427891,2023-04-26T21:42:02.000,2023-04-27T03:07:51.000,NYPD,Illegal Parking,Blocked Hydrant,10301,Closed
57430022,2023-04-26T20:19:00.000,2023-04-27T10:51:00.000,DSNY,Derelict Vehicles,Derelict Vehicles,11001,Closed
57433962,2023-04-27T07:21:09.000,2023-04-27T07:37:28.000,NYPD,Illegal Parking,Blocked Hydrant,11224,Closed
57423824,2023-04-26T09:39:35.000,2023-04-27T18:47:10.000,HPD,HEAT/HOT WATER,ENTIRE BUILDING,10031,Closed
57431244,2023-04-26T19:16:54.000,2023-04-27T05:47:26.000,NYPD,Blocked Driveway,No Access,10466,Closed
57429139,2023-04-26T20:22:10.000,2023-11-20T09:35:30.000,HPD,PLUMBING,TOILET,11213,Closed
57435340,2023-04-27T13:32:55.000,2023-04-27T16:55:57.000,NYPD,Noise - Vehicle,Car/Truck Music,11212,Closed
57431726,2023-04-26T03:58:44.000,2023-04-30T23:56:04.000,DHS,Homeless Person Assistance,,,Closed
57430781,2023-04-26T10:13:12.000,2023-04-26T10:30:28.000,NYPD,Illegal Parking,Posted Parking Sign Violation,11236,Closed
57426365,2023-04-26T15:26:34.000,2023-07-11T10:45:11.000,TLC,For Hire Vehicle Complaint,Driver Complaint - Non Passenger,11238,Closed
57429513,2023-04-26T13:13:11.000,2024-11-12T17:25:39.000,DPR,Root/Sewer/Sidewalk Condition,Trees and Sidewalks Program,11209,Closed
57432406,2023-04-26T23:43:20.000,2023-04-27T08:55:51.000,HPD,HEAT/HOT WATER,ENTIRE BUILDING,10469,Closed
57429284,2023-04-27T01:43:14.000,2023-04-27T02:10:59.000,NYPD,Noise - Residential,Loud Music/Party,11415,Closed
57428594,2023-04-26T18:30:45.000,2023-07-06T14:56:08.000,TLC,For Hire Vehicle Complaint,Driver Complaint - Non Passenger,10002,Closed
57429896,2023-04-26T18:36:40.000,2023-06-18T18:14:28.000,HPD,UNSANITARY CONDITION,PESTS,11372,Closed
57434337,2023-04-27T03:41:00.000,2023-04-27T12:31:00.000,DEP,Noise,"Noise, Barking Dog (NR5)",11365,Closed
57427761,2023-04-26T21:21:35.000,2023-04-26T22:30:28.000,NYPD,Noise - Vehicle,Car/Truck Music,11420,Closed
57430636,2023-04-26T18:54:49.000,2023-04-26T19:36:12.000,NYPD,Noise - Residential,Loud Music/Party,10037,Closed
57435853,2023-04-27T21:29:03.000,2023-04-27T22:27:42.000,NYPD,Noise - Residential,Loud Talking,11204,Closed
57431663,2023-04-26T14:20:44.000,2023-04-26T14:46:50.000,NYPD,Illegal Parking,Posted Parking Sign Violation,10031,Closed
57431472,2023-04-26T02:06:36.000,2023-04-26T02:18:15.000,NYPD,Noise - Residential,Banging/Pounding,10001,Closed
57435637,2023-04-27T18:09:14.000,2023-05-05T00:00:00.000,DOB,Elevator,Elevator - Single Device On Property/No Alternate Service,10460,Closed
57435455,2023-04-27T09:14:16.000,2023-04-27T10:00:31.000,NYPD,Traffic,Congestion/Gridlock,11101,Closed
57434608,2023-04-27T16:12:42.000,2023-06-07T16:13:12.000,HPD,APPLIANCE,ELECTRIC/GAS RANGE,10458,Closed
57420261,2023-04-25T19:34:34.000,2025-01-30T12:14:41.000,DPR,New Tree Request,For One Address,10029,Closed
57433429,2023-04-27T22:15:20.000,2023-04-28T02:16:33.000,NYPD,Illegal Parking,Commercial Overnight Parking,11235,Closed
57432721,2023-04-26T20:54:31.000,2023-07-11T18:18:15.000,TLC,For Hire Vehicle Complaint,Driver Complaint - Non Passenger,10017,Closed
57434721,2023-04-27T18:08:45.000,2023-04-27T20:59:44.000,NYPD,Noise - Street/Sidewalk,Loud Music/Party,11220,Closed
57435193,2023-04-27T08:19:46.000,2023-05-10T00:00:00.000,DOB,General Construction/Plumbing,Building Permit - None,11375,Closed
57432053,2023-04-26T16:53:31.000,2023-05-31T15:48:23.000,EDC,Noise - Helicopter,Other,10023,Closed
57434051,2023-04-27T15:01:00.000,2023-05-01T11:00:00.000,DSNY,Electronics Waste Appointment,Ewaste appointment,10306,Closed
57429899,2023-04-26T13:35:49.000,2023-04-26T14:07:15.000,NYPD,Illegal Parking,Double Parked Blocking Traffic,10027,Closed
57428103,2023-04-26T11:07:02.000,2023-04-26T11:56:25.000,NYPD,Noise - Residential,Loud Music/Party,11212,Closed
57431229,2023-04-26T01:52:01.000,2023-05-02T15:30:02.000,HPD,PLUMBING,WATER SUPPLY,10027,Closed
57435518,2023-04-27T18:59:29.000,2023-04-27T19:55:41.000,NYPD,Noise - Residential,Banging/Pounding,11235,Closed
57433536,2023-04-27T11:04:03.000,2023-04-27T11:49:15.000,NYPD,Illegal Parking,Commercial Overnight Parking,10017,Closed
57433979,2023-04-27T22:34:41.000,2023-04-27T22:41:08.000,NYPD,Illegal Parking,Blocked Hydrant,10472,Closed
57435364,2023-04-27T08:52:49.000,2023-04-27T09:01:57.000,NYPD,Illegal Parking,Blocked Bike Lane,11101,Closed
57435626,2023-04-27T09:24:06.000,2023-05-03T12:04:31.000,DSNY,Missed Collection,Trash,11235,Closed
57423649,2023-04-26T21:56:00.000,2023-04-27T12:32:00.000,DEP,Noise,"Noise, Barking Dog (NR5)",11385,Closed
57429323,2023-04-26T07:33:17.000,2023-05-31T15:45:45.000,EDC,Noise - Helicopter,Other,10025,Closed
57428393,2023-04-26T22:32:24.000,2023-04-27T04:16:34.000,NYPD,Blocked Driveway,No Access,10454,Closed
57428016,2023-04-26T22:18:22.000,2023-04-26T22:42:19.000,NYPD,Illegal Parking,Commercial Overnight Parking,11235,Closed
57428379,2023-04-26T13:47:01.000,2023-05-03T08:42:22.000,DSNY,Missed Collection,Recycling - Paper,11210,Closed
57431222,2023-04-26T09:15:53.000,2023-04-26T10:22:48.000,NYPD,Illegal Parking,Blocked Crosswalk,11221,Closed
57426195,2023-04-26T18:03:22.000,2023-04-26T19:21:56.000,NYPD,Illegal Parking,Blocked Bike Lane,11215,Closed
57432410,2023-04-26T12:38:00.000,2023-04-26T19:45:00.000,DEP,Water System,Leak (Use Comments) (WA2),11236,Closed
57422933,2023-04-26T14:52:14.000,2023-06-09T02:04:58.000,HPD,PAINT/PLASTER,WALL,11226,Closed
58024620,2023-06-27T06:29:26.000,,DPR,Overgrown Tree/Branches,Blocking Street,11355,In Progress
57427623,2023-04-26T20:33:49.000,2023-04-29T18:16:47.000,HPD,UNSANITARY CONDITION,PESTS,11106,Closed
57431168,2023-04-26T22:29:00.000,2023-04-27T21:00:00.000,DEP,Noise,Noise: Construction Before/After Hours (NM1),10017,Closed
57428293,2023-04-26T18:34:36.000,2023-04-27T08:27:22.000,DOHMH,Rodent,Mouse Sighting,10031,Closed
57432628,2023-04-26T00:50:50.000,2023-04-26T13:14:59.000,HPD,PAINT/PLASTER,CEILING,10458,Closed
57435711,2023-04-27T10:34:35.000,2023-04-27T13:43:15.000,NYPD,Illegal Parking,Posted Parking Sign Violation,10463,Closed
57433670,2023-04-27T23:11:40.000,2023-04-28T02:10:39.000,NYPD,Noise - Vehicle,Car/Truck Music,11432,Closed
57431654,2023-04-26T08:57:26.000,2023-04-26T09:58:38.000,NYPD,Noise - Vehicle,Car/Truck Horn,11225,Closed
57434948,2023-04-27T20:26:55.000,2023-04-27T22:08:56.000,NYPD,Noise - Street/Sidewalk,Loud Music/Party,11238,Closed
57432018,2023-04-26T08:29:33.000,2023-04-26T10:03:26.000,NYPD,Illegal Parking,Blocked Sidewalk,11204,Closed
57434428,2023-04-27T10:51:42.000,2023-05-19T11:06:02.000,HPD,PAINT/PLASTER,WALL,11203,Closed
57433023,2023-04-27T22:38:14.000,2023-04-27T23:22:36.000,NYPD,Noise - Residential,Loud Music/Party,11238,Closed
57430302,2023-04-26T16:17:48.000,2023-04-26T18:00:07.000,DSNY,Vendor Enforcement,Non-Food Vendor,10013,Closed
57433469,2023-04-27T08:28:14.000,2023-05-25T16:17:47.000,HPD,UNSANITARY CONDITION,PESTS,10027,Closed
57434097,2023-04-27T19:01:33.000,2023-04-27T19:14:03.000,NYPD,Noise - Residential,Loud Music/Party,10009,Closed
57431305,2023-04-26T13:34:42.000,2023-06-13T20:51:49.000,HPD,DOOR/WINDOW,WINDOW FRAME,11369,Closed
57433791,2023-04-27T14:28:10.000,2023-04-28T06:19:48.000,NYPD,Blocked Driveway,No Access,10466,Closed
57435709,2023-04-27T11:53:38.000,2023-04-27T13:03:32.000,NYPD,Illegal Parking,Posted Parking Sign Violation,11207,Closed
58031637,2023-06-29T00:57:49.000,2023-06-29T01:11:51.000,NYPD,Noise - Residential,Loud Television,10003,Closed
57432973,2023-04-27T12:33:13.000,2023-04-27T15:19:03.000,NYPD,Abandoned Vehicle,With License Plate,11204,Closed
57431233,2023-04-26T13:08:56.000,2023-04-26T23:34:11.000,NYPD,Illegal Parking,Paper License Plates,11385,Closed
57428800,2023-04-26T10:41:10.000,2023-04-26T10:51:47.000,NYPD,Drug Activity,Use Outside,10019,Closed
57433080,2023-04-27T07:48:44.000,2023-04-27T11:01:50.000,NYPD,Illegal Parking,Posted Parking Sign Violation,11237,Closed
57432108,2023-04-26T14:07:42.000,2023-04-26T14:39:53.000,NYPD,Blocked Driveway,Partial Access,11234,Closed
57428361,2023-04-26T15:37:16.000,2023-04-26T22:00:42.000,NYPD,Noise - Residential,Banging/Pounding,10027,Closed
57433042,2023-04-27T22:26:27.000,2023-05-11T16:28:28.000,HPD,FLOORING/STAIRS,FLOOR,10469,Closed
57427802,2023-04-26T08:58:23.000,2023-04-26T11:09:50.000,NYPD,Illegal Parking,Parking Permit Improper Use,11102,Closed
57432237,2023-04-26T15:41:58.000,2023-05-10T09:29:57.000,HPD,GENERAL,CABINET,11213,Closed
57428049,2023-04-26T13:45:08.000,2023-04-26T14:14:18.000,NYPD,Noise - Residential,Banging/Pounding,10038,Closed
57432647,2023-04-26T22:42:58.000,2023-04-27T00:14:14.000,NYPD,Noise - Street/Sidewalk,Loud Music/Party,10003,Closed
57432197,2023-04-26T21:52:02.000,2023-04-26T22:45:08.000,NYPD,Noise - Residential,Loud Music/Party,11212,Closed
57431886,2023-04-26T10:02:02.000,2023-04-26T10:27:36.000,NYPD,Illegal Parking,Posted Parking Sign Violation,10303,Closed
57427680,2023-04-26T07:19:57.000,2023-04-26T09:28:09.000,HPD,PLUMBING,WATER SUPPLY,10453,Closed
57423996,2023-04-26T17:53:03.000,2023-04-26T19:14:54.000,NYPD,Illegal Parking,Double Parked Blocking Vehicle,10033,Closed
57427986,2023-04-26T15:15:11.000,2023-04-26T19:24:26.000,NYPD,Illegal Parking,Blocked Bike Lane,10462,Closed
57429709,2023-04-27T00:56:57.000,2023-04-27T03:04:41.000,NYPD,Illegal Parking,Blocked Hydrant,11226,Closed
57428450,2023-04-26T18:49:04.000,2023-05-10T16:21:13.000,HPD,UNSANITARY CONDITION,SEWAGE,10002,Closed
57433150,2023-04-27T13:21:51.000,2023-04-28T00:00:00.000,DOB,General Construction/Plumbing,Sidewalk Shed/Pipe Scafford - Inadequate Defective/None,11220,Closed
57431917,2023-04-26T14:12:44.000,2023-04-26T21:17:28.000,NYPD,Noise - Residential,Loud Music/Party,10453,Closed
57427996,2023-04-26T09:18:07.000,2023-04-26T09:42:51.000,NYPD,Illegal Parking,Posted Parking Sign Violation,10029,Closed
57420509,2023-04-25T11:45:34.000,2023-04-26T12:58:09.000,DOT,Sidewalk Condition,Pedestrian Ramp Defective,10017,Closed
57428312,2023-04-26T15:27:23.000,2023-04-26T17:47:41.000,NYPD,Illegal Parking,Posted Parking Sign Violation,11221,Closed
57434897,2023-04-27T16:57:37.000,2023-05-01T13:34:04.000,DSNY,Illegal Dumping,Removal Request,10312,Closed
57428285,2023-04-26T13:15:57.000,2023-05-31T15:47:43.000,EDC,Noise - Helicopter,Other,10024,Closed
57435179,2023-04-27T09:17:39.000,2023-04-27T10:51:30.000,NYPD,Illegal Parking,Blocked Hydrant,11220,Closed
57423214,2023-04-26T22:26:46.000,2023-04-27T01:38:51.000,NYPD,Illegal Parking,Commercial Overnight Parking,11379,Closed
58065222,2023-07-01T11:19:45.000,2023-08-03T07:55:06.000,DSNY,Missed Collection,Trash,10009,Closed
57435101,2023-04-27T12:57:17.000,2023-05-09T09:41:22.000,HPD,DOOR/WINDOW,WINDOW FRAME,10024,Closed
57427882,2023-04-26T07:08:06.000,2023-04-26T08:15:17.000,NYPD,Noise - Residential,Banging/Pounding,11233,Closed
57422800,2023-04-25T07:17:44.000,2023-04-26T15:25:20.000,DOT,Street Condition,Plate Condition - Noisy,10128,Closed
57426353,2023-04-26T14:49:25.000,2023-05-28T19:12:00.000,HPD,GENERAL,COOKING GAS,10023,Closed
57432842,2023-04-27T10:43:58.000,2023-05-12T09:20:07.000,DOT,Sidewalk Condition,Sidewalk Violation,11379,Closed
59375263,2023-11-09T08:28:13.000,2023-11-09T10:18:48.000,NYPD,Abandoned Vehicle,With License Plate,10314,Closed
57427604,2023-04-26T09:18:04.000,2023-05-08T12:52:19.000,HPD,ELECTRIC,OUTLET/SWITCH,10458,Closed
57434681,2023-04-27T10:34:35.000,2023-04-27T15:26:26.000,DSNY,Missed Collection,Trash,10463,Closed
57430547,2023-04-26T13:58:52.000,2023-04-26T14:33:33.000,NYPD,Illegal Parking,Posted Parking Sign Violation,11230,Closed
57432994,2023-04-27T12:06:55.000,2023-04-27T14:11:10.000,NYPD,Abandoned Vehicle,With License Plate,11228,Closed
57420361,2023-04-25T13:46:35.000,2023-04-26T01:50:11.000,NYPD,Illegal Parking,Blocked Hydrant,10457,Closed
57430230,2023-04-26T04:55:01.000,2023-04-26T05:48:28.000,NYPD,Illegal Parking,Blocked Hydrant,11230,Closed
57428470,2023-04-26T09:02:00.000,2023-04-27T13:48:00.000,DSNY,Derelict Vehicles,Derelict Vehicles,,Closed
57429094,2023-04-26T14:53:26.000,2023-04-26T22:35:23.000,NYPD,Blocked Driveway,Partial Access,11379,Closed
57427894,2023-04-26T08:02:01.000,2023-04-26T12:52:04.000,NYPD,Illegal Parking,Blocked Hydrant,10468,Closed
57428222,2023-04-26T10:46:16.000,2023-05-05T12:43:38.000,DOT,Street Sign - Damaged,Bus Stop,11361,Closed
57435466,2023-04-27T16:54:32.000,2023-04-27T21:28:14.000,NYPD,Illegal Parking,Posted Parking Sign Violation,11427,Closed
57429435,2023-04-26T19:05:36.000,2023-04-27T01:05:03.000,NYPD,Blocked Driveway,Partial Access,11223,Closed
57433828,2023-04-27T20:14:00.000,2023-04-27T22:00:00.000,DEP,Sewer,Sewer Backup (Use Comments) (SA),10314,Closed
57426035,2023-04-26T20:16:10.000,2023-04-26T23:26:05.000,NYPD,Noise - Street/Sidewalk,Loud Talking,11372,Closed
57473896,2023-05-01T10:24:50.000,2023-05-03T09:08:59.000,DSNY,Illegal Dumping,Removal Request,11412,Closed
57427741,2023-04-26T10:29:08.000,2023-05-31T15:46:51.000,EDC,Noise - Helicopter,Other,10023,Closed
57432169,2023-04-26T14:42:32.000,2023-05-31T15:48:18.000,EDC,Noise - Helicopter,Other,10011,Closed
57432803,2023-04-27T20:35:47.000,2023-04-27T21:04:44.000,NYPD,Noise - Residential,Loud Music/Party,11416,Closed
57429807,2023-04-26T16:01:00.000,2023-04-27T13:59:00.000,DSNY,Derelict Vehicles,Derelict Vehicles,11207,Closed
57430545,2023-04-26T23:59:27.000,2023-04-27T00:06:09.000,NYPD,Illegal Parking,Blocked Bike Lane,10021,Closed
57432097,2023-04-26T09:56:53.000,2023-05-05T14:35:53.000,DSNY,Missed Collection,Bulky Trash,11366,Closed
57433198,2023-04-27T12:15:12.000,2023-04-27T13:00:13.000,NYPD,Illegal Parking,Blocked Hydrant,11418,Closed
57429009,2023-04-26T14:15:24.000,2023-05-31T15:48:05.000,EDC,Noise - Helicopter,Other,10023,Closed
57432209,2023-04-26T11:58:36.000,2023-04-29T15:05:07.000,DSNY,Residential Disposal Complaint,Trash or Recycling Not Secure,11225,Closed
57435280,2023-04-27T18:47:00.000,2023-04-28T05:59:00.000,DEP,Air Quality,"Air: Odor/Fumes, Vehicle Idling (AD3)",10036,Closed
57433401,2023-04-27T09:01:00.000,2023-04-27T09:01:00.000,DOT,Street Light Condition,Street Light Out,11103,Closed
57432639,2023-04-26T13:30:10.000,2023-05-03T12:57:36.000,DOT,Sidewalk Condition,Broken Sidewalk,11219,Closed
57433201,2023-04-27T06:54:38.000,2023-04-27T07:22:08.000,NYPD,Illegal Parking,Posted Parking Sign Violation,11239,Closed
57430795,2023-04-26T02:55:30.000,2023-04-26T05:28:12.000,NYPD,Illegal Parking,Blocked Crosswalk,10037,Closed
57432040,2023-04-26T08:37:00.000,2023-04-26T14:14:09.000,NYPD,Illegal Parking,Blocked Crosswalk,10465,Closed
57433740,2023-04-27T22:26:17.000,2023-04-28T16:33:11.000,HPD,WATER LEAK,HEAVY FLOW,10458,Closed
57429519,2023-04-26T08:13:01.000,2023-05-31T15:45:55.000,EDC,Noise - Helicopter,Other,11201,Closed
57429751,2023-04-26T21:17:41.000,2023-04-27T15:13:13.000,HPD,HEAT/HOT WATER,ENTIRE BUILDING,11374,Closed
57432076,2023-04-26T12:41:19.000,2023-04-26T17:31:25.000,NYPD,Illegal Parking,Blocked Sidewalk,11104,Closed
57426097,2023-04-26T20:30:25.000,2023-04-26T22:34:08.000,NYPD,Animal-Abuse,Neglected,11215,Closed
57433314,2023-04-27T13:48:06.000,2025-01-11T05:03:34.000,DOHMH,Mobile Food Vendor,Food Worker Activity,10016,Closed
57431882,2023-04-26T12:53:58.000,2023-04-26T19:19:49.000,NYPD,Noise - Vehicle,Car/Truck Music,11436,Closed
57434342,2023-04-27T18:13:25.000,2023-04-27T19:27:55.000,DPR,Animal in a Park,Dog Off Leash,11222,Closed
57435555,2023-04-27T22:10:00.000,2023-04-28T00:30:00.000,DOT,Traffic Signal Condition,Underground,10011,Closed
57430281,2023-04-26T13:33:19.000,2023-04-26T14:04:10.000,NYPD,Illegal Parking,Blocked Hydrant,11235,Closed
57434012,2023-04-27T13:47:54.000,2023-04-27T14:49:55.000,NYPD,Illegal Parking,Blocked Hydrant,10468,Closed
57428076,2023-04-26T13:54:05.000,2023-04-26T13:54:05.000,DOB,General Construction/Plumbing,Building Shaking/Vibrating/Structural Stability,11206,Closed
57428763,2023-04-26T06:26:49.000,2023-04-26T10:15:15.000,HPD,HEAT/HOT WATER,APARTMENT ONLY,11206,Closed
57434742,2023-04-27T14:28:14.000,2023-04-27T14:38:15.000,DPR,Animal in a Park,Injured Wildlife,11379,Closed
57420111,2023-04-25T09:39:33.000,2023-05-02T18:24:06.000,HPD,UNSANITARY CONDITION,MOLD,11412,Closed
57428818,2023-04-26T08:50:00.000,2023-04-28T22:25:00.000,DEP,Noise,Noise: Construction Before/After Hours (NM1),10028,Closed
57423265,2023-04-27T00:11:03.000,2023-04-27T00:56:55.000,NYPD,Illegal Parking,Commercial Overnight Parking,11230,Closed
57433223,2023-04-27T09:43:34.000,2023-04-27T22:56:49.000,NYPD,Illegal Parking,Posted Parking Sign Violation,10457,Closed
57425251,2023-04-26T21:34:17.000,2023-04-26T21:52:26.000,NYPD,Non-Emergency Police Matter,Other (complaint details),11375,Closed
57433923,2023-04-27T20:50:44.000,2023-05-31T15:51:55.000,EDC,Noise - Helicopter,Other,10023,Closed
57428608,2023-04-27T00:24:08.000,2023-04-27T01:15:02.000,NYPD,Drug Activity,Use Outside,11366,Closed
57429562,2023-04-26T11:33:27.000,2023-04-26T12:59:49.000,NYPD,Blocked Driveway,No Access,11225,Closed
57430477,2023-04-26T16:41:07.000,2023-04-26T18:37:43.000,NYPD,Noise - Residential,Banging/Pounding,11355,Closed
57431466,2023-04-26T15:16:38.000,2023-04-26T16:28:12.000,NYPD,Noise - Vehicle,Car/Truck Music,11220,Closed
57427993,2023-04-26T05:52:11.000,2024-06-04T00:15:25.000,DOHMH,Food Establishment,Food Spoiled,10017,Closed
57434629,2023-04-27T12:45:54.000,2023-05-10T14:55:58.000,DOT,Sidewalk Condition,Sidewalk Violation,10306,Closed
57428469,2023-04-26T10:27:41.000,2023-05-31T15:46:47.000,EDC,Noise - Helicopter,Other,10023,Closed
57433635,2023-04-27T20:45:30.000,2023-04-27T21:43:44.000,NYPD,Illegal Parking,Commercial Overnight Parking,10314,Closed
57433468,2023-04-27T13:06:26.000,2023-04-27T14:23:28.000,NYPD,Blocked Driveway,No Access,11373,Closed
57428033,2023-04-26T22:54:53.000,2023-04-26T23:04:22.000,NYPD,Noise - Street/Sidewalk,Loud Talking,11229,Closed
57433759,2023-04-28T01:48:53.000,2023-12-20T11:07:09.000,DSNY,Graffiti,Graffiti,10009,Closed
57434636,2023-04-27T20:44:57.000,2023-04-27T23:47:31.000,NYPD,Noise - Commercial,Banging/Pounding,10003,Closed
57435675,2023-04-27T22:12:54.000,2023-04-27T22:54:03.000,NYPD,Noise - Residential,Loud Music/Party,10031,Closed
57432515,2023-04-26T09:45:51.000,2023-04-26T11:18:08.000,NYPD,Abandoned Vehicle,With License Plate,11203,Closed
57428127,2023-04-26T12:45:16.000,2023-04-27T06:48:53.000,DPR,Damaged Tree,Tree Alive - in Poor Condition,10310,Closed
57433083,2023-04-27T15:17:00.000,2023-04-28T10:10:00.000,DEP,Sewer,Catch Basin Clogged/Flooding (Use Comments) (SC),11209,Closed
57430980,2023-04-26T09:43:23.000,2023-05-31T15:12:03.000,EDC,Noise - Helicopter,Other,10011,Closed
57430571,2023-04-26T12:33:11.000,2023-04-26T14:05:10.000,NYPD,Noise - Commercial,Loud Music/Party,10002,Closed
57430374,2023-04-27T01:47:57.000,2023-04-27T02:57:21.000,NYPD,Illegal Parking,Blocked Crosswalk,11205,Closed
57430268,2023-04-26T14:10:25.000,2024-06-04T00:18:59.000,DOHMH,Smoking,Smoking Violation,11211,Closed
57432098,2023-04-26T23:51:20.000,2023-04-27T02:05:18.000,NYPD,Noise - Residential,Loud Music/Party,11213,Closed
57428809,2023-04-26T12:38:00.000,2023-06-25T10:00:00.000,DEP,Water System,Leak (Use Comments) (WA2),11221,Closed
57433949,2023-04-27T15:39:43.000,2023-04-27T16:09:00.000,NYPD,Drug Activity,Use Outside,11366,Closed
57429043,2023-04-26T08:25:58.000,2023-04-26T08:52:59.000,NYPD,Abandoned Vehicle,With License Plate,10308,Closed
57421214,2023-04-25T14:44:19.000,2023-04-25T16:48:33.000,NYPD,Blocked Driveway,No Access,11365,Closed
57430380,2023-04-26T12:29:48.000,2023-06-26T07:45:32.000,HPD,PLUMBING,WATER SUPPLY,11230,Closed
57435434,2023-04-27T08:08:55.000,2023-04-27T12:09:57.000,NYPD,Animal-Abuse,Tortured,10469,Closed
57435126,2023-04-27T16:36:25.000,2023-04-28T12:54:41.000,DSNY,Dirty Condition,Dog Waste,10466,Closed
57431920,2023-04-26T09:01:51.000,2023-04-26T09:36:04.000,NYPD,Noise - Residential,Loud Music/Party,10128,Closed
57434077,2023-04-27T21:55:24.000,2023-04-28T18:14:03.000,HPD,HEAT/HOT WATER,ENTIRE BUILDING,10029,Closed
57435242,2023-04-27T20:33:06.000,2023-04-30T10:26:51.000,HPD,PAINT/PLASTER,CEILING,10460,Closed
57430735,2023-04-26T04:44:50.000,2023-05-12T15:06:20.000,HPD,UNSANITARY CONDITION,GARBAGE/RECYCLING STORAGE,10452,Closed
57435129,2023-04-27T22:34:36.000,2023-05-02T08:17:02.000,DOHMH,Rodent,Signs of Rodents,10014,Closed
57433853,2023-04-27T14:06:23.000,2023-05-10T08:30:18.000,HPD,UNSANITARY CONDITION,MOLD,11379,Closed
57428894,2023-04-26T23:33:55.000,2023-04-27T18:47:25.000,HPD,HEAT/HOT WATER,ENTIRE BUILDING,11220,Closed
57432256,2023-04-26T15:30:27.000,2023-04-26T16:16:00.000,NYPD,Illegal Parking,Blocked Bike Lane,11238,Closed
57435199,2023-04-27T06:31:34.000,2023-04-27T10:23:38.000,NYPD,Illegal Parking,Blocked Hydrant,11103,Closed
57434150,2023-04-27T15:08:30.000,2023-05-26T00:00:00.000,DOB,General Construction/Plumbing,Fence - None/Inadequate,11215,Closed
57427874,2023-04-26T13:08:46.000,2023-05-02T09:33:26.000,DOT,Sidewalk Condition,Sidewalk Violation,11213,Closed
57469493,2023-05-01T21:35:00.000,2023-05-02T11:59:00.000,DEP,Noise,"Noise, Barking Dog (NR5)",11374,Closed
57434475,2023-04-27T15:06:06.000,2023-07-21T10:23:40.000,HPD,PAINT/PLASTER,CEILING,11213,Closed
57432580,2023-04-26T07:26:59.000,2023-04-27T14:04:11.000,DSNY,Dirty Condition,Trash,11101,Closed
57435431,2023-04-27T17:08:05.000,2023-04-27T18:48:44.000,NYPD,Illegal Parking,Posted Parking Sign Violation,11101,Closed
57430438,2023-04-26T09:41:37.000,2023-04-26T16:32:43.000,NYPD,Illegal Parking,Blocked Hydrant,11211,Closed
57429649,2023-04-27T01:15:16.000,2023-04-27T10:03:41.000,NYPD,Noise - Residential,Banging/Pounding,10453,Closed
57435952,2023-04-28T01:44:55.000,2023-05-08T00:00:00.000,DSNY,Graffiti,Graffiti,10009,Closed
57434221,2023-04-27T23:07:57.000,2023-04-27T23:19:41.000,NYPD,Noise - Street/Sidewalk,Loud Talking,10026,Closed
57430127,2023-04-26T14:08:54.000,2023-04-26T14:08:54.000,DOT,Street Condition,Pothole,11238,Closed
57432877,2023-04-27T18:19:58.000,2024-11-12T17:25:57.000,DPR,Overgrown Tree/Branches,Hitting Building,10461,Closed
57431757,2023-04-26T18:14:14.000,2023-12-20T11:07:09.000,DSNY,Graffiti,Graffiti,11235,Closed
57433091,2023-04-27T16:09:37.000,2023-05-12T08:15:54.000,HPD,ELECTRIC,POWER OUTAGE,11691,Closed
57428305,2023-04-26T09:30:30.000,2023-04-26T10:44:28.000,NYPD,Illegal Parking,Blocked Crosswalk,11223,Closed
57431051,2023-04-26T14:30:13.000,2023-04-28T14:05:34.000,HPD,HEAT/HOT WATER,APARTMENT ONLY,10462,Closed
57429538,2023-04-26T17:04:10.000,2023-05-31T15:48:37.000,EDC,Noise - Helicopter,Other,10023,Closed
57423807,2023-04-26T12:51:03.000,2023-05-04T07:46:52.000,HPD,PAINT/PLASTER,CEILING,10010,Closed
58024051,2023-06-28T00:46:31.000,2023-06-28T05:24:55.000,NYPD,Illegal Parking,Blocked Crosswalk,10461,Closed
57429422,2023-04-26T08:04:42.000,2023-04-26T08:55:10.000,NYPD,Illegal Parking,Blocked Bike Lane,10002,Closed
57432849,2023-04-27T21:11:31.000,2023-05-26T13:27:19.000,HPD,UNSANITARY CONDITION,GARBAGE/RECYCLING STORAGE,10472,Closed
57433413,2023-04-27T15:48:37.000,2023-04-28T10:09:25.000,DPR,Dead/Dying Tree,Planted More Than 2 Years Ago,10314,Closed
57431609,2023-04-26T07:02:32.000,2023-04-26T09:51:03.000,NYPD,Blocked Driveway,No Access,11221,Closed
57433769,2023-04-27T19:54:20.000,2023-12-20T11:07:09.000,DSNY,Graffiti,Graffiti,11214,Closed
57434289,2023-04-27T12:42:40.000,2024-06-04T00:16:24.000,DOHMH,Food Establishment,Food Contains Foreign Object,11373,Closed
57435396,2023-04-27T08:25:29.000,2023-04-27T10:13:07.000,NYPD,Noise - Vehicle,Car/Truck Horn,10007,Closed
57419446,2023-04-25T12:42:05.000,2023-04-25T12:42:05.000,DOHMH,Rodent,Rat Sighting,11375,Closed
57429518,2023-04-26T14:55:15.000,2023-04-26T15:25:10.000,NYPD,Traffic,Drag Racing,11235,Closed
57432008,2023-04-26T19:29:19.000,2023-06-29T00:00:00.000,DOB,Building/Use,Illegal Conversion Of Residential Building/Space,10472,Closed
57431059,2023-04-26T20:00:31.000,2023-04-29T16:54:57.000,HPD,HEAT/HOT WATER,APARTMENT ONLY,11102,Closed
57434879,2023-04-27T13:20:20.000,2023-06-15T07:49:10.000,TLC,For Hire Vehicle Complaint,Driver Complaint - Non Passenger,11217,Closed
57432243,2023-04-26T17:51:53.000,2023-04-29T19:14:18.000,HPD,HEAT/HOT WATER,APARTMENT ONLY,10021,Closed
57431240,2023-04-26T22:43:34.000,2023-04-27T12:06:33.000,DOHMH,Rodent,Condition Attracting Rodents,11216,Closed
57434691,2023-04-27T18:34:18.000,2023-04-27T19:02:26.000,NYPD,Blocked Driveway,No Access,10312,Closed
57435625,2023-04-27T23:41:31.000,2023-04-29T18:16:47.000,HPD,HEAT/HOT WATER,APARTMENT ONLY,11106,Closed
57435135,2023-04-27T14:21:42.000,2023-04-27T19:41:58.000,HPD,HEAT/HOT WATER,ENTIRE BUILDING,11211,Closed
57429792,2023-04-26T13:25:53.000,2023-04-26T15:31:47.000,NYPD,Noise - Street/Sidewalk,Loud Music/Party,10455,Closed
57430187,2023-04-26T12:27:19.000,2023-08-14T20:47:16.000,HPD,ELECTRIC,OUTLET/SWITCH,10456,Closed
57422363,2023-04-25T21:59:45.000,2023-04-25T22:55:43.000,NYPD,Noise - Commercial,Loud Music/Party,10301,Closed
57427973,2023-04-26T15:02:32.000,2023-04-27T11:22:54.000,DSNY,Missed Collection,Trash,10458,Closed
57435335,2023-04-27T17:07:20.000,2023-04-28T02:44:04.000,NYPD,Abandoned Vehicle,With License Plate,11416,Closed
57431355,2023-04-26T07:06:20.000,2023-05-03T13:29:29.000,DOE,School Maintenance,Unclean Condition,11211,Closed
57431823,2023-04-26T07:29:37.000,2023-05-31T15:45:44.000,EDC,Noise - Helicopter,Other,10025,Closed
57430285,2023-04-26T18:14:34.000,2023-04-27T20:38:35.000,HPD,UNSANITARY CONDITION,PESTS,10466,Closed
57429258,2023-04-26T19:07:00.000,2023-04-26T20:40:00.000,DOT,Traffic Signal Condition,Veh Signal Lamp,10314,Closed
57427953,2023-04-26T05:48:43.000,2023-04-26T06:47:02.000,NYPD,Encampment,N/A,10011,Closed
57429858,2023-04-26T20:01:20.000,2023-04-26T20:48:30.000,NYPD,Noise - Street/Sidewalk,Loud Music/Party,10468,Closed
57428668,2023-04-26T16:38:00.000,2023-04-27T03:37:00.000,DSNY,Derelict Vehicles,Derelict Vehicles,11374,Closed
57432621,2023-04-26T23:55:07.000,2023-05-10T11:04:38.000,TLC,For Hire Vehicle Complaint,Driver Complaint - Non Passenger,10007,Closed
57430704,2023-04-26T06:55:39.000,2023-04-26T07:05:55.000,NYPD,Illegal Parking,Posted Parking Sign Violation,10467,Closed
57427849,2023-04-26T07:29:57.000,2023-04-27T10:08:48.000,DHS,Homeless Person Assistance,,,Closed
57430593,2023-04-26T11:09:28.000,2023-05-05T14:19:53.000,DSNY,Missed Collection,Bulky Trash,11356,Closed
57423703,2023-04-26T19:23:18.000,2023-04-27T17:10:24.000,HPD,HEAT/HOT WATER,ENTIRE BUILDING,11203,Closed
57430560,2023-04-26T16:59:00.000,2023-04-26T18:20:00.000,DOT,Traffic Signal Condition,Controller,11692,Closed
57429645,2023-04-26T09:29:00.000,2023-04-26T13:25:00.000,DEP,Water System,Dirty Water (WE),11238,Closed
57435013,2023-04-27T14:34:33.000,2023-09-28T20:38:00.000,HPD,ELECTRIC,OUTLET/SWITCH,10033,Closed
57427624,2023-04-26T20:07:01.000,2023-05-02T13:15:05.000,HPD,GENERAL,JANITOR/SUPER,10025,Closed
57429492,2023-04-26T21:38:13.000,2023-04-26T22:45:42.000,NYPD,Non-Emergency Police Matter,Trespassing,11212,Closed
57431666,2023-04-26T17:29:41.000,2023-04-30T09:28:07.000,HPD,HEAT/HOT WATER,APARTMENT ONLY,10302,Closed
57433160,2023-04-27T15:28:17.000,2024-09-23T12:03:51.000,HPD,GENERAL,CABINET,11226,Closed
57433281,2023-04-27T22:15:14.000,2023-04-27T23:08:02.000,NYPD,Noise - Residential,Loud Music/Party,11222,Closed
57433183,2023-04-27T06:15:47.000,2023-05-31T15:49:13.000,EDC,Noise - Helicopter,Other,11238,Closed
57431366,2023-04-26T09:30:44.000,2023-04-26T09:57:46.000,NYPD,Non-Emergency Police Matter,Trespassing,10001,Closed
57433164,2023-04-27T01:38:00.000,2023-04-27T22:12:00.000,DEP,Noise,Noise: Construction Before/After Hours (NM1),10003,Closed
57428665,2023-04-26T12:12:05.000,2023-04-26T12:12:05.000,DOB,Boilers,Boiler - Defective/Inoperative/No Permit,10460,Closed
57433383,2023-04-28T00:02:22.000,2023-04-28T00:57:45.000,NYPD,Noise - Residential,Banging/Pounding,11233,Closed
57432813,2023-04-27T15:46:57.000,2023-04-27T18:39:53.000,NYPD,Illegal Parking,Blocked Hydrant,11235,Closed
57435827,2023-04-27T17:05:16.000,2023-05-06T03:42:08.000,DHS,Homeless Person Assistance,,,Closed
57425902,2023-04-26T12:13:48.000,2023-04-26T16:28:18.000,NYPD,Blocked Driveway,No Access,11249,Closed
57433729,2023-04-27T23:08:53.000,2023-05-01T14:17:35.000,HPD,HEAT/HOT WATER,ENTIRE BUILDING,10458,Closed
57432302,2023-04-26T13:19:17.000,2023-04-27T08:30:00.000,DOT,Street Condition,Pothole,10034,Closed
57435627,2023-04-27T18:10:22.000,2023-04-27T22:15:04.000,NYPD,Blocked Driveway,No Access,11235,Closed
57429350,2023-04-26T06:16:29.000,2023-04-27T09:34:24.000,DPR,Overgrown Tree/Branches,Hitting Building,10463,Closed
57422866,2023-04-25T13:55:39.000,2025-05-13T16:38:04.000,DPR,New Tree Request,For One Address,11432,Closed
57429399,2023-04-26T11:12:56.000,2023-05-13T13:20:54.000,HPD,UNSANITARY CONDITION,PESTS,11212,Closed
57422767,2023-04-25T17:51:41.000,2023-04-27T13:32:41.000,DSNY,Dead Animal,Bird,11106,Closed
57428484,2023-04-26T12:05:56.000,2024-06-04T00:15:36.000,DOHMH,Food Establishment,Rodents/Insects/Garbage,11375,Closed
57449484,2023-04-28T16:33:00.000,2023-05-01T11:10:00.000,DSNY,Electronics Waste Appointment,Ewaste appointment,10306,Closed
57423346,2023-04-26T22:41:23.000,2023-04-27T17:10:11.000,HPD,PLUMBING,BASIN/SINK,11207,Closed
57423234,2023-04-26T13:40:14.000,2023-04-26T14:18:51.000,NYPD,Blocked Driveway,No Access,11236,Closed
57427803,2023-04-26T12:07:44.000,2023-05-11T16:20:36.000,DOHMH,Rodent,Rat Sighting,11209,Closed
57429166,2023-04-26T18:36:49.000,2023-05-01T21:20:54.000,DSNY,Commercial Disposal Complaint,No Private Carter,11235,Closed
57433184,2023-04-27T22:26:27.000,2023-04-29T15:47:55.000,HPD,HEAT/HOT WATER,APARTMENT ONLY,10469,Closed
57432147,2023-04-26T13:08:34.000,2024-06-04T00:19:07.000,DOHMH,Smoking,Smoking Violation,11201,Closed
57435984,2023-04-27T15:16:51.000,2023-04-27T15:16:51.000,DOHMH,Rodent,Rat Sighting,10024,Closed
57431011,2023-04-26T18:10:55.000,2023-04-27T01:11:31.000,NYPD,Noise - Residential,Banging/Pounding,11218,Closed
57432338,2023-04-26T11:54:37.000,2023-04-27T13:05:33.000,DCWP,Consumer Complaint,Car Wash,11373,Closed
57428920,2023-04-26T06:36:17.000,2023-04-29T19:13:12.000,HPD,DOOR/WINDOW,WINDOW FRAME,10010,Closed
57435571,2023-04-27T23:14:56.000,2023-04-27T23:27:35.000,NYPD,Noise - Residential,Loud Music/Party,11221,Closed
57430950,2023-04-26T14:21:29.000,2023-06-11T14:31:01.000,HPD,PAINT/PLASTER,WALL,10032,Closed
57442048,2023-04-28T17:32:16.000,2023-05-03T14:50:37.000,DSNY,Illegal Dumping,Removal Request,11207,Closed
57426555,2023-04-26T19:31:27.000,2023-04-26T22:40:56.000,NYPD,Illegal Parking,Paper License Plates,10306,Closed
57429613,2023-04-26T20:26:26.000,2023-04-26T23:00:38.000,NYPD,Noise - Street/Sidewalk,Loud Music/Party,10454,Closed
57435774,2023-04-27T23:19:18.000,2023-04-28T01:10:42.000,NYPD,Noise - Park,Loud Music/Party,11222,Closed
57429870,2023-04-26T17:39:34.000,2023-05-31T15:48:46.000,EDC,Noise - Helicopter,Other,10023,Closed
57433300,2023-04-27T07:15:59.000,2023-04-27T17:10:00.000,HPD,HEAT/HOT WATER,APARTMENT ONLY,11218,Closed
57431262,2023-04-26T22:13:33.000,2023-05-11T10:48:56.000,HPD,DOOR/WINDOW,WINDOW FRAME,11693,Closed
57431657,2023-04-26T08:07:37.000,2023-04-26T12:22:04.000,DSNY,Dirty Condition,Trash,11418,Closed
57432854,2023-04-27T01:54:21.000,2023-05-04T07:41:31.000,HPD,HEAT/HOT WATER,ENTIRE BUILDING,10027,Closed
57422956,2023-04-26T17:17:32.000,2023-04-26T19:40:41.000,NYPD,Illegal Parking,Blocked Crosswalk,11101,Closed
57435375,2023-04-27T21:00:11.000,2023-04-27T22:01:38.000,NYPD,Noise - Residential,Banging/Pounding,11692,Closed
57420735,2023-04-26T00:26:07.000,2023-04-26T02:46:47.000,NYPD,Abandoned Vehicle,With License Plate,11361,Closed
57432720,2023-04-26T22:10:25.000,2023-04-27T05:20:02.000,DSNY,Dirty Condition,Trash,11226,Closed
57429884,2023-04-26T09:33:27.000,2023-05-01T09:40:52.000,HPD,PAINT/PLASTER,CEILING,10467,Closed
57429408,2023-04-26T06:51:22.000,2023-04-26T07:05:37.000,NYPD,Illegal Parking,Posted Parking Sign Violation,10467,Closed
57430873,2023-04-26T20:24:05.000,2023-04-26T22:26:27.000,NYPD,Illegal Parking,Commercial Overnight Parking,11230,Closed
57426808,2023-04-26T08:17:28.000,2023-04-26T08:44:40.000,NYPD,Noise - Residential,Loud Music/Party,11212,Closed
57434072,2023-04-27T20:50:32.000,2023-05-03T14:54:12.000,DPR,Maintenance or Facility,Rodent Sighting,11235,Closed
57435857,2023-04-27T09:01:24.000,2023-05-03T10:51:51.000,DSNY,Missed Collection,Trash,11235,Closed
57430682,2023-04-26T06:27:19.000,2023-04-26T07:53:22.000,NYPD,Drug Activity,Use Outside,11365,Closed
57432195,2023-04-26T17:33:16.000,2023-04-26T21:38:46.000,NYPD,Noise - Residential,Banging/Pounding,10027,Closed
57431661,2023-04-26T14:02:34.000,2023-04-26T14:13:34.000,NYPD,Illegal Parking,Blocked Bike Lane,11101,Closed
57419201,2023-04-25T11:11:23.000,2023-04-26T12:43:00.000,DOHMH,Rodent,Rat Sighting,10065,Closed
57422818,2023-04-25T23:35:00.000,2023-04-26T00:09:02.000,NYPD,Noise - Street/Sidewalk,Loud Music/Party,11209,Closed
57429451,2023-04-26T23:59:30.000,2023-04-27T01:09:43.000,NYPD,Noise - Commercial,Loud Music/Party,11222,Closed
57431630,2023-04-26T12:38:51.000,2023-05-12T20:57:17.000,HPD,WATER LEAK,SLOW LEAK,11691,Closed
57430252,2023-04-26T18:52:04.000,2023-05-08T09:48:04.000,DPR,Maintenance or Facility,Unsecured Facility,11219,Closed
57433937,2023-04-28T01:21:53.000,2023-04-28T06:42:17.000,NYPD,Illegal Parking,Double Parked Blocking Vehicle,10462,Closed
57431491,2023-04-26T05:42:14.000,2023-04-29T15:10:54.000,DSNY,Street Sweeping Complaint,Street Not Swept,11236,Closed
57419126,2023-04-25T23:30:34.000,2023-04-26T00:15:14.000,NYPD,Noise - Residential,Loud Music/Party,10027,Closed
57432673,2023-04-26T12:56:05.000,2023-05-04T14:38:19.000,DOT,Sidewalk Condition,Broken Sidewalk,10019,Closed
57433874,2023-04-27T11:34:32.000,2023-05-16T07:12:38.000,HPD,UNSANITARY CONDITION,MOLD,10466,Closed
57428641,2023-04-26T18:06:24.000,2023-04-27T01:09:20.000,NYPD,Illegal Parking,Blocked Hydrant,10463,Closed
57433036,2023-04-28T00:34:13.000,2023-04-28T01:04:47.000,NYPD,Noise - Residential,Loud Music/Party,10466,Closed
57430264,2023-04-26T15:56:17.000,2023-04-26T21:59:48.000,NYPD,Noise - Residential,Banging/Pounding,10027,Closed
57434084,2023-04-27T22:43:21.000,2023-04-28T00:41:31.000,NYPD,Noise - Residential,Banging/Pounding,11216,Closed
57435866,2023-04-27T12:41:37.000,2024-03-14T05:03:11.000,HPD,UNSANITARY CONDITION,PESTS,11212,Closed
57446453,2023-04-28T09:47:45.000,2023-05-13T09:11:49.000,DSNY,Litter Basket Request,New Basket,10014,Closed
57428881,2023-04-26T11:43:58.000,2025-05-13T16:38:17.000,DPR,New Tree Request,For One Address,10021,Closed
57433975,2023-04-27T08:45:40.000,2023-05-10T16:08:50.000,HPD,APPLIANCE,REFRIGERATOR,10468,Closed
57435315,2023-04-27T23:37:49.000,2023-04-28T02:44:16.000,DHS,Homeless Person Assistance,,10016,Closed
57432773,2023-04-27T09:04:00.000,2023-04-27T09:04:00.000,DOT,Street Light Condition,Multiple Street Lights Out,11377,Closed
57419532,2023-04-25T16:45:04.000,2023-04-25T17:31:58.000,NYPD,Illegal Parking,Posted Parking Sign Violation,10467,Closed
57429501,2023-04-27T00:49:17.000,2023-04-27T02:01:54.000,NYPD,Noise - Commercial,Loud Talking,11417,Closed
57429777,2023-04-26T18:49:39.000,2023-04-27T05:42:11.000,NYPD,Blocked Driveway,No Access,10470,Closed
57429098,2023-04-27T01:45:31.000,2023-05-01T13:28:46.000,DOT,Street Sign - Damaged,"No Parking, Standing, Stopping",11249,Closed
57420763,2023-04-25T02:53:32.000,2023-04-25T03:25:28.000,NYPD,Illegal Parking,Blocked Crosswalk,11421,Closed
57425965,2023-04-26T13:11:32.000,2023-06-05T20:46:22.000,HPD,APPLIANCE,ELECTRIC/GAS RANGE,10452,Closed
57427890,2023-04-26T17:48:25.000,2023-04-26T17:48:25.000,DOHMH,Rodent,Rat Sighting,11201,Closed
57434576,2023-04-27T17:43:50.000,2023-05-05T14:53:06.000,DSNY,Missed Collection,Bulky Trash,11362,Closed
57434236,2023-04-27T06:53:27.000,2023-04-27T10:03:03.000,DHS,Homeless Person Assistance,,10038,Closed
57433725,2023-04-27T14:06:28.000,2023-04-27T15:03:25.000,NYPD,Illegal Parking,Double Parked Blocking Vehicle,11208,Closed
57430673,2023-04-26T16:46:04.000,2023-05-01T13:50:21.000,DSNY,Illegal Posting,Poster or Sign,11208,Closed
57432281,2023-04-26T09:00:03.000,2024-11-12T17:25:30.000,DPR,Damaged Tree,Branch Cracked and Will Fall,11375,Closed
57422470,2023-04-25T06:44:59.000,2023-04-25T12:14:20.000,DHS,Homeless Person Assistance,,11377,Closed
57428814,2023-04-26T07:33:24.000,2023-05-01T20:03:32.000,HPD,FLOORING/STAIRS,FLOOR,10452,Closed
57435207,2023-04-27T09:15:11.000,2023-04-27T16:14:39.000,NYPD,Illegal Parking,Double Parked Blocking Traffic,10472,Closed
57431091,2023-04-26T08:23:35.000,2023-04-26T08:23:35.000,DOHMH,Rodent,Rat Sighting,10030,Closed
57432149,2023-04-26T20:30:48.000,2023-04-26T23:23:52.000,NYPD,Noise - Residential,Loud Music/Party,10304,Closed
57429950,2023-04-26T16:13:53.000,2024-02-14T10:55:05.000,DPR,Overgrown Tree/Branches,Hitting Building,11412,Closed
57435575,2023-04-27T15:25:06.000,2023-04-27T16:59:55.000,NYPD,Noise - Residential,Loud Music/Party,11217,Closed
57435868,2023-04-27T19:02:00.000,2023-04-28T13:07:00.000,DSNY,Derelict Vehicles,Derelict Vehicles,,Closed
57434092,2023-04-27T22:02:03.000,2023-04-27T22:44:37.000,NYPD,Noise - Residential,Loud Music/Party,11212,Closed
57421271,2023-04-25T19:09:55.000,2023-04-25T19:12:47.000,DPR,Animal in a Park,Injured Wildlife,10028,Closed
57434144,2023-04-27T19:27:09.000,2023-04-28T12:07:06.000,DCWP,Consumer Complaint,Retail Store,11237,Closed
59379500,2023-11-09T08:44:36.000,2023-11-09T09:03:11.000,NYPD,Illegal Parking,License Plate Obscured,11235,Closed
57428823,2023-04-26T11:17:00.000,2023-04-27T05:45:00.000,DEP,Water System,Dirty Water (WE),11235,Closed
57435009,2023-04-27T16:15:13.000,2023-04-28T12:57:50.000,DSNY,Dirty Condition,Trash,10466,Closed
57432925,2023-04-28T00:26:00.000,2023-04-28T23:37:00.000,DSNY,Derelict Vehicles,Derelict Vehicles,10468,Closed
57434401,2023-04-27T16:31:35.000,2023-04-27T20:15:28.000,NYPD,Noise - Residential,Loud Music/Party,11233,Closed
57435847,2023-04-27T13:10:41.000,2023-05-21T18:29:31.000,HPD,PAINT/PLASTER,WALL,11368,Closed
57429036,2023-04-26T14:27:00.000,2023-04-26T23:59:00.000,DOT,Traffic Signal Condition,Veh Signal Head,11434,Closed
57420947,2023-04-25T15:47:01.000,2023-04-26T10:17:10.000,DOT,Street Condition,"Rough, Pitted or Cracked Roads",10017,Closed
57434542,2023-04-27T11:50:57.000,2023-04-27T11:50:57.000,DOHMH,Rodent,Rat Sighting,11216,Closed
57430975,2023-04-26T14:20:04.000,2023-09-22T14:12:34.000,DPR,Damaged Tree,Tree Leaning/Uprooted,10472,Closed
57432391,2023-04-26T11:56:56.000,2023-06-01T14:29:27.000,DPR,Root/Sewer/Sidewalk Condition,Trees and Sidewalks Program,11103,Closed
57431247,2023-04-26T21:06:18.000,2023-04-26T22:28:47.000,NYPD,Blocked Driveway,Partial Access,11373,Closed
57434494,2023-04-27T07:24:11.000,2023-04-27T18:40:45.000,NYPD,Illegal Parking,Posted Parking Sign Violation,10457,Closed
57434099,2023-04-27T09:41:15.000,2023-04-27T11:07:49.000,DPR,Animal in a Park,Dog Off Leash,11201,Closed
57431063,2023-04-26T12:26:16.000,2023-04-27T10:37:22.000,DSNY,Dirty Condition,Trash,10025,Closed
57431511,2023-04-26T13:07:20.000,2023-04-26T13:50:14.000,NYPD,Noise - Residential,Banging/Pounding,11385,Closed
57428514,2023-04-26T08:17:39.000,2023-04-28T12:22:35.000,DOHMH,Rodent,Rat Sighting,11238,Closed
57429211,2023-04-26T19:21:43.000,2023-04-26T19:53:24.000,NYPD,Illegal Parking,Blocked Hydrant,11218,Closed
57435293,2023-04-27T07:54:44.000,2023-04-27T08:48:25.000,HPD,HEAT/HOT WATER,ENTIRE BUILDING,10031,Closed
57431785,2023-04-26T08:42:51.000,2023-04-30T18:29:02.000,HPD,ELECTRIC,LIGHTING,10466,Closed
57427979,2023-04-26T21:09:51.000,2023-04-26T23:04:26.000,NYPD,Noise - Street/Sidewalk,Loud Music/Party,10455,Closed
57427568,2023-04-26T07:36:16.000,2023-04-29T14:49:33.000,DSNY,Missed Collection,Recycling - Metal/Glass/Rigid Plastic,11238,Closed
57427941,2023-04-26T22:07:15.000,2023-04-26T22:35:37.000,NYPD,Noise - Commercial,Loud Music/Party,11235,Closed
57430753,2023-04-26T07:19:52.000,2023-05-31T15:45:40.000,EDC,Noise - Helicopter,Other,11414,Closed
57429767,2023-04-26T20:59:57.000,2023-06-02T06:24:50.000,TLC,For Hire Vehicle Complaint,Driver Complaint - Non Passenger,10022,Closed
57428181,2023-04-26T01:24:39.000,2023-05-12T15:29:03.000,HPD,UNSANITARY CONDITION,GARBAGE/RECYCLING STORAGE,10452,Closed
57433993,2023-04-27T02:29:05.000,2023-04-27T02:47:02.000,NYPD,Noise - Vehicle,Car/Truck Music,10458,Closed
57430429,2023-04-26T07:43:08.000,2023-04-26T08:32:03.000,NYPD,Blocked Driveway,No Access,11220,Closed
57434776,2023-04-27T13:51:01.000,2023-05-02T14:27:44.000,HPD,PLUMBING,STEAM PIPE/RISER,10030,Closed
57434371,2023-04-27T00:38:33.000,2023-04-27T10:30:51.000,HPD,HEAT/HOT WATER,ENTIRE BUILDING,10002,Closed
57433295,2023-04-27T22:47:00.000,2023-04-28T10:38:37.000,TLC,Lost Property,Electronics/Phones,10016,Closed
57430592,2023-04-26T19:37:48.000,2023-04-26T20:13:07.000,NYPD,Noise - Residential,Loud Music/Party,10032,Closed
57434600,2023-04-27T16:05:32.000,2023-05-31T05:03:01.000,HPD,PLUMBING,TOILET,11435,Closed
57431861,2023-04-26T07:14:54.000,2023-05-03T09:43:30.000,DSNY,Illegal Dumping,Removal Request,11204,Closed
57429594,2023-04-26T10:45:43.000,2023-04-26T11:53:45.000,NYPD,Animal-Abuse,Tortured,11413,Closed
57435196,2023-04-27T09:44:31.000,2023-04-28T18:07:12.000,HPD,HEAT/HOT WATER,ENTIRE BUILDING,11215,Closed
57423340,2023-04-26T13:37:07.000,2023-04-26T14:57:15.000,NYPD,Illegal Parking,Blocked Hydrant,10465,Closed
57430398,2023-04-26T04:44:50.000,2023-04-26T05:22:40.000,NYPD,Noise - Residential,Loud Music/Party,11226,Closed
57435471,2023-04-27T08:12:27.000,2023-04-27T09:55:36.000,NYPD,Illegal Parking,Posted Parking Sign Violation,11374,Closed
57428313,2023-04-26T07:37:07.000,2023-05-31T15:45:45.000,EDC,Noise - Helicopter,Other,11238,Closed
57433757,2023-04-27T14:43:53.000,2023-05-08T08:51:26.000,HPD,PLUMBING,WATER SUPPLY,11209,Closed
57435843,2023-04-27T08:12:59.000,2023-04-28T07:11:10.000,HPD,PAINT/PLASTER,CEILING,11212,Closed
57435568,2023-04-27T21:45:56.000,2023-04-30T18:42:47.000,HPD,HEAT/HOT WATER,ENTIRE BUILDING,10040,Closed
57434513,2023-04-27T19:05:43.000,2023-05-03T14:02:41.000,HPD,DOOR/WINDOW,WINDOW FRAME,10463,Closed
57428722,2023-04-26T12:47:00.000,2023-04-26T17:45:00.000,DEP,Water System,Dirty Water (WE),10031,Closed
57432546,2023-04-26T11:19:27.000,2023-05-25T13:59:25.000,HPD,APPLIANCE,ELECTRIC/GAS RANGE,10024,Closed
57430687,2023-04-26T17:48:29.000,2023-04-26T19:52:16.000,NYPD,Noise - Residential,Loud Music/Party,10029,Closed
57425575,2023-04-26T10:27:17.000,2023-04-26T11:00:59.000,NYPD,Noise - Residential,Loud Music/Party,11233,Closed
57429482,2023-04-26T17:38:53.000,2023-05-31T15:48:44.000,EDC,Noise - Helicopter,Other,10023,Closed
57432356,2023-04-26T06:42:00.000,2023-04-26T06:56:57.000,NYPD,Noise - Vehicle,Engine Idling,10003,Closed
57431862,2023-04-27T00:15:56.000,2023-07-19T10:48:15.000,TLC,Taxi Complaint,Driver Complaint - Passenger,11369,Closed
57431350,2023-04-26T16:20:43.000,2023-05-03T20:41:26.000,HPD,GENERAL,BELL/BUZZER/INTERCOM,11208,Closed
57432269,2023-04-26T20:33:45.000,2023-04-27T09:50:00.000,DOT,Street Condition,Pothole,10305,Closed
57435272,2023-04-27T13:53:18.000,2023-05-01T08:38:49.000,HPD,HEAT/HOT WATER,ENTIRE BUILDING,10031,Closed
57427786,2023-04-26T14:09:21.000,2023-05-10T13:31:26.000,HPD,UNSANITARY CONDITION,GARBAGE/RECYCLING STORAGE,10030,Closed
57430347,2023-04-27T01:54:07.000,2023-04-27T02:41:13.000,NYPD,Noise - Residential,Loud Music/Party,10462,Closed
57431164,2023-04-26T18:06:55.000,,DPR,Dead/Dying Tree,Planted More Than 2 Years Ago,11231,In Progress
57432725,2023-04-26T18:46:07.000,2023-04-26T22:07:19.000,HPD,HEAT/HOT WATER,APARTMENT ONLY,10028,Closed
57435944,2023-04-27T00:56:37.000,2023-09-05T08:08:26.000,HPD,PLUMBING,TOILET,10469,Closed
57432889,2023-04-27T13:53:20.000,2023-05-04T09:42:42.000,HPD,SAFETY,FIRE ESCAPE,11103,Closed
57425013,2023-04-26T08:18:27.000,2023-05-23T00:00:00.000,DOB,General Construction/Plumbing,Fence - None/Inadequate,11211,Closed
57431879,2023-04-26T13:20:52.000,2023-05-07T16:44:50.000,HPD,PAINT/PLASTER,CABINET,10456,Closed
57432445,2023-04-26T20:42:23.000,2023-04-26T21:39:56.000,NYPD,Blocked Driveway,Partial Access,11423,Closed
57419718,2023-04-25T17:32:18.000,2023-05-15T10:03:33.000,DHS,Homeless Person Assistance,,,Closed
57434730,2023-04-27T16:09:39.000,2023-05-08T20:20:57.000,HPD,PAINT/PLASTER,CEILING,10472,Closed
57428240,2023-04-26T17:31:35.000,2023-04-26T21:38:33.000,NYPD,Noise - Residential,Banging/Pounding,10027,Closed
57431958,2023-04-26T18:49:15.000,2023-06-15T12:09:57.000,HPD,APPLIANCE,REFRIGERATOR,11208,Closed
57430703,2023-04-26T20:28:22.000,2023-05-09T09:55:53.000,HPD,ELECTRIC,NO LIGHTING,11203,Closed
57430511,2023-04-26T22:09:41.000,2023-04-26T22:09:41.000,DOHMH,Rodent,Signs of Rodents,10461,Closed
57433803,2023-04-27T14:30:41.000,2023-04-27T16:29:13.000,NYPD,Illegal Parking,Blocked Crosswalk,11201,Closed
57421067,2023-04-25T03:26:35.000,2023-05-31T15:39:47.000,EDC,Noise - Helicopter,Other,10025,Closed
57431032,2023-04-26T13:59:49.000,2023-05-01T15:40:43.000,HPD,UNSANITARY CONDITION,PESTS,11201,Closed
57435390,2023-04-27T05:33:05.000,2023-04-27T06:45:03.000,NYPD,Noise - Street/Sidewalk,Loud Talking,10030,Closed
57435408,2023-04-27T16:20:41.000,2023-04-27T22:57:53.000,NYPD,Illegal Parking,Posted Parking Sign Violation,10040,Closed
57453653,2023-04-29T13:16:57.000,2023-05-01T19:52:25.000,HPD,HEAT/HOT WATER,ENTIRE BUILDING,11230,Closed
57432795,2023-04-27T23:14:12.000,2023-04-28T02:29:13.000,NYPD,Noise - Residential,Loud Talking,11212,Closed
57436041,2023-04-27T08:46:08.000,2023-05-01T14:25:32.000,DPR,Maintenance or Facility,Structure - Outdoors,11355,Closed
57429135,2023-04-26T07:46:04.000,2023-05-31T15:45:49.000,EDC,Noise - Helicopter,Other,11414,Closed
57428485,2023-04-26T19:49:31.000,2023-04-26T20:25:43.000,NYPD,Illegal Parking,Blocked Sidewalk,11204,Closed
57435014,2023-04-27T14:12:43.000,2024-03-20T14:37:51.000,DPR,Animal in a Park,Dead Animal,11694,Closed
57428609,2023-04-26T13:02:26.000,2023-04-27T20:20:01.000,HPD,WATER LEAK,HEAVY FLOW,10031,Closed
57434101,2023-04-27T18:13:22.000,2023-04-27T18:47:30.000,NYPD,Noise - Vehicle,Car/Truck Horn,11372,Closed
57420748,2023-04-26T01:13:51.000,2023-04-26T02:09:11.000,NYPD,Noise - Residential,Banging/Pounding,11203,Closed
57429182,2023-04-26T13:22:35.000,2023-04-27T10:38:06.000,DCWP,Consumer Complaint,Retail Store,10468,Closed
57434609,2023-04-27T14:00:09.000,2023-04-29T17:49:19.000,HPD,GENERAL,BELL/BUZZER/INTERCOM,10468,Closed
57433951,2023-04-27T14:59:27.000,2023-04-28T11:47:36.000,DSNY,Residential Disposal Complaint,Waste Set Out Too Early or Too Late,10016,Closed
57426116,2023-04-25T19:52:56.000,2023-05-16T00:00:00.000,DOB,Elevator,Elevator - Single Device On Property/No Alternate Service,10452,Closed
57429352,2023-04-26T11:22:25.000,2023-04-26T18:49:10.000,NYPD,Blocked Driveway,No Access,10454,Closed
55309701,2022-09-05T18:41:17.000,2022-09-14T12:28:01.000,DSNY,Illegal Dumping,Removal Request,11412,Closed
57428750,2023-04-26T18:04:32.000,2023-04-27T13:36:28.000,DSNY,Dirty Condition,Trash,10467,Closed
57428721,2023-04-26T23:20:54.000,2023-04-27T01:28:02.000,NYPD,Drug Activity,Use Outside,11432,Closed
57424143,2023-04-26T20:37:51.000,2023-04-26T22:52:04.000,NYPD,Illegal Parking,Posted Parking Sign Violation,10038,Closed
57435054,2023-04-27T22:49:36.000,2023-04-27T23:11:52.000,NYPD,Illegal Parking,Blocked Hydrant,11214,Closed
57428059,2023-04-26T12:29:48.000,2023-05-05T15:09:57.000,DSNY,Illegal Dumping,Removal Request,11422,Closed
57434169,2023-04-27T11:05:00.000,2023-04-28T10:15:00.000,DEP,Sewer,Catch Basin Clogged/Flooding (Use Comments) (SC),11434,Closed
57424290,2023-04-26T09:17:16.000,2023-04-29T13:59:32.000,DSNY,Dead Animal,Rat or Mouse,11205,Closed
57427754,2023-04-26T17:36:11.000,2023-04-26T20:10:37.000,NYPD,Noise - Commercial,Loud Music/Party,10011,Closed
57433652,2023-04-27T21:28:28.000,2023-04-27T23:09:55.000,NYPD,Blocked Driveway,No Access,11104,Closed
57431393,2023-04-26T10:05:15.000,2023-05-07T02:02:34.000,HPD,UNSANITARY CONDITION,MOLD,11212,Closed
57433820,2023-04-27T11:41:00.000,2023-04-28T15:45:00.000,DEP,Noise,Noise: Construction Equipment (NC1),10044,Closed
57433901,2023-04-27T15:11:58.000,2023-04-27T17:38:54.000,NYPD,Non-Emergency Police Matter,Other (complaint details),10013,Closed
57430391,2023-04-26T04:08:45.000,2023-05-01T15:55:06.000,HPD,UNSANITARY CONDITION,PESTS,10458,Closed
57428645,2023-04-26T08:50:14.000,2023-05-03T00:00:00.000,DOB,General Construction/Plumbing,Cons - Contrary/Beyond Approved Plans/Permits,10469,Closed
57428472,2023-04-26T02:08:01.000,2023-04-26T02:48:17.000,NYPD,Noise - Residential,Banging/Pounding,11226,Closed
57433399,2023-04-27T16:40:56.000,2023-04-27T18:33:24.000,NYPD,Illegal Parking,Blocked Sidewalk,11104,Closed
57434243,2023-04-27T23:00:00.000,2023-04-28T00:55:00.000,DOT,Traffic Signal Condition,Pedestrian Signal,11377,Closed
57427781,2023-04-26T19:20:29.000,2023-04-28T17:07:42.000,HPD,HEAT/HOT WATER,APARTMENT ONLY,10301,Closed
57424546,2023-04-26T10:51:44.000,2023-04-29T14:49:28.000,DSNY,Missed Collection,Recycling - Paper,11216,Closed
57435328,2023-04-27T12:06:00.000,2023-04-21T12:05:00.000,DOT,Street Light Condition,Street Light Cycling,11368,Pending
57430012,2023-04-27T00:44:45.000,2023-04-27T01:01:17.000,NYPD,Noise - Street/Sidewalk,Loud Music/Party,10003,Closed
57431903,2023-04-26T15:21:46.000,2023-05-03T09:14:53.000,DSNY,Missed Collection,Bulky Trash,11219,Closed
57434268,2023-04-27T12:38:13.000,2023-04-29T12:09:53.000,HPD,HEAT/HOT WATER,ENTIRE BUILDING,11104,Closed
57435201,2023-04-27T16:16:42.000,2023-04-27T18:21:59.000,NYPD,Illegal Parking,Blocked Hydrant,11230,Closed
57430583,2023-04-26T07:11:58.000,2023-04-27T12:11:51.000,DSNY,Dirty Condition,Trash,10312,Closed
57422002,2023-04-25T10:39:30.000,2023-04-25T14:40:17.000,NYPD,Illegal Parking,Posted Parking Sign Violation,11422,Closed
57435389,2023-04-27T08:14:42.000,2023-04-27T11:47:15.000,NYPD,Illegal Parking,Posted Parking Sign Violation,10460,Closed
57429340,2023-04-26T04:41:39.000,2023-04-26T13:01:14.000,DSNY,Vendor Enforcement,Food Vendor,10021,Closed
57434591,2023-04-27T11:34:06.000,2023-04-28T15:49:02.000,HPD,HEAT/HOT WATER,APARTMENT ONLY,11433,Closed
57419705,2023-04-25T19:13:00.000,2023-04-25T20:10:00.000,DOT,Traffic Signal Condition,Controller,,Closed
57433668,2023-04-26T20:02:52.000,2023-04-27T00:00:00.000,DOB,General Construction/Plumbing,Cons - Contrary/Beyond Approved Plans/Permits,11209,Closed
57430656,2023-04-26T15:23:00.000,2023-04-26T16:22:37.000,NYPD,Noise - Residential,Loud Talking,11366,Closed
57431708,2023-04-26T14:45:32.000,2023-07-03T10:10:59.000,HPD,PLUMBING,BASIN/SINK,10029,Closed
57433735,2023-04-27T19:08:39.000,2023-04-28T02:23:55.000,NYPD,Noise - Residential,Loud Television,10457,Closed
57429209,2023-04-26T18:49:09.000,2023-04-26T21:24:37.000,NYPD,Blocked Driveway,No Access,10453,Closed
57432588,2023-04-26T16:35:57.000,2023-05-22T19:06:04.000,HPD,SAFETY,SMOKE DETECTOR,11206,Closed
57429919,2023-04-26T23:55:17.000,2023-04-27T00:13:43.000,NYPD,Noise - Vehicle,Car/Truck Music,11415,Closed
57430999,2023-04-26T08:24:46.000,2023-04-26T17:39:58.000,HPD,HEAT/HOT WATER,ENTIRE BUILDING,10011,Closed
57429644,2023-04-26T01:30:34.000,2023-04-28T08:28:21.000,HPD,HEAT/HOT WATER,ENTIRE BUILDING,10035,Closed
57431627,2023-04-26T15:45:05.000,2023-06-16T16:48:14.000,HPD,PAINT/PLASTER,CEILING,11691,Closed
57430434,2023-04-26T08:36:21.000,2023-06-20T07:04:13.000,TLC,For Hire Vehicle Complaint,Driver Complaint - Non Passenger,10016,Closed
57432753,2023-04-27T21:58:35.000,2023-04-27T23:40:18.000,NYPD,Noise - Commercial,Loud Talking,11237,Closed
57432644,2023-04-26T09:07:10.000,2023-05-15T08:36:32.000,DPR,Dead/Dying Tree,Planted More Than 2 Years Ago,11226,Closed
57431756,2023-04-26T07:53:46.000,2023-04-26T08:53:55.000,NYPD,Abandoned Vehicle,With License Plate,11434,Closed
57433566,2023-04-27T09:23:12.000,2023-05-03T15:07:22.000,DOHMH,Rodent,Rat Sighting,11373,Closed
57429990,2023-04-26T13:43:08.000,2023-04-26T14:51:05.000,NYPD,Illegal Parking,Blocked Sidewalk,11222,Closed
57427947,2023-04-27T01:45:07.000,2023-04-27T05:06:28.000,NYPD,Illegal Parking,Commercial Overnight Parking,11357,Closed
57434992,2023-04-27T22:53:23.000,2023-05-01T14:23:44.000,DPR,Damaged Tree,Branch or Limb Has Fallen Down,10025,Closed
57428960,2023-04-26T13:18:32.000,2023-04-26T20:18:44.000,NYPD,Illegal Parking,Commercial Overnight Parking,11379,Closed
57425395,2023-04-27T01:51:22.000,2023-04-27T02:03:27.000,NYPD,Noise - Commercial,Loud Music/Party,11237,Closed
57432971,2023-04-27T07:00:03.000,2023-04-27T08:43:54.000,NYPD,Illegal Parking,Blocked Hydrant,10471,Closed
57428893,2023-04-26T21:00:40.000,2023-04-28T07:11:10.000,HPD,HEAT/HOT WATER,ENTIRE BUILDING,11237,Closed
57426437,2023-04-26T10:42:23.000,2023-06-13T09:46:11.000,TLC,For Hire Vehicle Complaint,Driver Complaint - Non Passenger,10024,Closed
57427796,2023-04-26T19:34:27.000,2023-04-26T21:50:58.000,NYPD,Illegal Parking,Blocked Hydrant,11211,Closed
57430337,2023-04-26T16:27:11.000,,TLC,For Hire Vehicle Report,Driver Report - Passenger,10467,In Progress
57429791,2023-04-26T06:29:00.000,2023-04-28T20:59:00.000,DEP,Noise,Noise: Construction Before/After Hours (NM1),10027,Closed
57429828,2023-04-26T19:29:00.000,2023-04-26T21:45:00.000,DEP,Sewer,Sewer Odor (SA2),11214,Closed
57430089,2023-04-26T22:54:40.000,2023-04-27T02:53:48.000,NYPD,Illegal Parking,Blocked Hydrant,11373,Closed
57435786,2023-04-27T22:00:31.000,2023-04-27T22:57:34.000,NYPD,Noise - Residential,Loud Talking,11221,Closed
57433669,2023-04-27T11:53:13.000,2023-05-02T14:27:15.000,DSNY,Missed Collection,Trash,11420,Closed
57427746,2023-04-26T21:14:10.000,2023-05-01T02:02:35.000,HPD,SAFETY,FIRE ESCAPE,11226,Closed
57425945,2023-04-26T09:14:58.000,2023-04-27T14:50:37.000,HPD,HEAT/HOT WATER,APARTMENT ONLY,10458,Closed
57432756,2023-04-27T23:13:46.000,2023-04-28T00:38:58.000,NYPD,Urinating in Public,N/A,11222,Closed
57425721,2023-04-26T09:53:49.000,2023-04-27T05:52:50.000,DSNY,Dirty Condition,Trash,11238,Closed
57429016,2023-04-26T19:59:42.000,2023-04-27T02:29:19.000,NYPD,Noise - Residential,Loud Music/Party,10452,Closed
57434273,2023-04-27T06:46:15.000,2023-04-27T07:24:42.000,NYPD,Illegal Parking,Blocked Hydrant,11204,Closed
57430949,2023-04-26T09:45:19.000,2023-04-26T16:40:21.000,HPD,HEAT/HOT WATER,APARTMENT ONLY,11219,Closed
57435902,2023-04-27T16:21:08.000,2023-04-27T18:48:15.000,NYPD,Illegal Parking,Blocked Crosswalk,11417,Closed
57434899,2023-04-27T19:02:20.000,2023-05-02T20:20:46.000,HPD,UNSANITARY CONDITION,MOLD,10030,Closed
57423613,2023-04-26T21:41:00.000,2023-04-28T00:45:00.000,DEP,Noise,Noise: Construction Before/After Hours (NM1),11368,Closed
57433125,2023-04-27T03:08:00.000,2023-04-27T22:06:00.000,DEP,Noise,Noise: Construction Before/After Hours (NM1),10128,Closed
57423962,2023-04-26T15:28:22.000,2023-04-27T11:22:17.000,DSNY,Litter Basket Request,New Basket,10458,Closed
57433918,2023-04-27T02:15:46.000,2023-04-27T11:46:50.000,HPD,HEAT/HOT WATER,ENTIRE BUILDING,10462,Closed
57428159,2023-04-26T16:20:24.000,2023-05-25T15:31:35.000,HPD,UNSANITARY CONDITION,GARBAGE/RECYCLING STORAGE,10026,Closed
57431969,2023-04-26T11:34:49.000,2023-05-05T12:59:49.000,HPD,UNSANITARY CONDITION,PESTS,10032,Closed
57432348,2023-04-26T11:07:06.000,2023-04-26T19:36:20.000,DHS,Encampment,N/A,11419,Closed
57425990,2023-04-26T19:42:16.000,2023-05-12T20:37:13.000,HPD,UNSANITARY CONDITION,PESTS,11230,Closed
57431157,2023-04-26T10:27:26.000,2023-05-31T15:46:46.000,EDC,Noise - Helicopter,Other,10023,Closed
57430945,2023-04-26T17:07:51.000,2023-04-26T18:02:52.000,NYPD,Illegal Parking,Posted Parking Sign Violation,11230,Closed
57429738,2023-04-26T18:08:39.000,2023-04-26T20:06:51.000,NYPD,Noise - Commercial,Loud Music/Party,11238,Closed
57420294,2023-04-25T12:56:40.000,2023-04-25T17:44:59.000,NYPD,Illegal Parking,Posted Parking Sign Violation,11201,Closed
57434594,2023-04-27T10:44:44.000,2023-04-27T13:29:19.000,NYPD,Encampment,N/A,10036,Closed
57430788,2023-04-26T07:55:33.000,2023-04-26T15:31:08.000,HPD,HEAT/HOT WATER,ENTIRE BUILDING,10467,Closed
57433886,2023-04-27T23:33:26.000,2023-04-28T02:32:05.000,NYPD,Illegal Parking,Posted Parking Sign Violation,11385,Closed
57428030,2023-04-26T21:48:56.000,2023-04-28T15:45:46.000,DOT,Street Condition,Failed Street Repair,11221,Closed
57419303,2023-04-25T19:43:59.000,2023-04-25T19:43:59.000,DOHMH,Rodent,Signs of Rodents,10025,Closed
57419410,2023-04-25T15:10:14.000,2023-04-25T15:18:40.000,NYPD,Abandoned Vehicle,With License Plate,11358,Closed
57425302,2023-04-26T09:45:19.000,2023-05-14T02:03:34.000,HPD,GENERAL,COOKING GAS,11219,Closed
57421799,2023-04-25T17:47:26.000,2023-04-26T04:31:49.000,DSNY,Obstruction,Cone,11419,Closed
57430772,2023-04-26T18:01:00.000,2023-04-26T20:45:48.000,NYPD,Noise - Vehicle,Engine Idling,11229,Closed
57428145,2023-04-26T11:10:10.000,2023-05-04T00:00:00.000,DSNY,Graffiti,Graffiti,10468,Closed
57428300,2023-04-26T08:25:25.000,2023-04-26T09:11:03.000,NYPD,Illegal Parking,Commercial Overnight Parking,11223,Closed
57433842,2023-04-27T18:54:08.000,2023-12-06T10:32:08.000,DPR,New Tree Request,For One Address,11433,Closed
57435739,2023-04-27T12:19:18.000,2023-04-28T04:24:59.000,DSNY,Dirty Condition,Trash,11419,Closed
57430357,2023-04-26T17:45:30.000,2023-09-22T19:41:38.000,HPD,DOOR/WINDOW,DOOR,10458,Closed
57432801,2023-04-27T11:26:41.000,2023-04-27T12:04:31.000,NYPD,Drug Activity,Use Outside,11366,Closed
57432699,2023-04-26T21:59:00.000,,DEP,Hazardous Materials,Chemical Odor (HD1),10016,Started
57427571,2023-04-26T23:45:37.000,2023-04-27T12:25:53.000,DSNY,Dirty Condition,Trash,11106,Closed
57431907,2023-04-26T10:56:58.000,2023-04-26T12:36:27.000,NYPD,Abandoned Vehicle,With License Plate,11234,Closed
57429842,2023-04-26T08:32:00.000,,DEP,Sewer,Defective/Missing Curb Piece (SC4),11362,Started
57433953,2023-04-27T09:22:43.000,2023-05-02T14:07:41.000,DOT,E-Scooter,Improperly Parked or Abandoned,11385,Closed
57431570,2023-04-26T09:00:02.000,2023-07-19T11:50:34.000,TLC,For Hire Vehicle Complaint,Driver Complaint - Non Passenger,10026,Closed
57433930,2023-04-27T09:52:04.000,2023-05-25T10:10:14.000,HPD,FLOORING/STAIRS,FLOOR,10467,Closed
57428872,2023-04-26T10:33:40.000,2023-05-15T20:54:17.000,HPD,PAINT/PLASTER,DOOR/FRAME,10461,Closed
57434967,2023-04-27T14:17:00.000,2023-04-28T10:56:00.000,DEP,Lead,Lead Kit Request (Residential) (L10),10456,Closed
57434291,2023-04-27T03:45:21.000,2023-04-27T04:02:59.000,NYPD,Noise - Residential,Loud Music/Party,11210,Closed
57427694,2023-04-26T13:11:32.000,2023-04-27T20:37:47.000,HPD,PAINT/PLASTER,CEILING,10452,Closed
57433279,2023-04-27T16:44:37.000,2023-04-27T20:45:16.000,NYPD,Abandoned Vehicle,With License Plate,11212,Closed
57434993,2023-04-27T09:02:00.000,2023-04-27T09:30:00.000,DEP,Water System,Leak (Use Comments) (WA2),10019,Closed
57430106,2023-04-26T07:45:20.000,2023-05-19T10:13:14.000,DSNY,Illegal Dumping,Removal Request,10028,Closed
57432533,2023-04-26T16:12:13.000,2023-04-26T16:44:41.000,NYPD,Illegal Parking,Blocked Bike Lane,10025,Closed
57428532,2023-04-26T23:13:13.000,2023-04-27T02:56:47.000,NYPD,Illegal Parking,Blocked Hydrant,11373,Closed
57428848,2023-04-26T08:20:00.000,2023-04-26T20:18:00.000,DSNY,Derelict Vehicles,Derelict Vehicles,11419,Closed
57435544,2023-04-27T22:30:16.000,2023-04-27T23:09:05.000,NYPD,Noise - Residential,Loud Music/Party,11367,Closed
57431899,2023-04-26T15:32:58.000,2023-04-26T15:55:23.000,NYPD,Noise - Residential,Banging/Pounding,10456,Closed
57435729,2023-04-27T12:51:51.000,2023-04-28T02:07:37.000,HPD,HEAT/HOT WATER,ENTIRE BUILDING,10032,Closed
57435990,2023-04-27T19:44:17.000,2023-04-27T23:32:33.000,NYPD,Illegal Parking,Overnight Commercial Storage,11224,Closed
57429868,2023-04-26T10:36:56.000,2023-06-22T11:12:48.000,TLC,For Hire Vehicle Complaint,Driver Complaint - Non Passenger,10010,Closed
57431473,2023-04-26T21:26:48.000,2023-04-27T02:19:56.000,NYPD,Noise - Vehicle,Car/Truck Horn,11372,Closed
57425007,2023-04-26T08:50:00.000,2023-05-22T12:25:00.000,DEP,Water System,Hydrant Leaking (WC1),11358,Closed
57434368,2023-04-27T15:12:15.000,2023-04-27T20:32:32.000,NYPD,Illegal Parking,Posted Parking Sign Violation,11429,Closed
57436004,2023-04-27T15:07:00.000,2023-06-28T18:25:00.000,DOT,Street Light Condition,Multiple Street Lights Out,10305,Closed
57428461,2023-04-26T17:56:52.000,2023-04-27T08:42:49.000,TLC,Lost Property,Electronics/Phones,10023,Closed
57428739,2023-04-26T22:43:30.000,2023-04-27T00:15:15.000,NYPD,Blocked Driveway,No Access,11204,Closed
57434256,2023-04-28T00:51:04.000,2023-04-28T01:29:51.000,NYPD,Noise - Commercial,Loud Music/Party,10002,Closed
57435459,2023-04-27T12:23:23.000,2023-04-27T12:23:23.000,DOB,Real Time Enforcement,Work Without A Permit - Occupied Multiple Dwelling,11226,Closed
57428198,2023-04-26T22:09:00.000,2023-04-26T23:50:00.000,DOT,Traffic Signal Condition,Controller,10030,Closed
57431211,2023-04-26T20:35:56.000,2023-04-26T22:36:59.000,NYPD,Noise - Residential,Loud Music/Party,10304,Closed
57430395,2023-04-26T21:36:20.000,2023-04-27T00:58:15.000,NYPD,Illegal Parking,Posted Parking Sign Violation,11378,Closed
57431194,2023-04-26T18:29:00.000,2023-04-28T09:25:00.000,DOT,Street Light Condition,Street Light Out,10455,Closed
57433388,2023-04-27T14:06:23.000,2023-05-10T08:30:19.000,HPD,PAINT/PLASTER,CEILING,11379,Closed
57429914,2023-04-26T12:22:56.000,2023-04-27T11:01:14.000,DSNY,Residential Disposal Complaint,Waste Set Out Too Early or Too Late,11207,Closed
57431567,2023-04-26T11:50:30.000,2023-05-04T00:00:00.000,DOB,Boilers,Boiler - Defective/Inoperative/No Permit,10462,Closed
57428442,2023-04-26T07:46:38.000,2023-04-26T09:50:30.000,NYPD,Illegal Parking,Blocked Hydrant,10309,Closed
57428552,2023-04-26T09:20:04.000,2023-05-31T15:46:22.000,EDC,Noise - Helicopter,Other,11238,Closed
57435622,2023-04-27T13:30:07.000,2023-04-27T14:20:14.000,NYPD,Illegal Parking,Posted Parking Sign Violation,10030,Closed
57430895,2023-04-26T15:30:16.000,2023-04-26T16:11:03.000,NYPD,Abandoned Vehicle,With License Plate,11436,Closed
57434301,2023-04-27T16:58:52.000,2023-04-28T18:07:52.000,HPD,HEAT/HOT WATER,ENTIRE BUILDING,11221,Closed
57432446,2023-04-26T18:22:27.000,2023-05-05T12:27:38.000,DPR,Violation of Park Rules,Unauthorized Posting of Signs,10460,Closed
57433204,2023-04-27T10:48:22.000,2023-05-01T12:35:01.000,DCWP,Consumer Complaint,Retail Store,11101,Closed
57428704,2023-04-26T06:01:36.000,2023-04-26T19:58:59.000,HPD,HEAT/HOT WATER,ENTIRE BUILDING,11355,Closed
57434127,2023-04-27T19:02:52.000,2023-04-27T19:02:52.000,DOT,Street Condition,Pothole,10301,Closed
57429850,2023-04-26T10:29:52.000,2023-04-26T17:15:30.000,NYPD,Abandoned Vehicle,With License Plate,10468,Closed
57430745,2023-04-26T18:27:48.000,2023-04-26T18:42:47.000,NYPD,Illegal Parking,Blocked Bike Lane,10003,Closed
57434988,2023-04-27T21:39:46.000,2023-04-28T03:21:09.000,NYPD,Illegal Parking,Blocked Hydrant,10034,Closed
57428218,2023-04-26T18:17:03.000,2023-05-23T12:58:46.000,DOT,Curb Condition,Defacement,11432,Closed
57428400,2023-04-26T21:49:11.000,2023-04-28T18:12:47.000,HPD,HEAT/HOT WATER,ENTIRE BUILDING,10019,Closed
57430184,2023-04-26T11:19:29.000,2023-05-09T14:04:01.000,HPD,UNSANITARY CONDITION,PESTS,11230,Closed
57431373,2023-04-27T00:00:03.000,2023-07-11T18:21:48.000,TLC,For Hire Vehicle Complaint,Driver Complaint - Non Passenger,10021,Closed
57428186,2023-04-26T21:04:00.000,2023-04-28T10:40:00.000,DSNY,Electronics Waste Appointment,Ewaste appointment,10314,Closed
57435778,2023-04-27T09:53:00.000,2023-04-28T04:35:00.000,DSNY,Derelict Vehicles,Derelict Vehicles,11434,Closed
57430444,2023-04-26T15:51:54.000,2023-04-27T20:36:38.000,HPD,HEAT/HOT WATER,APARTMENT ONLY,10457,Closed
57428463,2023-04-26T17:46:31.000,2023-04-26T20:08:03.000,NYPD,Illegal Parking,Blocked Bike Lane,10002,Closed
57431153,2023-04-26T07:35:00.000,2023-04-26T07:59:00.000,DSNY,Derelict Vehicles,Derelict Vehicles,10473,Closed
57419888,2023-04-25T18:23:00.000,2023-04-25T20:00:00.000,DEP,Sewer,Sewer Backup (Use Comments) (SA),11355,Closed
57429784,2023-04-26T16:28:32.000,2025-05-13T16:38:22.000,DPR,New Tree Request,For One Address,10027,Closed
57427005,2023-04-26T12:13:32.000,2023-05-11T02:05:26.000,HPD,PLUMBING,BASIN/SINK,11229,Closed
57429756,2023-04-26T14:33:26.000,2023-04-26T16:35:51.000,NYPD,Illegal Parking,Posted Parking Sign Violation,11205,Closed
57435733,2023-04-27T10:16:53.000,2023-05-05T18:18:20.000,HPD,DOOR/WINDOW,DOOR FRAME,11226,Closed
57432715,2023-04-26T18:42:08.000,2023-04-27T05:37:07.000,NYPD,Illegal Parking,Blocked Hydrant,10470,Closed
57432710,2023-04-26T21:04:14.000,2023-04-27T04:28:21.000,NYPD,Illegal Parking,Blocked Hydrant,11435,Closed
57426641,2023-04-26T10:01:28.000,2023-04-26T10:45:13.000,NYPD,Non-Emergency Police Matter,Other (complaint details),11355,Closed
57431784,2023-04-26T19:12:21.000,2023-04-26T20:09:28.000,NYPD,Noise - Commercial,Loud Music/Party,10002,Closed
57430042,2023-04-26T10:30:38.000,2023-05-15T20:54:17.000,HPD,PAINT/PLASTER,DOOR/FRAME,10461,Closed
57434570,2023-04-27T14:02:34.000,2023-04-27T19:54:16.000,NYPD,Illegal Parking,Paper License Plates,11211,Closed
57429711,2023-04-26T07:01:52.000,2023-04-26T09:14:56.000,NYPD,Abandoned Vehicle,With License Plate,10462,Closed
57431067,2023-04-26T06:23:25.000,2023-04-28T18:12:45.000,HPD,HEAT/HOT WATER,ENTIRE BUILDING,10023,Closed
57423114,2023-04-26T18:37:35.000,2023-04-26T22:30:15.000,NYPD,Noise - Street/Sidewalk,Loud Talking,11220,Closed
57435542,2023-04-27T21:58:51.000,2023-05-03T09:28:24.000,DSNY,Dead Animal,Cat,11230,Closed
57426687,2023-04-26T16:23:35.000,2023-04-26T16:47:23.000,NYPD,Traffic,Chronic Stoplight Violation,10036,Closed
57428172,2023-04-26T14:25:00.000,2023-04-26T14:36:17.000,NYPD,Blocked Driveway,No Access,10314,Closed
57432344,2023-04-26T13:01:09.000,2023-05-12T09:47:26.000,DPR,New Tree Request,For One Address,11211,Closed
57432792,2023-04-27T09:31:22.000,2023-04-28T10:36:46.000,DCWP,Consumer Complaint,Home Improvement Contractor,11106,Closed
57433319,2023-04-27T17:12:56.000,2023-05-10T14:26:09.000,DOT,Curb Condition,Defacement,10473,Closed
57428175,2023-04-26T12:32:53.000,2023-04-27T19:41:58.000,HPD,HEAT/HOT WATER,ENTIRE BUILDING,11211,Closed
57428348,2023-04-26T11:03:00.000,2023-04-26T21:14:00.000,DSNY,Derelict Vehicles,Derelict Vehicles,10466,Closed
57422871,2023-04-25T09:44:05.000,2023-09-07T00:00:00.000,DOB,Special Projects Inspection Team (SPIT),Adult Establishment,11373,Closed
57433685,2023-04-27T15:59:38.000,2023-04-28T09:35:00.000,DOT,Street Condition,Pothole,10026,Closed
57435415,2023-04-27T18:32:05.000,2023-04-27T20:42:29.000,NYPD,Abandoned Vehicle,With License Plate,10473,Closed
57435505,2023-04-27T15:14:37.000,2023-05-09T00:00:00.000,DOB,General Construction/Plumbing,Cons - Contrary/Beyond Approved Plans/Permits,10033,Closed
57427651,2023-04-27T00:56:41.000,2023-04-27T16:09:49.000,NYPD,Illegal Parking,Blocked Hydrant,10472,Closed
57435041,2023-04-27T09:39:20.000,2025-02-13T00:00:00.000,DOB,Building/Use,Illegal Conversion Of Residential Building/Space,10462,Closed
57430318,2023-04-26T09:32:00.000,2023-05-01T11:46:00.000,DEP,Noise,Noise: Construction Equipment (NC1),10030,Closed
57431936,2023-04-26T11:52:10.000,2023-04-26T18:26:04.000,HPD,HEAT/HOT WATER,ENTIRE BUILDING,10462,Closed
57435165,2023-04-27T18:31:46.000,2023-05-09T11:21:22.000,DOT,Sidewalk Condition,Sidewalk Violation,11368,Closed
57431947,2023-04-26T15:37:21.000,2023-07-13T00:00:00.000,DOB,General Construction/Plumbing,Vent/Exhaust - Illegal/Improper,10013,Closed
57429761,2023-04-26T16:29:00.000,2023-04-27T04:12:00.000,DSNY,Derelict Vehicles,Derelict Vehicles,11218,Closed
57424311,2023-04-26T15:12:57.000,2023-05-10T14:32:49.000,DSNY,Illegal Dumping,Removal Request,10014,Closed
57431913,2023-04-26T09:11:21.000,2023-04-26T09:43:12.000,NYPD,Illegal Parking,Blocked Bike Lane,11101,Closed
57428413,2023-04-26T18:08:00.000,2023-04-26T19:27:00.000,DPR,Violation of Park Rules,Obstructing Public Use,11217,Closed
57430829,2023-04-26T08:39:57.000,2023-04-27T13:42:20.000,HPD,UNSANITARY CONDITION,PESTS,11373,Closed
57433800,2023-04-27T22:17:49.000,2023-04-27T22:45:11.000,NYPD,Noise - Commercial,Banging/Pounding,11212,Closed
57431496,2023-04-26T15:19:58.000,2023-04-28T09:48:56.000,HPD,PAINT/PLASTER,CEILING,11238,Closed
57431301,2023-04-26T08:22:14.000,2023-05-01T08:07:29.000,HPD,HEAT/HOT WATER,APARTMENT ONLY,10040,Closed
57432315,2023-04-26T12:41:52.000,2023-05-01T02:03:03.000,HPD,PLUMBING,WATER SUPPLY,10036,Closed
57432958,2023-04-27T12:07:39.000,2023-04-27T12:14:02.000,NYPD,Abandoned Vehicle,With License Plate,11385,Closed
57432544,2023-04-26T11:56:48.000,2023-05-12T14:52:59.000,DOT,Curb Condition,Broken Curb,10021,Closed
57425769,2023-04-26T18:58:04.000,2023-04-26T19:30:19.000,NYPD,Illegal Parking,Blocked Hydrant,11218,Closed
57434801,2023-04-27T07:43:41.000,2023-05-23T13:25:00.000,DOT,Street Condition,Pothole,10465,Closed
57424338,2023-04-26T06:26:56.000,2023-04-26T20:51:07.000,NYPD,Blocked Driveway,No Access,10466,Closed
57428282,2023-04-26T17:29:59.000,2023-04-27T13:25:55.000,HPD,HEAT/HOT WATER,ENTIRE BUILDING,11106,Closed
57430424,2023-04-26T12:04:50.000,,DOHMH,Construction Lead Dust,In Common Areas,10473,In Progress
57433216,2023-04-27T16:59:16.000,2023-04-28T15:52:05.000,HPD,HEAT/HOT WATER,ENTIRE BUILDING,11104,Closed
57432109,2023-04-26T19:36:38.000,2023-04-26T20:57:36.000,NYPD,Illegal Parking,Blocked Hydrant,11224,Closed
57428245,2023-04-26T17:39:07.000,2023-05-31T15:48:44.000,EDC,Noise - Helicopter,Other,10023,Closed
57428626,2023-04-26T22:40:25.000,2023-04-26T22:49:34.000,NYPD,Noise - Commercial,Loud Music/Party,10029,Closed
57434673,2023-04-27T09:12:00.000,2023-04-27T09:12:00.000,DOT,Street Light Condition,Street Light Out,11374,Closed
57429165,2023-04-26T20:13:48.000,2023-04-26T22:46:13.000,NYPD,Non-Emergency Police Matter,Trespassing,11212,Closed
57431205,2023-04-26T10:13:52.000,2023-04-26T10:55:24.000,NYPD,Illegal Parking,Posted Parking Sign Violation,11366,Closed
57431772,2023-04-26T16:20:24.000,2023-05-25T15:31:35.000,HPD,DOOR/WINDOW,DOOR,10026,Closed
57434305,2023-04-27T11:52:46.000,2023-04-28T19:53:32.000,HPD,HEAT/HOT WATER,APARTMENT ONLY,10456,Closed
57429935,2023-04-26T07:39:31.000,2023-04-26T12:09:45.000,DOHMH,Rodent,Signs of Rodents,11215,Closed
57428768,2023-04-26T23:20:00.000,2023-04-27T10:28:00.000,DEP,Air Quality,"Air: Smoke, Vehicular (AA4)",11366,Closed
57427656,2023-04-26T15:28:56.000,2023-04-28T09:57:15.000,HPD,UNSANITARY CONDITION,MOLD,10032,Closed
57433777,2023-04-27T11:19:04.000,2023-04-27T11:38:49.000,NYPD,Blocked Driveway,No Access,11232,Closed
57427631,2023-04-26T15:36:51.000,2025-01-31T07:05:10.000,DPR,New Tree Request,For One Address,10033,Closed
57432166,2023-04-26T22:15:00.000,2023-04-27T00:10:00.000,DOT,Traffic Signal Condition,Controller,10030,Closed
57435531,2023-04-27T23:32:35.000,2023-04-28T04:59:54.000,NYPD,Noise - Residential,Banging/Pounding,10461,Closed
57432575,2023-04-26T16:46:35.000,2023-04-26T17:02:53.000,NYPD,Illegal Parking,Double Parked Blocking Vehicle,11206,Closed
57430676,2023-04-26T13:35:30.000,2023-04-28T08:27:28.000,DSNY,Missed Collection,Bulky Trash,11220,Closed
57434627,2023-04-27T21:16:48.000,2023-04-29T06:54:27.000,DHS,Encampment,N/A,11373,Closed
57430063,2023-04-26T12:31:00.000,2023-04-28T07:57:00.000,DSNY,Derelict Vehicles,Derelict Vehicles,10473,Closed
57429685,2023-04-26T16:21:24.000,2023-04-26T22:00:25.000,NYPD,Noise - Residential,Banging/Pounding,10027,Closed
57423664,2023-04-26T11:29:56.000,2023-04-26T13:28:58.000,NYPD,Blocked Driveway,No Access,11239,Closed
57434481,2023-04-27T14:01:57.000,2023-04-27T14:48:58.000,NYPD,Illegal Parking,Posted Parking Sign Violation,10013,Closed
57427886,2023-04-26T14:52:41.000,2023-04-26T15:32:02.000,NYPD,Illegal Parking,Commercial Overnight Parking,11238,Closed
57430389,2023-04-26T20:58:48.000,2023-04-26T23:21:15.000,NYPD,Noise - Residential,Loud Music/Party,10465,Closed
57433196,2023-04-27T19:02:21.000,2023-05-05T09:12:35.000,HPD,APPLIANCE,ELECTRIC/GAS RANGE,10030,Closed
57431991,2023-04-26T08:10:19.000,2023-04-28T06:37:01.000,DSNY,Street Sweeping Complaint,Inadequate Sweeping,11214,Closed
57435748,2023-04-27T18:22:13.000,2023-04-27T21:48:44.000,NYPD,Blocked Driveway,No Access,10304,Closed
57427892,2023-04-26T14:04:05.000,2023-04-26T15:01:37.000,NYPD,Noise - Residential,Loud Music/Party,11103,Closed
57432346,2023-04-26T00:05:04.000,2023-05-05T14:51:15.000,HPD,WATER LEAK,HEAVY FLOW,10009,Closed
57431360,2023-04-27T00:55:33.000,2023-04-27T01:47:47.000,NYPD,Illegal Parking,Commercial Overnight Parking,11236,Closed
57431292,2023-04-26T08:13:28.000,2023-05-31T15:45:56.000,EDC,Noise - Helicopter,Other,10025,Closed
57429116,2023-04-26T07:13:38.000,2023-05-06T14:58:40.000,DSNY,Sanitation Worker or Vehicle Complaint,Inappropriate Behavior,11434,Closed
57431864,2023-04-26T09:16:52.000,2023-04-28T09:08:03.000,DSNY,Missed Collection,Trash,11433,Closed
57432102,2023-04-26T10:58:52.000,2023-04-29T14:53:13.000,DSNY,Missed Collection,Trash,11222,Closed
57429325,2023-04-26T16:11:32.000,2023-04-26T16:17:41.000,NYPD,Noise - House of Worship,Loud Music/Party,11366,Closed
57432024,2023-04-26T12:58:23.000,2023-04-26T23:26:56.000,NYPD,Encampment,N/A,10457,Closed
57435965,2023-04-27T07:24:28.000,2023-05-10T13:05:00.000,DOT,Street Condition,Pothole,,Closed
57429295,2023-04-26T04:50:16.000,2023-05-31T15:45:09.000,EDC,Noise - Helicopter,Other,11216,Closed
57432093,2023-04-26T19:22:12.000,2023-04-27T12:55:54.000,DSNY,Residential Disposal Complaint,Waste Left in Front of Other Residence,10314,Closed
57430591,2023-04-27T01:02:59.000,2023-04-27T01:30:03.000,NYPD,Noise - Residential,Loud Television,10039,Closed
57431426,2023-04-27T00:41:34.000,2023-04-27T06:16:40.000,NYPD,Illegal Parking,Blocked Hydrant,11229,Closed
57433301,2023-04-27T17:56:16.000,2023-04-27T19:35:46.000,NYPD,Abandoned Vehicle,With License Plate,10466,Closed
57433825,2023-04-27T21:46:17.000,2023-04-27T22:03:42.000,NYPD,Noise - Street/Sidewalk,Loud Music/Party,10011,Closed
57434374,2023-04-27T21:36:56.000,2023-04-29T18:54:59.000,HPD,HEAT/HOT WATER,APARTMENT ONLY,11226,Closed
57432718,2023-04-26T22:00:05.000,2023-04-27T03:22:28.000,NYPD,Blocked Driveway,No Access,11368,Closed
57435896,2023-04-27T19:29:33.000,2023-04-28T02:56:12.000,DHS,Homeless Person Assistance,,11104,Closed
57428906,2023-04-26T21:55:13.000,2023-04-27T20:15:42.000,HPD,HEAT/HOT WATER,ENTIRE BUILDING,10003,Closed
57429054,2023-04-26T08:27:10.000,2023-05-01T13:24:06.000,DSNY,Missed Collection,Trash,10304,Closed
57431695,2023-04-26T13:15:02.000,2023-04-26T20:42:16.000,NYPD,Abandoned Vehicle,With License Plate,11102,Closed
57433691,2023-04-26T20:08:53.000,2024-02-28T00:00:00.000,DOB,General Construction/Plumbing,Building Permit - None,11412,Closed
57434632,2023-04-27T14:27:40.000,2023-04-27T14:27:40.000,DOHMH,Rodent,Rat Sighting,10024,Closed
57428502,2023-04-26T10:14:50.000,2023-05-03T10:27:11.000,DSNY,Missed Collection,Recycling - Metal/Glass/Rigid Plastic,11230,Closed
57434800,2023-04-27T09:38:58.000,2023-05-05T09:12:29.000,HPD,DOOR/WINDOW,DOOR FRAME,10456,Closed
57428139,2023-04-26T08:10:20.000,2023-04-26T09:14:27.000,NYPD,Noise - Residential,Loud Music/Party,10467,Closed
57431485,2023-04-26T16:26:17.000,2023-04-28T20:40:14.000,HPD,UNSANITARY CONDITION,MOLD,11694,Closed
57432069,2023-04-26T22:10:24.000,2023-05-04T19:53:04.000,HPD,SAFETY,SMOKE DETECTOR,11208,Closed
57433618,2023-04-27T23:51:41.000,2023-04-28T02:31:01.000,NYPD,Illegal Parking,Blocked Bike Lane,11238,Closed
57433111,2023-04-27T19:52:04.000,2023-04-27T21:55:01.000,NYPD,Abandoned Vehicle,With License Plate,11378,Closed
57434399,2023-04-27T12:02:39.000,2023-05-05T15:29:54.000,HPD,SAFETY,CARBON MONOXIDE DETECTOR,11209,Closed
57434195,2023-04-27T12:22:58.000,2023-04-27T14:00:58.000,NYPD,Illegal Parking,Parking Permit Improper Use,11436,Closed
57431298,2023-04-26T06:26:32.000,2023-08-11T06:32:19.000,HPD,APPLIANCE,REFRIGERATOR,10467,Closed
57430358,2023-04-26T15:38:00.000,2023-04-27T09:06:00.000,DOT,Street Light Condition,Street Light Out,10128,Closed
57427875,2023-04-26T12:22:18.000,2023-04-26T12:22:18.000,DOHMH,Rodent,Rat Sighting,11238,Closed
57435662,2023-04-27T16:25:44.000,2023-04-27T17:09:19.000,NYPD,Illegal Parking,Blocked Sidewalk,11217,Closed
57421726,2023-04-25T11:58:06.000,2023-04-26T13:20:08.000,HPD,HEAT/HOT WATER,APARTMENT ONLY,11419,Closed
57428154,2023-04-26T19:15:26.000,2023-04-27T03:23:02.000,NYPD,Illegal Parking,Blocked Hydrant,11379,Closed
57435167,2023-04-27T23:56:52.000,2023-04-28T00:16:19.000,NYPD,Noise - Vehicle,Car/Truck Music,10035,Closed
57433420,2023-04-27T21:24:23.000,2023-04-27T22:46:37.000,NYPD,Blocked Driveway,Partial Access,11214,Closed
57425898,2023-04-26T03:53:36.000,2023-05-31T15:44:57.000,EDC,Noise - Helicopter,Other,10024,Closed
57428256,2023-04-26T19:17:34.000,2023-04-28T20:18:48.000,HPD,UNSANITARY CONDITION,PESTS,10026,Closed
57433992,2023-04-27T15:24:23.000,2023-04-27T16:24:26.000,NYPD,Illegal Parking,Blocked Hydrant,10473,Closed
57434922,2023-04-27T12:20:59.000,2023-05-17T13:00:35.000,HPD,FLOORING/STAIRS,FLOOR,11373,Closed
57431135,2023-04-26T10:48:00.000,2023-04-28T11:27:00.000,DSNY,Derelict Vehicles,Derelict Vehicles,11433,Closed
57435154,2023-04-27T21:02:05.000,2023-04-29T18:55:14.000,HPD,HEAT/HOT WATER,ENTIRE BUILDING,11215,Closed
57423400,2023-04-26T11:29:51.000,2023-04-26T13:35:40.000,NYPD,Illegal Parking,Blocked Sidewalk,11370,Closed
57432028,2023-04-26T17:29:41.000,2023-04-27T12:39:06.000,HPD,HEAT/HOT WATER,APARTMENT ONLY,10469,Closed
57432194,2023-04-26T02:53:30.000,2023-04-26T03:41:11.000,NYPD,Noise - Vehicle,Engine Idling,11222,Closed
57434685,2023-04-27T13:36:47.000,2023-04-27T16:21:40.000,NYPD,Illegal Parking,Paper License Plates,10472,Closed
57435387,2023-04-27T19:44:45.000,2023-05-31T15:51:10.000,EDC,Noise - Helicopter,Other,10023,Closed
57432668,2023-04-26T13:40:17.000,2023-04-26T14:08:08.000,NYPD,Illegal Parking,Overnight Commercial Storage,10312,Closed
57431512,2023-04-26T12:44:51.000,2023-05-22T20:16:00.000,HPD,UNSANITARY CONDITION,PESTS,10035,Closed
57428559,2023-04-26T13:45:04.000,2023-04-26T13:45:04.000,DOB,Building/Use,Zoning - Non-Conforming/Illegal Vehicle Storage,11426,Open
57430356,2023-04-26T03:57:32.000,2023-04-26T04:08:19.000,NYPD,Illegal Parking,Commercial Overnight Parking,11693,Closed
57432218,2023-04-26T13:04:47.000,2023-04-26T14:00:31.000,NYPD,Noise - Residential,Loud Music/Party,10473,Closed
57435453,2023-04-27T13:08:29.000,2023-04-27T16:35:05.000,NYPD,Noise - Residential,Banging/Pounding,10033,Closed
57434156,2023-04-27T09:41:41.000,2023-04-27T09:41:41.000,DOT,Street Condition,Pothole,11219,Closed
59371679,2023-11-08T05:57:08.000,2023-11-08T07:04:31.000,NYPD,Illegal Parking,Blocked Hydrant,11369,Closed
57432626,2023-04-26T20:28:00.000,2023-04-26T20:30:33.000,NYPD,Illegal Parking,Overnight Commercial Storage,10465,Closed
57428289,2023-04-26T18:20:46.000,2023-04-26T21:43:13.000,NYPD,Illegal Parking,Posted Parking Sign Violation,10028,Closed
58028770,2023-06-27T12:38:51.000,2023-11-01T11:40:18.000,DPR,Damaged Tree,Branch or Limb Has Fallen Down,11367,Closed
55330922,2022-09-07T09:57:03.000,2022-09-07T09:57:03.000,DOB,General Construction/Plumbing,Adjacent Buildings Not Protected,11212,Closed
57429778,2023-04-26T22:49:35.000,2023-04-26T22:49:35.000,DOHMH,Rodent,Rat Sighting,10025,Closed
57433990,2023-04-27T05:58:24.000,2023-04-27T16:27:34.000,HPD,PLUMBING,WATER SUPPLY,11377,Closed
57435393,2023-04-27T14:01:24.000,2023-05-02T08:01:07.000,DOT,Street Sign - Damaged,"No Parking, Standing, Stopping",10031,Closed
57435930,2023-04-27T11:59:19.000,2023-06-27T07:00:03.000,HPD,WATER LEAK,HEAVY FLOW,10027,Closed
57431522,2023-04-26T12:09:27.000,2023-05-31T15:47:29.000,EDC,Noise - Helicopter,NYPD,11201,Closed
57430863,2023-04-26T08:59:08.000,2023-04-26T09:51:59.000,NYPD,Panhandling,N/A,10107,Closed
57433286,2023-04-27T18:07:30.000,2023-04-27T18:47:21.000,NYPD,Noise - Residential,Banging/Pounding,11230,Closed
57433449,2023-04-27T16:34:28.000,2023-05-01T17:15:36.000,HPD,HEAT/HOT WATER,APARTMENT ONLY,10454,Closed
57428855,2023-04-26T10:38:00.000,2023-04-27T05:00:00.000,DEP,Water System,Hydrant Leaking (WC1),11217,Closed
57432291,2023-04-26T13:34:03.000,2023-05-31T10:29:22.000,HPD,PLUMBING,BATHTUB/SHOWER,11237,Closed
57421778,2023-04-25T12:48:47.000,2023-04-29T08:50:57.000,DSNY,Illegal Dumping,Chronic Dumping,10022,Closed
57433211,2023-04-27T14:12:49.000,2023-05-01T13:19:32.000,HPD,HEAT/HOT WATER,ENTIRE BUILDING,10463,Closed
57429579,2023-04-26T19:54:55.000,2023-04-26T20:09:05.000,NYPD,Noise - Commercial,Loud Music/Party,10002,Closed
57428727,2023-04-26T22:01:35.000,2023-06-05T20:46:25.000,HPD,WATER LEAK,HEAVY FLOW,10452,Closed
57430305,2023-04-26T09:46:27.000,2024-06-04T00:19:16.000,DOHMH,Smoking,Smoking Violation,11415,Closed
57434040,2023-04-27T16:55:32.000,2023-04-27T18:19:12.000,NYPD,Illegal Parking,Parking Permit Improper Use,11217,Closed
57430128,2023-04-26T05:50:42.000,2023-04-26T07:03:44.000,NYPD,Illegal Parking,Blocked Crosswalk,10467,Closed
57430104,2023-04-26T14:06:13.000,2023-04-27T10:38:04.000,DSNY,Dirty Condition,Trash,11220,Closed
57434263,2023-04-27T11:37:49.000,2023-04-27T12:56:16.000,NYPD,Illegal Parking,Posted Parking Sign Violation,11105,Closed
57434575,2023-04-27T17:33:17.000,2023-04-27T17:46:20.000,NYPD,Illegal Parking,Commercial Overnight Parking,11228,Closed
57433450,2023-04-27T12:21:09.000,2023-05-21T09:18:33.000,HPD,PLUMBING,BASIN/SINK,10457,Closed
57429773,2023-04-26T21:17:26.000,2023-04-27T04:17:29.000,NYPD,Illegal Fireworks,N/A,11103,Closed
57431790,2023-04-26T20:11:00.000,2023-04-27T06:06:00.000,DEP,Noise,Noise: Alarms (NR3),11211,Closed
57435591,2023-04-27T15:05:48.000,2023-07-04T16:09:19.000,HPD,WATER LEAK,SLOW LEAK,11233,Closed
57429707,2023-04-26T13:06:38.000,2023-05-31T15:47:41.000,EDC,Noise - Helicopter,Other,10128,Closed
57429871,2023-04-26T08:48:51.000,2023-05-01T18:51:56.000,HPD,PAINT/PLASTER,CEILING,11106,Closed
57427447,2023-04-26T20:52:15.000,2023-04-26T21:53:57.000,NYPD,Illegal Parking,Blocked Hydrant,11208,Closed
57419395,2023-04-25T14:58:12.000,2023-04-25T16:00:44.000,NYPD,Illegal Parking,Posted Parking Sign Violation,11222,Closed
57432749,2023-04-27T20:39:22.000,2023-05-01T16:08:29.000,HPD,UNSANITARY CONDITION,GARBAGE/RECYCLING STORAGE,11216,Closed
57430328,2023-04-26T08:22:00.000,2023-12-20T11:07:09.000,DSNY,Graffiti,Graffiti,11203,Closed
57430535,2023-04-26T09:02:36.000,2023-04-26T10:29:51.000,NYPD,Illegal Parking,Blocked Bike Lane,10019,Closed
57428133,2023-04-26T13:24:18.000,2023-04-27T13:10:27.000,DSNY,Illegal Dumping,Removal Request,11377,Closed
57433116,2023-04-27T19:28:55.000,2023-05-31T15:50:55.000,EDC,Noise - Helicopter,Other,11414,Closed
57425987,2023-04-26T02:01:03.000,2023-04-29T19:11:44.000,HPD,HEAT/HOT WATER,ENTIRE BUILDING,10033,Closed
57428047,2023-04-26T15:51:12.000,2023-04-27T09:54:30.000,HPD,HEAT/HOT WATER,ENTIRE BUILDING,10456,Closed
57430143,2023-04-26T11:23:07.000,2023-07-31T20:14:00.000,HPD,FLOORING/STAIRS,FLOOR,10472,Closed
57428780,2023-04-26T22:10:28.000,2023-04-28T13:28:50.000,HPD,HEAT/HOT WATER,APARTMENT ONLY,10456,Closed
57427003,2023-04-26T16:07:45.000,2023-04-26T21:56:37.000,NYPD,Noise - Residential,Banging/Pounding,10027,Closed
57430423,2023-04-26T00:50:59.000,2025-05-07T14:48:56.000,HPD,UNSANITARY CONDITION,GARBAGE/RECYCLING STORAGE,11249,Closed
57432340,2023-04-26T16:57:37.000,2023-05-11T10:11:41.000,HPD,UNSANITARY CONDITION,PESTS,11226,Closed
57435863,2023-04-27T18:04:56.000,2023-04-27T19:56:42.000,NYPD,Blocked Driveway,Partial Access,11435,Closed
57433100,2023-04-27T09:26:47.000,2023-05-08T13:51:47.000,DOT,Street Condition,Failed Street Repair,11423,Closed
57427818,2023-04-26T10:32:52.000,2023-04-26T10:57:17.000,NYPD,Illegal Parking,Blocked Hydrant,10029,Closed
57424080,2023-04-26T17:36:40.000,2023-05-31T15:48:38.000,EDC,Noise - Helicopter,Other,10023,Closed
57434666,2023-04-27T17:56:48.000,2023-05-03T10:56:51.000,DSNY,Missed Collection,Trash,11232,Closed
57433900,2023-04-27T21:50:42.000,2023-04-28T19:40:25.000,NYPD,Illegal Parking,Blocked Sidewalk,10456,Closed
57435445,2023-04-27T20:49:24.000,2023-05-01T09:38:46.000,HPD,HEAT/HOT WATER,APARTMENT ONLY,11225,Closed
57429222,2023-04-26T12:59:23.000,2023-11-04T12:33:20.000,DPR,Illegal Tree Damage,Trunk Damaged,11237,Closed
57434643,2023-04-27T08:03:02.000,2023-05-02T14:26:50.000,DSNY,Missed Collection,Trash,11417,Closed
57431693,2023-04-25T07:00:00.000,2023-04-26T14:10:00.000,DOT,Street Condition,Pothole,10304,Closed
59378320,2023-11-09T03:18:50.000,2023-11-09T05:01:57.000,NYPD,Illegal Parking,Blocked Hydrant,11421,Closed
57427789,2023-04-26T22:39:51.000,2023-04-26T23:00:27.000,NYPD,Illegal Parking,Blocked Hydrant,11228,Closed
57435064,2023-04-27T23:10:52.000,2023-04-27T23:27:06.000,NYPD,Illegal Parking,Blocked Hydrant,11205,Closed
57435805,2023-04-27T18:45:18.000,2023-04-27T19:54:06.000,NYPD,Illegal Parking,Blocked Crosswalk,11215,Closed
57431256,2023-04-26T15:38:29.000,2024-06-04T00:18:54.000,DOHMH,Smoking,Smoking Violation,10468,Closed
57431746,2023-04-26T09:15:52.000,2023-05-31T15:46:20.000,EDC,Noise - Helicopter,Other,11238,Closed
57423706,2023-04-26T10:09:08.000,2023-09-23T18:16:31.000,HPD,PAINT/PLASTER,WALL,10467,Closed
57428606,2023-04-26T11:06:43.000,2023-04-26T11:25:56.000,NYPD,Noise - Residential,Loud Talking,11366,Closed
57430385,2023-04-26T23:05:08.000,2023-04-27T05:40:09.000,DHS,Homeless Person Assistance,,10024,Closed
57430877,2023-04-26T13:11:32.000,2023-04-27T20:37:47.000,HPD,UNSANITARY CONDITION,PESTS,10452,Closed
57432210,2023-04-26T07:42:55.000,2023-05-31T15:45:48.000,EDC,Noise - Helicopter,Other,10025,Closed
57432230,2023-04-26T03:15:01.000,2023-04-26T06:06:25.000,NYPD,Illegal Parking,Blocked Hydrant,11368,Closed
57434267,2023-04-27T06:23:02.000,2023-04-27T07:05:06.000,NYPD,Noise - Vehicle,Car/Truck Music,11220,Closed
57427958,2023-04-26T14:30:12.000,2023-06-02T00:00:00.000,DOB,Elevator,Elevator - Single Device On Property/No Alternate Service,11219,Closed
57433391,2023-04-27T07:47:51.000,2023-04-27T10:02:31.000,DSNY,Dirty Condition,Trash,10031,Closed
57435084,2023-04-27T14:22:14.000,2023-04-27T16:12:35.000,NYPD,Illegal Parking,Blocked Hydrant,11220,Closed
57432497,2023-04-26T22:30:53.000,2023-04-26T22:33:48.000,NYPD,Abandoned Vehicle,With License Plate,11205,Closed
57427271,2023-04-26T21:14:08.000,2023-04-27T15:05:23.000,HPD,HEAT/HOT WATER,ENTIRE BUILDING,11374,Closed
57419672,2023-04-25T14:16:06.000,2023-04-28T00:00:00.000,DOB,General Construction/Plumbing,Sidewalk Shed/Pipe Scafford - Inadequate Defective/None,10019,Closed
57431684,2023-04-26T09:28:58.000,2023-05-31T15:12:00.000,EDC,Noise - Helicopter,Other,10011,Closed
57430832,2023-04-26T20:26:37.000,2023-04-26T20:35:45.000,NYPD,Noise - Residential,Loud Music/Party,10032,Closed
57428628,2023-04-26T17:09:44.000,2023-04-26T17:51:23.000,NYPD,Illegal Parking,Double Parked Blocking Traffic,10461,Closed
57427939,2023-04-26T23:01:43.000,2023-04-27T00:14:43.000,NYPD,Noise - Street/Sidewalk,Loud Music/Party,10009,Closed
57432295,2023-04-26T12:29:00.000,2025-05-13T16:38:18.000,DPR,New Tree Request,For One Address,11385,Closed
57430141,2023-04-26T14:46:00.000,2025-03-30T17:50:33.000,DPR,Dead/Dying Tree,Planted More Than 2 Years Ago,11426,Closed
57433973,2023-04-27T10:28:16.000,2025-01-13T00:00:00.000,DOB,General Construction/Plumbing,Cons - Contrary/Beyond Approved Plans/Permits,10306,Closed
57434086,2023-04-27T08:14:51.000,2023-04-27T08:14:51.000,DOT,Street Condition,Pothole,11219,Closed
57433361,2023-04-27T23:37:24.000,2023-05-03T10:50:00.000,DSNY,Missed Collection,Trash,11230,Closed
57427644,2023-04-26T12:21:00.000,2023-04-26T12:21:00.000,DOT,Street Light Condition,Street Light Out,11375,Closed
57429115,2023-04-26T22:57:38.000,2023-04-29T13:50:51.000,DSNY,Illegal Dumping,Removal Request,11207,Closed
57434526,2023-04-27T09:16:51.000,2023-05-12T12:56:11.000,HPD,WATER LEAK,DAMP SPOT,11210,Closed
57433907,2023-04-27T09:12:09.000,2023-05-31T15:49:49.000,EDC,Noise - Helicopter,Other,10028,Closed
57432627,2023-04-27T00:46:58.000,2023-04-27T02:39:39.000,NYPD,Illegal Parking,Blocked Hydrant,10461,Closed
57427689,2023-04-26T13:44:00.000,2023-05-01T10:00:00.000,DEP,Water System,LOW WATER PRESSURE - WLWP,11415,Closed
57427904,2023-04-26T14:41:48.000,2023-05-15T09:24:38.000,DOT,Outdoor Dining,Street Zone Blocked,10003,Closed
57430776,2023-04-26T16:40:19.000,2023-04-26T20:59:45.000,NYPD,Illegal Parking,Paper License Plates,10458,Closed
57434553,2023-04-27T10:47:47.000,2023-04-27T12:32:22.000,NYPD,Blocked Driveway,No Access,11210,Closed
57427845,2023-04-26T15:29:29.000,2023-04-26T16:21:31.000,NYPD,Drug Activity,Use Outside,11366,Closed
57420545,2023-04-25T18:45:11.000,2023-04-25T23:12:39.000,NYPD,Blocked Driveway,Partial Access,10461,Closed
57433199,2023-04-27T08:11:17.000,2023-04-27T10:59:50.000,NYPD,Encampment,N/A,11238,Closed
57433615,2023-04-27T08:02:20.000,2025-05-13T16:38:26.000,DPR,New Tree Request,For One Address,11211,Closed
57455225,2023-04-29T10:46:05.000,,DPR,Dead/Dying Tree,Planted More Than 2 Years Ago,10462,In Progress
57435481,2023-04-27T05:26:32.000,2023-04-27T05:39:06.000,NYPD,Abandoned Vehicle,With License Plate,11239,Closed
57431621,2023-04-26T17:42:15.000,2023-04-28T14:05:34.000,HPD,HEAT/HOT WATER,ENTIRE BUILDING,10462,Closed
57431982,2023-04-26T15:25:56.000,2023-04-26T16:15:19.000,NYPD,Illegal Parking,Posted Parking Sign Violation,11238,Closed
57434272,2023-04-27T14:58:32.000,2023-05-03T13:57:38.000,DSNY,Residential Disposal Complaint,Waste Left in Front of Other Residence,10467,Closed
57434123,2023-04-27T10:07:31.000,2023-04-27T10:34:11.000,NYPD,Illegal Parking,Blocked Hydrant,11368,Closed
57428147,2023-04-26T14:52:57.000,2023-04-27T16:29:13.000,HPD,DOOR/WINDOW,WINDOW FRAME,10459,Closed
57432581,2023-04-26T07:46:41.000,2023-04-27T17:09:48.000,HPD,HEAT/HOT WATER,ENTIRE BUILDING,11214,Closed
57430493,2023-04-26T03:21:53.000,2023-04-26T03:49:47.000,NYPD,Noise - Residential,Banging/Pounding,11232,Closed
57422341,2023-04-25T07:53:26.000,2023-05-10T11:12:21.000,HPD,UNSANITARY CONDITION,GARBAGE/RECYCLING STORAGE,11416,Closed
57431898,2023-04-26T15:04:32.000,2023-04-26T17:20:00.000,NYPD,Illegal Parking,Posted Parking Sign Violation,11201,Closed
57434054,2023-04-27T17:02:09.000,2023-04-27T20:21:24.000,NYPD,Noise - Residential,Banging/Pounding,11225,Closed
57432312,2023-04-26T14:45:39.000,2023-05-10T23:28:33.000,HPD,FLOORING/STAIRS,FLOOR,10029,Closed
55322324,2022-09-06T16:48:00.000,2022-09-07T16:14:38.000,DSNY,Obstruction,Cone,11414,Closed
57432741,2023-04-26T11:22:26.000,2023-04-29T19:12:45.000,HPD,GENERAL,COOKING GAS,10027,Closed
57435881,2023-04-27T11:49:36.000,2023-06-26T00:00:00.000,DOB,Elevator,Elevator - Single Device On Property/No Alternate Service,11226,Closed
57420159,2023-04-25T19:55:12.000,2023-05-20T18:41:16.000,HPD,WATER LEAK,HEAVY FLOW,11368,Closed
57431891,2023-04-26T04:14:42.000,2023-04-26T04:18:11.000,NYPD,Abandoned Vehicle,With License Plate,11239,Closed
57428233,2023-04-26T08:38:48.000,2023-04-26T09:08:11.000,NYPD,Blocked Driveway,No Access,10314,Closed
57430596,2023-04-26T09:53:43.000,2023-04-26T11:16:17.000,NYPD,Non-Emergency Police Matter,Trespassing,11209,Closed
57428011,2023-04-26T22:05:52.000,2023-04-27T02:34:01.000,NYPD,Noise - Street/Sidewalk,Loud Talking,10452,Closed
57421999,2023-04-25T14:51:01.000,2023-04-25T17:25:09.000,DOT,Street Sign - Missing,Street Cleaning - ASP,11249,Closed
57428999,2023-04-26T09:39:53.000,2023-04-26T10:32:33.000,NYPD,Noise - Residential,Banging/Pounding,10468,Closed
57433846,2023-04-27T15:26:43.000,2023-05-16T00:00:00.000,DOB,Elevator,Elevator - Multiple Devices On Property,10035,Closed
57430131,2023-04-26T10:36:07.000,2023-05-31T15:46:53.000,EDC,Noise - Helicopter,Other,10028,Closed
57419737,2023-04-25T06:39:29.000,2023-04-25T13:52:28.000,HPD,HEAT/HOT WATER,ENTIRE BUILDING,10462,Closed
57427728,2023-04-26T11:29:00.000,2023-04-26T20:20:00.000,DEP,Water System,Leak (Use Comments) (WA2),11106,Closed
57424132,2023-04-26T09:19:45.000,2023-04-26T10:41:10.000,NYPD,Illegal Parking,Posted Parking Sign Violation,11368,Closed
57425699,2023-04-26T14:41:50.000,2023-04-28T14:08:44.000,DSNY,Missed Collection,Bulky Trash,10301,Closed
57434803,2023-04-27T13:30:19.000,2023-04-28T13:14:13.000,DSNY,Dirty Condition,Trash,11223,Closed
57429100,2023-04-26T17:46:13.000,2023-05-08T08:51:25.000,HPD,PLUMBING,BATHTUB/SHOWER,11210,Closed
57435197,2023-04-27T19:13:09.000,2023-05-01T00:00:00.000,DOB,Building/Use,Illegal. Commercial Use In Resident Zone,10040,Closed
57429471,2023-04-26T14:54:39.000,2023-04-26T17:03:10.000,NYPD,Illegal Parking,Blocked Sidewalk,10038,Closed
57429377,2023-04-26T10:15:12.000,2023-05-31T15:12:05.000,EDC,Noise - Helicopter,Other,10011,Closed
57434764,2023-04-27T07:35:16.000,2023-07-02T02:05:01.000,HPD,UNSANITARY CONDITION,PESTS,10065,Closed
57435352,2023-04-27T09:12:45.000,2023-04-27T18:51:43.000,NYPD,Abandoned Vehicle,With License Plate,11367,Closed
57429523,2023-04-26T20:52:15.000,2023-04-26T21:33:36.000,NYPD,Blocked Driveway,No Access,10462,Closed
57419970,2023-04-25T06:34:28.000,2023-04-25T07:19:35.000,NYPD,Blocked Driveway,No Access,11203,Closed
57434013,2023-04-27T17:34:44.000,2023-04-29T01:58:12.000,NYPD,Noise - Residential,Loud Music/Party,10457,Closed
57429920,2023-04-26T20:48:20.000,2023-04-27T01:23:22.000,NYPD,Noise - Residential,Loud Music/Party,10456,Closed
57434490,2023-04-28T01:40:05.000,2023-05-22T00:00:00.000,DSNY,Graffiti,Graffiti,10009,Closed
57435904,2023-04-27T08:57:11.000,2023-05-01T12:03:02.000,HPD,HEAT/HOT WATER,APARTMENT ONLY,11226,Closed
57427928,2023-04-27T00:09:19.000,2023-04-27T01:14:16.000,NYPD,Illegal Parking,Blocked Hydrant,11421,Closed
57433772,2023-04-27T17:16:14.000,2023-04-28T11:50:20.000,DSNY,Dirty Condition,Trash,11385,Closed
57430447,2023-04-26T18:12:50.000,2023-04-26T19:00:11.000,NYPD,Animal-Abuse,Neglected,11354,Closed
57431248,2023-04-26T15:56:42.000,2023-04-27T14:25:37.000,DSNY,Dirty Condition,Trash,11249,Closed
57419380,2023-04-25T11:34:16.000,2023-04-25T11:34:16.000,DOB,Plumbing,Plumbing Work - Illegal/No Permit/Standpipe/Sprinkler,11237,Closed
57434760,2023-04-27T16:18:58.000,2023-04-28T01:58:29.000,NYPD,Blocked Driveway,No Access,11103,Closed
57427693,2023-04-26T18:00:27.000,2023-06-26T16:12:47.000,TLC,For Hire Vehicle Complaint,Driver Complaint - Non Passenger,10018,Closed
57431619,2023-04-26T07:20:11.000,2023-04-28T14:08:15.000,DSNY,Litter Basket Complaint,Overflowing,10301,Closed
57435598,2023-04-27T13:16:47.000,2023-04-29T14:02:37.000,HPD,ELECTRIC,NO LIGHTING,11222,Closed
57434756,2023-04-27T17:32:36.000,2023-05-03T07:04:39.000,HPD,WATER LEAK,HEAVY FLOW,11238,Closed
57433577,2023-04-27T17:23:42.000,2023-04-27T19:42:02.000,NYPD,Blocked Driveway,No Access,11203,Closed
57432491,2023-04-26T19:09:58.000,2023-04-26T19:09:58.000,DOHMH,Rodent,Rat Sighting,10460,Closed
57422806,2023-04-25T17:16:40.000,2025-05-13T16:38:06.000,DPR,New Tree Request,For One Address,11434,Closed
57427828,2023-04-26T08:36:54.000,2023-06-30T15:06:34.000,HPD,APPLIANCE,ELECTRIC/GAS RANGE,11105,Closed
57428869,2023-04-26T14:59:51.000,2023-04-26T20:16:33.000,NYPD,Illegal Parking,Double Parked Blocking Vehicle,10075,Closed
57428202,2023-04-26T18:47:00.000,2023-04-27T10:00:00.000,DEP,Water System,Hydrant Running (WC3),10468,Closed
57430711,2023-04-26T17:31:05.000,2023-04-26T18:45:55.000,NYPD,Traffic,Congestion/Gridlock,11234,Closed
57431804,2023-04-26T19:51:23.000,2023-09-23T18:29:53.000,HPD,ELECTRIC,LIGHTING,10455,Closed
57430291,2023-04-26T12:26:00.000,2023-04-26T13:15:00.000,DEP,Sewer,Sewer Backup (Use Comments) (SA),11207,Closed
57433092,2023-04-27T23:29:00.000,2023-04-28T05:59:00.000,DEP,Noise,Noise: Alarms (NR3),11103,Closed
57434588,2023-04-27T22:41:08.000,2023-04-28T02:28:45.000,NYPD,Non-Emergency Police Matter,Trespassing,11212,Closed
57430502,2023-04-26T05:49:03.000,2023-04-27T17:09:48.000,HPD,HEAT/HOT WATER,ENTIRE BUILDING,11204,Closed
57428125,2023-04-26T13:23:57.000,2023-04-26T20:19:23.000,NYPD,Illegal Parking,Blocked Bike Lane,11378,Closed
57434812,2023-04-27T11:51:39.000,2024-11-12T17:25:50.000,DPR,Root/Sewer/Sidewalk Condition,Trees and Sidewalks Program,11210,Closed
57432812,2023-04-27T06:42:22.000,2023-05-31T15:49:19.000,EDC,Noise - Helicopter,Other,11238,Closed
57434789,2023-04-27T18:32:01.000,2023-04-27T21:39:50.000,NYPD,Illegal Parking,Unauthorized Bus Layover,11223,Closed
57430957,2023-04-26T12:42:43.000,2023-05-01T06:51:42.000,DSNY,Missed Collection,Trash,11433,Closed
57420703,2023-04-25T11:55:00.000,2023-04-18T11:54:00.000,DOT,Street Light Condition,Street Light Cycling,11385,Pending
57434695,2023-04-27T17:32:42.000,2023-05-07T12:31:10.000,HPD,GENERAL,CABINET,10027,Closed
57432244,2023-04-26T09:36:38.000,2023-05-31T15:12:02.000,EDC,Noise - Helicopter,Other,10011,Closed
57430816,2023-04-26T05:36:53.000,2023-05-03T08:30:27.000,HPD,ELECTRIC,POWER OUTAGE,10469,Closed
57427740,2023-04-26T04:15:59.000,2023-04-30T01:22:57.000,DHS,Homeless Person Assistance,,,Closed
57432095,2023-04-26T17:48:48.000,2023-05-12T07:50:48.000,HPD,UNSANITARY CONDITION,PESTS,10021,Closed
57434407,2023-04-27T11:24:43.000,2023-04-27T13:58:09.000,NYPD,Illegal Parking,Blocked Sidewalk,11213,Closed
57431294,2023-04-26T15:48:13.000,2023-05-11T20:37:16.000,HPD,GENERAL,MAILBOX,10461,Closed
57429319,2023-04-26T11:14:25.000,2023-04-26T11:59:27.000,NYPD,Noise - Residential,Banging/Pounding,11226,Closed
57429561,2023-04-26T02:10:57.000,2023-04-26T04:36:10.000,NYPD,Illegal Parking,Blocked Hydrant,11378,Closed
57428573,2023-04-26T20:23:05.000,2023-04-26T21:35:38.000,NYPD,Noise - Residential,Banging/Pounding,10026,Closed
57429452,2023-04-26T08:17:11.000,2023-04-26T17:37:16.000,NYPD,Illegal Parking,Blocked Hydrant,11357,Closed
57435593,2023-04-27T07:08:04.000,2023-04-27T07:25:54.000,NYPD,Illegal Parking,Posted Parking Sign Violation,11235,Closed
57428635,2023-04-26T20:03:42.000,2023-06-26T11:30:01.000,DPR,Maintenance or Facility,Structure - Outdoors,11226,Closed
57433357,2023-04-27T16:58:55.000,2023-07-03T20:27:35.000,HPD,PLUMBING,TOILET,11233,Closed
57435909,2023-04-27T19:55:37.000,2023-04-27T19:55:37.000,DOHMH,Unleashed Dog,Unleashed Dog in Public,11105,Closed
57426392,2023-04-26T18:26:00.000,2023-05-08T19:00:00.000,DEP,Water System,LOW WATER PRESSURE - WLWP,11413,Closed
57435111,2023-04-27T20:54:00.000,2023-04-28T16:52:00.000,DOT,Street Light Condition,Street Light Out,11368,Closed
57435515,2023-04-27T20:30:26.000,2024-06-04T00:16:35.000,DOHMH,Food Establishment,Rodents/Insects/Garbage,11369,Closed
57433890,2023-04-27T16:10:59.000,2023-04-27T18:02:18.000,DSNY,Vendor Enforcement,Non-Food Vendor,11229,Closed
57427833,2023-04-26T08:43:52.000,2023-05-04T06:37:20.000,DHS,Encampment,N/A,10011,Closed
57430627,2023-04-26T16:41:44.000,,TLC,Taxi Report,Vehicle Report,10028,In Progress
57434935,2023-04-27T12:17:52.000,2023-04-27T13:34:27.000,NYPD,Blocked Driveway,No Access,11103,Closed
57434790,2023-04-27T08:47:00.000,2023-04-29T07:16:00.000,DSNY,Derelict Vehicles,Derelict Vehicles,11238,Closed
57428036,2023-04-26T16:58:06.000,2023-05-12T14:50:32.000,DOT,Curb Condition,Broken Curb,10019,Closed
57431142,2023-04-26T07:02:43.000,2023-04-26T09:14:30.000,NYPD,Illegal Parking,Blocked Hydrant,10471,Closed
57421656,2023-04-25T10:54:36.000,2023-05-03T09:37:50.000,DSNY,Missed Collection,Recycling - Paper,11230,Closed
57423028,2023-04-26T15:48:52.000,2023-04-26T17:02:01.000,NYPD,Noise - Park,Loud Music/Party,10003,Closed
57429903,2023-04-26T07:46:25.000,2023-04-28T07:16:20.000,HPD,HEAT/HOT WATER,ENTIRE BUILDING,11203,Closed
57429839,2023-04-26T23:05:32.000,2023-04-28T10:26:44.000,HPD,HEAT/HOT WATER,APARTMENT ONLY,11206,Closed
57429409,2023-04-26T23:32:27.000,2023-04-27T00:28:51.000,NYPD,Abandoned Vehicle,With License Plate,11435,Closed
57428167,2023-04-26T11:03:22.000,2023-04-26T14:12:41.000,NYPD,Illegal Parking,Blocked Sidewalk,11101,Closed
57435264,2023-04-27T11:19:57.000,2023-04-27T11:19:57.000,DOHMH,Rodent,Signs of Rodents,11206,Closed
57430236,2023-04-26T10:16:46.000,2023-04-26T15:16:46.000,NYPD,Illegal Parking,Blocked Hydrant,10013,Closed
57428891,2023-04-26T10:24:41.000,2023-04-26T17:45:51.000,HPD,HEAT/HOT WATER,ENTIRE BUILDING,11226,Closed
57428380,2023-04-26T16:30:50.000,2023-04-26T21:42:05.000,NYPD,Noise - Residential,Banging/Pounding,10027,Closed
57435707,2023-04-27T05:19:41.000,2023-04-27T06:37:43.000,NYPD,Blocked Driveway,No Access,11377,Closed
57433079,2023-04-27T11:03:22.000,2023-04-28T10:36:45.000,DCWP,Consumer Complaint,Car Wash,11234,Closed
57432903,2023-04-27T12:11:43.000,2023-04-29T18:57:59.000,HPD,HEAT/HOT WATER,ENTIRE BUILDING,10467,Closed
57434357,2023-04-27T09:03:50.000,2023-04-27T10:54:28.000,NYPD,Illegal Parking,Posted Parking Sign Violation,11221,Closed
57433246,2023-04-28T00:16:12.000,2023-04-28T00:35:01.000,NYPD,Noise - Vehicle,Car/Truck Horn,10016,Closed
57428788,2023-04-27T01:34:15.000,2023-04-27T01:44:51.000,NYPD,Noise - Residential,Banging/Pounding,11373,Closed
57419197,2023-04-25T17:08:59.000,2023-04-25T18:05:13.000,NYPD,Blocked Driveway,No Access,11106,Closed
57430132,2023-04-26T13:53:46.000,2023-04-26T13:53:46.000,DOHMH,Rodent,Rat Sighting,10018,Closed
57429177,2023-04-26T19:51:23.000,2023-09-23T18:29:52.000,HPD,PAINT/PLASTER,WALL,10455,Closed
57431590,2023-04-26T09:17:00.000,2023-05-05T12:40:00.000,DEP,Water System,Leak (Use Comments) (WA2),11357,Closed
57430270,2023-04-26T15:48:15.000,2023-05-09T11:03:22.000,HPD,UNSANITARY CONDITION,MOLD,10033,Closed
57432005,2023-04-26T14:09:00.000,2023-04-26T21:15:00.000,DSNY,Derelict Vehicles,Derelict Vehicles,,Closed
57431047,2023-04-26T15:37:00.000,2023-04-26T22:22:00.000,DSNY,Derelict Vehicles,Derelict Vehicles,10468,Closed
57433016,2023-04-27T15:02:54.000,2023-07-21T10:23:40.000,HPD,FLOORING/STAIRS,FLOOR,11213,Closed
57431277,2023-04-26T07:16:45.000,2023-04-26T13:19:44.000,DOT,Bus Stop Shelter Complaint,Dirty/Graffiti,10312,Closed
57428521,2023-04-26T13:52:28.000,2023-05-11T05:02:54.000,HPD,APPLIANCE,REFRIGERATOR,11225,Closed
57428517,2023-04-26T15:45:44.000,2023-05-09T14:16:27.000,HPD,PLUMBING,BASIN/SINK,11214,Closed
57430965,2023-04-26T09:45:24.000,2023-05-31T10:28:53.000,HPD,PAINT/PLASTER,WALL,10467,Closed
57431317,2023-04-26T22:22:39.000,2023-05-04T06:18:12.000,HPD,UNSANITARY CONDITION,PESTS,10456,Closed
57433526,2023-04-27T05:39:05.000,2023-05-02T00:00:00.000,DOB,General Construction/Plumbing,Construction - Change Grade/Watercourse,10308,Closed
57435522,2023-04-27T09:35:51.000,2023-05-01T00:00:00.000,DOB,General Construction/Plumbing,Cons - Contrary/Beyond Approved Plans/Permits,11201,Closed
57420919,2023-04-25T00:31:50.000,2023-04-26T08:39:33.000,HPD,HEAT/HOT WATER,ENTIRE BUILDING,11691,Closed
57433728,2023-04-27T10:27:00.000,2023-05-01T11:44:00.000,DSNY,Derelict Vehicles,Derelict Vehicles,11216,Closed
57432764,2023-04-27T23:22:38.000,2023-04-27T23:28:04.000,NYPD,Illegal Parking,Blocked Bike Lane,10007,Closed
57435782,2023-04-27T09:24:16.000,2023-05-04T12:33:50.000,DSNY,Missed Collection,Bulky Trash,10032,Closed
57431857,2023-04-26T19:33:59.000,2023-08-08T09:31:44.000,TLC,Taxi Complaint,Driver Complaint - Passenger,10010,Closed
57432985,2023-04-27T06:04:21.000,2023-04-28T09:38:55.000,HPD,HEAT/HOT WATER,ENTIRE BUILDING,10458,Closed
57434983,2023-04-27T19:59:20.000,2023-04-28T01:07:20.000,NYPD,Noise - Street/Sidewalk,Loud Music/Party,10040,Closed
57430890,2023-04-26T02:15:57.000,2023-04-26T11:04:07.000,DCWP,Consumer Complaint,Newsstand,10033,Closed
57473531,2023-05-01T10:59:08.000,2023-05-01T11:02:47.000,NYPD,Drug Activity,Use Outside,11366,Closed
57434378,2023-04-27T10:50:38.000,2023-04-27T11:36:50.000,NYPD,Abandoned Vehicle,With License Plate,11207,Closed
57430543,2023-04-27T00:36:43.000,2023-04-27T01:22:23.000,NYPD,Illegal Parking,Posted Parking Sign Violation,11101,Closed
57435835,2023-04-27T15:36:54.000,2023-04-27T16:23:48.000,NYPD,Blocked Driveway,Partial Access,10473,Closed
57429260,2023-04-26T04:13:41.000,2023-04-26T04:17:55.000,NYPD,Abandoned Vehicle,With License Plate,11239,Closed
57430207,2023-04-26T15:58:12.000,2023-04-26T20:27:52.000,NYPD,Illegal Parking,Double Parked Blocking Vehicle,10454,Closed
55343186,2022-09-08T19:58:40.000,2022-09-14T12:40:29.000,DSNY,Missed Collection,Trash,11229,Closed
57434133,2023-04-27T09:29:01.000,2023-04-27T21:57:31.000,HPD,HEAT/HOT WATER,ENTIRE BUILDING,11218,Closed
57424050,2023-04-26T19:53:04.000,2024-06-04T00:15:57.000,DOHMH,Food Establishment,Rodents/Insects/Garbage,11358,Closed
57428656,2023-04-26T23:59:03.000,2023-04-27T01:37:44.000,NYPD,Noise - Residential,Loud Music/Party,10009,Closed
57421114,2023-04-25T15:04:00.000,2023-04-25T18:35:00.000,DOT,Traffic Signal Condition,Veh Signal Visor,10458,Closed
57435333,2023-04-27T05:07:39.000,2023-04-27T06:25:50.000,NYPD,Illegal Parking,Blocked Hydrant,10458,Closed
57435116,2023-04-27T09:45:51.000,2023-04-27T13:14:03.000,NYPD,Illegal Parking,Blocked Hydrant,10463,Closed
57431690,2023-04-26T11:00:58.000,2023-04-26T12:38:28.000,NYPD,Abandoned Vehicle,With License Plate,11234,Closed
57432089,2023-04-26T23:14:43.000,2023-04-27T00:59:40.000,NYPD,Illegal Parking,Blocked Hydrant,10455,Closed
57422812,2023-04-25T22:04:53.000,2023-04-30T13:16:33.000,HPD,FLOORING/STAIRS,FLOOR,11231,Closed
57434316,2023-04-27T10:40:37.000,2023-05-12T12:47:18.000,DOT,Curb Condition,Broken Curb,11237,Closed
57428572,2023-04-26T12:18:00.000,2023-04-26T12:18:00.000,DOT,Street Light Condition,Fixture/Luminaire Out Of Position,11693,Closed
57433870,2023-04-27T19:23:39.000,2023-04-27T20:18:33.000,NYPD,Illegal Parking,Blocked Hydrant,11214,Closed
57430474,2023-04-26T12:16:15.000,2023-04-26T12:25:31.000,NYPD,Blocked Driveway,No Access,11219,Closed
57430253,2023-04-26T09:02:09.000,2023-04-26T13:25:28.000,DHS,Homeless Person Assistance,,11101,Closed
57431397,2023-04-26T12:38:52.000,2023-05-09T14:19:09.000,HPD,UNSANITARY CONDITION,GARBAGE/RECYCLING STORAGE,11213,Closed
57435330,2023-04-27T12:20:59.000,2023-05-17T13:00:34.000,HPD,WATER LEAK,DAMP SPOT,11373,Closed
57428683,2023-04-25T21:09:24.000,2023-05-09T00:00:00.000,DOB,Elevator,Elevator - Single Device On Property/No Alternate Service,10303,Closed
57434701,2023-04-27T20:01:00.000,2023-04-28T14:11:00.000,DSNY,Derelict Vehicles,Derelict Vehicles,11216,Closed
57430584,2023-04-26T21:32:31.000,2023-05-31T15:49:11.000,EDC,Noise - Helicopter,Other,11201,Closed
57433054,2023-04-27T15:32:00.000,2023-04-27T20:34:00.000,DEP,Water System,Hydrant Knocked Over/Missing (WC),11421,Closed
57429683,2023-04-26T10:33:36.000,2023-04-27T14:12:11.000,HPD,PLUMBING,BATHTUB/SHOWER,10011,Closed
57431826,2023-04-26T09:46:26.000,2023-05-05T15:36:27.000,DOT,Street Condition,Failed Street Repair,11413,Closed
57434794,2023-04-27T19:35:00.000,2023-04-28T20:00:00.000,DEP,Noise,"Noise, Ice Cream Truck (NR4)",11414,Closed
57432153,2023-04-26T23:29:58.000,2023-04-27T00:24:06.000,NYPD,Noise - Residential,Banging/Pounding,11216,Closed
57431566,2023-04-26T08:27:44.000,2023-05-09T16:10:30.000,HPD,UNSANITARY CONDITION,MOLD,10462,Closed
57430782,2023-04-26T02:04:59.000,2023-05-31T15:44:33.000,EDC,Noise - Helicopter,Other,10028,Closed
57429563,2023-04-26T11:00:49.000,2023-06-06T06:20:34.000,HPD,APPLIANCE,ELECTRIC/GAS RANGE,10457,Closed
57431208,2023-04-26T12:27:19.000,2023-08-14T20:47:16.000,HPD,UNSANITARY CONDITION,PESTS,10456,Closed
57429304,2023-04-26T07:22:51.000,2023-04-26T23:38:57.000,HPD,PAINT/PLASTER,CEILING,10472,Closed
57435248,2023-04-28T00:30:53.000,2023-04-28T01:28:49.000,NYPD,Noise - Residential,Loud Music/Party,11208,Closed
57430232,2023-04-26T10:11:51.000,2023-04-29T13:50:18.000,DSNY,Missed Collection,Trash,11207,Closed
57432923,2023-04-27T11:27:56.000,2023-04-30T19:16:14.000,HPD,HEAT/HOT WATER,ENTIRE BUILDING,10032,Closed
57433537,2023-04-27T08:09:43.000,2023-04-28T08:27:13.000,DSNY,Missed Collection,Trash,11220,Closed
57422153,2023-04-25T11:12:47.000,2023-10-12T07:46:43.000,DOT,Street Sign - Damaged,Other/Unknown,10023,Closed
57432480,2023-04-26T22:33:33.000,2023-04-26T22:39:03.000,NYPD,Noise - Commercial,Loud Talking,10472,Closed
57429624,2023-04-26T00:29:00.000,2023-04-29T18:28:00.000,DEP,Noise,Noise: air condition/ventilation equipment (NV1),10010,Closed
57426991,2023-04-27T00:45:03.000,2023-04-27T01:22:44.000,NYPD,Noise - Commercial,Loud Music/Party,10009,Closed
57432648,2023-04-26T08:59:08.000,2023-07-17T14:28:20.000,TLC,For Hire Vehicle Complaint,Driver Complaint - Non Passenger,10026,Closed
57434670,2023-04-27T10:36:00.000,2023-05-02T20:48:37.000,HPD,UNSANITARY CONDITION,PESTS,10031,Closed
57428592,2023-04-26T22:10:38.000,2023-04-27T01:52:42.000,NYPD,Illegal Parking,Posted Parking Sign Violation,11235,Closed
57426773,2023-04-26T23:14:01.000,2023-04-27T01:01:56.000,NYPD,Illegal Parking,Posted Parking Sign Violation,11378,Closed
57428465,2023-04-26T08:32:00.000,2023-04-26T21:20:00.000,DEP,Water System,Hydrant Defective (WC2),10036,Closed
57434821,2023-04-27T15:32:22.000,2023-05-15T09:58:47.000,DPR,Damaged Tree,Branch or Limb Has Fallen Down,11223,Closed
57431068,2023-04-26T15:32:15.000,2023-05-10T20:14:39.000,HPD,PAINT/PLASTER,WALL,11230,Closed
57435420,2023-04-27T08:57:48.000,2023-04-27T09:52:26.000,NYPD,Traffic,Congestion/Gridlock,10454,Closed
57430875,2023-04-26T09:03:20.000,2023-04-26T16:58:29.000,NYPD,Illegal Parking,Blocked Hydrant,10466,Closed
57431894,2023-04-26T10:42:05.000,2023-04-26T15:01:42.000,NYPD,Illegal Parking,Posted Parking Sign Violation,11366,Closed
57427961,2023-04-27T00:32:47.000,2023-04-27T01:12:58.000,NYPD,Noise - Vehicle,Car/Truck Horn,11366,Closed
57433153,2023-04-27T23:26:36.000,2023-04-28T00:07:32.000,NYPD,Noise - Vehicle,Car/Truck Music,11385,Closed
57434149,2023-04-27T16:58:55.000,2023-07-03T20:27:34.000,HPD,PLUMBING,BASIN/SINK,11233,Closed
57428957,2023-04-26T13:26:33.000,2023-04-27T11:40:00.000,DOT,Street Condition,Pothole,11201,Closed
57431706,2023-04-26T10:59:40.000,2023-04-26T18:52:02.000,NYPD,Abandoned Vehicle,With License Plate,10455,Closed
57428725,2023-04-26T20:11:16.000,,DOHMH,Construction Lead Dust,In Common Areas,10040,In Progress
57433454,2023-04-27T16:58:10.000,2023-04-27T20:35:02.000,NYPD,Illegal Parking,Blocked Crosswalk,11415,Closed
57429381,2023-04-26T10:54:30.000,2023-05-31T15:47:04.000,EDC,Noise - Helicopter,Other,10023,Closed
57424587,2023-04-26T03:26:58.000,2023-04-26T15:22:41.000,HPD,ELECTRIC,POWER OUTAGE,10467,Closed
57435615,2023-04-27T12:32:13.000,2023-04-27T13:00:05.000,NYPD,Abandoned Vehicle,With License Plate,11236,Closed
57433028,2023-04-28T00:47:14.000,2023-04-28T01:43:31.000,NYPD,Noise - Residential,Loud Music/Party,11365,Closed
57420140,2023-04-25T12:55:16.000,2023-04-25T13:44:55.000,NYPD,Non-Emergency Police Matter,Other (complaint details),11231,Closed
57427801,2023-04-26T21:13:35.000,2023-04-27T00:48:46.000,NYPD,Illegal Parking,Blocked Hydrant,11385,Closed
57431447,2023-04-27T00:38:25.000,2023-04-27T02:22:53.000,DOT,Street Condition,Plate Condition - Noisy,10075,Closed
57429483,2023-04-26T06:32:00.000,2023-05-31T15:11:51.000,EDC,Noise - Helicopter,Other,10011,Closed
57429790,2023-04-26T20:05:28.000,2023-04-26T22:07:19.000,NYPD,Illegal Parking,Posted Parking Sign Violation,11368,Closed
57429022,2023-04-26T10:16:07.000,2023-04-26T12:47:01.000,NYPD,Noise - Residential,Loud Talking,11234,Closed
57429589,2023-04-26T13:58:55.000,2023-04-26T14:55:00.000,NYPD,Noise - Residential,Loud Music/Party,11103,Closed
57427544,2023-04-26T17:14:00.000,2023-04-28T10:57:00.000,DEP,Lead,Lead Kit Request (Residential) (L10),11235,Closed
57431180,2023-04-26T14:32:00.000,2023-04-27T06:50:00.000,DEP,Sewer,Catch Basin Sunken/Damaged/Raised (SC1),11379,Closed
57427772,2023-04-26T21:27:34.000,2023-04-28T09:10:36.000,DPR,Maintenance or Facility,Structure - Outdoors,10024,Closed
57433243,2023-04-27T09:52:42.000,2023-04-29T10:07:29.000,DSNY,Illegal Dumping,Removal Request,11418,Closed
57428019,2023-04-26T20:36:14.000,2023-04-26T21:23:45.000,NYPD,Noise - Residential,Loud Music/Party,10009,Closed
57431967,2023-04-26T07:03:35.000,2023-05-31T15:45:36.000,EDC,Noise - Helicopter,Other,11238,Closed
57435089,2023-04-27T20:43:44.000,2023-04-27T22:32:28.000,NYPD,Illegal Parking,Blocked Hydrant,11109,Closed
57427861,2023-04-26T17:34:15.000,2023-05-03T13:09:58.000,DOT,Curb Condition,Curb Defect-Metal Protruding,11421,Closed
57434739,2023-04-27T19:25:35.000,2023-04-27T19:33:54.000,NYPD,Noise - Commercial,Loud Music/Party,10002,Closed
57419667,2023-04-25T00:59:00.000,2023-04-27T01:02:00.000,DEP,Noise,Noise: Construction Before/After Hours (NM1),10019,Closed
57430660,2023-04-26T09:36:10.000,2023-04-26T16:40:21.000,HPD,HEAT/HOT WATER,ENTIRE BUILDING,11219,Closed
57424878,2023-04-26T22:14:57.000,2023-04-26T22:24:36.000,NYPD,Noise - Commercial,Loud Talking,11414,Closed
57433965,2023-04-27T22:50:38.000,2023-04-28T00:18:19.000,NYPD,Illegal Parking,Blocked Sidewalk,10312,Closed
57432521,2023-04-26T21:10:02.000,2023-04-26T22:05:39.000,NYPD,Noise - Residential,Loud Talking,10027,Closed
57423842,2023-04-26T08:06:00.000,2023-04-27T01:20:00.000,DOT,Traffic Signal Condition,Pedestrian Signal,11417,Closed
57430523,2023-04-26T19:21:26.000,2023-05-01T06:53:28.000,DSNY,Illegal Dumping,Removal Request,11226,Closed
57434852,2023-04-27T20:21:04.000,2023-04-27T20:29:34.000,DPR,Violation of Park Rules,Obstructing Public Use,11385,Closed
57425035,2023-04-26T07:13:20.000,2023-09-16T16:56:58.000,HPD,UNSANITARY CONDITION,GARBAGE/RECYCLING STORAGE,11226,Closed
57433575,2023-04-27T23:29:38.000,2023-04-28T00:11:52.000,NYPD,Blocked Driveway,No Access,11219,Closed
57427715,2023-04-26T15:36:51.000,2025-01-31T07:05:09.000,DPR,New Tree Request,For One Address,10033,Closed
57428929,2023-04-26T10:33:42.000,2023-05-05T21:04:17.000,HPD,ELECTRIC,OUTLET/SWITCH,10463,Closed
57428382,2023-04-26T17:27:45.000,2023-05-25T15:13:36.000,DOT,Sidewalk Condition,Broken Sidewalk,11218,Closed
57434058,2023-04-28T01:53:03.000,2023-04-28T02:03:13.000,NYPD,Noise - Commercial,Loud Talking,10023,Closed
57476777,2023-05-01T15:33:07.000,2023-05-18T10:08:38.000,TLC,For Hire Vehicle Complaint,Driver Complaint - Non Passenger,11218,Closed
57434555,2023-04-27T19:07:00.000,2023-04-28T05:48:00.000,DSNY,Derelict Vehicles,Derelict Vehicles,11219,Closed
57435891,2023-04-27T11:03:43.000,2023-05-05T14:19:14.000,DSNY,Missed Collection,Trash,11355,Closed
57433500,2023-04-27T23:27:37.000,2023-04-28T02:26:58.000,NYPD,Noise - Street/Sidewalk,Loud Music/Party,11372,Closed
57433318,2023-04-27T21:00:23.000,2023-04-27T21:57:04.000,NYPD,Illegal Parking,Blocked Hydrant,11203,Closed
57431880,2023-04-26T21:04:56.000,2023-04-27T05:52:05.000,DHS,Homeless Person Assistance,,10024,Closed
57429239,2023-04-26T14:29:00.000,2023-04-27T03:00:00.000,DOT,Traffic Signal Condition,Blank Out Matrix Sgn,11416,Closed
57426387,2023-04-26T14:06:15.000,2024-04-17T09:37:38.000,DPR,New Tree Request,For One Address,11206,Closed
57435117,2023-04-27T18:14:10.000,2023-05-01T07:15:20.000,DSNY,Sanitation Worker or Vehicle Complaint,Unsafe Driving,11238,Closed
57435974,2023-04-27T02:44:07.000,2023-04-27T04:41:41.000,NYPD,Blocked Driveway,No Access,10468,Closed
57422906,2023-04-26T14:21:28.000,2023-06-14T15:48:56.000,HPD,PLUMBING,BATHTUB/SHOWER,10032,Closed
57427654,2023-04-26T11:47:39.000,2023-04-26T12:07:51.000,NYPD,Noise - Street/Sidewalk,Loud Music/Party,11101,Closed
57432104,2023-04-26T09:31:02.000,2023-05-04T12:35:15.000,DSNY,Missed Collection,Trash,10033,Closed
57435412,2023-04-27T04:23:00.000,2023-05-01T19:30:00.000,DEP,Noise,Noise: Construction Before/After Hours (NM1),10452,Closed
57427718,2023-04-26T17:35:39.000,2023-05-12T10:25:28.000,DPR,New Tree Request,For One Address,11374,Closed
57429847,2023-04-26T18:56:59.000,2023-04-26T18:56:59.000,DOHMH,Rodent,Mouse Sighting,10459,Closed
57434626,2023-04-27T13:19:48.000,2023-05-01T13:55:35.000,HPD,PAINT/PLASTER,CEILING,10025,Closed
57431523,2023-04-26T08:24:08.000,2023-05-12T15:42:22.000,DSNY,Illegal Dumping,Removal Request,10468,Closed
57435107,2023-04-27T16:12:37.000,2023-04-29T18:58:00.000,HPD,HEAT/HOT WATER,ENTIRE BUILDING,10458,Closed
57434212,2023-04-27T09:41:04.000,2023-04-27T10:55:33.000,NYPD,Illegal Parking,Double Parked Blocking Traffic,11209,Closed
57434806,2023-04-27T22:26:17.000,2023-04-28T16:33:12.000,HPD,UNSANITARY CONDITION,PESTS,10458,Closed
57429478,2023-04-26T07:46:15.000,2023-04-26T09:41:17.000,NYPD,Blocked Driveway,No Access,11221,Closed
57431195,2023-04-26T15:14:02.000,2023-05-04T08:27:02.000,HPD,UNSANITARY CONDITION,PESTS,11219,Closed
57433843,2023-04-27T22:58:35.000,2023-04-28T04:49:15.000,NYPD,Illegal Parking,Blocked Hydrant,11378,Closed
57421213,2023-04-25T14:43:55.000,2023-05-17T14:39:37.000,DPR,Maintenance or Facility,Structure - Outdoors,11216,Closed
57429488,2023-04-26T17:59:00.000,2023-04-28T10:35:00.000,DSNY,Electronics Waste Appointment,Ewaste appointment,10314,Closed
57429931,2023-04-26T06:53:42.000,2023-04-26T07:05:16.000,NYPD,Noise - Residential,Banging/Pounding,10468,Closed
57426252,2023-04-26T20:22:05.000,2023-04-27T14:09:54.000,HPD,WATER LEAK,HEAVY FLOW,11232,Closed
57432758,2023-04-28T00:25:35.000,2023-04-28T00:55:00.000,NYPD,Noise - Commercial,Banging/Pounding,11374,Closed
57433683,2023-04-27T17:17:36.000,2023-04-27T20:32:39.000,NYPD,Blocked Driveway,No Access,11103,Closed
57433664,2023-04-27T14:40:20.000,2023-04-27T14:44:43.000,NYPD,Blocked Driveway,No Access,11234,Closed
57434215,2023-04-27T15:34:06.000,2023-04-27T18:08:56.000,NYPD,Abandoned Vehicle,With License Plate,10461,Closed
57430403,2023-04-26T07:13:10.000,2023-04-27T18:23:41.000,HPD,HEAT/HOT WATER,ENTIRE BUILDING,10461,Closed
57435502,2023-04-27T20:13:23.000,2023-04-27T20:25:06.000,NYPD,Abandoned Vehicle,With License Plate,11228,Closed
57427616,2023-04-26T04:44:00.000,2023-04-26T22:30:00.000,DEP,Noise,Noise: Construction Before/After Hours (NM1),11106,Closed
57430986,2023-04-26T19:10:44.000,2023-05-01T08:15:04.000,HPD,HEAT/HOT WATER,ENTIRE BUILDING,10032,Closed
57434217,2023-04-27T20:55:58.000,2023-08-10T16:39:50.000,HPD,PLUMBING,WATER SUPPLY,11237,Closed
57433259,2023-04-27T08:07:43.000,2023-04-27T08:07:43.000,DOB,General Construction/Plumbing,Building Shaking/Vibrating/Structural Stability,11215,Closed
57436034,2023-04-27T09:22:17.000,2023-05-31T15:49:52.000,EDC,Noise - Helicopter,Other,10025,Closed
57430296,2023-04-26T09:32:13.000,2023-05-03T15:03:51.000,DOHMH,Rodent,Condition Attracting Rodents,11378,Closed
57429661,2023-04-26T03:40:50.000,2023-05-31T15:44:54.000,EDC,Noise - Helicopter,Other,10028,Closed
57429338,2023-04-26T12:16:04.000,2023-04-26T21:19:45.000,NYPD,Blocked Driveway,No Access,11223,Closed
57432785,2023-04-28T00:50:48.000,2023-04-28T01:22:18.000,NYPD,Illegal Parking,Blocked Hydrant,11210,Closed
57430821,2023-04-27T01:42:07.000,2023-05-03T00:00:00.000,DSNY,Graffiti,Graffiti,10002,Closed
57435494,2023-04-27T11:00:55.000,2023-04-27T12:53:05.000,NYPD,Illegal Parking,Blocked Sidewalk,10034,Closed
57431616,2023-04-26T12:51:33.000,2023-04-26T19:19:46.000,NYPD,Noise - Vehicle,Car/Truck Music,11436,Closed
57432884,2023-04-27T06:13:25.000,2023-04-29T18:10:48.000,HPD,HEAT/HOT WATER,APARTMENT ONLY,10452,Closed
57432352,2023-04-26T20:38:08.000,2023-04-27T15:18:46.000,HPD,HEAT/HOT WATER,APARTMENT ONLY,10453,Closed
57428764,2023-04-26T11:49:36.000,2024-04-08T11:48:49.000,DPR,Dead/Dying Tree,Planted More Than 2 Years Ago,11422,Closed
57427178,2023-04-26T22:32:00.000,2023-04-28T20:45:00.000,DEP,Noise,Noise: Construction Before/After Hours (NM1),10001,Closed
57428346,2023-04-26T12:02:05.000,2023-04-27T12:25:47.000,DSNY,Obstruction,Cone,11356,Closed
57434141,2023-04-27T21:59:47.000,2023-04-28T05:40:40.000,NYPD,Illegal Parking,Posted Parking Sign Violation,11421,Closed
57433172,2023-04-27T10:22:14.000,2024-09-27T00:00:00.000,DOB,Building/Use,Zoning - Non-Conforming/Illegal Vehicle Storage,11385,Closed
57433879,2023-04-27T08:32:04.000,2023-04-27T20:33:13.000,HPD,HEAT/HOT WATER,ENTIRE BUILDING,11354,Closed
57431539,2023-04-26T05:55:09.000,2023-05-25T05:03:02.000,HPD,UNSANITARY CONDITION,PESTS,10456,Closed
57430025,2023-04-26T09:02:16.000,2023-04-27T00:00:00.000,DOB,Elevator,Elevator - Multiple Devices On Property,11230,Closed
57420858,2023-04-25T09:03:59.000,2023-04-25T10:33:46.000,NYPD,Noise - Vehicle,Car/Truck Music,10456,Closed
57428944,2023-04-26T21:25:48.000,2023-04-26T21:41:28.000,NYPD,Illegal Parking,Blocked Sidewalk,11204,Closed
57434489,2023-04-27T08:36:04.000,2023-12-20T11:07:09.000,DSNY,Graffiti,Graffiti,11220,Closed
57427545,2023-04-26T15:18:05.000,2023-05-01T16:59:54.000,DOT,Sidewalk Condition,Broken Sidewalk,10018,Closed
57427633,2023-04-26T19:31:36.000,2023-04-26T19:52:21.000,NYPD,Noise - Street/Sidewalk,Loud Music/Party,10456,Closed
57429171,2023-04-27T00:45:45.000,2023-04-27T02:26:29.000,NYPD,Noise - Residential,Loud Music/Party,11693,Closed
57430032,2023-04-26T07:34:10.000,2023-04-26T11:10:36.000,NYPD,Illegal Parking,Blocked Crosswalk,10467,Closed
57433073,2023-04-27T15:57:10.000,2023-05-03T00:00:00.000,DOB,General Construction/Plumbing,Building Permit - None,11229,Closed
57428203,2023-04-26T19:17:16.000,2023-04-28T00:00:00.000,DOB,General Construction/Plumbing,Sidewalk Shed/Pipe Scafford - Inadequate Defective/None,11211,Closed
57432551,2023-04-26T08:25:58.000,2023-04-26T08:25:58.000,DOB,General Construction/Plumbing,Working Contrary To Stop Work Order,10031,Closed
57431576,2023-04-26T11:54:10.000,2025-05-13T16:38:17.000,DPR,New Tree Request,For One Address,11229,Closed
57434822,2023-04-27T22:26:17.000,2023-04-28T16:33:11.000,HPD,UNSANITARY CONDITION,PESTS,10458,Closed
57430859,2023-04-26T08:55:39.000,2023-04-29T14:57:43.000,DSNY,Missed Collection,Trash,11226,Closed
57424195,2023-04-26T05:50:24.000,2023-04-26T06:46:38.000,NYPD,Encampment,N/A,10011,Closed
57434412,2023-04-27T07:11:21.000,2023-04-27T07:26:18.000,NYPD,Illegal Parking,Posted Parking Sign Violation,11235,Closed
57430504,2023-04-26T12:23:48.000,2023-04-26T19:41:10.000,HPD,PAINT/PLASTER,WALL,10458,Closed
57434004,2023-04-27T13:47:50.000,2023-11-24T11:50:08.000,DPR,Damaged Tree,Tree Alive - in Poor Condition,10025,Closed
57435656,2023-04-27T07:54:44.000,2023-04-27T13:38:59.000,HPD,HEAT/HOT WATER,ENTIRE BUILDING,10456,Closed
57430699,2023-04-26T18:43:30.000,2023-05-05T13:43:55.000,DOT,Street Condition,Failed Street Repair,11372,Closed
57428236,2023-04-26T12:19:11.000,2023-04-26T13:09:05.000,NYPD,Blocked Driveway,Partial Access,11220,Closed
57432501,2023-04-27T00:08:40.000,2023-04-27T01:22:51.000,NYPD,Drug Activity,Use Outside,11366,Closed
57430168,2023-04-26T18:20:15.000,2023-05-05T10:44:20.000,DOT,Curb Condition,Broken Curb,11432,Closed
57431983,2023-04-26T06:14:00.000,2023-04-26T07:05:09.000,NYPD,Illegal Parking,Blocked Hydrant,11364,Closed
57432793,2023-04-27T10:11:57.000,2023-04-27T12:14:23.000,NYPD,Noise - Commercial,Loud Talking,10030,Closed
57432025,2023-04-26T20:47:00.000,2023-04-27T11:33:00.000,DOT,Street Light Condition,Street Light Out,11373,Closed
57428067,2023-04-26T08:26:34.000,2023-04-26T12:47:21.000,NYPD,Abandoned Vehicle,With License Plate,11417,Closed
57433133,2023-04-27T08:16:45.000,2023-05-26T00:00:00.000,DOB,General Construction/Plumbing,Fence - None/Inadequate,11215,Closed
57433607,2023-04-27T09:43:57.000,2023-05-09T08:07:32.000,DOT,Sidewalk Condition,Broken Sidewalk,10455,Closed
57430534,2023-04-27T01:32:14.000,2024-11-12T17:25:45.000,DPR,Root/Sewer/Sidewalk Condition,Trees and Sidewalks Program,11210,Closed
57430227,2023-04-26T21:50:40.000,2023-04-26T21:57:09.000,NYPD,Illegal Parking,Posted Parking Sign Violation,11432,Closed
57424157,2023-04-26T14:18:20.000,2023-04-26T16:21:33.000,NYPD,Blocked Driveway,No Access,11377,Closed
57433549,2023-04-27T12:53:21.000,2025-05-13T16:38:30.000,DPR,New Tree Request,For One Address,10014,Closed
57421621,2023-04-25T09:34:04.000,2023-04-25T10:27:17.000,NYPD,Illegal Parking,Double Parked Blocking Vehicle,11204,Closed
57431993,2023-04-26T14:15:50.000,2023-04-26T17:32:48.000,NYPD,Illegal Parking,Blocked Sidewalk,11104,Closed
57420916,2023-04-25T10:04:00.000,2023-04-11T10:04:00.000,DOT,Street Light Condition,Street Light Out,11694,Pending
57431186,2023-04-26T19:15:47.000,2023-04-26T21:25:36.000,NYPD,Illegal Parking,Double Parked Blocking Traffic,10009,Closed
57430790,2023-04-26T06:48:00.000,2023-04-28T10:35:00.000,DSNY,Electronics Waste Appointment,Ewaste appointment,10314,Closed
57432948,2023-04-27T13:23:10.000,2023-05-16T09:06:55.000,DOT,Street Sign - Damaged,"No Parking, Standing, Stopping",10013,Closed
57435104,2023-04-27T22:07:59.000,2023-05-01T14:13:27.000,HPD,HEAT/HOT WATER,ENTIRE BUILDING,11365,Closed
57435679,2023-04-27T22:30:13.000,2023-04-27T23:11:14.000,NYPD,Blocked Driveway,No Access,11204,Closed
57433528,2023-04-27T11:02:31.000,2023-04-27T11:06:54.000,NYPD,Noise - Residential,Loud Talking,11366,Closed
57432436,2023-04-26T17:19:42.000,2023-04-26T17:19:42.000,DOHMH,Unsanitary Animal Pvt Property,Cat,11235,Closed
57430993,2023-04-26T12:16:26.000,2023-05-02T12:10:08.000,HPD,UNSANITARY CONDITION,MOLD,11361,Closed
57428794,2023-04-26T12:52:28.000,2023-04-28T08:30:00.000,DSNY,Dumpster Complaint,Overflowing,11220,Closed
57434122,2023-04-27T09:52:04.000,2023-05-25T10:10:14.000,HPD,FLOORING/STAIRS,FLOOR,10467,Closed
57435276,2023-04-27T08:44:00.000,2023-07-10T00:00:00.000,DOB,General Construction/Plumbing,Cons - Contrary/Beyond Approved Plans/Permits,10031,Closed
57431649,2023-04-26T19:49:54.000,2023-04-27T01:15:45.000,NYPD,Illegal Parking,Posted Parking Sign Violation,11379,Closed
57432572,2023-04-26T10:46:37.000,2023-06-18T18:07:17.000,HPD,PAINT/PLASTER,WALL,11226,Closed
57433595,2023-04-27T11:05:00.000,2023-04-21T11:05:00.000,DOT,Street Light Condition,Lamppost Base Door/Cover Open,,Pending
57435828,2023-04-27T23:39:29.000,2023-04-29T19:11:45.000,HPD,HEAT/HOT WATER,APARTMENT ONLY,10030,Closed
57431686,2023-04-26T20:32:37.000,2023-04-26T23:08:55.000,NYPD,Blocked Driveway,No Access,11412,Closed
57428318,2023-04-26T14:17:31.000,2023-04-26T14:49:23.000,NYPD,Illegal Parking,Blocked Sidewalk,11203,Closed
57432077,2023-04-26T09:15:00.000,2023-04-26T22:21:00.000,DSNY,Derelict Vehicles,Derelict Vehicles,11205,Closed
57429321,2023-04-26T19:03:01.000,2023-04-27T01:31:52.000,NYPD,Noise - Residential,Banging/Pounding,11230,Closed
57430210,2023-04-26T15:43:00.000,2023-04-26T17:00:00.000,DOT,Traffic Signal Condition,Veh Signal Lamp,11374,Closed
57432101,2023-04-26T10:53:50.000,2023-05-31T15:47:01.000,EDC,Noise - Helicopter,Other,10023,Closed
57434329,2023-04-27T13:14:19.000,2023-04-27T14:16:02.000,NYPD,Illegal Parking,Blocked Hydrant,11207,Closed
57428654,2023-04-26T08:54:00.000,2023-04-27T22:41:00.000,DSNY,Derelict Vehicles,Derelict Vehicles,,Closed
57435741,2023-04-27T20:30:58.000,2023-04-27T20:31:44.000,NYPD,Noise - Residential,Loud Music/Party,11206,Closed
57428025,2023-04-26T18:13:40.000,2023-04-27T11:15:39.000,DSNY,Illegal Dumping,Removal Request,10469,Closed
57427945,2023-04-26T13:00:47.000,2023-04-29T14:01:28.000,DSNY,Litter Basket Complaint,Overflowing,11205,Closed
57430918,2023-04-26T14:56:15.000,2023-04-27T05:19:13.000,DSNY,Dirty Condition,Trash,10011,Closed
57436028,2023-04-27T12:45:01.000,2023-04-27T17:22:09.000,NYPD,Blocked Driveway,No Access,10462,Closed
57429334,2023-04-26T15:31:15.000,,DPR,Damaged Tree,Branch Cracked and Will Fall,11419,In Progress
57432976,2023-04-27T02:48:35.000,2023-04-27T06:06:50.000,NYPD,Noise - Residential,Loud Television,10461,Closed
57420556,2023-04-25T11:30:26.000,2023-04-26T21:12:09.000,HPD,HEAT/HOT WATER,ENTIRE BUILDING,10027,Closed
57434560,2023-04-27T08:39:43.000,2023-04-27T09:25:02.000,NYPD,Encampment,N/A,11216,Closed
57431322,2023-04-26T13:04:48.000,2023-04-26T14:54:54.000,DSNY,Vendor Enforcement,Non-Food Vendor,11355,Closed
57430394,2023-04-26T21:59:17.000,2023-04-27T01:38:09.000,NYPD,Illegal Parking,Blocked Hydrant,11230,Closed
57433912,2023-04-27T13:38:17.000,2023-09-15T06:45:19.000,HPD,GENERAL,CABINET,11226,Closed
57420664,2023-04-25T23:52:14.000,2023-04-26T02:47:07.000,NYPD,Noise - Commercial,Loud Music/Party,11206,Closed
57421173,2023-04-25T10:23:45.000,2023-12-20T11:07:09.000,DSNY,Graffiti,Graffiti,11103,Closed
57433021,2023-04-27T09:25:41.000,2023-05-12T17:10:07.000,HPD,GENERAL,CABINET,10451,Closed
57430972,2023-04-26T07:32:35.000,2023-04-26T08:35:37.000,NYPD,Illegal Parking,Blocked Bike Lane,11101,Closed
57428971,2023-04-26T16:02:24.000,2023-04-26T21:15:04.000,NYPD,Illegal Parking,Double Parked Blocking Vehicle,10028,Closed
57432688,2023-04-26T12:36:18.000,2023-04-27T12:56:26.000,DSNY,Dirty Condition,Dog Waste,10305,Closed
57433690,2023-04-27T14:46:38.000,2023-04-29T14:11:35.000,DSNY,Missed Collection,Bulky Trash,11222,Closed
57429774,2023-04-27T00:08:07.000,2023-04-27T02:21:29.000,NYPD,Illegal Parking,Blocked Hydrant,11235,Closed
57428183,2023-04-26T04:54:32.000,2023-04-26T06:07:46.000,NYPD,Noise - Street/Sidewalk,Loud Talking,11421,Closed
57420084,2023-04-25T08:39:02.000,2023-04-25T12:17:08.000,NYPD,Illegal Parking,Parking Permit Improper Use,10454,Closed
57435821,2023-04-27T11:59:07.000,2023-05-05T14:19:13.000,DSNY,Missed Collection,Trash,11356,Closed
57429725,2023-04-26T14:54:21.000,2023-04-27T00:00:00.000,DOB,Elevator,Elevator - Single Device On Property/No Alternate Service,10039,Closed
57430524,2023-04-26T11:35:02.000,2023-05-19T16:07:07.000,HPD,UNSANITARY CONDITION,PESTS,10458,Closed
57428298,2023-04-27T00:06:46.000,2023-04-27T06:39:17.000,NYPD,Blocked Driveway,No Access,11229,Closed
57430702,2023-04-26T08:48:51.000,2023-05-01T18:51:56.000,HPD,PAINT/PLASTER,CEILING,11106,Closed
57429397,2023-04-26T10:16:54.000,2023-05-09T09:28:42.000,DPR,Root/Sewer/Sidewalk Condition,Trees and Sidewalks Program,11221,Closed
57422320,2023-04-26T00:50:00.000,2023-04-26T13:21:00.000,DOT,Street Light Condition,Street Light Out,11220,Closed
57431929,2023-04-26T09:10:09.000,2023-04-26T09:43:13.000,NYPD,Illegal Parking,Blocked Bike Lane,11101,Closed
57425930,2023-04-26T08:20:01.000,2023-04-26T09:46:59.000,NYPD,Illegal Parking,Blocked Sidewalk,10033,Closed
57433350,2023-04-27T12:40:24.000,2023-04-27T13:51:01.000,NYPD,Illegal Parking,Posted Parking Sign Violation,10009,Closed
57432811,2023-04-27T17:52:01.000,2023-05-10T16:24:42.000,TLC,Taxi Complaint,Driver Complaint - Passenger,10023,Closed
57433433,2023-04-28T00:43:53.000,2023-04-28T02:38:50.000,NYPD,Blocked Driveway,No Access,10466,Closed
57429811,2023-04-26T15:34:57.000,2023-04-26T16:41:19.000,HPD,HEAT/HOT WATER,ENTIRE BUILDING,11235,Closed
57435182,2023-04-27T08:50:10.000,2023-04-27T09:25:12.000,NYPD,Illegal Parking,Blocked Hydrant,10472,Closed
58042190,2023-06-29T18:40:07.000,2023-06-29T18:51:40.000,NYPD,Illegal Parking,Double Parked Blocking Traffic,10002,Closed
57435411,2023-04-27T12:31:48.000,2023-04-27T13:04:44.000,NYPD,Noise - Residential,Banging/Pounding,10031,Closed
57433011,2023-04-27T23:22:42.000,2023-04-28T00:44:37.000,NYPD,Noise - Residential,Loud Music/Party,10462,Closed
57432500,2023-04-26T20:43:35.000,2023-04-29T18:16:47.000,HPD,UNSANITARY CONDITION,PESTS,11106,Closed
57428574,2023-04-26T03:17:03.000,2023-04-28T07:16:20.000,HPD,HEAT/HOT WATER,ENTIRE BUILDING,11203,Closed
57420199,2023-04-25T23:17:55.000,2023-04-26T02:29:40.000,NYPD,Illegal Parking,Blocked Hydrant,11225,Closed
57427697,2023-04-26T08:14:26.000,2023-04-26T09:51:07.000,NYPD,Non-Emergency Police Matter,Other (complaint details),11419,Closed
57434102,2023-04-27T08:20:36.000,2023-05-31T15:49:37.000,EDC,Noise - Helicopter,Other,10025,Closed
57435969,2023-04-27T19:49:14.000,2023-05-17T17:03:38.000,HPD,ELECTRIC,OUTLET/SWITCH,10310,Closed
57427585,2023-04-26T20:28:36.000,2023-04-27T02:52:59.000,NYPD,Illegal Parking,Commercial Overnight Parking,11223,Closed
57428925,2023-04-26T13:41:14.000,2023-06-07T00:00:00.000,DOB,General Construction/Plumbing,Debris - Excessive,10457,Closed
57428775,2023-04-26T23:31:31.000,2024-11-12T17:25:44.000,DPR,Root/Sewer/Sidewalk Condition,Trees and Sidewalks Program,11203,Closed
57433285,2023-04-27T09:47:00.000,2023-04-27T19:15:00.000,DEP,Water System,Hydrant Leaking (WC1),10308,Closed
57434831,2023-04-27T16:09:39.000,2023-05-08T20:20:58.000,HPD,PAINT/PLASTER,WALL,10472,Closed
57430985,2023-04-26T15:32:02.000,2023-05-10T16:33:51.000,HPD,FLOORING/STAIRS,FLOOR,10033,Closed
57428184,2023-04-26T16:56:39.000,,DOHMH,Illegal Animal Kept as Pet,Farm Animal,11414,In Progress
57429819,2023-04-26T20:29:00.000,2023-04-27T06:06:00.000,DEP,Air Quality,"Air: Odor/Fumes, Vehicle Idling (AD3)",11225,Closed
57428493,2023-04-26T14:11:00.000,2023-04-27T10:53:00.000,DSNY,Derelict Vehicles,Derelict Vehicles,10473,Closed
57425257,2023-04-26T18:01:17.000,2023-04-28T09:51:28.000,DSNY,Illegal Dumping,Removal Request,11215,Closed
57434111,2023-04-27T15:06:00.000,2023-04-27T22:35:00.000,DSNY,Derelict Vehicles,Derelict Vehicles,11364,Closed
57431439,2023-04-26T16:02:00.000,2024-03-12T11:40:00.000,DOT,Traffic Signal Condition,Post,11423,Closed
59373233,2023-11-08T14:25:01.000,2023-11-16T00:00:00.000,DSNY,Graffiti,Graffiti,11101,Closed
57428274,2023-04-26T11:41:15.000,2023-05-03T19:29:02.000,HPD,PLUMBING,TOILET,11237,Closed
57428836,2023-04-26T12:40:49.000,2023-06-05T11:07:01.000,TLC,For Hire Vehicle Complaint,Driver Complaint - Non Passenger,11201,Closed
57431009,2023-04-26T09:01:12.000,2023-05-31T15:46:15.000,EDC,Noise - Helicopter,Other,10025,Closed
57421081,2023-04-25T16:26:14.000,2023-05-10T14:41:24.000,DSNY,Missed Collection,Trash,10013,Closed
57435079,2023-04-27T18:16:47.000,2023-05-06T09:15:14.000,HPD,UNSANITARY CONDITION,PESTS,10016,Closed
57428602,2023-04-26T09:03:00.000,2023-04-26T11:40:00.000,DOT,Traffic Signal Condition,Ped Multiple Lamps,10024,Closed
57430767,2023-04-26T06:45:30.000,2023-04-26T07:01:58.000,NYPD,Illegal Parking,Blocked Sidewalk,11230,Closed
57428696,2023-04-26T16:57:37.000,2023-05-11T10:11:42.000,HPD,UNSANITARY CONDITION,PESTS,11226,Closed
57428193,2023-04-26T16:59:49.000,2023-04-28T10:14:38.000,DOT,Street Condition,Cave-in,10001,Closed
57427989,2023-04-26T17:23:07.000,2023-04-28T12:08:02.000,DSNY,Dirty Condition,Trash,11235,Closed
57432200,2023-04-26T09:45:25.000,2023-05-31T10:28:53.000,HPD,APPLIANCE,ELECTRIC/GAS RANGE,10467,Closed
57428543,2023-04-26T15:04:04.000,2024-07-22T00:00:00.000,DOB,General Construction/Plumbing,Curb Cut/Driveway/Carport - Illegal,11416,Closed
57431231,2023-04-26T11:19:18.000,2025-05-13T16:38:17.000,DPR,New Tree Request,For One Address,11214,Closed
57428877,2023-04-26T07:02:36.000,2023-05-01T10:46:03.000,DOT,Street Condition,Line/Marking - Faded,11411,Closed
57435495,2023-04-27T11:03:34.000,2023-04-27T13:36:17.000,NYPD,Illegal Parking,Posted Parking Sign Violation,11101,Closed
57432616,2023-04-26T21:07:01.000,2023-04-26T23:03:45.000,NYPD,Noise - Street/Sidewalk,Loud Music/Party,10454,Closed
57432763,2023-04-27T13:01:01.000,2023-05-07T16:44:51.000,HPD,APPLIANCE,REFRIGERATOR,10457,Closed
57433560,2023-04-27T12:43:47.000,2023-04-27T13:45:40.000,NYPD,Blocked Driveway,Partial Access,11373,Closed
57432771,2023-04-27T07:38:25.000,2023-04-29T09:52:27.000,HPD,HEAT/HOT WATER,ENTIRE BUILDING,11210,Closed
57426755,2023-04-26T08:17:12.000,2023-04-26T11:48:49.000,NYPD,Noise - Residential,Banging/Pounding,10025,Closed
57427082,2023-04-26T18:47:34.000,2023-04-26T18:59:29.000,NYPD,Noise - Vehicle,Car/Truck Music,10456,Closed
57432654,2023-04-26T07:23:43.000,2023-04-26T09:28:09.000,HPD,PLUMBING,WATER SUPPLY,10453,Closed
57431125,2023-04-26T10:16:38.000,2023-04-26T10:26:43.000,DPR,Animal in a Park,Dog Off Leash,10065,Closed
57429826,2023-04-26T09:17:25.000,2023-04-26T10:43:18.000,NYPD,Illegal Parking,Paper License Plates,11205,Closed
57429238,2023-04-26T18:24:56.000,2023-04-26T20:04:43.000,NYPD,Illegal Parking,Blocked Sidewalk,10461,Closed
57433868,2023-04-28T01:41:35.000,2024-06-04T00:16:45.000,DOHMH,Food Establishment,Food Spoiled,11209,Closed
57430111,2023-04-26T11:15:53.000,2023-04-26T15:04:41.000,HPD,HEAT/HOT WATER,APARTMENT ONLY,11233,Closed
57426021,2023-04-26T22:27:46.000,2023-04-27T00:23:42.000,NYPD,Illegal Parking,Blocked Hydrant,11432,Closed
57433393,2023-04-27T06:04:56.000,2023-04-27T06:25:40.000,NYPD,Illegal Parking,Posted Parking Sign Violation,10002,Closed
57432259,2023-04-26T18:10:54.000,2023-04-27T11:08:12.000,DCWP,Consumer Complaint,Tow Truck Company,11223,Closed
57428142,2023-04-26T16:57:05.000,2023-04-26T16:57:05.000,DOHMH,Rodent,Rat Sighting,11419,Closed
57433806,2023-04-27T12:41:31.000,2023-04-27T15:29:49.000,NYPD,Blocked Driveway,No Access,11207,Closed
57429466,2023-04-26T12:41:12.000,2023-04-26T13:07:23.000,NYPD,Blocked Driveway,Partial Access,11210,Closed
57433980,2023-04-27T15:38:56.000,2023-04-29T19:12:46.000,HPD,HEAT/HOT WATER,ENTIRE BUILDING,10027,Closed
57433114,2023-04-27T15:54:08.000,2023-05-24T00:00:00.000,DOB,Building/Use,Illegal Conversion Of Residential Building/Space,11211,Closed
57431435,2023-04-26T17:06:12.000,2023-05-22T00:00:00.000,DOB,Elevator,Elevator - Multiple Devices On Property,11211,Closed
57427022,2023-04-26T16:44:27.000,2023-04-26T18:33:26.000,NYPD,Illegal Parking,Parking Permit Improper Use,11201,Closed
57431601,2023-04-26T21:38:28.000,2023-04-27T00:23:00.000,NYPD,Blocked Driveway,No Access,11379,Closed
57429202,2023-04-26T12:52:48.000,2023-04-27T08:48:28.000,DPR,Overgrown Tree/Branches,Hitting Power Lines,11416,Closed
57434711,2023-04-27T20:29:00.000,2023-04-29T11:05:00.000,DSNY,Derelict Vehicles,Derelict Vehicles,11235,Closed
57433396,2023-04-27T08:40:52.000,2023-04-27T10:34:26.000,DHS,Homeless Person Assistance,,11216,Closed
57431904,2023-04-26T19:13:07.000,2023-05-17T13:32:54.000,DPR,Maintenance or Facility,Structure - Outdoors,11236,Closed
57433933,2023-04-27T06:30:15.000,2023-04-28T00:00:00.000,DOB,General Construction/Plumbing,Sidewalk Shed/Pipe Scafford - Inadequate Defective/None,10462,Closed
57425731,2023-04-26T09:46:34.000,2023-05-01T17:11:15.000,HPD,APPLIANCE,ELECTRIC/GAS RANGE,10474,Closed
57431634,2023-04-26T09:11:56.000,2023-05-02T10:44:48.000,DOT,Sidewalk Condition,Sidewalk Violation,11234,Closed
57432620,2023-04-26T07:52:27.000,2023-04-26T11:27:30.000,NYPD,Non-Emergency Police Matter,Other (complaint details),11417,Closed
57424633,2023-04-26T08:04:23.000,2023-04-26T08:29:14.000,NYPD,Illegal Parking,Blocked Crosswalk,11375,Closed
57427577,2023-04-26T13:51:05.000,2023-05-25T00:00:00.000,DOB,General Construction/Plumbing,Wall/Retaining Wall - Bulging/Cracked,11234,Closed
57432378,2023-04-26T19:35:38.000,2023-04-27T18:47:52.000,HPD,HEAT/HOT WATER,APARTMENT ONLY,11234,Closed
57435706,2023-04-27T11:59:09.000,2023-04-27T18:42:05.000,NYPD,Blocked Driveway,No Access,10456,Closed
57429878,2023-04-26T15:39:02.000,2023-05-02T13:04:25.000,HPD,PLUMBING,STEAM PIPE/RISER,10474,Closed
57434500,2023-04-27T19:16:38.000,2023-04-27T21:40:34.000,NYPD,Blocked Driveway,Partial Access,11229,Closed
57434699,2023-04-27T10:40:00.000,2023-04-28T05:18:00.000,DSNY,Derelict Vehicles,Derelict Vehicles,10457,Closed
57434999,2023-04-27T10:32:01.000,2024-05-20T12:32:00.000,DPR,New Tree Request,For One Address,11364,Closed
57429188,2023-04-26T10:35:29.000,2023-04-26T10:48:11.000,NYPD,Drug Activity,Use Outside,11366,Closed
57421537,2023-04-25T22:00:27.000,2023-04-25T22:08:07.000,NYPD,Noise - Street/Sidewalk,Loud Music/Party,10453,Closed
57428102,2023-04-27T00:30:52.000,2023-04-27T01:13:23.000,NYPD,Drug Activity,Use Outside,11366,Closed
57435646,2023-04-27T10:35:57.000,2023-04-27T11:16:37.000,NYPD,Noise - Residential,Loud Music/Party,11221,Closed
57432995,2023-04-27T16:02:43.000,2023-08-14T09:53:44.000,HPD,DOOR/WINDOW,WINDOW FRAME,10460,Closed
57429867,2023-04-26T10:36:08.000,2023-06-20T07:03:02.000,TLC,For Hire Vehicle Complaint,Driver Complaint - Non Passenger,10010,Closed
57434008,2023-04-27T16:33:24.000,2023-04-27T17:27:39.000,NYPD,Drug Activity,Use Outside,11366,Closed
57433365,2023-04-27T20:33:06.000,2023-04-30T10:26:51.000,HPD,DOOR/WINDOW,DOOR,10460,Closed
57429402,2023-04-26T08:28:15.000,2023-04-27T16:34:20.000,DOT,Highway Condition,Cave-in,,Closed
57435498,2023-04-27T14:09:16.000,2023-08-09T09:32:01.000,HPD,PAINT/PLASTER,WALL,11385,Closed
57427640,2023-04-26T03:01:39.000,2023-04-26T19:58:59.000,HPD,HEAT/HOT WATER,APARTMENT ONLY,11355,Closed
57430075,2023-04-26T22:00:40.000,2023-04-27T01:13:19.000,NYPD,Noise - Street/Sidewalk,Loud Music/Party,11211,Closed
57433950,2023-04-27T12:37:29.000,2023-05-03T14:51:53.000,DSNY,Litter Basket Complaint,Overflowing,11221,Closed
57428237,2023-04-26T19:07:28.000,2023-04-26T19:48:38.000,NYPD,Noise - Residential,Loud Music/Party,11412,Closed
57431740,2023-04-25T23:52:04.000,2023-04-26T18:55:07.000,DHS,Encampment,N/A,10019,Closed
57432796,2023-04-28T00:20:21.000,2023-04-28T01:54:58.000,NYPD,Noise - Commercial,Loud Music/Party,10463,Closed
57433144,2023-04-27T10:53:28.000,2023-04-27T10:53:28.000,DOB,Electrical,Electrical Wiring Defective/Exposed,10019,Closed
57435975,2023-04-27T21:13:48.000,2023-04-27T23:05:06.000,NYPD,Illegal Parking,Commercial Overnight Parking,11423,Closed
57434966,2023-04-27T10:33:01.000,2023-04-28T18:07:41.000,HPD,UNSANITARY CONDITION,PESTS,11213,Closed
57428945,2023-04-26T16:19:05.000,2023-04-26T22:22:29.000,DHS,Homeless Person Assistance,,10012,Closed
57430355,2023-04-26T04:42:24.000,2023-05-31T15:45:08.000,EDC,Noise - Helicopter,Other,11231,Closed
57432892,2023-04-27T13:21:11.000,2023-04-28T08:21:02.000,DSNY,Commercial Disposal Complaint,Waste Left in Front of Residence,11432,Closed
57435983,2023-04-27T15:05:29.000,2023-04-28T00:00:00.000,DOB,Elevator,Elevator - Single Device On Property/No Alternate Service,11226,Closed
57431795,2023-04-26T17:24:12.000,2023-05-09T11:36:00.000,HPD,APPLIANCE,REFRIGERATOR,10459,Closed
57435318,2023-04-27T09:07:08.000,2023-04-27T11:08:44.000,NYPD,Illegal Parking,Posted Parking Sign Violation,10459,Closed
57429521,2023-04-26T23:07:01.000,2023-04-27T00:32:18.000,NYPD,Illegal Parking,Blocked Crosswalk,11415,Closed
57433407,2023-04-28T00:28:35.000,2023-04-28T01:30:58.000,NYPD,Illegal Parking,Unauthorized Bus Layover,11236,Closed
57434178,2023-04-27T16:43:06.000,2023-04-27T19:05:24.000,NYPD,Illegal Parking,Double Parked Blocking Traffic,11201,Closed
57435906,2023-04-27T14:45:26.000,2023-05-03T10:59:37.000,DSNY,Missed Collection,Bulky Trash,11218,Closed
57424047,2023-04-26T15:44:00.000,2023-05-04T15:00:00.000,DEP,Noise,Noise: Construction Equipment (NC1),11215,Closed
57432685,2023-04-26T13:04:05.000,2023-04-26T23:02:25.000,NYPD,Non-Emergency Police Matter,Other (complaint details),10466,Closed
57435496,2023-04-27T13:19:53.000,2023-04-27T14:15:30.000,NYPD,Traffic,Congestion/Gridlock,11237,Closed
57429686,2023-04-26T12:18:02.000,,DSNY,Illegal Dumping,Chronic Dumping,11218,In Progress
57435994,2023-04-27T16:23:48.000,2024-11-12T17:25:57.000,DPR,Root/Sewer/Sidewalk Condition,Trees and Sidewalks Program,11429,Closed
57434817,2023-04-27T11:02:00.000,2023-04-27T17:37:00.000,DEP,Noise,Noise: Alarms (NR3),11366,Closed
57434201,2023-04-26T14:54:25.000,2023-04-27T11:20:00.000,DOT,Street Condition,Pothole,10031,Closed
57435796,2023-04-27T08:06:51.000,2023-04-27T12:36:24.000,DSNY,Missed Collection,Bulky Trash,11103,Closed
57431467,2023-04-26T12:16:57.000,2023-05-12T11:50:42.000,DPR,Root/Sewer/Sidewalk Condition,Trees and Sidewalks Program,10003,Closed
57428273,2023-04-26T14:39:07.000,2023-04-26T14:53:56.000,NYPD,Noise - Residential,Banging/Pounding,11216,Closed
57435818,2023-04-27T16:12:42.000,2023-04-27T18:52:22.000,NYPD,Blocked Driveway,No Access,11435,Closed
57432441,2023-04-26T14:42:36.000,2023-04-28T11:32:42.000,HPD,PAINT/PLASTER,CEILING,10453,Closed
57428646,2023-04-26T10:40:08.000,2023-06-26T00:00:00.000,DOB,General Construction/Plumbing,Curb Cut/Driveway/Carport - Illegal,10456,Closed
57427812,2023-04-26T19:39:27.000,2023-04-26T21:45:48.000,NYPD,Noise - Street/Sidewalk,Loud Music/Party,10026,Closed
57429591,2023-04-26T20:34:12.000,2023-04-26T21:04:39.000,NYPD,Blocked Driveway,Partial Access,11355,Closed
57435439,2023-04-27T05:51:57.000,2023-04-27T06:52:58.000,NYPD,Illegal Parking,Posted Parking Sign Violation,11231,Closed
57431071,2023-04-26T13:10:56.000,2023-04-26T14:26:06.000,DOT,Outdoor Dining,Street Zone Blocked,10018,Closed
57432179,2023-04-26T09:10:05.000,2023-05-31T15:46:18.000,EDC,Noise - Helicopter,Other,10011,Closed
57432182,2023-04-26T09:57:25.000,2023-04-28T05:52:50.000,DSNY,Residential Disposal Complaint,Waste Set Out Too Early or Too Late,10023,Closed
57434907,2023-04-27T08:41:58.000,2023-05-01T11:01:10.000,HPD,GENERAL,COOKING GAS,11428,Closed
57427901,2023-04-26T10:00:43.000,2023-04-26T10:14:18.000,NYPD,Illegal Parking,Blocked Sidewalk,11219,Closed
57431714,2023-04-26T09:53:06.000,2023-04-26T10:10:34.000,NYPD,Noise - Residential,Banging/Pounding,11201,Closed
57434270,2023-04-27T00:32:17.000,2023-04-27T17:10:25.000,HPD,HEAT/HOT WATER,ENTIRE BUILDING,11226,Closed
57427829,2023-04-26T10:57:40.000,2023-04-26T11:22:01.000,DPR,Dead/Dying Tree,Planted More Than 2 Years Ago,10463,Closed
57435365,2023-04-27T12:54:11.000,2023-04-27T17:31:52.000,NYPD,Illegal Parking,Posted Parking Sign Violation,11220,Closed
57428849,2023-04-26T22:35:41.000,2023-05-18T19:04:49.000,HPD,PAINT/PLASTER,CEILING,10461,Closed
57433852,2023-04-27T16:27:38.000,2023-05-09T00:00:00.000,DOB,General Construction/Plumbing,"Building - Vacant, Open And Unguarded",10001,Closed
57433086,2023-04-27T14:54:59.000,2023-05-09T11:46:33.000,DSNY,Dead Animal,Cat,10469,Closed
57434365,2023-04-27T17:48:50.000,2023-04-27T19:21:36.000,NYPD,Illegal Parking,Posted Parking Sign Violation,10022,Closed
57432440,2023-04-26T10:12:01.000,2023-04-30T00:00:00.000,DOB,Building/Use,Illegal Conversion Of Residential Building/Space,10466,Assigned
57428253,2023-04-26T16:46:24.000,2023-05-01T14:06:43.000,DSNY,Dirty Condition,Trash,10453,Closed
57429789,2023-04-26T12:16:42.000,2023-04-28T10:44:34.000,DSNY,Illegal Dumping,Removal Request,11218,Closed
57435655,2023-04-27T23:50:00.000,2023-05-01T21:30:00.000,DEP,Noise,Noise: Construction Before/After Hours (NM1),11216,Closed
57431478,2023-04-26T23:03:35.000,2023-04-27T07:59:13.000,NYPD,Illegal Parking,Commercial Overnight Parking,10473,Closed
57429578,2023-04-26T07:13:06.000,2023-04-26T07:33:34.000,DOT,Municipal Parking Facility,General Maintenance,,Closed
57430973,2023-04-26T20:06:54.000,2023-04-26T22:12:45.000,NYPD,Noise - Residential,Banging/Pounding,11373,Closed
57428144,2023-04-26T13:29:14.000,2023-04-27T01:25:21.000,NYPD,Noise - Residential,Loud Music/Party,10452,Closed
57432068,2023-04-26T15:15:39.000,2023-04-26T15:15:39.000,DOHMH,Rodent,Rat Sighting,11204,Closed
57428007,2023-04-26T21:26:14.000,2023-04-26T21:26:14.000,DOHMH,Rodent,Condition Attracting Rodents,10028,Closed
57429256,2023-04-26T07:37:24.000,2023-04-26T07:59:19.000,NYPD,Encampment,N/A,10002,Closed
57424783,2023-04-26T09:08:56.000,2023-04-26T09:43:11.000,NYPD,Illegal Parking,Blocked Bike Lane,11101,Closed
57433727,2023-04-27T08:17:25.000,2023-05-31T15:49:36.000,EDC,Noise - Helicopter,Other,10000,Closed
57434128,2023-04-27T09:02:53.000,2023-04-27T09:27:08.000,NYPD,Illegal Parking,Blocked Bike Lane,11101,Closed
57434062,2023-04-27T23:01:15.000,2023-04-28T00:21:27.000,NYPD,Non-Emergency Police Matter,Trespassing,11225,Closed
57432941,2023-04-27T23:11:58.000,2023-04-28T00:42:33.000,NYPD,Noise - Residential,Loud Music/Party,11210,Closed
57431451,2023-04-26T02:32:46.000,2023-04-26T02:32:46.000,DOHMH,Rodent,Rat Sighting,11212,Closed
57432286,2023-04-26T20:06:56.000,2023-04-28T08:37:47.000,HPD,HEAT/HOT WATER,APARTMENT ONLY,10021,Closed
57432314,2023-04-26T21:06:31.000,2023-04-26T21:16:00.000,NYPD,Illegal Parking,Blocked Bike Lane,11222,Closed
57427284,2023-04-26T19:50:54.000,2023-04-26T20:26:10.000,NYPD,Illegal Parking,Blocked Sidewalk,11204,Closed
57433012,2023-04-27T10:13:53.000,2023-05-26T09:09:38.000,HPD,APPLIANCE,REFRIGERATOR,10469,Closed
57429361,2023-04-26T13:42:51.000,2023-05-03T11:43:04.000,DSNY,Lot Condition,Trash,11233,Closed
55307676,2022-09-05T00:42:51.000,2022-09-05T02:02:13.000,NYPD,Noise - Residential,Loud Music/Party,11420,Closed
57425415,2023-04-26T10:56:06.000,2023-04-28T13:58:10.000,DSNY,Missed Collection,Bulky Trash,10306,Closed
57427763,2023-04-26T09:45:02.000,2023-04-27T09:32:15.000,DSNY,Dirty Condition,Trash,11236,Closed
57435017,2023-04-27T21:04:10.000,2023-04-27T21:04:10.000,DOHMH,Rodent,Rat Sighting,11229,Closed
57428367,2023-04-26T06:52:00.000,2023-04-29T10:05:00.000,DSNY,Derelict Vehicles,Derelict Vehicles,11221,Closed
58029625,2023-06-27T21:23:21.000,2023-06-27T21:54:46.000,NYPD,Noise - Residential,Banging/Pounding,10018,Closed
57435209,2023-04-27T23:45:30.000,2023-04-28T03:14:02.000,NYPD,Abandoned Vehicle,With License Plate,10037,Closed
57433019,2023-04-27T21:17:42.000,2023-04-27T23:06:32.000,NYPD,Illegal Parking,Posted Parking Sign Violation,10040,Closed
57435200,2023-04-27T16:03:11.000,2023-05-25T11:27:25.000,DOT,Outdoor Dining,Sidewalk Zone Blocked,11355,Closed
57427660,2023-04-26T23:35:00.000,2023-04-27T09:19:00.000,DEP,Water Quality,"Taste/Odor, Bitter/Metallic (QA3)",11412,Closed
57432954,2023-04-27T19:41:34.000,2023-04-27T20:16:54.000,NYPD,Illegal Parking,Blocked Hydrant,11375,Closed
57431332,2023-04-26T16:43:26.000,2023-04-26T17:58:47.000,DSNY,Vendor Enforcement,Food Vendor,11105,Closed
57432287,2023-04-26T12:26:31.000,2023-05-07T17:00:10.000,HPD,DOOR/WINDOW,WINDOW FRAME,11692,Closed
57432987,2023-04-27T21:52:56.000,2023-04-27T22:50:38.000,NYPD,Drinking,Underage - Licensed Est,10003,Closed
57430157,2023-04-26T09:06:23.000,2023-04-26T09:42:06.000,NYPD,Traffic,Truck Route Violation,11104,Closed
57430346,2023-04-26T08:38:26.000,2023-05-31T15:46:06.000,EDC,Noise - Helicopter,Other,11414,Closed
57427847,2023-04-26T13:25:48.000,2024-11-12T17:25:39.000,DPR,Damaged Tree,Branch Cracked and Will Fall,11206,Closed
57427778,2023-04-26T14:07:12.000,2023-04-27T05:19:31.000,DSNY,Dirty Condition,Trash,10451,Closed
57425798,2023-04-26T09:11:59.000,2023-05-05T14:22:22.000,DSNY,Missed Collection,Trash and Bulky Trash,11357,Closed
57429926,2023-04-26T07:17:04.000,2023-04-26T08:36:00.000,NYPD,Noise - Vehicle,Engine Idling,11232,Closed
57430467,2023-04-26T07:45:52.000,2023-04-26T09:39:16.000,NYPD,Blocked Driveway,No Access,11206,Closed
57434580,2023-04-27T12:25:57.000,2023-04-27T16:09:25.000,NYPD,Illegal Parking,Blocked Crosswalk,11209,Closed
57428249,2023-04-26T04:28:36.000,2023-05-31T15:45:04.000,EDC,Noise - Helicopter,Other,10025,Closed
57429698,2023-04-26T17:27:03.000,2023-04-27T17:10:00.000,HPD,HEAT/HOT WATER,ENTIRE BUILDING,11218,Closed
57434108,2023-04-27T11:15:40.000,2023-05-04T11:55:47.000,HPD,GENERAL,CABINET,11224,Closed
57434297,2023-04-27T12:37:18.000,2023-04-27T14:01:58.000,NYPD,Illegal Parking,Posted Parking Sign Violation,11236,Closed
57432444,2023-04-26T15:30:06.000,2023-04-28T10:51:40.000,DPR,Damaged Tree,Entire Tree Has Fallen Down,11357,Closed
57435790,2023-04-27T10:44:01.000,2023-04-27T12:17:07.000,NYPD,Panhandling,N/A,11105,Closed
57431343,2023-04-26T17:28:34.000,2023-04-27T05:58:12.000,NYPD,Illegal Parking,Blocked Hydrant,11105,Closed
57433926,2023-04-27T22:47:33.000,2023-04-27T23:08:21.000,NYPD,Illegal Parking,Blocked Hydrant,11222,Closed
57435823,2023-04-27T09:51:21.000,2023-04-30T09:45:19.000,HPD,HEAT/HOT WATER,APARTMENT ONLY,11230,Closed
57429356,2023-04-26T08:46:06.000,2023-04-26T12:10:17.000,NYPD,Illegal Parking,Posted Parking Sign Violation,10007,Closed
57432105,2023-04-26T06:37:24.000,2023-04-28T08:29:56.000,HPD,HEAT/HOT WATER,ENTIRE BUILDING,10032,Closed
57432556,2023-04-26T21:23:00.000,2023-04-27T13:22:00.000,DSNY,Derelict Vehicles,Derelict Vehicles,11207,Closed
57429780,2023-04-26T15:33:35.000,2023-04-26T15:33:35.000,DOHMH,Rodent,Condition Attracting Rodents,11412,Closed
57435569,2023-04-27T10:18:47.000,2023-04-27T13:11:53.000,NYPD,Illegal Parking,Blocked Bike Lane,10012,Closed
57429650,2023-04-26T10:24:31.000,2023-04-26T11:47:01.000,NYPD,Illegal Parking,Posted Parking Sign Violation,10463,Closed
57432296,2023-04-26T10:27:02.000,2023-04-26T15:10:50.000,NYPD,Blocked Driveway,No Access,11211,Closed
57424409,2023-04-26T10:01:13.000,2023-04-26T12:20:23.000,NYPD,Illegal Parking,Blocked Sidewalk,11104,Closed
57432123,2023-04-26T02:08:52.000,2023-04-26T02:28:33.000,NYPD,Noise - Street/Sidewalk,Loud Music/Party,10012,Closed
57433337,2023-04-27T19:55:39.000,2024-02-20T10:25:21.000,HPD,SAFETY,CARBON MONOXIDE DETECTOR,11226,Closed
57433258,2023-04-27T15:59:00.000,2023-04-27T17:37:00.000,DEP,Air Quality,"Air: Smoke, Vehicular (AA4)",11366,Closed
57428673,2023-04-26T06:26:37.000,2023-05-29T15:10:54.000,DHS,Encampment,N/A,,Closed
57431918,2023-04-27T00:17:36.000,2023-04-27T00:56:57.000,NYPD,Noise - Street/Sidewalk,Loud Talking,10029,Closed
57422374,2023-04-25T09:23:00.000,2023-04-28T00:00:00.000,DEP,Noise,Noise: air condition/ventilation equipment (NV1),10029,Closed
57422381,2023-04-25T09:59:00.000,2023-04-11T09:59:00.000,DOT,Street Light Condition,Street Light Out,11694,Pending
57431614,2023-04-26T11:00:11.000,2023-04-27T15:39:43.000,HPD,PAINT/PLASTER,WALL,11209,Closed
57427976,2023-04-26T16:50:33.000,2023-04-26T19:46:19.000,NYPD,Blocked Driveway,No Access,10467,Closed
57435970,2023-04-27T16:46:32.000,2023-04-27T17:13:20.000,NYPD,Blocked Driveway,Partial Access,11218,Closed
57427805,2023-04-26T07:40:45.000,2023-04-26T08:20:06.000,NYPD,Abandoned Vehicle,With License Plate,11236,Closed
57428091,2023-04-26T14:56:09.000,2023-04-26T15:10:42.000,NYPD,Illegal Parking,Blocked Bike Lane,11205,Closed
57434103,2023-04-27T11:08:07.000,2023-04-27T11:39:27.000,DPR,Violation of Park Rules,Biking/Rollerblading off Path,10038,Closed
57432004,2023-04-26T17:54:36.000,2023-07-20T11:18:10.000,TLC,For Hire Vehicle Complaint,Driver Complaint - Passenger,10121,Closed
57431992,2023-04-26T16:28:09.000,2023-04-26T17:50:23.000,NYPD,Noise - Residential,Loud Music/Party,10453,Closed
57429571,2023-04-26T10:44:55.000,2023-04-26T11:56:47.000,NYPD,Blocked Driveway,No Access,11375,Closed
57432557,2023-04-26T20:44:41.000,2023-05-25T10:10:40.000,HPD,PLUMBING,WATER SUPPLY,11225,Closed
57432477,2023-04-26T20:53:52.000,2023-04-26T21:13:18.000,NYPD,Illegal Parking,Blocked Bike Lane,10017,Closed
57433322,2023-04-27T22:43:55.000,2023-04-27T23:12:11.000,NYPD,Illegal Parking,Double Parked Blocking Traffic,10031,Closed
57429994,2023-04-25T20:47:49.000,2023-05-09T00:00:00.000,DOB,Elevator,Elevator - Multiple Devices On Property,10303,Closed
57432193,2023-04-26T14:19:16.000,2023-04-26T20:55:40.000,NYPD,Illegal Parking,Blocked Hydrant,11222,Closed
57431425,2023-04-27T01:25:32.000,2023-04-27T05:04:07.000,NYPD,Illegal Parking,Commercial Overnight Parking,11357,Closed
57429912,2023-04-26T17:58:48.000,2023-04-26T20:21:09.000,NYPD,Abandoned Vehicle,With License Plate,10461,Closed
57431606,2023-04-26T05:54:52.000,2023-04-26T06:36:32.000,NYPD,Illegal Parking,Blocked Crosswalk,11223,Closed
57429151,2023-04-26T04:50:30.000,2023-04-26T05:18:10.000,NYPD,Encampment,N/A,,Closed
57431631,2023-04-26T09:08:13.000,2023-05-01T14:24:07.000,HPD,UNSANITARY CONDITION,PESTS,10031,Closed
57434843,2023-04-27T09:22:00.000,2023-04-20T09:22:00.000,DOT,Street Light Condition,Lamppost Base Door/Cover Open,11209,Pending
57434957,2023-04-27T13:07:38.000,2023-04-27T13:46:45.000,NYPD,Noise - Street/Sidewalk,Loud Music/Party,10025,Closed
57429605,2023-04-26T06:16:57.000,2023-04-26T17:04:55.000,HPD,HEAT/HOT WATER,ENTIRE BUILDING,10471,Closed
57432454,2023-04-26T13:57:14.000,2023-05-08T07:27:40.000,DOT,Street Sign - Dangling,"No Parking, Standing, Stopping",11238,Closed
57430904,2023-04-26T14:58:19.000,2023-04-29T19:12:46.000,HPD,HEAT/HOT WATER,ENTIRE BUILDING,10026,Closed
57429559,2023-04-26T09:53:34.000,2023-04-26T20:50:15.000,NYPD,Blocked Driveway,Partial Access,11378,Closed
57432059,2023-04-26T06:12:51.000,2023-04-26T06:48:55.000,NYPD,Noise - Residential,Loud Talking,10003,Closed
57434904,2023-04-27T20:38:00.000,2023-04-27T21:40:00.000,DOT,Traffic Signal Condition,Controller,10029,Closed
57428372,2023-04-27T00:07:21.000,2023-07-07T14:18:38.000,DPR,New Tree Request,For One Address,11207,Closed
57434496,2023-04-27T15:29:46.000,2023-05-01T11:44:37.000,DOT,Street Sign - Dangling,Street Cleaning - ASP,10016,Closed
57432968,2023-04-27T11:35:51.000,2023-04-27T14:55:44.000,DOT,Public Toilet,Dirty/Graffiti,10029,Closed
57431278,2023-04-26T17:18:00.000,2023-04-27T10:09:00.000,DSNY,Derelict Vehicles,Derelict Vehicles,,Closed
57431090,2023-04-26T02:09:18.000,2023-05-31T15:44:34.000,EDC,Noise - Helicopter,Other,10025,Closed
57432364,2023-04-26T11:00:11.000,2023-04-27T15:39:44.000,HPD,PAINT/PLASTER,CEILING,11209,Closed
57427609,2023-04-26T20:18:00.000,2023-04-27T01:38:54.000,NYPD,Illegal Parking,Overnight Commercial Storage,11435,Closed
57427995,2023-04-26T20:12:34.000,2023-04-28T14:24:01.000,DSNY,Sanitation Worker or Vehicle Complaint,Inappropriate Behavior,10301,Closed
57435757,2023-04-27T08:57:26.000,2023-04-30T10:21:49.000,DHS,Homeless Person Assistance,,,Closed
57455855,2023-04-29T23:57:56.000,2023-05-04T12:22:18.000,DHS,Homeless Person Assistance,,,Closed
57435218,2023-04-27T05:53:38.000,2023-05-31T15:49:12.000,EDC,Noise - Helicopter,Other,11201,Closed
57423024,2023-04-27T00:16:01.000,2023-04-27T01:30:35.000,NYPD,Noise - Residential,Loud Talking,11435,Closed
57430806,2023-04-26T19:44:30.000,2023-04-26T22:57:38.000,NYPD,Noise - Residential,Banging/Pounding,10455,Closed
57473100,2023-05-01T12:11:02.000,2023-05-01T12:22:11.000,NYPD,Illegal Parking,Blocked Sidewalk,11377,Closed
57431399,2023-04-26T11:15:40.000,2023-04-26T12:18:10.000,NYPD,Illegal Parking,Posted Parking Sign Violation,11101,Closed
57432490,2023-04-26T09:46:34.000,2023-05-01T17:11:16.000,HPD,APPLIANCE,REFRIGERATOR,10474,Closed
57433906,2023-04-27T08:33:15.000,2023-04-28T10:36:46.000,DCWP,Consumer Complaint,Electronics Store,10024,Closed
57421927,2023-04-25T16:40:25.000,2023-04-25T16:44:19.000,NYPD,Noise - Residential,Loud Talking,11421,Closed
57435475,2023-04-27T21:11:58.000,2023-04-27T22:09:52.000,NYPD,Noise - Residential,Loud Music/Party,10014,Closed
57420179,2023-04-25T11:44:00.000,2023-04-27T11:15:00.000,DEP,Noise,Noise: Construction Equipment (NC1),10065,Closed
57434433,2023-04-27T20:32:53.000,2023-04-27T20:44:49.000,NYPD,Noise - Residential,Banging/Pounding,11692,Closed
57430335,2023-04-26T09:49:45.000,2023-04-26T11:33:07.000,NYPD,Animal-Abuse,Tortured,10458,Closed
57434645,2023-04-27T08:44:28.000,2023-06-02T12:32:08.000,DSNY,Missed Collection,Trash,10011,Closed
57435429,2023-04-27T06:44:36.000,2023-04-27T11:46:50.000,HPD,HEAT/HOT WATER,ENTIRE BUILDING,10462,Closed
57423450,2023-04-26T09:25:02.000,2023-04-26T14:29:40.000,NYPD,Encampment,N/A,11373,Closed
57432132,2023-04-26T21:29:36.000,2023-04-26T22:12:05.000,NYPD,Noise - Residential,Loud Music/Party,10025,Closed
57472185,2023-05-01T06:37:48.000,2023-05-02T13:46:59.000,DOT,Sidewalk Condition,Broken Sidewalk,10310,Closed
57430259,2023-04-26T04:21:14.000,2023-04-26T06:02:44.000,NYPD,Illegal Parking,Commercial Overnight Parking,11357,Closed
57420632,2023-04-25T17:03:20.000,2023-04-25T17:20:16.000,NYPD,Drug Activity,Use Outside,11366,Closed
57428505,2023-04-26T02:23:26.000,2023-04-26T11:48:32.000,NYPD,Noise - Residential,Loud Music/Party,10024,Closed
58046089,2023-06-29T11:48:28.000,2023-06-30T05:19:48.000,DSNY,Residential Disposal Complaint,Waste Set Out Too Early or Too Late,11229,Closed
57430707,2023-04-26T21:24:27.000,2023-04-26T22:04:18.000,NYPD,Noise - Residential,Loud Music/Party,10472,Closed
57428821,2023-04-26T10:30:44.000,2023-05-01T16:03:42.000,HPD,UNSANITARY CONDITION,MOLD,10460,Closed
57435955,2023-04-28T00:17:59.000,2023-04-28T00:54:38.000,NYPD,Noise - Street/Sidewalk,Loud Music/Party,11385,Closed
57432656,2023-04-26T22:16:52.000,2023-04-26T22:47:44.000,NYPD,Noise - Street/Sidewalk,Loud Music/Party,10025,Closed
57424230,2023-04-26T21:04:03.000,2023-04-26T21:08:42.000,NYPD,Abandoned Vehicle,With License Plate,11205,Closed
57421149,2023-04-25T19:24:04.000,2023-04-26T15:02:16.000,HPD,HEAT/HOT WATER,ENTIRE BUILDING,11210,Closed
57435230,2023-04-27T13:54:18.000,2023-04-28T06:48:33.000,DPR,Overgrown Tree/Branches,Clear Street Light,10304,Closed
57432846,2023-04-27T12:38:31.000,2023-04-29T15:05:25.000,HPD,HEAT/HOT WATER,ENTIRE BUILDING,11104,Closed
57430648,2023-04-26T09:48:35.000,2023-04-26T10:00:42.000,NYPD,Illegal Parking,Blocked Bike Lane,11101,Closed
57419549,2023-04-26T00:19:12.000,2023-04-26T00:57:17.000,NYPD,Illegal Parking,Blocked Hydrant,10032,Closed
57428784,2023-04-26T08:39:57.000,2023-04-27T13:42:21.000,HPD,DOOR/WINDOW,WINDOW FRAME,11373,Closed
55311565,2022-09-05T12:59:05.000,,DSNY,Lot Condition,Trash,10451,In Progress
57435659,2023-04-27T06:35:06.000,2023-05-01T09:38:45.000,HPD,HEAT/HOT WATER,ENTIRE BUILDING,11218,Closed
57432158,2023-04-26T11:34:50.000,2023-05-02T16:32:38.000,HPD,WATER LEAK,DAMP SPOT,11368,Closed
55334220,2022-09-07T04:49:49.000,2022-09-08T01:48:15.000,DHS,Homeless Person Assistance,,,Closed
57431434,2023-04-26T18:47:00.000,2023-04-26T21:25:00.000,DEP,Sewer,Sewer Backup (Use Comments) (SA),11416,Closed
57428787,2023-04-26T10:53:00.000,2023-04-26T12:25:00.000,DEP,Sewer,Sewer Backup (Use Comments) (SA),10458,Closed
57433877,2023-04-28T00:38:16.000,2023-04-28T01:04:25.000,NYPD,Noise - Street/Sidewalk,Loud Music/Party,10034,Closed
57429299,2023-04-26T09:34:30.000,2023-04-28T06:51:20.000,DHS,Encampment,N/A,10002,Closed
57423322,2023-04-26T12:46:29.000,2023-04-26T14:26:13.000,NYPD,Illegal Parking,Parking Permit Improper Use,11201,Closed
57435752,2023-04-27T20:11:39.000,2023-04-28T00:06:36.000,NYPD,Illegal Parking,Posted Parking Sign Violation,11229,Closed
57427617,2023-04-26T02:28:14.000,2023-05-31T15:44:37.000,EDC,Noise - Helicopter,Other,10025,Closed
57431169,2023-04-26T09:41:00.000,2023-04-27T23:45:00.000,DEP,Noise,Noise: Construction Before/After Hours (NM1),10014,Closed
57435259,2023-04-27T18:56:05.000,2023-05-31T15:50:49.000,EDC,Noise - Helicopter,Other,11414,Closed
57429674,2023-04-26T11:27:25.000,2023-04-26T19:41:53.000,NYPD,Abandoned Vehicle,With License Plate,11106,Closed
57428328,2023-04-26T11:12:56.000,2023-05-13T13:20:53.000,HPD,PLUMBING,BATHTUB/SHOWER,11212,Closed
57435326,2023-04-28T01:03:39.000,2023-04-28T01:09:24.000,NYPD,Noise - Residential,Loud Music/Party,10003,Closed
57429249,2023-04-26T16:16:33.000,2023-04-26T18:00:25.000,NYPD,Noise - Residential,Banging/Pounding,10468,Closed
57431116,2023-04-26T11:42:26.000,2023-04-26T12:30:08.000,NYPD,Illegal Parking,Blocked Crosswalk,11205,Closed
57429517,2023-04-26T17:41:00.000,2023-05-03T11:00:00.000,DEP,Noise,Noise: air condition/ventilation equipment (NV1),10467,Closed
57430557,2023-04-26T14:31:16.000,2023-05-05T14:07:33.000,DOT,Street Condition,Failed Street Repair,11375,Closed
57433366,2023-04-27T08:39:09.000,2023-05-11T09:12:59.000,HPD,PAINT/PLASTER,WALL,10468,Closed
57434290,2023-04-27T18:40:31.000,2023-06-27T18:46:13.000,HPD,SAFETY,FIRE ESCAPE,11221,Closed
57427618,2023-04-26T06:57:53.000,2023-05-02T15:05:20.000,DSNY,Litter Basket Request,New Basket,11354,Closed
57432395,2023-04-26T20:28:25.000,2023-04-27T12:39:26.000,HPD,HEAT/HOT WATER,ENTIRE BUILDING,10456,Closed
57429196,2023-04-26T21:53:51.000,2023-04-26T23:25:10.000,NYPD,Illegal Parking,Blocked Hydrant,11219,Closed
57430443,2023-04-25T00:17:09.000,2023-04-27T06:00:00.000,DOT,Street Condition,Pothole,11101,Closed
57431961,2023-04-26T15:53:37.000,2023-04-26T19:25:48.000,DPR,Animal in a Park,Dog Off Leash,11101,Closed
57430580,2023-04-26T14:32:00.000,2023-04-26T20:40:00.000,DOT,Street Light Condition,Street Light Out,10007,Closed
57426206,2023-04-26T11:34:25.000,2023-04-26T11:36:17.000,NYPD,Illegal Parking,Parking Permit Improper Use,11365,Closed
57432339,2023-04-26T14:06:34.000,2023-04-28T14:02:44.000,DSNY,Illegal Dumping,Removal Request,10312,Closed
57433267,2023-04-27T12:06:50.000,2023-04-27T13:02:16.000,NYPD,Traffic,Congestion/Gridlock,10018,Closed
57430200,2023-04-26T21:10:21.000,2023-05-01T17:26:25.000,HPD,WATER LEAK,HEAVY FLOW,10457,Closed
57434504,2023-04-27T14:05:01.000,2023-04-27T15:11:30.000,NYPD,Illegal Parking,Posted Parking Sign Violation,11211,Closed
57429065,2023-04-26T22:49:35.000,2023-04-26T23:20:54.000,NYPD,Noise - Residential,Loud Music/Party,11221,Closed
57432358,2023-04-26T17:44:25.000,2023-05-01T13:50:23.000,DOT,Street Condition,Cave-in,10019,Closed
57428939,2023-04-26T13:22:00.000,2023-04-26T13:22:00.000,DOT,Street Light Condition,Street Light Out,11204,Closed
57434162,2023-04-27T19:42:04.000,2023-05-31T15:50:58.000,EDC,Noise - Helicopter,Other,10023,Closed
57421704,2023-04-25T13:37:06.000,2023-05-04T07:50:25.000,HPD,UNSANITARY CONDITION,MOLD,10039,Closed
57435946,2023-04-27T09:45:07.000,2023-04-27T10:52:04.000,NYPD,Encampment,N/A,11203,Closed
57430836,2023-04-26T09:13:41.000,2023-04-26T15:00:24.000,DOT,Street Sign - Damaged,Street Cleaning - ASP,11239,Closed
57433834,2023-04-27T20:01:31.000,2023-06-26T06:09:12.000,DPR,New Tree Request,For One Address,11432,Closed
57428128,2023-04-26T19:12:38.000,2023-04-26T19:59:44.000,NYPD,Noise - Residential,Loud Talking,11208,Closed
57429718,2023-04-26T20:16:04.000,2023-04-26T22:58:40.000,NYPD,Noise - Commercial,Banging/Pounding,10454,Closed
57429070,2023-04-26T08:43:05.000,2023-05-22T15:41:08.000,HPD,UNSANITARY CONDITION,GARBAGE/RECYCLING STORAGE,11106,Closed
57431376,2023-04-26T10:59:44.000,2023-04-27T10:15:00.000,DSNY,Dirty Condition,Trash,11234,Closed
57435103,2023-04-27T06:35:09.000,2023-04-27T18:30:53.000,HPD,HEAT/HOT WATER,ENTIRE BUILDING,10467,Closed
57430730,2023-04-26T07:39:51.000,2023-05-19T10:02:23.000,DSNY,Street Sweeping Complaint,Inadequate Sweeping,10037,Closed
57429252,2023-04-26T11:55:12.000,2023-04-26T19:36:33.000,HPD,HEAT/HOT WATER,ENTIRE BUILDING,10456,Closed
57432175,2023-04-26T09:00:32.000,2023-04-26T11:29:27.000,NYPD,Illegal Parking,Blocked Bike Lane,10003,Closed
57433582,2023-04-27T22:27:06.000,2023-04-27T23:12:07.000,NYPD,Illegal Parking,Commercial Overnight Parking,11225,Closed
57428070,2023-04-26T16:57:00.000,2023-05-01T13:41:12.000,DSNY,Illegal Posting,Poster or Sign,11208,Closed
57431819,2023-04-26T17:29:41.000,2023-04-29T16:51:39.000,HPD,DOOR/WINDOW,DOOR,10302,Closed
57434457,2023-04-27T22:50:00.000,2023-05-03T01:00:00.000,DEP,Noise,Noise: Construction Before/After Hours (NM1),10016,Closed
57434709,2023-04-27T13:10:28.000,2023-05-04T13:45:00.000,DOT,Street Condition,Pothole,10462,Closed
57431066,2023-04-26T19:27:29.000,2023-04-26T20:26:41.000,NYPD,Illegal Parking,Blocked Hydrant,11385,Closed
57423177,2023-04-26T11:12:53.000,2023-04-26T19:26:37.000,HPD,HEAT/HOT WATER,ENTIRE BUILDING,11218,Closed
57431089,2023-04-26T08:32:15.000,2023-04-26T09:41:21.000,NYPD,Blocked Driveway,Partial Access,11101,Closed
57435312,2023-04-27T06:10:24.000,2023-04-27T15:36:33.000,HPD,HEAT/HOT WATER,ENTIRE BUILDING,10457,Closed
57428630,2023-04-26T19:29:05.000,2023-04-26T20:07:37.000,NYPD,Blocked Driveway,No Access,11357,Closed
57433804,2023-04-27T11:56:32.000,2023-04-27T12:59:24.000,NYPD,Blocked Driveway,Partial Access,11218,Closed
57428248,2023-04-26T02:37:13.000,2023-04-26T05:49:22.000,NYPD,Noise - Residential,Banging/Pounding,11230,Closed
55306320,2022-09-04T20:23:32.000,2022-09-04T21:18:46.000,NYPD,Noise - Street/Sidewalk,Loud Music/Party,10468,Closed
57434861,2023-04-27T19:12:23.000,2023-05-05T12:40:23.000,HPD,APPLIANCE,ELECTRIC/GAS RANGE,10455,Closed
57427622,2023-04-26T13:43:04.000,2023-05-19T14:45:02.000,HPD,UNSANITARY CONDITION,PESTS,11206,Closed
57423991,2023-04-26T21:24:35.000,2023-04-26T22:56:55.000,NYPD,Noise - Vehicle,Car/Truck Horn,11366,Closed
57425786,2023-04-26T13:24:57.000,2023-04-26T16:53:06.000,NYPD,Blocked Driveway,Partial Access,11230,Closed
57434443,2023-04-27T10:43:43.000,2023-04-27T10:43:43.000,DOB,General Construction/Plumbing,Building Shaking/Vibrating/Structural Stability,11419,Closed
57432002,2023-04-26T22:13:34.000,2023-04-27T16:17:05.000,DOHMH,Rodent,Mouse Sighting,10461,Closed
57432471,2023-04-26T15:45:44.000,2023-05-09T14:16:27.000,HPD,UNSANITARY CONDITION,PESTS,11214,Closed
57429011,2023-04-27T01:22:04.000,2023-04-27T01:50:34.000,NYPD,Illegal Parking,Commercial Overnight Parking,11207,Closed
57431521,2023-04-26T15:44:28.000,2023-04-26T22:00:17.000,NYPD,Noise - Residential,Banging/Pounding,10027,Closed
57432897,2023-04-27T09:09:20.000,2024-06-04T00:18:44.000,DOHMH,Smoking,Smoking Violation,11417,Closed
57435075,2023-04-27T07:16:17.000,2023-04-27T11:15:54.000,NYPD,Illegal Parking,Blocked Hydrant,10454,Closed
57433913,2023-04-27T12:54:00.000,2023-04-28T16:47:00.000,DOT,Street Light Condition,Street Light Out,11435,Closed
57430761,2023-04-26T02:47:41.000,2023-04-26T02:57:06.000,NYPD,Blocked Driveway,No Access,11236,Closed
57430658,2023-04-26T11:50:56.000,2023-04-26T13:04:04.000,NYPD,Illegal Parking,Posted Parking Sign Violation,11215,Closed
57434702,2023-04-27T21:57:00.000,2023-04-29T04:50:00.000,DSNY,Derelict Vehicles,Derelict Vehicles,11209,Closed
57432463,2023-04-26T19:21:21.000,2023-04-26T20:04:16.000,NYPD,Noise - Commercial,Banging/Pounding,11206,Closed
57434248,2023-04-27T08:47:27.000,2023-04-27T14:36:25.000,NYPD,Illegal Parking,Posted Parking Sign Violation,11364,Closed
57430223,2023-04-26T09:40:45.000,2023-04-29T14:51:44.000,DSNY,Missed Collection,Trash,11217,Closed
57433137,2023-04-27T10:24:03.000,2023-04-29T19:13:13.000,HPD,HEAT/HOT WATER,ENTIRE BUILDING,10014,Closed
57431279,2023-04-26T16:26:13.000,2023-04-26T16:41:11.000,NYPD,Non-Emergency Police Matter,Other (complaint details),11374,Closed
57435042,2023-04-26T20:32:56.000,2023-05-22T00:00:00.000,DOB,Special Projects Inspection Team (SPIT),Adult Establishment,10016,Closed
55317024,2022-09-06T08:30:35.000,2022-09-13T14:02:04.000,DSNY,Missed Collection,Bulky Trash,11358,Closed
57427834,2023-04-26T11:02:28.000,2023-05-01T13:21:54.000,DSNY,Illegal Dumping,Removal Request,10305,Closed
57435448,2023-04-27T14:02:52.000,2023-04-28T19:50:58.000,HPD,HEAT/HOT WATER,ENTIRE BUILDING,10459,Closed
57431556,2023-04-26T11:44:06.000,2023-05-22T15:29:36.000,HPD,UNSANITARY CONDITION,MOLD,10309,Closed
57431749,2023-04-26T23:12:45.000,2023-04-26T23:25:35.000,NYPD,Noise - Residential,Banging/Pounding,10472,Closed
57431963,2023-04-26T18:29:11.000,2023-04-26T19:22:39.000,NYPD,Noise - Residential,Banging/Pounding,10462,Closed
57433638,2023-04-27T15:32:00.000,2023-04-28T04:36:00.000,DSNY,Derelict Vehicles,Derelict Vehicles,11412,Closed
57431458,2023-04-26T14:57:23.000,2024-06-03T13:19:22.000,DOHMH,Non-Residential Heat,Inadequate or No Heat,10460,Closed
57432940,2023-04-27T22:06:34.000,2023-04-27T23:04:53.000,NYPD,Noise - Residential,Banging/Pounding,10029,Closed
57429915,2023-04-26T19:17:18.000,2023-04-28T00:00:00.000,DOB,Investigations and Discipline (IAD),Investigative Inspection,11356,Closed
57433987,2023-04-27T22:55:31.000,2023-04-27T23:27:47.000,NYPD,Noise - Vehicle,Car/Truck Music,10013,Closed
57431038,2023-04-26T07:36:00.000,2023-04-28T07:00:00.000,DSNY,Derelict Vehicles,Derelict Vehicles,10473,Closed
57435112,2023-04-27T07:10:49.000,2023-04-27T07:32:30.000,NYPD,Illegal Parking,Blocked Hydrant,11221,Closed
57433422,2023-04-27T05:52:17.000,2023-04-27T10:03:32.000,DHS,Homeless Person Assistance,,11432,Closed
57427505,2023-04-26T21:17:16.000,2023-04-26T22:44:04.000,NYPD,Noise - Street/Sidewalk,Loud Music/Party,11201,Closed
57434951,2023-04-27T13:29:00.000,2023-04-28T10:56:00.000,DEP,Lead,Lead Kit Request (Residential) (L10),11221,Closed
55334115,2022-09-07T07:02:32.000,2022-09-13T08:40:38.000,DOT,Street Sign - Damaged,Stop,11102,Closed
57431351,2023-04-26T21:46:04.000,2023-04-26T22:29:48.000,NYPD,Noise - Commercial,Banging/Pounding,11212,Closed
57428550,2023-04-26T13:11:19.000,2023-05-03T09:02:55.000,HPD,UNSANITARY CONDITION,MOLD,11374,Closed
57432899,2023-04-27T05:24:30.000,2023-04-27T06:33:13.000,NYPD,Noise - Residential,Banging/Pounding,10025,Closed
57431384,2023-04-26T21:03:42.000,2023-06-17T18:14:23.000,HPD,UNSANITARY CONDITION,GARBAGE/RECYCLING STORAGE,11379,Closed
57428369,2023-04-26T18:38:09.000,2023-04-27T01:21:36.000,NYPD,Illegal Parking,Blocked Sidewalk,11385,Closed
57433564,2023-04-27T06:23:46.000,2023-04-27T08:44:24.000,NYPD,Blocked Driveway,No Access,10454,Closed
57432134,2023-04-26T13:23:43.000,2023-04-27T16:15:40.000,HPD,PAINT/PLASTER,CEILING,10457,Closed
55306464,2022-09-04T20:06:41.000,2022-09-04T21:50:19.000,NYPD,Noise - Street/Sidewalk,Loud Music/Party,10466,Closed
57435859,2023-04-27T16:12:06.000,2023-05-02T11:48:10.000,DSNY,Sanitation Worker or Vehicle Complaint,Idling or Blocking Traffic,10467,Closed
57434912,2023-04-27T12:06:20.000,2025-05-13T16:38:29.000,DPR,New Tree Request,For One Address,10011,Closed
57427902,2023-04-26T18:30:44.000,2023-05-02T16:19:41.000,HPD,PAINT/PLASTER,WALL,10037,Closed
57427734,2023-04-26T18:47:36.000,2023-05-16T11:27:20.000,DOT,Sidewalk Condition,Broken Sidewalk,10452,Closed
57432474,2023-04-26T11:20:04.000,2023-04-26T11:24:43.000,NYPD,Noise - Vehicle,Car/Truck Music,11366,Closed
57435227,2023-04-27T08:36:09.000,2023-05-09T14:13:31.000,DOT,Sidewalk Condition,Sidewalk Violation,11362,Closed
57430784,2023-04-26T23:45:45.000,2023-04-27T09:06:06.000,HPD,HEAT/HOT WATER,ENTIRE BUILDING,11106,Closed
57423790,2023-04-26T09:23:00.000,2023-04-27T09:50:00.000,DEP,Sewer,Catch Basin Clogged/Flooding (Use Comments) (SC),11367,Closed
57427661,2023-04-26T08:44:00.000,2023-05-04T12:57:00.000,DEP,Lead,Lead Kit Request (Residential) (L10),11233,Closed
57434088,2023-04-27T11:18:00.000,2023-04-27T12:19:00.000,DSNY,Derelict Vehicles,Derelict Vehicles,11236,Closed
57434994,2023-04-27T11:26:00.000,2023-04-28T09:00:00.000,DEP,Noise,Noise: Jack Hammering (NC2),10065,Closed
57433960,2023-04-27T12:59:07.000,2023-04-29T11:52:27.000,DSNY,Residential Disposal Complaint,Waste Set Out Too Early or Too Late,11691,Closed
57428838,2023-04-26T17:24:13.000,2023-05-09T11:36:00.000,HPD,PAINT/PLASTER,CEILING,10459,Closed
57428176,2023-04-26T16:09:19.000,2023-04-27T07:09:46.000,DSNY,Dirty Condition,Trash,10454,Closed
57427561,2023-04-26T11:34:49.000,2023-05-05T12:59:49.000,HPD,UNSANITARY CONDITION,MOLD,10032,Closed
57433480,2023-04-27T08:48:13.000,2023-05-02T14:24:20.000,DSNY,Missed Collection,Bulky Trash,11420,Closed
57433678,2023-04-27T12:11:20.000,2023-04-27T12:11:20.000,DOB,Real Time Enforcement,Work Without A Permit - Occupied Multiple Dwelling,11201,Closed
57429186,2023-04-26T06:28:34.000,2023-05-31T15:45:32.000,EDC,Noise - Helicopter,Other,11238,Closed
55306465,2022-09-04T17:17:01.000,2022-09-04T17:55:49.000,NYPD,Noise - Street/Sidewalk,Loud Music/Party,11226,Closed
59375817,2023-11-09T07:31:41.000,2023-11-09T08:10:46.000,NYPD,Illegal Parking,Blocked Hydrant,11214,Closed
57431848,2023-04-26T14:38:02.000,2023-04-26T18:52:08.000,NYPD,Bike/Roller/Skate Chronic,N/A,11211,Closed
57427879,2023-04-27T00:52:01.000,2023-04-27T12:55:46.000,DSNY,Dead Animal,Opossum,10306,Closed
57434883,2023-04-28T02:08:48.000,2023-04-28T02:23:25.000,NYPD,Illegal Parking,Blocked Hydrant,11236,Closed
57425803,2023-04-26T11:11:06.000,2023-04-27T08:29:20.000,DOT,Street Condition,Defective Hardware,10465,Closed
57427884,2023-04-26T10:13:32.000,2023-04-26T20:58:56.000,NYPD,Blocked Driveway,No Access,10456,Closed
57426293,2023-04-26T20:40:22.000,2023-04-29T18:16:47.000,HPD,UNSANITARY CONDITION,PESTS,11106,Closed
57433097,2023-04-27T13:44:00.000,2023-04-27T14:30:00.000,DEP,Sewer,Sewer Backup (Use Comments) (SA),11435,Closed
57429183,2023-04-26T06:46:10.000,2023-04-28T08:29:56.000,HPD,HEAT/HOT WATER,ENTIRE BUILDING,10032,Closed
57427581,2023-04-26T08:11:40.000,2023-05-05T14:53:56.000,DSNY,Missed Collection,Recycling - Metal/Glass/Rigid Plastic,11361,Closed
57428035,2023-04-26T15:33:14.000,2023-04-27T01:55:47.000,NYPD,Noise - Residential,Loud Music/Party,10458,Closed
57430901,2023-04-26T22:35:42.000,2023-04-27T04:08:14.000,NYPD,Illegal Parking,Commercial Overnight Parking,10461,Closed
57430499,2023-04-26T20:02:42.000,2023-04-26T20:41:09.000,NYPD,Noise - Residential,Loud Music/Party,11207,Closed
57436030,2023-04-27T14:29:41.000,2023-04-27T18:18:40.000,NYPD,Non-Emergency Police Matter,Other (complaint details),10312,Closed
59383681,2023-11-09T19:25:58.000,2023-11-09T19:48:47.000,NYPD,Blocked Driveway,No Access,11225,Closed
57434019,2023-04-27T15:03:58.000,2023-04-27T16:10:30.000,NYPD,Drug Activity,Use Outside,11366,Closed
57428261,2023-04-26T09:19:00.000,2023-04-26T11:16:11.000,NYPD,Illegal Parking,Blocked Bike Lane,11201,Closed
57430205,2023-04-26T11:00:26.000,2024-03-06T08:02:07.000,DPR,New Tree Request,For One Address,11221,Closed
57430824,2023-04-26T07:32:34.000,2023-04-26T08:18:03.000,NYPD,Illegal Parking,Blocked Bike Lane,11109,Closed
57432023,2023-04-26T08:42:54.000,2023-05-02T21:03:44.000,HPD,DOOR/WINDOW,DOOR FRAME,10034,Closed
57428753,2023-04-26T11:29:01.000,2023-06-26T17:10:58.000,HPD,ELECTRIC,OUTLET/SWITCH,10453,Closed
57448585,2023-04-28T17:56:00.000,,DEP,Sewer,Manhole Overflow (Use Comments) (SA1),11235,Open
57431209,2023-04-26T18:32:23.000,2023-07-31T08:48:20.000,TLC,For Hire Vehicle Complaint,Driver Complaint - Non Passenger,11385,Closed
57435985,2023-04-27T22:33:28.000,2023-04-27T22:57:41.000,NYPD,Noise - Residential,Loud Talking,10456,Closed
57435694,2023-04-27T19:21:16.000,2023-05-01T07:59:08.000,HPD,HEAT/HOT WATER,APARTMENT ONLY,10303,Closed
57433628,2023-04-27T08:15:53.000,2023-05-02T16:25:24.000,HPD,UNSANITARY CONDITION,PESTS,10459,Closed
57433101,2023-04-27T09:05:15.000,2024-08-01T00:00:00.000,DOB,Building/Use,Illegal Conversion Of Residential Building/Space,11223,Closed
57429973,2023-04-26T12:01:26.000,2023-04-26T21:19:22.000,NYPD,Illegal Parking,Paper License Plates,10301,Closed
57436037,2023-04-27T12:27:37.000,2024-06-04T00:16:20.000,DOHMH,Food Establishment,Rodents/Insects/Garbage,11418,Closed
57431937,2023-04-26T12:51:30.000,2023-04-26T12:59:39.000,NYPD,Illegal Parking,Blocked Bike Lane,11215,Closed
57433045,2023-04-27T13:34:06.000,2023-04-27T13:34:06.000,DOHMH,Rodent,Condition Attracting Rodents,10451,Closed
57421966,2023-04-25T06:08:14.000,2023-04-26T19:30:19.000,HPD,HEAT/HOT WATER,ENTIRE BUILDING,11203,Closed
57429153,2023-04-26T17:30:16.000,2023-05-09T11:36:01.000,HPD,GENERAL,CABINET,10459,Closed
57430084,2023-04-26T16:12:05.000,2023-04-27T02:26:30.000,NYPD,Illegal Parking,Blocked Sidewalk,10457,Closed
57432032,2023-04-26T06:56:59.000,2023-04-27T08:43:43.000,HPD,HEAT/HOT WATER,APARTMENT ONLY,11435,Closed
57435398,2023-04-27T10:30:36.000,2023-04-27T21:12:40.000,DSNY,Dirty Condition,Dog Waste,10128,Closed
57430813,2023-04-26T18:03:30.000,2023-04-26T19:30:21.000,DPR,Animal in a Park,Dog Off Leash,11209,Closed
57432733,2023-04-26T19:03:20.000,2023-05-01T13:21:25.000,DSNY,Dumpster Complaint,Blocking Sidewalk or Street,10305,Closed
57421759,2023-04-25T07:17:48.000,2023-05-31T15:40:24.000,EDC,Noise - Helicopter,Other,11231,Closed
57431173,2023-04-26T15:05:54.000,2023-06-12T17:23:43.000,HPD,DOOR/WINDOW,DOOR FRAME,10460,Closed
57434741,2023-04-27T22:37:26.000,2023-05-03T13:49:59.000,DOHMH,Rodent,Mouse Sighting,11216,Closed
57431928,2023-04-26T16:16:42.000,2023-04-26T19:49:08.000,NYPD,Abandoned Vehicle,With License Plate,11203,Closed
57430674,2023-04-26T11:23:43.000,2023-05-02T12:01:32.000,DOT,Sidewalk Condition,Sidewalk Violation,11216,Closed
57427542,2023-04-26T14:13:35.000,2023-04-26T15:22:39.000,NYPD,Illegal Parking,Unauthorized Bus Layover,11231,Closed
57433128,2023-04-27T12:41:29.000,2023-05-03T21:13:41.000,HPD,DOOR/WINDOW,DOOR,11374,Closed
57430241,2023-04-26T19:30:18.000,2023-05-03T14:54:24.000,DOHMH,Rodent,Rat Sighting,11436,Closed
57428578,2023-04-26T21:52:10.000,2023-04-26T21:56:15.000,NYPD,Noise - Street/Sidewalk,Loud Music/Party,10470,Closed
57435724,2023-04-27T23:54:38.000,2023-05-10T12:28:17.000,DOT,Street Condition,"Rough, Pitted or Cracked Roads",10471,Closed
57429089,2023-04-26T19:25:39.000,2023-04-26T20:08:29.000,NYPD,Illegal Parking,Blocked Hydrant,11218,Closed
57431022,2023-04-26T20:09:40.000,2023-04-26T20:15:23.000,NYPD,Noise - Vehicle,Car/Truck Horn,10011,Closed
57430609,2023-04-26T15:48:42.000,2023-04-26T17:32:43.000,NYPD,Blocked Driveway,No Access,11355,Closed
57431845,2023-04-26T18:10:06.000,2023-04-26T19:13:26.000,NYPD,Animal-Abuse,Neglected,11236,Closed
57428553,2023-04-26T16:57:37.000,2023-05-11T10:11:42.000,HPD,WATER LEAK,DAMP SPOT,11226,Closed
57428395,2023-04-27T01:02:19.000,2023-04-27T01:10:53.000,NYPD,Noise - Residential,Loud Music/Party,11216,Closed
57430094,2023-04-26T16:07:47.000,2023-05-11T19:51:16.000,HPD,UNSANITARY CONDITION,PESTS,11208,Closed
57428909,2023-04-26T14:10:12.000,2023-04-27T14:35:48.000,DCWP,Consumer Complaint,Car Dealer - Used,11368,Closed
57432431,2023-04-26T16:41:15.000,2024-08-02T00:00:00.000,DOB,Building/Use,Illegal Conversion Of Residential Building/Space,11435,Closed
57421314,2023-04-25T07:30:21.000,2023-05-11T12:40:00.000,DOT,Street Condition,Pothole,10471,Closed
57432752,2023-04-27T16:12:07.000,2023-04-27T16:59:37.000,NYPD,Illegal Parking,Blocked Bike Lane,10025,Closed
57435211,2023-04-27T02:23:17.000,2023-04-27T10:05:23.000,DHS,Homeless Person Assistance,,10036,Closed
57428296,2023-04-26T10:59:25.000,2023-05-14T11:36:47.000,HPD,WATER LEAK,SLOW LEAK,10452,Closed
57428116,2023-04-26T12:27:01.000,2023-04-26T13:12:08.000,DPR,Animal in a Park,Domestic Strays,11365,Closed
57423356,2023-04-26T23:34:20.000,2023-04-27T13:24:24.000,HPD,HEAT/HOT WATER,ENTIRE BUILDING,10462,Closed
57428987,2023-04-26T07:06:00.000,2023-04-26T09:29:40.000,DSNY,Dirty Condition,Trash,11375,Closed
57434791,2023-04-27T07:47:54.000,2023-05-01T08:27:17.000,HPD,HEAT/HOT WATER,APARTMENT ONLY,10029,Closed
57430079,2023-04-26T08:53:00.000,2023-05-03T09:55:51.000,DOT,Highway Condition,Litter,,Closed
57430218,2023-04-26T19:42:16.000,2023-05-12T20:37:14.000,HPD,FLOORING/STAIRS,FLOOR,11230,Closed
57430267,2023-04-26T20:56:28.000,2023-05-11T05:02:55.000,HPD,GENERAL,BELL/BUZZER/INTERCOM,11203,Closed
57427556,2023-04-26T16:59:49.000,2023-04-27T01:10:49.000,NYPD,Noise - Street/Sidewalk,Loud Music/Party,11237,Closed
57427620,2023-04-26T14:52:14.000,2023-06-09T02:04:57.000,HPD,UNSANITARY CONDITION,PESTS,11226,Closed
57433822,2023-04-27T15:50:37.000,2023-05-04T16:31:24.000,HPD,WATER LEAK,HEAVY FLOW,11226,Closed
57430164,2023-04-26T12:17:00.000,2023-04-26T12:17:00.000,DOT,Street Light Condition,Street Light Out,11364,Closed
57428612,2023-04-26T13:50:11.000,2023-05-31T15:47:52.000,EDC,Noise - Helicopter,Other,11238,Closed
57434119,2023-04-27T17:50:17.000,2023-05-10T00:00:00.000,DOB,General Construction/Plumbing,Fence - None/Inadequate,11204,Closed
57426433,2023-04-26T12:26:00.000,2023-04-26T12:26:00.000,DOT,Street Light Condition,Street Light Out,11413,Closed
57431952,2023-04-27T01:34:58.000,2023-04-27T03:02:31.000,NYPD,Noise - Commercial,Loud Music/Party,11249,Closed
57428730,2023-04-26T10:42:17.000,2023-05-01T07:14:01.000,DSNY,Sanitation Worker or Vehicle Complaint,Spilled Garbage,11216,Closed
57435511,2023-04-27T09:26:31.000,2023-04-28T17:27:41.000,HPD,HEAT/HOT WATER,APARTMENT ONLY,10473,Closed
57472742,2023-05-01T14:58:54.000,2023-05-04T07:45:00.000,HPD,HEAT/HOT WATER,ENTIRE BUILDING,10019,Closed
57432043,2023-04-26T22:32:33.000,2023-05-22T08:45:14.000,HPD,UNSANITARY CONDITION,PESTS,10461,Closed
57430433,2023-04-26T21:35:32.000,2023-04-27T00:22:38.000,NYPD,Illegal Parking,Commercial Overnight Parking,11411,Closed
57429146,2023-04-26T07:54:42.000,2023-04-27T15:35:58.000,DSNY,Missed Collection,Trash,10455,Closed
57432079,2023-04-26T10:00:31.000,2023-05-08T08:30:00.000,DOT,Street Condition,Pothole,10473,Closed
57433395,2023-04-27T08:04:12.000,2023-04-27T13:38:30.000,DHS,Homeless Person Assistance,,10019,Closed
57427560,2023-04-26T08:42:46.000,2025-05-13T16:38:15.000,DPR,New Tree Request,For One Address,11368,Closed
57427784,2023-04-26T06:52:15.000,2023-04-26T06:52:15.000,DOHMH,Rodent,Rat Sighting,10037,Closed
57430718,2023-04-26T21:43:05.000,2023-04-26T22:49:51.000,NYPD,Noise - Residential,Loud Music/Party,10019,Closed
57430473,2023-04-26T08:21:38.000,2023-04-27T09:55:39.000,DOE,School Maintenance,Rodents/Mice,10461,Closed
57425773,2023-04-26T19:14:24.000,2023-04-26T22:07:02.000,NYPD,Illegal Parking,Blocked Hydrant,10468,Closed
57435433,2023-04-27T07:54:13.000,2023-04-27T08:24:39.000,NYPD,Abandoned Vehicle,With License Plate,11204,Closed
57430923,2023-04-26T20:57:59.000,2023-04-26T20:57:59.000,DOHMH,Standing Water,Other - Explain Below,11214,Closed
57433427,2023-04-27T17:44:40.000,2023-04-27T19:11:14.000,NYPD,Blocked Driveway,No Access,11221,Closed
57429281,2023-04-26T14:57:55.000,2023-05-02T21:20:44.000,DSNY,Illegal Dumping,Chronic Dumping,11231,Closed
57434582,2023-04-28T01:11:32.000,2023-04-28T01:57:16.000,NYPD,Noise - Commercial,Loud Music/Party,10458,Closed
57434630,2023-04-27T11:43:18.000,2023-04-28T12:57:20.000,DSNY,Missed Collection,Bulky Trash,11422,Closed
57429689,2023-04-26T09:20:29.000,2024-11-12T17:25:31.000,DPR,Illegal Tree Damage,Branches Damaged,11378,Closed
57430768,2023-04-26T16:21:23.000,2023-04-27T02:27:44.000,NYPD,Encampment,N/A,10451,Closed
57430286,2023-04-26T09:08:25.000,2024-09-03T14:23:46.000,HPD,UNSANITARY CONDITION,GARBAGE/RECYCLING STORAGE,11249,Closed
57429101,2023-04-26T21:36:24.000,2023-04-26T21:36:24.000,DOHMH,Rodent,Condition Attracting Rodents,10455,Closed
57430510,2023-04-26T16:29:19.000,2023-04-27T19:02:03.000,HPD,HEAT/HOT WATER,ENTIRE BUILDING,10466,Closed
57429490,2023-04-25T22:30:38.000,2023-04-26T00:00:00.000,DOB,Real Time Enforcement,Work Without A Permit - Occupied Multiple Dwelling,10014,Closed
57434167,2023-04-27T20:53:20.000,2023-05-31T15:52:01.000,EDC,Noise - Helicopter,Other,10023,Closed
57431113,2023-04-27T00:26:19.000,2023-04-27T08:01:30.000,DSNY,Vendor Enforcement,Non-Food Vendor,10036,Closed
57430115,2023-04-26T14:21:29.000,2023-06-11T14:31:01.000,HPD,ELECTRIC,OUTLET/SWITCH,10032,Closed
57430638,2023-04-26T12:03:16.000,2023-04-26T13:50:06.000,NYPD,Noise - Residential,Banging/Pounding,10454,Closed
57431510,2023-04-26T16:23:55.000,2023-04-26T16:25:23.000,NYPD,Drug Activity,Use Outside,11366,Closed
57428234,2023-04-26T18:25:35.000,2024-05-23T00:00:00.000,DOB,General Construction/Plumbing,Curb Cut/Driveway/Carport - Illegal,11223,Closed
57429172,2023-04-26T21:50:36.000,2023-04-27T00:41:23.000,NYPD,Blocked Driveway,No Access,11214,Closed
57422690,2023-04-25T06:11:59.000,2023-04-29T13:51:18.000,DSNY,Illegal Dumping,Removal Request,11208,Closed
57428816,2023-04-26T19:56:00.000,2023-04-27T22:14:00.000,DSNY,Derelict Vehicles,Derelict Vehicles,11365,Closed
57428252,2023-04-26T15:54:22.000,2023-04-28T13:09:00.000,HPD,HEAT/HOT WATER,APARTMENT ONLY,11422,Closed
57433426,2023-04-27T08:21:14.000,2023-05-03T09:09:24.000,DSNY,Missed Collection,Trash,11412,Closed
57428565,2023-04-26T22:15:30.000,2023-04-28T11:11:00.000,DOT,Street Condition,Pothole,11106,Closed
57433247,2023-04-27T16:47:00.000,2023-05-03T14:20:00.000,DEP,Water System,Dirty Water (WE),11413,Closed
57432840,2023-04-27T08:12:50.000,2023-04-27T08:57:21.000,NYPD,Illegal Parking,Posted Parking Sign Violation,11238,Closed
57432508,2023-04-26T23:55:48.000,2023-04-27T00:49:05.000,NYPD,Noise - Street/Sidewalk,Loud Music/Party,10034,Closed
57434550,2023-04-27T08:39:02.000,2023-04-27T09:31:52.000,NYPD,Blocked Driveway,No Access,11217,Closed
57428949,2023-04-26T13:05:00.000,2023-04-26T20:20:00.000,DEP,Water System,Leak (Use Comments) (WA2),11417,Closed
57431346,2023-04-26T08:54:00.000,2023-04-26T10:27:25.000,NYPD,Blocked Driveway,Partial Access,11375,Closed
57430376,2023-04-26T10:39:55.000,2023-04-28T12:27:05.000,DSNY,Missed Collection,Trash,11418,Closed
57427714,2023-04-26T12:14:00.000,2023-04-26T13:15:00.000,DEP,Water System,Leak (Use Comments) (WA2),11235,Closed
57429358,2023-04-26T16:27:31.000,2023-05-02T13:56:58.000,DSNY,Illegal Posting,Poster or Sign,11207,Closed
57428350,2023-04-26T11:49:34.000,,DOHMH,Mobile Food Vendor,Smoke/Odor,10019,In Progress
57420887,2023-04-25T23:49:55.000,2023-05-04T21:34:18.000,HPD,PLUMBING,BASIN/SINK,10454,Closed
57435888,2023-04-27T07:02:56.000,2023-04-27T07:14:35.000,NYPD,Illegal Parking,Commercial Overnight Parking,11236,Closed
57434214,2023-04-27T15:03:30.000,2023-04-27T17:01:57.000,DSNY,Vendor Enforcement,Food Vendor,11218,Closed
57427592,2023-04-26T18:11:20.000,2023-04-27T11:08:12.000,DCWP,Consumer Complaint,Stoop Line,10452,Closed
57435034,2023-04-27T09:51:26.000,2023-05-08T21:02:24.000,HPD,ELECTRIC,OUTLET/SWITCH,10467,Closed
57428404,2023-04-26T12:58:03.000,2023-04-28T07:12:48.000,DSNY,Street Sweeping Complaint,Inadequate Sweeping,10451,Closed
57428879,2023-04-26T21:05:07.000,2023-04-27T05:02:50.000,NYPD,Illegal Parking,Commercial Overnight Parking,11223,Closed
57428617,2023-04-26T19:04:37.000,2023-04-26T19:44:06.000,NYPD,Noise - Street/Sidewalk,Loud Music/Party,10032,Closed
57433731,2023-04-27T06:26:26.000,2023-05-16T11:08:21.000,HPD,PLUMBING,WATER SUPPLY,10453,Closed
57431997,2023-04-26T08:42:00.000,2023-04-26T12:36:00.000,DSNY,Derelict Vehicles,Derelict Vehicles,10473,Closed
57435820,2023-04-27T22:11:47.000,2023-04-28T04:28:13.000,NYPD,Illegal Parking,Blocked Hydrant,11385,Closed
57428412,2023-04-26T08:45:04.000,2023-04-26T09:41:04.000,NYPD,Illegal Parking,Commercial Overnight Parking,11234,Closed
57431717,2023-04-26T16:44:41.000,2023-05-01T11:20:00.000,DOT,Street Condition,Pothole,11214,Closed
57433278,2023-04-27T18:29:35.000,2023-05-08T10:30:42.000,DOT,Street Condition,Failed Street Repair,11413,Closed
57433239,2023-04-28T00:18:29.000,2023-04-28T00:38:12.000,NYPD,Noise - Vehicle,Car/Truck Horn,10016,Closed
57430011,2023-04-26T11:52:30.000,2023-06-21T11:26:55.000,DPR,Damaged Tree,Tree Alive - in Poor Condition,10021,Closed
57433360,2023-04-27T10:51:42.000,2023-05-19T11:06:01.000,HPD,SAFETY,WINDOW GUARD BROKEN/MISSING,11203,Closed
57431023,2023-04-26T11:11:10.000,2023-04-26T16:29:15.000,NYPD,Illegal Parking,Posted Parking Sign Violation,11206,Closed
57426055,2023-04-26T17:04:18.000,2023-05-03T14:08:19.000,HPD,FLOORING/STAIRS,FLOOR,10463,Closed
57435019,2023-04-27T15:26:00.000,2023-04-28T13:15:00.000,DEP,Noise,Noise: Construction Before/After Hours (NM1),11415,Closed
57468790,2023-05-01T09:13:33.000,,EDC,Noise - Helicopter,Other,11238,In Progress
57428480,2023-04-26T11:58:13.000,2023-04-26T20:02:17.000,NYPD,Illegal Parking,Posted Parking Sign Violation,10451,Closed
57423757,2023-04-26T16:47:00.000,2023-04-27T11:08:00.000,DSNY,Derelict Vehicles,Derelict Vehicles,11214,Closed
57428614,2023-04-26T18:56:00.000,2023-05-04T18:45:00.000,DEP,Noise,Noise: Construction Before/After Hours (NM1),10031,Closed
57435177,2023-04-27T18:06:04.000,2023-04-27T21:14:30.000,NYPD,Illegal Parking,Blocked Hydrant,10026,Closed
57431658,2023-04-26T08:12:59.000,2023-04-28T10:42:43.000,DSNY,Illegal Dumping,Removal Request,11231,Closed
57434000,2023-04-27T14:44:07.000,2023-04-27T20:35:29.000,HPD,HEAT/HOT WATER,ENTIRE BUILDING,11375,Closed
57428208,2023-04-26T06:17:23.000,2023-04-27T13:17:08.000,HPD,HEAT/HOT WATER,ENTIRE BUILDING,11385,Closed
57435296,2023-04-27T13:39:50.000,2023-05-03T11:09:31.000,DSNY,Litter Basket Complaint,Overflowing,11229,Closed
57429875,2023-04-26T22:10:24.000,2023-05-04T19:53:03.000,HPD,APPLIANCE,ELECTRIC/GAS RANGE,11208,Closed
57430290,2023-04-26T11:50:00.000,2023-04-26T12:05:00.000,DEP,Water System,Leak (Use Comments) (WA2),10002,Closed
57432901,2023-04-27T08:54:32.000,2023-04-27T09:01:59.000,NYPD,Illegal Parking,Blocked Bike Lane,11101,Closed
57430138,2023-04-26T14:42:36.000,2023-04-28T11:32:42.000,HPD,HEAT/HOT WATER,APARTMENT ONLY,10453,Closed
57424461,2023-04-26T12:23:44.000,2023-05-02T20:27:21.000,HPD,PAINT/PLASTER,CEILING,10456,Closed
57428360,2023-04-26T09:24:09.000,2023-04-26T19:26:37.000,HPD,HEAT/HOT WATER,ENTIRE BUILDING,11219,Closed
57431315,2023-04-26T09:56:04.000,2023-04-28T14:08:29.000,DSNY,Illegal Dumping,Removal Request,10310,Closed
57432328,2023-04-26T12:33:05.000,2023-04-26T12:55:23.000,NYPD,Illegal Parking,Blocked Bike Lane,11215,Closed
57428295,2023-04-26T23:27:59.000,2023-04-27T10:24:34.000,DSNY,Dirty Condition,Trash,11213,Closed
57422111,2023-04-26T00:55:24.000,2023-04-26T01:01:47.000,NYPD,Noise - Residential,Banging/Pounding,11418,Closed
57435171,2023-04-28T00:08:28.000,2023-04-28T03:27:08.000,NYPD,Noise - Residential,Loud Music/Party,11216,Closed
57432992,2023-04-27T12:40:35.000,2023-04-27T13:28:26.000,NYPD,Abandoned Vehicle,With License Plate,11357,Closed
57428605,2023-04-26T22:38:04.000,2023-04-26T23:07:34.000,NYPD,Noise - Street/Sidewalk,Loud Talking,10024,Closed
57425709,2023-04-26T12:57:07.000,,DPR,Damaged Tree,Branch Cracked and Will Fall,11432,In Progress
57430369,2023-04-26T21:52:00.000,2023-04-27T01:33:46.000,NYPD,Blocked Driveway,No Access,11365,Closed
57433062,2023-04-26T23:58:00.000,2023-04-27T13:37:00.000,DSNY,Derelict Vehicles,Derelict Vehicles,10033,Closed
57432277,2023-04-26T23:53:44.000,2023-06-26T11:51:54.000,TLC,For Hire Vehicle Complaint,Driver Complaint - Non Passenger,10007,Closed
57435776,2023-04-27T14:30:39.000,2023-04-27T20:53:24.000,NYPD,Illegal Parking,Blocked Crosswalk,11418,Closed
57432361,2023-04-26T15:52:00.000,2023-04-27T22:14:00.000,DSNY,Derelict Vehicles,Derelict Vehicles,11435,Closed
55310403,2022-09-05T15:00:50.000,2022-09-07T13:20:00.000,DOT,Street Condition,Pothole,10472,Closed
57434596,2023-04-27T12:12:46.000,2023-05-05T15:35:44.000,DPR,Damaged Tree,Branch Cracked and Will Fall,11215,Closed
57435775,2023-04-27T12:01:51.000,2023-05-09T15:48:36.000,DSNY,Street Sweeping Complaint,Inadequate Sweeping,11214,Closed
57432917,2023-04-27T23:14:00.000,2023-04-28T02:08:10.000,NYPD,Noise - Vehicle,Car/Truck Music,11230,Closed
57432879,2023-04-27T11:08:52.000,2023-04-27T11:54:10.000,NYPD,Illegal Parking,Parking Permit Improper Use,11222,Closed
57429618,2023-04-27T01:23:41.000,2023-04-27T02:14:14.000,NYPD,Non-Emergency Police Matter,Trespassing,11212,Closed
57433052,2023-04-27T14:17:00.000,2023-04-27T23:12:00.000,DSNY,Derelict Vehicles,Derelict Vehicles,10466,Closed
57432487,2023-04-26T07:11:21.000,2023-04-26T07:14:58.000,NYPD,Illegal Parking,Posted Parking Sign Violation,10002,Closed
57433336,2023-04-27T22:32:17.000,2023-04-28T10:52:46.000,HPD,HEAT/HOT WATER,ENTIRE BUILDING,10024,Closed
57428677,2023-04-26T17:13:00.000,2023-04-27T12:18:00.000,DSNY,Derelict Vehicles,Derelict Vehicles,11216,Closed
57430729,2023-04-26T11:02:27.000,2023-05-04T10:36:39.000,DPR,Overgrown Tree/Branches,Hitting Building,10014,Closed
57434953,2023-04-27T21:21:02.000,2023-04-27T21:22:34.000,NYPD,Noise - Street/Sidewalk,Loud Music/Party,11212,Closed
57428259,2023-04-26T21:23:48.000,2023-04-27T03:08:49.000,NYPD,Illegal Fireworks,N/A,11101,Closed
57432930,2023-04-27T13:51:29.000,2023-04-27T17:58:17.000,NYPD,Illegal Parking,Blocked Bike Lane,10027,Closed
57427790,2023-04-26T14:43:00.000,2023-04-26T16:45:00.000,DOT,Traffic Signal Condition,Controller,11374,Closed
57435578,2023-04-27T13:16:47.000,2023-04-29T14:02:38.000,HPD,PLUMBING,RADIATOR,11222,Closed
57432265,2023-04-27T01:50:53.000,2023-04-27T01:58:43.000,NYPD,Noise - Street/Sidewalk,Loud Music/Party,11220,Closed
57432268,2023-04-26T13:28:00.000,2023-04-27T13:20:00.000,DOT,Street Condition,Pothole,10312,Closed
57435612,2023-04-27T09:42:26.000,2023-04-28T12:37:12.000,DCWP,Consumer Complaint,Restaurant,11419,Closed
57435300,2023-04-27T07:32:47.000,2023-04-27T07:39:18.000,NYPD,Encampment,N/A,,Closed
57429550,2023-04-26T09:43:37.000,2023-04-26T15:43:51.000,DOT,Sidewalk Condition,Blocked - Construction,11226,Closed
57429986,2023-04-26T06:43:10.000,2023-04-26T07:12:36.000,NYPD,Illegal Parking,Posted Parking Sign Violation,11228,Closed
57428875,2023-04-26T17:58:26.000,2023-04-26T18:29:04.000,NYPD,Illegal Parking,Blocked Bike Lane,10018,Closed
57422993,2023-04-26T23:41:48.000,2023-04-27T02:06:32.000,NYPD,Noise - Residential,Loud Music/Party,11373,Closed
57432662,2023-04-26T03:45:45.000,2023-05-10T10:34:14.000,DPR,New Tree Request,For One Address,11412,Closed
57427755,2023-04-26T13:30:44.000,2023-05-03T20:38:41.000,HPD,PAINT/PLASTER,CEILING,11211,Closed
57433689,2023-04-27T10:56:00.000,2023-04-28T07:59:00.000,DEP,Noise,"Noise, Barking Dog (NR5)",10461,Closed
57432214,2023-04-26T06:56:33.000,2023-04-27T20:33:59.000,HPD,HEAT/HOT WATER,ENTIRE BUILDING,10033,Closed
57433865,2023-04-27T17:09:00.000,2023-04-28T13:11:15.000,NYPD,Illegal Parking,Commercial Overnight Parking,11414,Closed
57432151,2023-04-26T12:27:36.000,2023-04-26T14:09:15.000,NYPD,Illegal Parking,Posted Parking Sign Violation,11230,Closed
57423510,2023-04-26T12:37:46.000,2023-04-26T14:15:37.000,NYPD,Blocked Driveway,No Access,11435,Closed
57423017,2023-04-26T10:55:12.000,2023-05-31T15:47:07.000,EDC,Noise - Helicopter,Other,10023,Closed
57428065,2023-04-26T13:04:15.000,2023-04-26T13:04:15.000,DOHMH,Rodent,Condition Attracting Rodents,11369,Closed
57431914,2023-04-26T13:42:36.000,2023-04-26T14:25:25.000,NYPD,Noise - Residential,Banging/Pounding,10025,Closed
57432667,2023-04-26T15:32:00.000,2023-04-26T17:30:00.000,DEP,Sewer,Sewer Backup (Use Comments) (SA),11364,Closed
57431468,2023-04-26T05:36:44.000,2023-05-01T14:01:28.000,HPD,PLUMBING,WATER SUPPLY,11692,Closed
57427486,2023-04-26T21:36:45.000,2023-04-27T18:47:33.000,HPD,HEAT/HOT WATER,ENTIRE BUILDING,11203,Closed
57435189,2023-04-27T16:03:01.000,2023-04-27T16:29:00.000,NYPD,Animal-Abuse,Tortured,11101,Closed
57432911,2023-04-27T09:22:45.000,2023-04-27T11:27:12.000,NYPD,Non-Emergency Police Matter,Trespassing,10467,Closed
57435168,2023-04-27T19:36:58.000,2023-05-03T14:55:17.000,DPR,Maintenance or Facility,Unsecured Facility,11229,Closed
57431636,2023-04-26T05:12:39.000,2023-04-26T08:23:27.000,NYPD,Illegal Parking,Blocked Hydrant,11356,Closed
57431093,2023-04-26T12:27:00.000,2023-04-26T12:27:00.000,DOT,Street Light Condition,Street Light Out,11358,Closed
57429309,2023-04-26T22:16:20.000,2023-04-26T23:09:38.000,NYPD,Noise - Commercial,Loud Music/Party,10014,Closed
57435465,2023-04-27T21:50:00.000,2023-05-01T22:00:00.000,DEP,Noise,Noise: Construction Before/After Hours (NM1),11211,Closed
57431998,2023-04-26T15:20:16.000,2023-04-26T18:00:58.000,NYPD,Illegal Parking,Posted Parking Sign Violation,11230,Closed
57433512,2023-04-27T18:20:44.000,2025-05-13T16:38:35.000,DPR,New Tree Request,For One Address,10306,Closed
57432288,2023-04-26T12:27:00.000,2023-04-26T12:27:00.000,DOT,Street Light Condition,Lamppost Base Door/Cover Open,11360,Closed
57434308,2023-04-27T20:50:29.000,2023-05-31T15:51:54.000,EDC,Noise - Helicopter,Other,10023,Closed
57435791,2023-04-27T14:06:15.000,2023-05-01T13:09:00.000,DOT,Street Condition,Pothole,10466,Closed
57435443,2023-04-27T06:13:30.000,2023-04-27T06:34:22.000,NYPD,Illegal Parking,Blocked Sidewalk,10001,Closed
57431249,2023-04-26T08:52:18.000,2023-05-04T20:23:28.000,HPD,ELECTRIC,POWER OUTAGE,11203,Closed
57433089,2023-04-27T07:56:29.000,2023-04-27T08:10:50.000,NYPD,Illegal Parking,Posted Parking Sign Violation,11235,Closed
57424718,2023-04-26T20:47:30.000,2023-05-23T16:02:16.000,HPD,GENERAL,BELL/BUZZER/INTERCOM,10034,Closed
57428907,2023-04-26T16:27:14.000,2024-06-04T00:18:52.000,DOHMH,Smoking,Smoking Violation,11226,Closed
57436014,2023-04-27T17:44:31.000,2023-04-28T06:55:00.000,DPR,Uprooted Stump,Remove Stump,10458,Closed
57476563,2023-05-01T16:31:09.000,2023-05-07T09:27:33.000,HPD,UNSANITARY CONDITION,MOLD,10019,Closed
57429558,2023-04-26T09:50:39.000,2023-04-26T09:50:39.000,DOHMH,Rodent,Rat Sighting,10019,Closed
57431453,2023-04-26T09:32:27.000,2023-04-26T14:24:24.000,DSNY,Missed Collection,Trash,10471,Closed
57433583,2023-04-27T12:31:55.000,2025-05-13T16:38:30.000,DPR,New Tree Request,For One Address,11385,Closed
57422285,2023-04-25T16:53:00.000,2023-04-27T13:54:00.000,DSNY,Derelict Vehicles,Derelict Vehicles,11239,Closed
57428224,2023-04-26T09:14:19.000,2023-04-26T09:14:19.000,DOB,General Construction/Plumbing,Working Contrary To Stop Work Order,10031,Closed
57432978,2023-04-27T10:50:49.000,2023-04-27T12:47:51.000,DOHMH,Rodent,Rat Sighting,10028,Closed
57422709,2023-04-25T12:27:35.000,2025-05-13T16:38:02.000,DPR,New Tree Request,For One Address,11206,Closed
57430257,2023-04-26T19:55:58.000,2023-04-26T20:09:24.000,NYPD,Noise - Vehicle,Car/Truck Music,10471,Closed
57429967,2023-04-26T08:00:25.000,2023-05-05T00:00:00.000,DOB,General Construction/Plumbing,Building Permit - None,11226,Closed
57424288,2023-04-26T04:40:10.000,2023-05-15T10:49:50.000,DHS,Homeless Person Assistance,,,Closed
57429721,2023-04-26T14:18:28.000,2023-05-04T10:44:54.000,HPD,UNSANITARY CONDITION,PESTS,10453,Closed
57428757,2023-04-26T12:45:30.000,2023-04-26T14:27:09.000,NYPD,Illegal Parking,Posted Parking Sign Violation,11201,Closed
57429480,2023-04-26T02:10:21.000,2023-04-26T03:14:33.000,NYPD,Illegal Parking,Blocked Hydrant,11208,Closed
57432421,2023-04-26T15:01:29.000,2023-08-17T07:34:30.000,HPD,WATER LEAK,HEAVY FLOW,11213,Closed
57431808,2023-04-26T02:26:17.000,2023-04-26T15:45:45.000,DOT,Sidewalk Condition,Blocked - Construction,11220,Closed
57433132,2023-04-27T17:44:00.000,2023-04-28T05:59:00.000,DEP,Air Quality,"Air: Odor/Fumes, Vehicle Idling (AD3)",10036,Closed
57435867,2023-04-27T17:40:40.000,2023-04-28T10:30:00.000,DOT,Street Condition,Pothole,11207,Closed
57427895,2023-04-26T16:53:34.000,2023-04-26T20:34:13.000,NYPD,Noise - Residential,Banging/Pounding,11235,Closed
57430107,2023-04-26T08:15:27.000,2023-04-27T09:08:14.000,DOHMH,Rodent,Rat Sighting,10025,Closed
57428919,2023-04-26T08:38:11.000,2024-03-07T00:00:00.000,DOB,Building/Use,Illegal Conversion Of Residential Building/Space,11419,Closed
57431221,2023-04-25T18:27:37.000,2023-04-26T13:05:00.000,DOT,Street Condition,Pothole,10022,Closed
57428027,2023-04-26T07:09:48.000,2023-04-26T08:39:28.000,NYPD,Illegal Parking,Parking Permit Improper Use,11372,Closed
57433501,2023-04-27T09:31:38.000,2023-04-27T14:40:31.000,NYPD,Illegal Parking,Paper License Plates,10021,Closed
57428134,2023-04-26T19:10:50.000,2023-04-26T20:17:04.000,NYPD,Noise - Commercial,Loud Music/Party,10002,Closed
57432964,2023-04-27T09:04:36.000,2023-04-27T11:48:21.000,NYPD,Illegal Parking,Blocked Sidewalk,11101,Closed
57432318,2023-04-26T17:18:19.000,2023-04-26T19:32:28.000,NYPD,Noise - Vehicle,Car/Truck Music,11101,Closed
57430775,2023-04-26T05:44:36.000,2023-05-31T15:45:23.000,EDC,Noise - Helicopter,Other,10011,Closed
57431304,2023-04-26T14:06:18.000,2023-04-27T05:18:14.000,DSNY,Dirty Condition,Trash,11377,Closed
57431072,2023-04-26T09:05:39.000,2023-05-05T15:53:53.000,HPD,UNSANITARY CONDITION,PESTS,10457,Closed
57428691,2023-04-26T09:05:08.000,2023-05-31T15:46:16.000,EDC,Noise - Helicopter,Other,11238,Closed
57431994,2023-04-26T05:57:50.000,2023-04-26T06:38:30.000,NYPD,Encampment,N/A,10013,Closed
57429305,2023-04-26T14:54:03.000,2023-04-26T21:41:20.000,NYPD,Illegal Parking,Blocked Bike Lane,10014,Closed
57432595,2023-04-26T01:14:54.000,2023-06-01T09:58:25.000,HPD,ELECTRIC,OUTLET/SWITCH,10473,Closed
57435144,2023-04-27T12:30:30.000,2023-09-20T11:32:53.000,HPD,UNSANITARY CONDITION,GARBAGE/RECYCLING STORAGE,10453,Closed
57433147,2023-04-27T06:59:00.000,2023-05-02T06:08:00.000,DEP,Noise,Noise: Construction Before/After Hours (NM1),10128,Closed
57435722,2023-04-27T08:36:00.000,2023-04-21T08:35:00.000,DOT,Street Light Condition,Street Light Out,11430,Pending
57428068,2023-04-26T10:52:32.000,2023-05-31T15:46:59.000,EDC,Noise - Helicopter,Other,10023,Closed
57433602,2023-04-27T12:42:30.000,2023-04-27T15:03:41.000,DSNY,Vendor Enforcement,Non-Food Vendor,10003,Closed
57434607,2023-04-28T00:02:48.000,2023-04-28T00:02:48.000,DOHMH,Rodent,Rat Sighting,10468,Closed
57430179,2023-04-26T22:10:47.000,2023-05-08T09:40:08.000,HPD,ELECTRIC,OUTLET/SWITCH,11377,Closed
57432437,2023-04-26T20:29:34.000,2023-04-26T22:38:24.000,NYPD,Noise - Residential,Banging/Pounding,10035,Closed
57431828,2023-04-26T19:48:21.000,2023-05-09T20:30:32.000,HPD,UNSANITARY CONDITION,SEWAGE,10456,Closed
57431876,2023-04-26T16:01:24.000,2023-04-27T01:00:07.000,NYPD,Noise - Vehicle,Car/Truck Music,10457,Closed
57434838,2023-04-27T11:08:00.000,2023-04-21T11:08:00.000,DOT,Street Light Condition,Lamppost Base Door/Cover Open,11232,Pending
57429601,2023-04-26T01:08:51.000,2023-04-26T21:47:34.000,HPD,HEAT/HOT WATER,ENTIRE BUILDING,11226,Closed
57430293,2023-04-26T13:42:56.000,2023-04-26T13:57:16.000,NYPD,Abandoned Vehicle,With License Plate,11417,Closed
57434566,2023-04-27T10:56:32.000,2023-04-27T11:53:34.000,DSNY,Missed Collection,Bulky Trash,11411,Closed
57428581,2023-04-26T15:49:14.000,2023-04-26T17:40:02.000,NYPD,Abandoned Vehicle,With License Plate,11101,Closed
57431638,2023-04-26T08:39:35.000,2023-04-26T09:15:16.000,NYPD,Illegal Parking,Posted Parking Sign Violation,10303,Closed
57432342,2023-04-26T10:13:11.000,2023-04-27T08:28:40.000,DOT,Street Condition,Blocked - Construction,10461,Closed
57435062,2023-04-27T08:44:41.000,2023-04-27T10:38:54.000,NYPD,Illegal Parking,Blocked Hydrant,11421,Closed
57429250,2023-04-26T15:45:05.000,2023-04-27T20:33:13.000,HPD,HEAT/HOT WATER,APARTMENT ONLY,11355,Closed
57427721,2023-04-26T14:06:52.000,2023-04-26T14:41:26.000,DSNY,Vendor Enforcement,Food Vendor,10004,Closed
57430933,2023-04-26T09:06:08.000,2023-04-26T15:10:05.000,NYPD,Abandoned Vehicle,With License Plate,10465,Closed
57464883,2023-05-01T00:07:48.000,2023-05-03T12:55:40.000,DSNY,Missed Collection,Trash,11219,Closed
57430240,2023-04-26T16:14:44.000,2023-04-27T05:26:06.000,NYPD,Abandoned Vehicle,With License Plate,11422,Closed
57431996,2023-04-26T08:27:00.000,2023-04-26T21:13:00.000,DSNY,Derelict Vehicles,Derelict Vehicles,10475,Closed
57430070,2023-04-26T22:59:42.000,2023-05-03T09:38:24.000,DSNY,Dumpster Complaint,Blocking Sidewalk or Street,11219,Closed
57434901,2023-04-27T14:59:19.000,2023-05-10T14:43:05.000,DOT,Sidewalk Condition,Broken Sidewalk,11215,Closed
59382305,2023-11-09T15:40:53.000,2023-11-09T20:28:50.000,NYPD,Illegal Parking,Posted Parking Sign Violation,11418,Closed
57432587,2023-04-26T17:00:44.000,2024-01-18T05:03:14.000,HPD,DOOR/WINDOW,WINDOW PANE,11435,Closed
57430056,2023-04-26T09:52:28.000,2023-04-26T11:56:58.000,HPD,HEAT/HOT WATER,ENTIRE BUILDING,11235,Closed
57434568,2023-04-27T03:25:48.000,2023-04-27T04:51:26.000,NYPD,Blocked Driveway,No Access,11214,Closed
57430129,2023-04-26T20:29:16.000,2023-04-26T21:54:24.000,NYPD,Noise - Residential,Banging/Pounding,11432,Closed
57428587,2023-04-26T08:42:04.000,2023-04-26T20:04:23.000,NYPD,Abandoned Vehicle,With License Plate,10469,Closed
57430500,2023-04-26T12:32:24.000,2023-04-26T20:34:55.000,NYPD,Illegal Parking,Blocked Sidewalk,11101,Closed
57433320,2023-04-27T14:31:30.000,2023-05-02T10:13:25.000,DOHMH,Drinking Water,Illness Caused by Drinking Water,10456,Closed
57420415,2023-04-25T12:20:38.000,2023-04-27T09:00:58.000,DOHMH,Rodent,Rat Sighting,10036,Closed
57425226,2023-04-26T19:56:00.000,2023-04-28T10:55:00.000,DEP,Lead,Lead Kit Request (Residential) (L10),11222,Closed
57426153,2023-04-26T10:23:00.000,2023-05-01T06:40:00.000,DEP,Noise,Noise: Construction Before/After Hours (NM1),11106,Closed
57431644,2023-04-26T22:08:46.000,2023-04-26T22:24:43.000,NYPD,Noise - Vehicle,Engine Idling,11223,Closed
57431283,2023-04-26T17:57:06.000,2023-04-26T22:49:27.000,NYPD,Noise - Street/Sidewalk,Loud Music/Party,10014,Closed
57429486,2023-04-26T14:14:00.000,2023-04-27T11:20:00.000,DEP,Sewer,Catch Basin Clogged/Flooding (Use Comments) (SC),11236,Closed
57434035,2023-04-27T22:04:15.000,2023-04-27T22:42:08.000,NYPD,Noise - Residential,Loud Music/Party,10019,Closed
57429713,2023-04-26T23:05:36.000,2023-04-27T20:15:42.000,HPD,HEAT/HOT WATER,ENTIRE BUILDING,10009,Closed
57433748,2023-04-27T18:56:09.000,2023-04-29T11:26:23.000,HPD,HEAT/HOT WATER,APARTMENT ONLY,11420,Closed
57436006,2023-04-27T06:29:14.000,2023-04-27T08:45:00.000,NYPD,Blocked Driveway,No Access,10454,Closed
57434677,2023-04-28T00:46:18.000,2023-04-28T02:25:55.000,NYPD,Noise - Vehicle,Car/Truck Music,11368,Closed
57430849,2023-04-26T14:14:47.000,2023-05-31T15:48:02.000,EDC,Noise - Helicopter,Other,10023,Closed
57434208,2023-04-27T06:41:43.000,2023-04-27T07:22:49.000,NYPD,Illegal Parking,Blocked Hydrant,11228,Closed
57432634,2023-04-26T10:52:52.000,2023-04-26T10:52:52.000,DOB,General Construction/Plumbing,Wall/Retaining Wall - Bulging/Cracked,11435,Open
57431677,2023-04-26T22:00:06.000,2023-04-26T23:08:03.000,NYPD,Illegal Parking,Blocked Hydrant,11215,Closed
57431538,2023-04-26T13:10:22.000,2023-04-27T07:11:26.000,DSNY,Street Sweeping Complaint,Inadequate Sweeping,11236,Closed
57432129,2023-04-26T15:32:15.000,2023-05-10T20:14:39.000,HPD,FLOORING/STAIRS,FLOOR,11230,Closed
57435772,2023-04-28T00:15:38.000,2023-04-28T06:05:28.000,NYPD,Animal-Abuse,Other (complaint details),11385,Closed
57428455,2023-04-27T01:08:14.000,2023-04-27T03:21:23.000,NYPD,Animal-Abuse,Neglected,10301,Closed
57428749,2023-04-26T16:20:48.000,2023-04-26T16:33:51.000,NYPD,Noise - Residential,Banging/Pounding,11216,Closed
57428651,2023-04-26T19:10:32.000,2023-04-28T11:32:44.000,HPD,HEAT/HOT WATER,ENTIRE BUILDING,10452,Closed
57431588,2023-04-26T16:08:03.000,2023-04-27T21:11:47.000,DSNY,Commercial Disposal Complaint,No Private Carter,10128,Closed
57424042,2023-04-26T16:29:51.000,2023-05-12T10:17:31.000,DPR,New Tree Request,For One Address,10027,Closed
57431150,2023-04-26T15:33:00.000,2023-04-28T05:43:00.000,DSNY,Derelict Vehicles,Derelict Vehicles,,Closed
57472154,2023-05-02T01:31:03.000,2023-05-02T02:03:26.000,NYPD,Blocked Driveway,No Access,11374,Closed
57435021,2023-04-27T18:59:16.000,2023-05-15T12:02:05.000,DPR,New Tree Request,For One Address,11411,Closed
57433719,2023-04-27T10:51:56.000,2023-05-22T08:45:14.000,HPD,UNSANITARY CONDITION,PESTS,10456,Closed
57434146,2023-04-27T16:21:48.000,2023-05-31T15:50:38.000,EDC,Noise - Helicopter,Other,11414,Closed
57434506,2023-04-27T14:43:16.000,2023-04-28T13:58:44.000,DOT,Street Sign - Damaged,"No Parking, Standing, Stopping",11106,Closed
57435525,2023-04-27T18:50:13.000,2023-04-27T21:47:47.000,NYPD,Noise - Residential,Loud Music/Party,10040,Closed
57421125,2023-04-25T12:20:38.000,2023-04-27T20:37:42.000,HPD,PAINT/PLASTER,WALL,10451,Closed
57429221,2023-04-26T20:38:10.000,2023-04-27T09:34:26.000,DPR,Overgrown Tree/Branches,Dead Branches in Tree,11105,Closed
57432571,2023-04-26T16:47:51.000,2023-04-26T16:51:54.000,NYPD,Illegal Parking,Blocked Sidewalk,11219,Closed
57435934,2023-04-27T08:44:18.000,2023-04-27T11:56:37.000,NYPD,Traffic,Chronic Stoplight Violation,11434,Closed
57427799,2023-04-26T17:05:00.000,2023-04-26T19:15:00.000,DOT,Traffic Signal Condition,Pedestrian Signal,11101,Closed
57427824,2023-04-26T05:27:20.000,2023-04-26T07:36:28.000,NYPD,Panhandling,N/A,,Closed
57428052,2023-04-26T19:06:42.000,2023-04-27T14:35:48.000,DCWP,Consumer Complaint,Retail Store,11417,Closed
57431873,2023-04-27T01:49:46.000,2023-04-27T03:12:44.000,NYPD,Noise - Residential,Loud Music/Party,11368,Closed
57434708,2023-04-27T23:42:17.000,2023-04-28T01:28:57.000,NYPD,Blocked Driveway,No Access,11221,Closed
57430618,2023-04-26T09:52:21.000,2023-07-17T09:05:19.000,HPD,GENERAL,BELL/BUZZER/INTERCOM,11212,Closed
57429625,2023-04-26T07:31:00.000,2023-04-27T12:12:00.000,DSNY,Derelict Vehicles,Derelict Vehicles,,Closed
57435547,2023-04-27T23:27:08.000,2023-04-28T01:36:25.000,NYPD,Noise - Street/Sidewalk,Loud Talking,10455,Closed
57430573,2023-04-26T23:24:23.000,2023-04-26T23:24:23.000,DOHMH,Rodent,Rat Sighting,11238,Closed
57431099,2023-04-26T10:50:29.000,2023-04-26T16:46:53.000,NYPD,Illegal Parking,Posted Parking Sign Violation,11363,Closed
57430608,2023-04-27T00:52:50.000,2023-04-27T02:48:13.000,NYPD,Noise - Residential,Loud Music/Party,10469,Closed
57433767,2023-04-27T16:09:39.000,2023-05-08T20:20:58.000,HPD,WATER LEAK,HEAVY FLOW,10472,Closed
57428619,2023-04-26T05:39:48.000,2023-04-26T22:17:44.000,HPD,HEAT/HOT WATER,ENTIRE BUILDING,10029,Closed
57434925,2023-04-27T16:49:22.000,2023-04-27T21:45:16.000,NYPD,Noise - Street/Sidewalk,Loud Music/Party,11221,Closed
57428232,2023-04-26T23:19:21.000,2023-04-27T02:35:07.000,NYPD,Noise - Residential,Loud Music/Party,10451,Closed
57433976,2023-04-27T09:23:49.000,2023-04-27T10:38:22.000,NYPD,Traffic,Chronic Speeding,10312,Closed
57430409,2023-04-26T13:12:23.000,2023-04-26T16:35:34.000,NYPD,Illegal Parking,Posted Parking Sign Violation,10468,Closed
57433596,2023-04-27T16:22:40.000,2023-04-27T18:02:21.000,DSNY,Vendor Enforcement,Non-Food Vendor,10019,Closed
57429880,2023-04-26T18:59:31.000,2023-04-27T12:36:34.000,DSNY,Dirty Condition,Trash,10466,Closed
57430037,2023-04-26T10:15:02.000,2023-05-06T00:00:00.000,DOB,Building/Use,Illegal Conversion Of Residential Building/Space,11217,Closed
57430675,2023-04-26T23:33:25.000,2023-04-27T00:34:40.000,NYPD,Noise - Commercial,Loud Music/Party,11226,Closed
57435010,2023-04-27T18:32:40.000,2023-06-15T08:15:04.000,TLC,For Hire Vehicle Complaint,Driver Complaint - Non Passenger,10003,Closed
57429522,2023-04-26T09:27:45.000,2023-04-26T10:28:22.000,NYPD,Blocked Driveway,No Access,11375,Closed
57434424,2023-04-27T19:26:00.000,2023-05-03T00:00:00.000,DEP,Noise,Noise: Construction Before/After Hours (NM1),10038,Closed
57435225,2023-04-27T21:14:34.000,2023-04-27T21:19:18.000,NYPD,Illegal Parking,Posted Parking Sign Violation,11211,Closed
57431043,2023-04-26T13:08:00.000,2023-05-02T00:00:00.000,DEP,Industrial Waste,Grease In Sewer/Catch Basin (IDG),10035,Closed
57423609,2023-04-26T17:58:16.000,2023-04-26T17:58:16.000,DOHMH,Unsanitary Animal Pvt Property,Dog,11691,Closed
57431866,2023-04-26T19:45:39.000,2023-05-02T13:34:28.000,DOT,Street Sign - Missing,Stop,11205,Closed
57429343,2023-04-26T11:15:26.000,2023-04-26T11:57:35.000,NYPD,Noise - Residential,Loud Talking,11231,Closed
57430969,2023-04-26T05:31:39.000,2023-05-31T15:45:20.000,EDC,Noise - Helicopter,Other,10025,Closed
57434021,2023-04-27T19:23:54.000,2023-04-27T23:10:16.000,NYPD,Noise - Residential,Banging/Pounding,10453,Closed
57432921,2023-04-27T14:45:22.000,2023-04-27T15:06:08.000,NYPD,Drug Activity,Use Outside,10029,Closed
57432970,2023-04-27T09:51:54.000,2023-04-28T14:55:37.000,HPD,HEAT/HOT WATER,ENTIRE BUILDING,10462,Closed
57431044,2023-04-26T07:14:11.000,2023-04-26T07:14:11.000,DOHMH,Rodent,Condition Attracting Rodents,11237,Closed
58029558,2023-06-27T21:40:32.000,2023-06-27T21:59:17.000,NYPD,Noise - Commercial,Loud Music/Party,10452,Closed
57434142,2023-04-27T12:20:59.000,2023-05-17T13:00:35.000,HPD,GENERAL,CABINET,11373,Closed
57420146,2023-04-25T08:41:58.000,2023-04-28T08:36:04.000,DSNY,Abandoned Bike,Chained to Public Property,11215,Closed
57429244,2023-04-26T20:19:09.000,2023-04-26T20:55:39.000,NYPD,Noise - Residential,Banging/Pounding,10451,Closed
57419566,2023-04-25T20:55:41.000,2023-04-25T23:14:56.000,NYPD,Illegal Parking,Blocked Hydrant,11219,Closed
57434825,2023-04-27T19:05:00.000,2023-05-31T21:45:00.000,DEP,Noise,Noise: air condition/ventilation equipment (NV1),11374,Closed
57430846,2023-04-26T15:00:51.000,2023-04-26T16:07:50.000,NYPD,Illegal Parking,Posted Parking Sign Violation,11355,Closed
57430041,2023-04-26T10:12:02.000,2023-05-05T15:48:48.000,TLC,For Hire Vehicle Complaint,Driver Complaint - Non Passenger,11101,Closed
57430552,2023-04-26T21:29:25.000,2023-04-27T13:14:36.000,DSNY,Dirty Condition,Trash,11201,Closed
57434376,2023-04-27T23:36:54.000,2023-04-28T00:31:21.000,NYPD,Abandoned Vehicle,With License Plate,11205,Closed
57422838,2023-04-25T09:15:24.000,2023-05-31T15:41:02.000,EDC,Noise - Helicopter,Other,11238,Closed
57431959,2023-04-26T20:44:16.000,2023-04-26T22:20:59.000,NYPD,Noise - Residential,Loud Music/Party,11434,Closed
57428551,2023-04-26T17:56:00.000,2023-04-26T17:56:00.000,DOHMH,Rodent,Rat Sighting,10455,Closed
57430526,2023-04-26T21:16:09.000,2023-04-26T21:18:20.000,NYPD,Noise - Vehicle,Car/Truck Music,10002,Closed
57430984,2023-04-26T09:02:27.000,2023-08-31T09:46:14.000,HPD,APPLIANCE,REFRIGERATOR,10452,Closed
57429600,2023-04-26T18:00:21.000,2023-04-26T18:01:42.000,NYPD,Noise - Residential,Banging/Pounding,10468,Closed
57426137,2023-04-26T17:51:46.000,2023-04-28T12:54:14.000,DOT,Street Condition,Defective Hardware,10075,Closed
57428556,2023-04-26T08:03:06.000,2023-04-26T11:30:32.000,NYPD,Illegal Parking,Blocked Sidewalk,11377,Closed
57426970,2023-04-26T04:23:43.000,2023-04-26T05:24:40.000,NYPD,Illegal Parking,Blocked Hydrant,11214,Closed
57424735,2023-04-26T14:29:00.000,2023-04-26T20:19:00.000,DSNY,Derelict Vehicles,Derelict Vehicles,11420,Closed
57435705,2023-04-28T00:34:14.000,2023-04-28T00:53:33.000,NYPD,Noise - Commercial,Loud Music/Party,11385,Closed
57431136,2023-04-26T22:24:11.000,2023-04-27T01:22:05.000,NYPD,Noise - Residential,Banging/Pounding,10457,Closed
57431052,2023-04-26T22:25:42.000,2023-06-13T07:02:49.000,TLC,For Hire Vehicle Complaint,Driver Complaint - Non Passenger,10002,Closed
57428946,2023-04-26T09:14:00.000,2023-04-26T11:10:00.000,DEP,Hazardous Materials,Chemical Spill/Release (HA1),11374,Closed
57433442,2023-04-27T10:45:53.000,2023-04-27T10:58:11.000,NYPD,Noise - Park,Loud Music/Party,10007,Closed
57423490,2023-04-26T13:27:19.000,2023-04-27T09:00:00.000,DOT,Street Condition,Pothole,10461,Closed
57434166,2023-04-27T12:08:39.000,2023-05-13T18:16:43.000,HPD,FLOORING/STAIRS,FLOOR,10466,Closed
57435139,2023-04-27T13:35:01.000,2023-06-29T20:21:51.000,HPD,GENERAL,CABINET,10458,Closed
57434810,2023-04-27T11:45:33.000,2023-04-27T14:28:04.000,NYPD,Blocked Driveway,No Access,10302,Closed
57431758,2023-04-26T22:17:03.000,2023-04-27T01:37:58.000,NYPD,Illegal Parking,Blocked Crosswalk,11379,Closed
57433013,2023-04-27T10:53:01.000,2023-04-29T14:00:31.000,DSNY,Street Sweeping Complaint,Street Not Swept,11237,Closed
57435091,2023-04-27T11:15:00.000,2023-04-27T18:28:40.000,HPD,HEAT/HOT WATER,ENTIRE BUILDING,10462,Closed
57433377,2023-04-27T16:51:51.000,2023-04-29T14:07:40.000,DSNY,Illegal Dumping,Removal Request,11233,Closed
57435231,2023-04-27T16:20:00.000,2023-04-27T20:37:00.000,DEP,Water System,Hydrant Knocked Over/Missing (WC),11365,Closed
57431105,2023-04-26T14:50:03.000,2023-04-28T13:28:23.000,DSNY,Commercial Disposal Complaint,No Private Carter,10024,Closed
57434722,2023-04-27T18:13:26.000,2023-04-28T02:07:37.000,HPD,HEAT/HOT WATER,ENTIRE BUILDING,10032,Closed
57432488,2023-04-26T11:10:17.000,2023-04-26T12:02:58.000,NYPD,Illegal Parking,Blocked Sidewalk,11101,Closed
57433189,2023-04-27T14:44:26.000,2023-06-09T14:55:03.000,HPD,SAFETY,SMOKE DETECTOR,10457,Closed
57434724,2023-04-27T20:40:00.000,2023-05-08T13:40:00.000,DOT,Street Condition,Pothole,10305,Closed
57433988,2023-04-27T04:42:35.000,2023-04-27T14:28:36.000,HPD,HEAT/HOT WATER,ENTIRE BUILDING,10452,Closed
57434400,2023-04-27T09:59:35.000,2023-04-27T11:35:00.000,NYPD,Abandoned Vehicle,With License Plate,10466,Closed
57432683,2023-04-26T18:13:10.000,2023-04-26T18:16:07.000,NYPD,Noise - Street/Sidewalk,Loud Music/Party,11225,Closed
57435035,2023-04-27T14:18:00.000,2023-04-28T10:05:00.000,DOT,Traffic Signal Condition,In Post Base,11413,Closed
57430671,2023-04-26T19:08:48.000,2023-04-27T01:17:42.000,NYPD,Illegal Parking,Posted Parking Sign Violation,11218,Closed
57428620,2023-04-26T11:23:07.000,2023-07-31T20:14:02.000,HPD,APPLIANCE,REFRIGERATOR,10472,Closed
57433752,2023-04-27T10:08:25.000,2025-10-07T13:54:30.000,DPR,Damaged Tree,Branch Cracked and Will Fall,11377,Closed
57431154,2023-04-26T12:07:26.000,2024-02-02T15:11:54.000,HPD,GENERAL,CABINET,11230,Closed
57428228,2023-04-26T16:19:34.000,2023-04-26T18:58:35.000,NYPD,Noise - Residential,Loud Music/Party,11233,Closed
57429298,2023-04-26T06:24:40.000,2023-04-26T06:34:05.000,NYPD,Blocked Driveway,No Access,11207,Closed
57428728,2023-04-26T09:02:27.000,2023-08-31T09:46:14.000,HPD,PAINT/PLASTER,CEILING,10452,Closed
57431108,2023-04-26T14:04:42.000,2023-05-02T12:28:15.000,DOT,Sidewalk Condition,Sidewalk Violation,11373,Closed
58062182,2023-07-01T21:50:26.000,2023-07-02T01:01:54.000,NYPD,Illegal Parking,Blocked Hydrant,11378,Closed
57431412,2023-04-26T09:37:54.000,2023-04-26T09:37:54.000,DOHMH,Rodent,Condition Attracting Rodents,10467,Closed
57430464,2023-04-26T12:30:20.000,2023-04-26T14:45:35.000,NYPD,Blocked Driveway,No Access,11435,Closed
57431031,2023-04-26T13:23:25.000,2023-05-12T13:44:41.000,HPD,WATER LEAK,SLOW LEAK,10024,Closed
57434147,2023-04-27T21:04:48.000,2023-04-27T23:26:38.000,NYPD,Illegal Parking,Blocked Hydrant,11205,Closed
57425329,2023-04-26T17:02:13.000,2023-05-31T15:48:34.000,EDC,Noise - Helicopter,Other,10023,Closed
57435202,2023-04-27T04:33:22.000,2023-05-09T02:05:13.000,HPD,UNSANITARY CONDITION,GARBAGE/RECYCLING STORAGE,11219,Closed
57432190,2023-04-26T14:33:12.000,2023-07-14T18:04:14.000,HPD,UNSANITARY CONDITION,PESTS,10036,Closed
57435763,2023-04-27T13:27:00.000,2023-04-27T17:25:00.000,DOT,Traffic Signal Condition,Controller,,Closed
57435180,2023-04-27T15:39:53.000,2023-05-15T17:26:29.000,HPD,PLUMBING,BATHTUB/SHOWER,11423,Closed
57433561,2023-04-27T08:03:29.000,2023-04-27T15:08:49.000,NYPD,Blocked Driveway,No Access,10455,Closed
57435913,2023-04-27T16:45:00.000,2023-04-28T11:55:00.000,DSNY,Derelict Vehicles,Derelict Vehicles,11206,Closed
57431124,2023-04-26T09:41:00.000,2023-04-27T15:04:00.000,DEP,Noise,Noise: air condition/ventilation equipment (NV1),11101,Closed
57419585,2023-04-25T12:04:00.000,2023-04-26T04:14:00.000,DSNY,Derelict Vehicles,Derelict Vehicles,10035,Closed
57432499,2023-04-26T06:10:32.000,2025-05-13T16:38:13.000,DPR,New Tree Request,For One Address,10463,Closed
57434229,2023-04-27T16:50:00.000,2023-04-28T14:19:00.000,DOT,Street Light Condition,Street Light Out,10451,Closed
57431076,2023-04-26T14:45:24.000,2023-04-26T15:31:18.000,NYPD,Illegal Parking,Blocked Bike Lane,11238,Closed
57421174,2023-04-25T10:25:08.000,2023-05-02T00:00:00.000,DSNY,Graffiti,Graffiti,11103,Closed
57430621,2023-04-26T18:28:57.000,2023-04-26T20:13:34.000,NYPD,Noise - Residential,Loud Television,10021,Closed
57432345,2023-04-26T18:25:19.000,2023-04-26T22:21:02.000,DHS,Homeless Person Assistance,,11427,Closed
57431312,2023-04-26T14:35:30.000,2023-05-12T10:01:03.000,DPR,New Tree Request,For One Address,11211,Closed
57424900,2023-04-26T22:50:01.000,2023-04-27T00:28:02.000,NYPD,Noise - Residential,Loud Music/Party,11375,Closed
57434894,2023-04-27T01:17:54.000,2023-05-18T09:51:27.000,HPD,UNSANITARY CONDITION,PESTS,11365,Closed
57429978,2023-04-26T10:24:33.000,2023-04-26T10:51:42.000,NYPD,Illegal Parking,Posted Parking Sign Violation,11366,Closed
57434655,2023-04-27T07:20:00.000,2023-04-27T08:55:00.000,DEP,Sewer,Manhole Cover Missing (Emergency) (SA3),10468,Closed
57431641,2023-04-26T21:27:06.000,2023-05-31T15:49:10.000,EDC,Noise - Helicopter,Other,11238,Closed
57430194,2023-04-26T23:57:28.000,2023-04-27T00:28:00.000,NYPD,Blocked Driveway,No Access,11212,Closed
57435173,2023-04-27T21:37:34.000,2023-04-29T15:08:39.000,DSNY,Litter Basket Complaint,Overflowing,11205,Closed
57431102,2023-04-26T12:49:11.000,2023-04-26T14:26:10.000,NYPD,Illegal Parking,Parking Permit Improper Use,11201,Closed
57434874,2023-04-27T20:57:34.000,2023-04-27T21:56:38.000,NYPD,Blocked Driveway,Partial Access,11203,Closed
57429658,2023-04-26T08:28:08.000,2023-04-28T09:48:55.000,HPD,ELECTRIC,POWER OUTAGE,11206,Closed
57429742,2023-04-26T09:02:46.000,2023-04-27T09:53:38.000,DSNY,Dirty Condition,Trash,11235,Closed
57435341,2023-04-27T10:29:42.000,2023-04-28T18:06:45.000,HPD,HEAT/HOT WATER,ENTIRE BUILDING,11235,Closed
57430882,2023-04-26T08:29:14.000,2023-04-26T08:29:14.000,DOHMH,Unsanitary Animal Pvt Property,Cat,11411,Closed
57435968,2023-04-27T20:30:08.000,2023-05-16T11:08:41.000,HPD,UNSANITARY CONDITION,PESTS,11228,Closed
57431615,2023-04-26T14:33:21.000,2024-11-12T17:25:39.000,DPR,Root/Sewer/Sidewalk Condition,Trees and Sidewalks Program,11210,Closed
57427870,2023-04-26T19:29:29.000,2023-04-28T13:28:50.000,HPD,HEAT/HOT WATER,ENTIRE BUILDING,10457,Closed
57432042,2023-04-26T03:26:24.000,2023-04-26T13:52:31.000,HPD,HEAT/HOT WATER,ENTIRE BUILDING,10474,Closed
57453907,2023-04-29T05:49:41.000,2023-05-07T04:59:55.000,DOT,Highway Condition,Pothole - Highway,,Closed
57434296,2023-04-27T11:24:50.000,2023-04-27T11:50:43.000,NYPD,Illegal Parking,Posted Parking Sign Violation,11236,Closed
57431827,2023-04-26T09:51:59.000,2023-04-26T18:47:17.000,NYPD,Animal-Abuse,Neglected,10457,Closed
57430494,2023-04-26T15:19:52.000,2023-04-26T16:36:37.000,NYPD,Noise - Residential,Banging/Pounding,11221,Closed
57433244,2023-04-27T19:18:03.000,2023-04-28T11:04:45.000,HPD,PAINT/PLASTER,CEILING,10458,Closed
57431272,2023-04-27T01:43:28.000,2023-04-27T02:18:24.000,NYPD,Noise - Residential,Banging/Pounding,10029,Closed
57432526,2023-04-26T06:16:00.000,2023-04-26T20:18:00.000,DSNY,Derelict Vehicles,Derelict Vehicles,11414,Closed
57429206,2023-04-26T07:58:50.000,2023-04-26T11:22:40.000,DHS,Homeless Person Assistance,,10013,Closed
57421962,2023-04-25T00:12:06.000,2023-05-25T00:00:00.000,DOB,General Construction/Plumbing,Building Permit - None,10309,Closed
57429489,2023-04-26T20:35:00.000,2023-04-28T10:31:00.000,DSNY,Electronics Waste Appointment,Ewaste appointment,10308,Closed
57432168,2023-04-26T17:40:08.000,2023-04-27T10:07:58.000,DCWP,Consumer Complaint,Garage/Parking Lot,11207,Closed
57434283,2023-04-27T22:53:10.000,2023-04-28T01:41:47.000,NYPD,Noise - Residential,Loud Music/Party,10451,Closed
57432222,2023-04-26T13:25:43.000,2024-11-15T10:41:44.000,DPR,Maintenance or Facility,Structure - Outdoors,11235,Closed
57431949,2023-04-26T08:58:33.000,2023-04-26T09:02:05.000,DPR,Animal in a Park,Dog Off Leash,11214,Closed
57428010,2023-04-26T15:13:56.000,2023-04-26T18:35:48.000,NYPD,Illegal Parking,Parking Permit Improper Use,11433,Closed
57429619,2023-04-26T10:18:58.000,2023-04-26T14:04:28.000,NYPD,Illegal Parking,Unauthorized Bus Layover,10007,Closed
57435430,2023-04-27T10:10:37.000,2023-06-07T08:50:18.000,HPD,SAFETY,CARBON MONOXIDE DETECTOR,11201,Closed
57433257,2023-04-27T21:54:25.000,2023-04-27T23:10:07.000,NYPD,Noise - Residential,Loud Music/Party,11230,Closed
57434665,2023-04-27T08:30:04.000,2023-04-28T02:59:32.000,DHS,Homeless Person Assistance,,10003,Closed
57432597,2023-04-26T22:37:32.000,2023-04-27T02:20:19.000,NYPD,Illegal Parking,Blocked Hydrant,11235,Closed
57423523,2023-04-26T12:39:29.000,2023-04-26T13:58:56.000,NYPD,Bike/Roller/Skate Chronic,N/A,11230,Closed
57455368,2023-04-29T05:51:36.000,,DOHMH,Standing Water,Swimming Pool - Unmaintained,10465,In Progress
57427807,2023-04-26T12:04:01.000,2023-05-13T08:38:45.000,DSNY,Missed Collection,Recycling - Paper/Metal/Glass/Rigid Plastic,10014,Closed
57435372,2023-04-27T18:05:56.000,2023-04-27T18:51:32.000,NYPD,Urinating in Public,N/A,10314,Closed
57432165,2023-04-26T12:47:56.000,2023-04-28T07:16:21.000,HPD,HEAT/HOT WATER,ENTIRE BUILDING,11226,Closed
57428023,2023-04-26T21:39:36.000,2023-04-27T00:14:00.000,NYPD,Noise - Commercial,Banging/Pounding,10009,Closed
57429830,2023-04-26T16:24:59.000,2023-05-09T15:23:23.000,DOT,Sidewalk Condition,Broken Sidewalk,11218,Closed
57427691,2023-04-26T09:35:26.000,2023-05-12T00:00:00.000,DOB,General Construction/Plumbing,Site Conditions Endangering Workers,10456,Closed
57434055,2023-04-27T00:44:39.000,2023-04-28T11:53:13.000,HPD,HEAT/HOT WATER,ENTIRE BUILDING,11238,Closed
57430093,2023-04-26T08:47:13.000,2023-05-19T00:00:00.000,DOB,Special Projects Inspection Team (SPIT),Illegal Hotel Rooms In Residential Building,11228,Closed
57428912,2023-04-26T20:37:54.000,2023-04-28T10:26:44.000,HPD,HEAT/HOT WATER,ENTIRE BUILDING,11211,Closed
57435421,2023-04-27T11:01:40.000,2023-04-27T11:50:37.000,NYPD,Noise - Residential,Banging/Pounding,11235,Closed
57431941,2023-04-26T23:42:36.000,2023-04-27T03:54:21.000,NYPD,Noise - Residential,Banging/Pounding,10467,Closed
57431181,2023-04-26T13:02:00.000,2023-05-02T14:22:00.000,DOT,Street Light Condition,Street Light Out,10464,Closed
57436021,2023-04-27T11:56:48.000,2024-06-04T00:16:16.000,DOHMH,Food Establishment,Rodents/Insects/Garbage,11217,Closed
57431544,2023-04-26T16:15:39.000,2023-04-26T16:16:52.000,NYPD,Illegal Parking,Posted Parking Sign Violation,11366,Closed
57428976,2023-04-26T20:28:22.000,2023-05-01T20:20:15.000,HPD,APPLIANCE,REFRIGERATOR,11203,Closed
57428765,2023-04-26T10:26:00.000,2023-04-27T09:48:00.000,DSNY,Derelict Vehicles,Derelict Vehicles,11206,Closed
57433529,2023-04-27T13:23:53.000,2023-05-11T15:36:49.000,DOHMH,Rodent,Rat Sighting,11237,Closed
57428157,2023-04-26T06:09:53.000,2023-04-26T17:00:52.000,NYPD,Abandoned Vehicle,With License Plate,10453,Closed
57434638,2023-04-27T12:05:15.000,2024-01-16T14:41:16.000,DPR,Damaged Tree,Branch Cracked and Will Fall,11692,Closed
57429078,2023-04-26T16:45:11.000,2023-04-26T17:10:39.000,NYPD,Noise - Commercial,Loud Music/Party,10002,Closed
57426732,2023-04-26T12:14:11.000,2023-04-27T10:01:31.000,DOE,School Maintenance,Rodents/Mice,10461,Closed
57429838,2023-04-26T22:10:15.000,2023-04-27T08:42:47.000,HPD,HEAT/HOT WATER,ENTIRE BUILDING,11373,Closed
57432384,2023-04-26T12:16:28.000,2023-04-28T13:28:50.000,HPD,HEAT/HOT WATER,ENTIRE BUILDING,10457,Closed
57430725,2023-04-26T11:30:46.000,2023-04-26T11:31:40.000,NYPD,Drug Activity,Use Outside,11366,Closed
57431408,2023-04-26T22:51:59.000,2023-05-12T10:48:11.000,DPR,New Tree Request,For One Address,11221,Closed
57430740,2023-04-26T11:54:55.000,2023-04-26T12:43:58.000,NYPD,Blocked Driveway,No Access,11203,Closed
57430360,2023-04-26T17:27:17.000,2023-06-12T12:06:19.000,HPD,ELECTRIC,NO LIGHTING,11212,Closed
57431529,2023-04-26T08:42:50.000,2024-05-08T20:54:08.000,HPD,GENERAL,COOKING GAS,11203,Closed
57434171,2023-04-28T00:28:47.000,2023-04-28T00:42:10.000,NYPD,Noise - Residential,Loud Music/Party,10469,Closed
57434980,2023-04-27T11:08:00.000,2023-04-27T13:55:00.000,DEP,Sewer,Sewer Backup (Use Comments) (SA),10035,Closed
57433376,2023-04-27T03:02:01.000,2023-04-27T05:06:06.000,NYPD,Illegal Parking,Blocked Sidewalk,11385,Closed
57431504,2023-04-26T15:15:00.000,2023-04-27T11:05:00.000,DOT,Street Light Condition,Street Light Out,11101,Closed
57428866,2023-04-26T16:51:38.000,2023-04-26T16:52:00.000,NYPD,Illegal Parking,Blocked Sidewalk,11219,Closed
57429241,2023-04-26T16:07:03.000,2023-05-01T12:55:04.000,DOT,Sidewalk Condition,Sidewalk Violation,10028,Closed
57429374,2023-04-26T14:47:10.000,2023-05-31T15:48:20.000,EDC,Noise - Helicopter,Other,11414,Closed
57429573,2023-04-26T10:21:49.000,2023-04-26T11:05:05.000,DSNY,Residential Disposal Complaint,Waste Set Out Too Early or Too Late,10035,Closed
57430126,2023-04-26T17:21:02.000,2023-05-05T13:40:24.000,HPD,APPLIANCE,ELECTRIC/GAS RANGE,11236,Closed
57432226,2023-04-26T14:41:31.000,2023-05-02T09:41:39.000,DOT,Sidewalk Condition,Broken Sidewalk,11215,Closed
57427587,2023-04-26T17:03:13.000,2023-04-26T18:18:27.000,NYPD,Noise - Street/Sidewalk,Loud Music/Party,11226,Closed
57431942,2023-04-26T15:12:50.000,2023-04-26T19:58:18.000,DHS,Homeless Person Assistance,,10103,Closed
57431964,2023-04-26T06:44:48.000,2023-04-27T13:37:40.000,DSNY,Dirty Condition,Dog Waste,11216,Closed
57432317,2023-04-26T10:32:09.000,2023-04-29T14:57:13.000,DSNY,Missed Collection,Compost,11238,Closed
57432041,2023-04-26T10:28:44.000,2023-05-31T15:46:49.000,EDC,Noise - Helicopter,Other,10023,Closed
57433440,2023-04-27T22:13:03.000,2023-04-27T23:14:00.000,NYPD,Blocked Driveway,No Access,10023,Closed
57427729,2023-04-26T20:33:57.000,2023-05-11T10:48:56.000,HPD,UNSANITARY CONDITION,PESTS,11106,Closed
57435243,2023-04-27T03:51:31.000,2023-04-27T04:18:24.000,NYPD,Encampment,N/A,,Closed
57465150,2023-04-30T18:58:49.000,2023-04-30T18:58:49.000,DOT,Street Condition,Pothole,11210,Closed
57431033,2023-04-26T14:52:57.000,2023-04-27T16:29:12.000,HPD,DOOR/WINDOW,WINDOW FRAME,10459,Closed
57434269,2023-04-27T12:01:46.000,2023-05-31T15:50:13.000,EDC,Noise - Helicopter,Other,10016,Closed
57428165,2023-04-26T20:05:21.000,2023-04-26T21:06:42.000,NYPD,Noise - Residential,Banging/Pounding,10012,Closed
57434606,2023-04-27T21:43:02.000,2023-04-28T04:10:59.000,NYPD,Illegal Parking,Commercial Overnight Parking,10461,Closed
57428319,2023-04-26T13:25:20.000,2023-05-12T16:07:48.000,DSNY,Litter Basket Request,New Basket,10468,Closed
57428459,2023-04-26T08:10:47.000,2023-04-26T09:05:52.000,NYPD,Illegal Parking,Blocked Sidewalk,11224,Closed
57432750,2023-04-27T08:47:18.000,2023-04-27T10:31:54.000,NYPD,Abandoned Vehicle,With License Plate,10452,Closed
57435530,2023-04-27T22:32:00.000,2023-04-27T23:07:19.000,NYPD,Noise - Vehicle,Car/Truck Horn,11366,Closed
57431203,2023-04-26T23:07:00.000,2023-04-27T02:04:50.000,HPD,HEAT/HOT WATER,ENTIRE BUILDING,10468,Closed
57427687,2023-04-26T13:02:00.000,2023-04-26T22:25:00.000,DEP,Water System,Leak (Use Comments) (WA2),11412,Closed
57431471,2023-04-26T15:00:55.000,2023-04-26T18:24:55.000,NYPD,Noise - Residential,Banging/Pounding,11385,Closed
57429659,2023-04-26T10:39:10.000,2023-04-26T10:48:00.000,NYPD,Illegal Parking,Posted Parking Sign Violation,10035,Closed
57432727,2023-04-27T00:07:47.000,2023-04-27T03:21:49.000,NYPD,Illegal Parking,Blocked Hydrant,10467,Closed
57431255,2023-04-26T23:56:43.000,2023-04-27T00:39:13.000,NYPD,Noise - Street/Sidewalk,Loud Talking,11217,Closed
57432205,2023-04-26T15:58:53.000,2023-04-26T20:15:00.000,NYPD,Noise - Residential,Banging/Pounding,11368,Closed
57435528,2023-04-27T07:13:22.000,2023-04-27T10:54:01.000,NYPD,Traffic,Drag Racing,,Closed
57429159,2023-04-26T19:39:18.000,2023-04-28T14:48:26.000,HPD,HEAT/HOT WATER,ENTIRE BUILDING,10452,Closed
57431528,2023-04-26T14:21:36.000,2023-04-26T15:13:47.000,DPR,Maintenance or Facility,Hours of Operation,10032,Closed
57427977,2023-04-26T02:37:02.000,2023-04-26T05:09:26.000,NYPD,Noise - Residential,Loud Music/Party,10467,Closed
57431274,2023-04-26T09:56:00.000,2023-04-27T08:31:00.000,DSNY,Derelict Vehicles,Derelict Vehicles,11213,Closed
57432027,2023-04-26T15:38:54.000,,TLC,Taxi Report,Vehicle Report,10017,In Progress
57431896,2023-04-26T20:57:13.000,2023-04-27T13:15:25.000,HPD,HEAT/HOT WATER,ENTIRE BUILDING,10467,Closed
57433502,2023-04-28T01:34:08.000,2023-04-28T03:03:12.000,NYPD,Noise - Street/Sidewalk,Loud Music/Party,10016,Closed
57429739,2023-04-26T10:45:45.000,2023-04-26T11:32:13.000,NYPD,Noise - Residential,Banging/Pounding,10463,Closed
57429117,2023-04-26T00:29:47.000,2023-05-05T14:08:25.000,HPD,PAINT/PLASTER,WALL,10467,Closed
57430540,2023-04-26T18:35:00.000,2023-04-26T21:20:00.000,DOT,Traffic Signal Condition,Pedestrian Signal,10468,Closed
57430439,2023-04-26T08:15:29.000,2023-04-26T10:04:23.000,NYPD,Illegal Parking,Posted Parking Sign Violation,10040,Closed
